seed,user_pnl,arb_profit,lp_profit_value,total_volume,lp_profit_per_1m_vol,arb_trade_count,intervention_rate,avg_spread_pct,max_spread_pct,rmse_price,impermanent_loss_pct,total_compute_units,avg_cu_per_swap,total_swaps,successful_swaps
100,-1371374.0463,0.0000,1371374.0463,151374128.2049,9059.5009,0,0.000000,10.860438,31.092755,0.162452,-21.427719,7515472894,58623.95,128198,128198
1000,-1272805.4504,0.0000,1272805.4504,144223853.5014,8825.2076,0,0.000000,10.417134,46.653410,0.128506,-19.887585,7488821310,58659.48,127666,127666
1001,-1302075.4634,0.0000,1302075.4634,146554635.6357,8884.5737,0,0.000000,10.620633,33.197710,0.130632,-20.344929,7511680508,58560.11,128273,128273
1002,-1361525.7194,0.0000,1361525.7194,151195327.8636,9005.0780,0,0.000000,10.782227,34.299614,0.187275,-21.273839,7513188750,58682.57,128031,128031
1003,-1323231.6526,0.0000,1323231.6526,147237147.8945,8987.0775,0,0.000000,10.803975,32.477684,0.119481,-20.675495,7499304656,58575.96,128027,128027
1004,-1403414.1031,0.0000,1403414.1031,154121441.8426,9105.8978,0,0.000000,11.260471,36.485606,0.169303,-21.928345,7518096763,58638.47,128211,128211
1005,-1344477.3912,0.0000,1344477.3912,148792843.1716,9035.9009,0,0.000000,10.816145,31.908050,0.126234,-21.007459,7494893236,58630.81,127832,127832
1006,-1346208.0844,0.0000,1346208.0844,150400971.3880,8950.7938,0,0.000000,10.674195,42.896716,0.213373,-21.034501,7537751694,58725.36,128356,128356
1007,-1376868.6089,0.0000,1376868.6089,153356332.8040,8978.2312,0,0.000000,11.013838,37.532316,0.135511,-21.513572,7520538231,58709.26,128098,128098
1008,-1332256.7678,0.0000,1332256.7678,149779408.1370,8894.7926,0,0.000000,10.633157,31.205109,0.096064,-20.816512,7513563054,58678.17,128047,128047
1009,-1340332.1680,0.0000,1340332.1680,148713868.4043,9012.8257,0,0.000000,10.641057,51.303790,0.129660,-20.942690,7529139006,58647.75,128379,128379
101,-1347226.8310,0.0000,1347226.8310,149232536.4963,9027.7018,0,0.000000,10.737976,35.468758,0.137741,-21.050419,7472961891,58594.00,127538,127538
1010,-1322111.1624,0.0000,1322111.1624,149487247.6696,8844.3073,0,0.000000,10.487854,33.353609,0.159221,-20.657987,7526231942,58733.99,128141,128141
1011,-1311808.6969,0.0000,1311808.6969,147586813.6484,8888.3869,0,0.000000,10.531652,32.154560,0.113425,-20.497011,7542066944,58719.63,128442,128442
1012,-1318377.3816,0.0000,1318377.3816,150097516.2123,8783.4723,0,0.000000,10.634141,28.937320,0.175897,-20.599647,7518966638,58808.09,127856,127856
1013,-1351745.5586,0.0000,1351745.5586,151318152.8312,8933.1355,0,0.000000,10.487400,31.487173,0.103059,-21.121024,7523250816,58732.72,128093,128093
1014,-1422396.3626,0.0000,1422396.3626,155914004.7538,9122.9544,0,0.000000,11.102792,33.418433,0.171816,-22.224943,7489835400,58628.39,127751,127751
1015,-1320420.8060,0.0000,1320420.8060,149423661.0033,8836.7585,0,0.000000,10.541155,30.514246,0.145175,-20.631575,7503585946,58701.56,127826,127826
1016,-1366069.1958,0.0000,1366069.1958,150893567.6990,9053.1970,0,0.000000,10.948676,37.650623,0.119468,-21.344831,7535075354,58629.14,128521,128521
1017,-1335211.5629,0.0000,1335211.5629,147481531.8313,9053.4153,0,0.000000,10.793822,34.101462,0.175985,-20.862681,7501814915,58743.31,127705,127705
1018,-1326041.2526,0.0000,1326041.2526,148459220.5368,8932.0235,0,0.000000,10.563506,32.187275,0.171988,-20.719395,7510009129,58622.94,128107,128107
1019,-1316099.5626,0.0000,1316099.5626,148096365.7972,8886.7783,0,0.000000,10.577680,29.947932,0.129149,-20.564056,7545494800,58792.55,128341,128341
102,-1311410.3116,0.0000,1311410.3116,145531984.0306,9011.1484,0,0.000000,10.967278,33.082092,0.149196,-20.490786,7516744142,58552.11,128377,128377
1020,-1399016.7632,0.0000,1399016.7632,155179038.7038,9015.5009,0,0.000000,11.150980,28.102580,0.146682,-21.859637,7491121781,58655.91,127713,127713
1021,-1270098.0228,0.0000,1270098.0228,144782817.8552,8772.4361,0,0.000000,10.406617,32.231590,0.139017,-19.845282,7498155430,58655.41,127834,127834
1022,-1316943.0133,0.0000,1316943.0133,147653367.6391,8919.1532,0,0.000000,10.666994,33.759264,0.151987,-20.577235,7510240464,58616.05,128126,128126
1023,-1308675.9192,0.0000,1308675.9192,148558163.1922,8809.1821,0,0.000000,10.383624,31.268899,0.187025,-20.448061,7491550472,58548.32,127955,127955
1024,-1374173.7158,0.0000,1374173.7158,152977476.9990,8982.8499,0,0.000000,10.817307,33.078550,0.190751,-21.471464,7525728587,58705.78,128194,128194
1025,-1295821.5765,0.0000,1295821.5765,144589206.4497,8962.0907,0,0.000000,10.823799,30.579697,0.106788,-20.247212,7506469210,58678.21,127926,127926
1026,-1358086.3564,0.0000,1358086.3564,151558887.6941,8960.7833,0,0.000000,10.860393,30.749603,0.157780,-21.220099,7504999838,58630.06,128006,128006
1027,-1277872.0312,0.0000,1277872.0312,147511026.0709,8662.8916,0,0.000000,10.297170,31.600378,0.146531,-19.966750,7530803475,58787.56,128102,128102
1028,-1394586.9626,0.0000,1394586.9626,154376985.1001,9033.6455,0,0.000000,11.086199,37.514510,0.141357,-21.790421,7522231512,58707.35,128131,128131
1029,-1387626.8241,0.0000,1387626.8241,151075701.1476,9184.9769,0,0.000000,11.268402,39.972768,0.176109,-21.681669,7501340299,58691.34,127810,127810
103,-1267717.2645,0.0000,1267717.2645,143396058.4808,8840.6702,0,0.000000,10.560358,31.257096,0.179257,-19.808082,7515707296,58649.11,128147,128147
1030,-1335463.1707,0.0000,1335463.1707,152575756.1584,8752.7875,0,0.000000,10.520996,43.858066,0.177345,-20.866612,7558755018,58825.29,128495,128495
1031,-1328465.0841,0.0000,1328465.0841,148709845.9938,8933.2692,0,0.000000,10.740146,31.681163,0.160411,-20.757267,7503229886,58648.31,127936,127936
1032,-1322090.0133,0.0000,1322090.0133,148290563.5382,8915.5370,0,0.000000,10.578624,33.592572,0.131935,-20.657656,7540330713,58681.44,128496,128496
1033,-1283993.4949,0.0000,1283993.4949,145219487.0729,8841.7438,0,0.000000,10.364856,31.668656,0.076700,-20.062398,7532320833,58662.02,128402,128402
1034,-1308225.2700,0.0000,1308225.2700,147452496.6275,8872.1812,0,0.000000,10.723702,31.401313,0.172535,-20.441020,7490229335,58601.20,127817,127817
1035,-1363053.1303,0.0000,1363053.1303,150738811.1460,9042.4830,0,0.000000,10.650950,37.092536,0.103843,-21.297705,7498541019,58663.01,127824,127824
1036,-1376962.6298,0.0000,1376962.6298,154004973.9337,8941.0270,0,0.000000,10.783583,31.535971,0.137423,-21.515041,7509490899,58764.77,127789,127789
1037,-1374434.9442,0.0000,1374434.9442,152116985.0708,9035.3812,0,0.000000,10.996627,36.444694,0.122366,-21.475546,7525017822,58617.01,128376,128376
1038,-1360305.2305,0.0000,1360305.2305,149483987.4118,9100.0063,0,0.000000,10.945157,30.625564,0.152763,-21.254769,7533740000,58600.96,128560,128560
1039,-1337818.4868,0.0000,1337818.4868,150828227.9124,8869.8151,0,0.000000,10.490789,35.140239,0.140479,-20.903414,7499355330,58707.96,127740,127740
104,-1359879.7514,0.0000,1359879.7514,150823619.2040,9016.3580,0,0.000000,10.823784,44.672201,0.175148,-21.248121,7479593577,58537.68,127774,127774
1040,-1424933.0625,0.0000,1424933.0625,153101323.7379,9307.1244,0,0.000000,11.235736,35.074238,0.158973,-22.264579,7516058916,58641.33,128170,128170
1041,-1354855.8077,0.0000,1354855.8077,151094523.4564,8966.9419,0,0.000000,10.752631,32.482334,0.122508,-21.169622,7476328082,58607.07,127567,127567
105,-1339709.0530,0.0000,1339709.0530,148193225.8728,9040.2854,0,0.000000,10.982760,30.541021,0.161860,-20.932954,7502951364,58616.35,128001,128001
106,-1263521.4250,0.0000,1263521.4250,142385145.3355,8873.9694,0,0.000000,10.421512,33.341490,0.124779,-19.742522,7538790733,58664.89,128506,128506
107,-1289245.9999,0.0000,1289245.9999,145200121.8274,8879.0972,0,0.000000,10.692998,32.575423,0.187985,-20.144469,7501998532,58546.70,128137,128137
108,-1420528.9206,0.0000,1420528.9206,156902522.9065,9053.5760,0,0.000000,11.015316,33.962090,0.178779,-22.195764,7520663864,58696.95,128127,128127
109,-1343104.6387,0.0000,1343104.6387,150098247.6679,8948.1700,0,0.000000,10.610195,53.848127,0.128260,-20.986010,7504212043,58673.87,127897,127897
110,-1391248.2707,0.0000,1391248.2707,152830083.7497,9103.2357,0,0.000000,10.930019,44.705587,0.171389,-21.738254,7514974292,58745.16,127925,127925
111,-1375402.0733,0.0000,1375402.0733,150649376.6108,9129.8225,0,0.000000,10.979234,36.294993,0.195298,-21.490657,7501152176,58583.99,128041,128041
112,-1351853.4323,0.0000,1351853.4323,146800038.7560,9208.8084,0,0.000000,11.197531,33.776696,0.147378,-21.122710,7477709131,58620.65,127561,127561
113,-1382946.9691,0.0000,1382946.9691,150377212.2863,9196.5195,0,0.000000,11.099945,35.753772,0.112691,-21.608546,7514728223,58633.69,128164,128164
114,-1299058.5365,0.0000,1299058.5365,147643744.1920,8798.6020,0,0.000000,10.424626,30.798888,0.206351,-20.297790,7512896973,58622.60,128157,128157
115,-1311494.6355,0.0000,1311494.6355,149393873.9152,8778.7712,0,0.000000,10.370003,32.547976,0.172501,-20.492104,7544631513,58728.17,128467,128467
116,-1271514.0227,0.0000,1271514.0227,146144108.0115,8700.4125,0,0.000000,10.141866,32.001370,0.119669,-19.867407,7500549854,58671.38,127840,127840
117,-1447419.2349,0.0000,1447419.2349,156759457.6032,9233.3774,0,0.000000,11.114076,38.784558,0.178306,-22.615926,7514638385,58650.38,128126,128126
118,-1366779.5647,0.0000,1366779.5647,150166311.0998,9101.7723,0,0.000000,11.185064,37.993282,0.182079,-21.355931,7478749148,58590.22,127645,127645
119,-1388445.9847,0.0000,1388445.9847,152387461.1344,9111.2876,0,0.000000,10.909892,34.042684,0.154200,-21.694469,7499022720,58593.44,127984,127984
120,-1420288.5396,0.0000,1420288.5396,154444665.5539,9196.0997,0,0.000000,11.249229,38.631048,0.209437,-22.192008,7481393747,58615.53,127635,127635
121,-1378196.3492,0.0000,1378196.3492,153279254.0918,8991.4082,0,0.000000,10.813348,30.719904,0.106383,-21.534318,7540412016,58758.90,128328,128328
122,-1325720.1921,0.0000,1325720.1921,151083205.8010,8774.7687,0,0.000000,10.450645,33.914904,0.195807,-20.714378,7530948886,58757.96,128169,128169
123,-1299297.1437,0.0000,1299297.1437,146250704.8913,8884.0402,0,0.000000,10.542336,37.416494,0.223239,-20.301518,7520048804,58702.23,128105,128105
124,-1300351.5916,0.0000,1300351.5916,148056914.4075,8782.7819,0,0.000000,10.444709,31.319365,0.141406,-20.317994,7502060665,58699.27,127805,127805
125,-1290696.3994,0.0000,1290696.3994,144194743.7887,8951.0641,0,0.000000,10.384639,32.065545,0.077613,-20.167131,7505456856,58661.59,127945,127945
126,-1395513.1956,0.0000,1395513.1956,155137822.4532,8995.3125,0,0.000000,10.905332,36.334609,0.124914,-21.804894,7505037952,58673.45,127912,127912
127,-1447630.6330,0.0000,1447630.6330,158259631.8463,9147.1882,0,0.000000,11.045248,49.118208,0.127075,-22.619229,7516645432,58681.16,128093,128093
128,-1321652.5751,0.0000,1321652.5751,145733596.1059,9068.9629,0,0.000000,10.824584,37.274864,0.112109,-20.650821,7501956272,58558.71,128110,128110
129,-1273022.5831,0.0000,1273022.5831,141350086.5718,9006.1677,0,0.000000,10.496696,29.973981,0.144600,-19.890978,7496608199,58622.21,127880,127880
130,-1383566.7738,0.0000,1383566.7738,151810128.9841,9113.7975,0,0.000000,10.972725,33.956153,0.165129,-21.618231,7503196497,58643.92,127945,127945
131,-1322729.5257,0.0000,1322729.5257,147547750.3047,8964.7556,0,0.000000,10.769609,29.602297,0.196307,-20.667649,7510057760,58610.05,128136,128136
132,-1311831.6863,0.0000,1311831.6863,144941834.8139,9050.7457,0,0.000000,10.941152,40.463080,0.205832,-20.497370,7518093969,58538.46,128430,128430
133,-1244618.7823,0.0000,1244618.7823,139955853.0803,8892.9384,0,0.000000,10.345211,34.404053,0.145752,-19.447168,7498021800,58680.99,127776,127776
134,-1361910.4828,0.0000,1361910.4828,149271604.6928,9123.7077,0,0.000000,10.963366,35.717979,0.133083,-21.279851,7514397426,58609.62,128211,128211
135,-1348704.2575,0.0000,1348704.2575,150136356.4015,8983.1956,0,0.000000,10.867233,36.461514,0.212493,-21.073504,7503928462,58710.67,127812,127812
136,-1431029.7495,0.0000,1431029.7495,156382338.1028,9150.8400,0,0.000000,11.279330,38.553390,0.165187,-22.359840,7510265425,58704.68,127933,127933
137,-1333946.0042,0.0000,1333946.0042,149896235.1832,8899.1295,0,0.000000,10.868670,31.138148,0.150296,-20.842906,7511178455,58679.71,128003,128003
138,-1379533.3157,0.0000,1379533.3157,150775890.0926,9149.5617,0,0.000000,11.114081,34.235748,0.197546,-21.555208,7532278297,58642.51,128444,128444
139,-1423312.7262,0.0000,1423312.7262,155656941.4311,9143.9078,0,0.000000,11.279926,34.152765,0.181781,-22.239261,7510476099,58749.95,127838,127838
140,-1310959.6430,0.0000,1310959.6430,147762383.2051,8872.0797,0,0.000000,10.543289,26.749501,0.129118,-20.483744,7526130645,58648.07,128327,128327
141,-1280931.5479,0.0000,1280931.5479,143288893.7165,8939.5034,0,0.000000,10.604076,36.435394,0.203020,-20.014555,7494441421,58650.21,127782,127782
142,-1335000.9714,0.0000,1335000.9714,150316757.1387,8881.2518,0,0.000000,10.760883,32.521438,0.174638,-20.859390,7479538737,58652.47,127523,127523
143,-1385924.9647,0.0000,1385924.9647,152307744.7146,9099.5042,0,0.000000,11.012573,34.857286,0.148055,-21.655078,7528548761,58766.28,128110,128110
144,-1321247.1829,0.0000,1321247.1829,146690252.1467,9007.0551,0,0.000000,10.646983,31.487584,0.165066,-20.644487,7483484093,58737.76,127405,127405
145,-1283917.2633,0.0000,1283917.2633,145752294.0542,8808.8992,0,0.000000,10.363645,28.152135,0.135781,-20.061207,7504910774,58636.70,127990,127990
146,-1357587.4905,0.0000,1357587.4905,152708684.2945,8890.0477,0,0.000000,10.676581,35.146504,0.208397,-21.212305,7513292246,58649.03,128106,128106
147,-1378705.9937,0.0000,1378705.9937,153339442.7169,8991.2026,0,0.000000,10.969065,30.058147,0.190721,-21.542281,7527410829,58738.15,128152,128152
148,-1369811.5081,0.0000,1369811.5081,150883521.5719,9078.6024,0,0.000000,11.050272,32.431779,0.170239,-21.403305,7511587171,58587.24,128212,128212
149,-1338079.7794,0.0000,1338079.7794,149537663.2446,8948.1121,0,0.000000,10.786445,32.174672,0.199374,-20.907497,7517530974,58698.15,128071,128071
150,-1352222.3700,0.0000,1352222.3700,149734109.1867,9030.8239,0,0.000000,10.862690,32.004042,0.123600,-21.128475,7517968263,58710.28,128052,128052
151,-1406155.3369,0.0000,1406155.3369,154165398.0547,9121.0826,0,0.000000,10.898685,39.552032,0.197411,-21.971177,7517056457,58565.95,128352,128352
152,-1274048.1575,0.0000,1274048.1575,142510349.9445,8940.0395,0,0.000000,10.638573,33.783763,0.165106,-19.907002,7481963993,58464.26,127975,127975
153,-1365532.8439,0.0000,1365532.8439,149734418.4253,9119.6991,0,0.000000,11.009325,37.785211,0.160717,-21.336451,7514507815,58666.30,128089,128089
154,-1278012.1534,0.0000,1278012.1534,143668353.4669,8895.5718,0,0.000000,10.509470,32.344331,0.127418,-19.968940,7505198182,58671.49,127919,127919
155,-1366189.0611,0.0000,1366189.0611,150863283.2271,9055.8089,0,0.000000,10.809955,36.519432,0.115916,-21.346704,7505717338,58723.29,127815,127815
156,-1374505.4801,0.0000,1374505.4801,152182506.2062,9031.9546,0,0.000000,11.039010,40.529295,0.145365,-21.476648,7519384987,58738.31,128015,128015
157,-1439924.9539,0.0000,1439924.9539,156880586.1735,9178.4776,0,0.000000,11.002330,32.059579,0.212117,-22.498827,7519936785,58669.75,128174,128174
158,-1239194.4533,0.0000,1239194.4533,142053881.9589,8723.4114,0,0.000000,10.197067,32.902136,0.104316,-19.362413,7521086434,58645.78,128246,128246
159,-1354867.7812,0.0000,1354867.7812,150621683.1253,8995.1709,0,0.000000,10.780985,33.078402,0.155598,-21.169809,7515586359,58750.40,127924,127924
160,-1400401.9951,0.0000,1400401.9951,155641851.9736,8997.5927,0,0.000000,10.927782,39.009408,0.168171,-21.881281,7513273738,58688.28,128020,128020
161,-1240435.8726,0.0000,1240435.8726,140850602.6326,8806.7488,0,0.000000,10.343235,31.396654,0.153099,-19.381811,7540925534,58713.03,128437,128437
162,-1404713.7739,0.0000,1404713.7739,151655022.9129,9262.5602,0,0.000000,11.396069,29.456385,0.188055,-21.948653,7502001639,58656.13,127898,127898
163,-1323388.1833,0.0000,1323388.1833,148280106.7047,8924.9206,0,0.000000,10.641247,30.941864,0.184878,-20.677940,7496346260,58623.37,127873,127873
164,-1389649.5083,0.0000,1389649.5083,156382535.7770,8886.2193,0,0.000000,10.864360,32.949903,0.197481,-21.713274,7550049916,58845.47,128303,128303
165,-1360843.8473,0.0000,1360843.8473,154229027.3841,8823.5261,0,0.000000,10.534310,30.963642,0.199344,-21.263185,7510451812,58756.19,127824,127824
166,-1357339.0555,0.0000,1357339.0555,151480242.7476,8960.5022,0,0.000000,10.686413,32.519278,0.128462,-21.208423,7488421414,58526.15,127950,127950
167,-1335358.4988,0.0000,1335358.4988,147975536.3245,9024.1842,0,0.000000,10.644212,31.419949,0.181699,-20.864977,7488464614,58596.10,127798,127798
168,-1300992.9475,0.0000,1300992.9475,147011544.5829,8849.5972,0,0.000000,10.479166,44.092677,0.221376,-20.328015,7502612154,58697.62,127818,127818
169,-1237233.5349,0.0000,1237233.5349,140781066.4948,8788.3518,0,0.000000,10.268557,32.772199,0.206328,-19.331774,7505043668,58579.15,128118,128118
170,-1208782.1140,0.0000,1208782.1140,137138489.7197,8814.3169,0,0.000000,10.265373,40.614999,0.126636,-18.887221,7521790177,58539.89,128490,128490
171,-1338738.0417,0.0000,1338738.0417,150697694.0205,8883.6000,0,0.000000,10.740960,37.957709,0.159979,-20.917782,7518306064,58767.53,127933,127933
172,-1307129.4549,0.0000,1307129.4549,146399262.2660,8928.5249,0,0.000000,10.755743,30.522291,0.184143,-20.423898,7527426381,58612.03,128428,128428
173,-1317759.3035,0.0000,1317759.3035,146810323.3720,8975.9308,0,0.000000,10.717231,29.227795,0.140579,-20.589989,7520901637,58745.11,128026,128026
174,-1309089.4504,0.0000,1309089.4504,150316151.9724,8708.9074,0,0.000000,10.335826,34.735946,0.178695,-20.454523,7541013021,58749.39,128359,128359
175,-1384286.7867,0.0000,1384286.7867,151493028.4590,9137.6270,0,0.000000,11.029274,36.568339,0.198274,-21.629481,7492200287,58546.08,127971,127971
176,-1218674.9288,0.0000,1218674.9288,138231406.6196,8816.1942,0,0.000000,10.411415,30.396937,0.139564,-19.041796,7474710431,58528.32,127711,127711
177,-1316475.2678,0.0000,1316475.2678,149065971.2729,8831.4942,0,0.000000,10.600292,32.004957,0.195097,-20.569926,7515778696,58535.01,128398,128398
178,-1349015.9883,0.0000,1349015.9883,150327035.5872,8973.8747,0,0.000000,10.815357,31.880515,0.153963,-21.078375,7507987646,58652.49,128008,128008
179,-1380926.3653,0.0000,1380926.3653,153575540.6756,8991.8379,0,0.000000,10.933779,37.039449,0.205978,-21.576974,7519226474,58619.85,128271,128271
180,-1316583.2444,0.0000,1316583.2444,148195442.8945,8884.1007,0,0.000000,10.682541,27.383244,0.139736,-20.571613,7523019399,58696.55,128168,128168
181,-1375853.6060,0.0000,1375853.6060,150633647.5377,9133.7734,0,0.000000,10.888551,43.318903,0.167190,-21.497713,7490817241,58559.07,127919,127919
182,-1352945.9518,0.0000,1352945.9518,151323659.1986,8940.7430,0,0.000000,10.873132,35.206517,0.166616,-21.139780,7524095462,58690.75,128199,128199
183,-1271223.5425,0.0000,1271223.5425,144336341.0112,8807.3699,0,0.000000,10.386639,36.246383,0.116200,-19.862868,7540061942,58683.46,128487,128487
184,-1305233.9384,0.0000,1305233.9384,146397223.4239,8915.7015,0,0.000000,10.535633,34.858622,0.136137,-20.394280,7489349320,58585.60,127836,127836
185,-1301156.4705,0.0000,1301156.4705,148965694.8048,8734.6048,0,0.000000,10.327972,34.345793,0.147782,-20.330570,7530095977,58655.20,128379,128379
186,-1369208.1216,0.0000,1369208.1216,150673597.7990,9087.2465,0,0.000000,10.740417,34.474313,0.129395,-21.393877,7502904721,58629.27,127972,127972
187,-1373316.1842,0.0000,1373316.1842,149517761.5269,9184.9702,0,0.000000,11.353647,35.433585,0.171482,-21.458065,7494209756,58582.38,127926,127926
188,-1417635.5413,0.0000,1417635.5413,156573962.4650,9054.0951,0,0.000000,10.829866,39.831117,0.175733,-22.150555,7490685324,58795.20,127403,127403
189,-1347112.2723,0.0000,1347112.2723,149784918.4756,8993.6443,0,0.000000,10.762882,33.856242,0.156682,-21.048629,7501367597,58673.19,127850,127850
190,-1373467.1293,0.0000,1373467.1293,152313772.0539,9017.3535,0,0.000000,10.832457,36.513645,0.143652,-21.460424,7499321797,58603.56,127967,127967
191,-1394609.4343,0.0000,1394609.4343,155127553.9275,8990.0820,0,0.000000,10.886939,31.707255,0.176760,-21.790772,7539078058,58736.15,128355,128355
192,-1326394.8709,0.0000,1326394.8709,149047014.1231,8899.1710,0,0.000000,10.725449,30.315696,0.199253,-20.724920,7525331216,58627.22,128359,128359
193,-1393272.2234,0.0000,1393272.2234,154698497.6226,9006.3720,0,0.000000,10.875022,35.712409,0.158994,-21.769878,7514050541,58656.78,128102,128102
194,-1328504.9955,0.0000,1328504.9955,148932343.9674,8920.1913,0,0.000000,10.495489,44.487052,0.198117,-20.757891,7494710739,58622.04,127848,127848
195,-1400015.0771,0.0000,1400015.0771,151215005.9824,9258.4401,0,0.000000,11.352441,38.232470,0.138536,-21.875236,7515676265,58567.06,128326,128326
196,-1309533.8958,0.0000,1309533.8958,144650536.6105,9053.0870,0,0.000000,10.753584,37.461552,0.103289,-20.461467,7478947626,58598.21,127631,127631
197,-1360566.0478,0.0000,1360566.0478,151924428.1310,8955.5450,0,0.000000,10.643468,36.115910,0.170087,-21.258844,7498662880,58629.57,127899,127899
198,-1342751.7983,0.0000,1342751.7983,148562578.2207,9038.2909,0,0.000000,10.860003,31.589795,0.153845,-20.980497,7478074587,58635.93,127534,127534
199,-1344460.1479,0.0000,1344460.1479,152018181.5810,8844.0747,0,0.000000,10.876778,32.396922,0.180285,-21.007190,7499237908,58641.86,127882,127882
200,-1268794.8932,0.0000,1268794.8932,142582647.4583,8898.6627,0,0.000000,10.353616,31.049076,0.140438,-19.824920,7502565590,58624.33,127977,127977
201,-1408550.0218,0.0000,1408550.0218,154529147.4865,9115.1090,0,0.000000,11.017058,34.586609,0.159070,-22.008594,7522420125,58701.49,128147,128147
202,-1383864.9228,0.0000,1383864.9228,153399822.2648,9021.2942,0,0.000000,11.049581,30.621942,0.158921,-21.622889,7531602341,58715.41,128273,128273
203,-1390541.1721,0.0000,1390541.1721,152915732.5872,9093.5128,0,0.000000,11.247999,32.787885,0.193356,-21.727206,7504779246,58615.06,128035,128035
204,-1297077.9182,0.0000,1297077.9182,146590455.0691,8848.3109,0,0.000000,10.569513,39.241564,0.212278,-20.266842,7510487483,58701.37,127944,127944
205,-1357640.5891,0.0000,1357640.5891,152762896.8237,8887.2404,0,0.000000,10.598158,35.992634,0.188796,-21.213134,7515891179,58591.56,128276,128276
206,-1353620.3145,0.0000,1353620.3145,150285798.8496,9006.9742,0,0.000000,10.898549,32.658995,0.151759,-21.150317,7545872630,58776.26,128383,128383
207,-1246047.9055,0.0000,1246047.9055,144602739.1004,8617.0422,0,0.000000,10.052170,33.117566,0.197426,-19.469499,7527005918,58729.49,128164,128164
208,-1384380.6286,0.0000,1384380.6286,152900546.3985,9054.1248,0,0.000000,10.876264,30.408563,0.217656,-21.630947,7500003407,58595.61,127996,127996
209,-1326664.7998,0.0000,1326664.7998,147304253.4672,9006.2898,0,0.000000,10.647624,31.291538,0.148535,-20.729137,7491799162,58587.81,127873,127873
210,-1377139.6294,0.0000,1377139.6294,155154701.0131,8875.9130,0,0.000000,10.774324,37.452254,0.177624,-21.517807,7541391680,58811.45,128230,128230
211,-1370539.7119,0.0000,1370539.7119,152255135.3219,9001.5992,0,0.000000,10.777671,41.984533,0.095206,-21.414683,7530237066,58720.79,128238,128238
212,-1382038.3716,0.0000,1382038.3716,153275862.0771,9016.6733,0,0.000000,10.872412,30.315637,0.139615,-21.594350,7475770758,58533.42,127718,127718
213,-1370120.5485,0.0000,1370120.5485,153830223.3113,8906.7058,0,0.000000,10.733028,40.107830,0.210649,-21.408134,7511972879,58744.20,127876,127876
214,-1326906.2470,0.0000,1326906.2470,151174595.7209,8777.3097,0,0.000000,10.630129,33.146482,0.123418,-20.732910,7507842826,58671.52,127964,127964
215,-1295827.3483,0.0000,1295827.3483,147277415.0266,8798.5476,0,0.000000,10.351285,30.079508,0.103774,-20.247302,7514070540,58773.47,127848,127848
216,-1338284.1890,0.0000,1338284.1890,148423614.5795,9016.6527,0,0.000000,10.812420,31.213103,0.158184,-20.910690,7503440980,58507.73,128247,128247
217,-1358442.1390,0.0000,1358442.1390,151953116.1923,8939.8768,0,0.000000,10.739797,34.316376,0.133028,-21.225658,7476898717,58610.62,127569,127569
218,-1229201.4373,0.0000,1229201.4373,140346688.8647,8758.3216,0,0.000000,10.212659,26.227098,0.216679,-19.206272,7491782722,58571.65,127908,127908
219,-1342052.6746,0.0000,1342052.6746,150882848.9004,8894.6669,0,0.000000,10.695701,35.635340,0.153816,-20.969573,7511140960,58705.56,127946,127946
220,-1331089.6886,0.0000,1331089.6886,148728651.1246,8949.7866,0,0.000000,10.647597,29.508745,0.199874,-20.798276,7543962785,58664.05,128596,128596
221,-1433758.2639,0.0000,1433758.2639,156555570.2787,9158.1428,0,0.000000,11.186163,34.993075,0.151537,-22.402473,7509719191,58620.22,128108,128108
222,-1382878.2494,0.0000,1382878.2494,152900480.3763,9044.3028,0,0.000000,11.068574,30.348290,0.152691,-21.607473,7520167635,58584.25,128365,128365
223,-1334499.8975,0.0000,1334499.8975,148716016.4838,8973.4780,0,0.000000,10.607732,32.652197,0.164955,-20.851561,7508917314,58612.59,128111,128111
224,-1408091.7583,0.0000,1408091.7583,156423883.2668,9001.7696,0,0.000000,10.905408,35.284775,0.224788,-22.001434,7530988148,58661.69,128380,128380
225,-1425774.5075,0.0000,1425774.5075,155720257.8162,9155.9989,0,0.000000,11.248163,32.030808,0.244867,-22.277727,7503145085,58679.29,127867,127867
226,-1413895.1040,0.0000,1413895.1040,155655212.9576,9083.5063,0,0.000000,10.874377,30.722991,0.146890,-22.092111,7507164015,58600.73,128107,128107
227,-1371850.4920,0.0000,1371850.4920,152959761.6745,8968.7018,0,0.000000,10.921191,35.270608,0.205228,-21.435164,7512441008,58553.71,128300,128300
228,-1354071.9897,0.0000,1354071.9897,149454093.9805,9060.1198,0,0.000000,10.835165,35.636945,0.194655,-21.157375,7487385198,58729.66,127489,127489
229,-1414501.2183,0.0000,1414501.2183,156104101.9254,9061.2687,0,0.000000,10.956309,38.489908,0.157374,-22.101582,7536614780,58710.09,128370,128370
230,-1258562.2631,0.0000,1258562.2631,142914443.3014,8806.4036,0,0.000000,10.344914,28.580883,0.121433,-19.665035,7507624840,58540.81,128246,128246
231,-1274622.6884,0.0000,1274622.6884,142746083.1008,8929.3006,0,0.000000,10.335344,27.926792,0.104899,-19.915980,7525716092,58671.36,128269,128269
232,-1319627.0261,0.0000,1319627.0261,146489409.9137,9008.3442,0,0.000000,10.488806,29.374616,0.109601,-20.619172,7505128452,58645.27,127975,127975
233,-1320249.2465,0.0000,1320249.2465,148698120.4141,8878.7218,0,0.000000,10.651300,36.225931,0.143132,-20.628894,7487724341,58570.14,127842,127842
234,-1322651.0051,0.0000,1322651.0051,147865370.8820,8944.9680,0,0.000000,10.661640,32.816633,0.136001,-20.666422,7505827610,58600.82,128084,128084
235,-1367716.4670,0.0000,1367716.4670,154273723.0960,8865.5180,0,0.000000,10.677780,38.250139,0.210564,-21.370570,7510253885,58714.22,127912,127912
236,-1362384.3002,0.0000,1362384.3002,150670068.2291,9042.1695,0,0.000000,10.919097,32.125979,0.103524,-21.287255,7532859555,58759.11,128199,128199
237,-1402756.0806,0.0000,1402756.0806,152291230.7075,9211.0102,0,0.000000,11.185948,35.593941,0.161477,-21.918064,7474589689,58546.17,127670,127670
238,-1356074.2430,0.0000,1356074.2430,150807278.7373,8992.1007,0,0.000000,10.755972,28.993053,0.196389,-21.188660,7503218562,58662.89,127904,127904
239,-1406679.4131,0.0000,1406679.4131,155423543.8339,9050.6199,0,0.000000,11.062694,31.791792,0.128990,-21.979366,7519250910,58667.15,128168,128168
240,-1237969.0004,0.0000,1237969.0004,141200685.7880,8767.4433,0,0.000000,10.136681,33.503034,0.140604,-19.343266,7482976035,58666.54,127551,127551
241,-1409312.4337,0.0000,1409312.4337,151881418.6001,9279.0313,0,0.000000,11.322102,35.378533,0.191051,-22.020507,7479218569,58538.41,127766,127766
242,-1398371.2305,0.0000,1398371.2305,151976605.2242,9201.2269,0,0.000000,10.981196,43.641719,0.103291,-21.849550,7505640415,58652.02,127969,127969
243,-1385605.1579,0.0000,1385605.1579,153795442.4133,9009.4032,0,0.000000,10.869938,39.165290,0.205556,-21.650081,7498089490,58712.30,127709,127709
244,-1416781.0345,0.0000,1416781.0345,156387955.2144,9059.4000,0,0.000000,11.098983,33.572844,0.133111,-22.137204,7509437524,58696.37,127937,127937
245,-1409677.8177,0.0000,1409677.8177,157213525.7016,8966.6446,0,0.000000,10.992045,29.319497,0.162953,-22.026216,7499959957,58708.10,127750,127750
246,-1407796.1112,0.0000,1407796.1112,155716781.7445,9040.7475,0,0.000000,11.069815,30.830708,0.114539,-21.996814,7512921824,58692.41,128005,128005
247,-1286511.4119,0.0000,1286511.4119,145359424.7401,8850.5538,0,0.000000,10.457542,36.871390,0.156552,-20.101741,7516196064,58674.90,128099,128099
248,-1352846.8601,0.0000,1352846.8601,151237376.9027,8945.1886,0,0.000000,10.856609,34.387447,0.240467,-21.138232,7494527441,58611.90,127867,127867
249,-1335054.1422,0.0000,1335054.1422,149123980.5407,8952.6456,0,0.000000,10.615537,29.230065,0.171569,-20.860221,7543243534,58749.83,128396,128396
250,-1331765.1303,0.0000,1331765.1303,147110660.2180,9052.8119,0,0.000000,10.729472,37.485157,0.141057,-20.808830,7492515351,58591.58,127877,127877
251,-1414717.8755,0.0000,1414717.8755,155519417.7602,9096.7282,0,0.000000,11.217588,31.702872,0.161318,-22.104967,7483108356,58699.79,127481,127481
252,-1367353.3533,0.0000,1367353.3533,153237602.4232,8923.0928,0,0.000000,10.769983,30.507506,0.143452,-21.364896,7507884870,58681.94,127942,127942
253,-1285745.2008,0.0000,1285745.2008,146743025.2641,8761.8829,0,0.000000,10.387896,29.189948,0.123391,-20.089769,7535619282,58655.73,128472,128472
254,-1337283.9285,0.0000,1337283.9285,148267286.5926,9019.4132,0,0.000000,10.969887,32.937572,0.184746,-20.895061,7486265229,58610.54,127729,127729
255,-1232173.8223,0.0000,1232173.8223,139996068.7481,8801.4887,0,0.000000,10.119245,30.579833,0.111929,-19.252716,7497725037,58614.90,127915,127915
256,-1309783.0333,0.0000,1309783.0333,148342879.1601,8829.4298,0,0.000000,10.721616,32.649975,0.161153,-20.465360,7503105542,58708.37,127803,127803
257,-1327993.4049,0.0000,1327993.4049,148561811.0968,8938.9958,0,0.000000,10.650303,32.634959,0.196722,-20.749897,7526148120,58715.92,128179,128179
258,-1358690.7684,0.0000,1358690.7684,149423976.6924,9092.8564,0,0.000000,10.963078,36.444080,0.113379,-21.229543,7485795430,58637.62,127662,127662
259,-1354092.4435,0.0000,1354092.4435,152149558.3128,8899.7461,0,0.000000,10.664401,34.904053,0.144757,-21.157694,7512133230,58636.78,128113,128113
260,-1280198.0850,0.0000,1280198.0850,144448732.1615,8862.6467,0,0.000000,10.586272,33.632726,0.148349,-20.003095,7513196599,58577.86,128260,128260
261,-1285948.8823,0.0000,1285948.8823,145269178.8907,8852.1797,0,0.000000,10.473164,31.497625,0.178733,-20.092951,7516358997,58575.57,128319,128319
262,-1331763.1942,0.0000,1331763.1942,148458144.9111,8970.6307,0,0.000000,10.668859,36.784286,0.204904,-20.808800,7502537240,58632.81,127958,127958
263,-1379310.4879,0.0000,1379310.4879,152499699.8440,9044.6767,0,0.000000,10.935813,39.176509,0.162745,-21.551726,7510940137,58680.60,127997,127997
264,-1350958.1312,0.0000,1350958.1312,148115140.1624,9120.9996,0,0.000000,10.770587,31.703844,0.106791,-21.108721,7522512160,58667.87,128222,128222
265,-1354203.6158,0.0000,1354203.6158,148405235.9245,9125.0393,0,0.000000,11.077579,30.096940,0.178835,-21.159431,7505978091,58622.13,128040,128040
266,-1346595.1279,0.0000,1346595.1279,152199343.9833,8847.5751,0,0.000000,10.758129,31.543924,0.128085,-21.040549,7505518850,58714.85,127830,127830
267,-1317843.4142,0.0000,1317843.4142,145457462.5417,9059.9918,0,0.000000,10.992254,36.629684,0.138820,-20.591303,7501599006,58622.27,127965,127965
268,-1341761.3430,0.0000,1341761.3430,150037391.9413,8942.8464,0,0.000000,10.949598,42.955049,0.153838,-20.965021,7530948808,58694.30,128308,128308
269,-1321116.8235,0.0000,1321116.8235,151733545.5436,8706.8210,0,0.000000,10.412592,31.220150,0.149126,-20.642450,7515543639,58770.28,127880,127880
270,-1282550.3407,0.0000,1282550.3407,145168977.2609,8834.8789,0,0.000000,10.575276,31.268610,0.179446,-20.039849,7504137570,58706.80,127824,127824
271,-1380902.0825,0.0000,1380902.0825,152948503.9347,9028.5426,0,0.000000,11.048477,34.164095,0.155495,-21.576595,7482171808,58661.62,127548,127548
272,-1385815.3423,0.0000,1385815.3423,152633143.5477,9079.3868,0,0.000000,10.895744,35.542043,0.120029,-21.653365,7506563445,58641.36,128008,128008
273,-1394291.9162,0.0000,1394291.9162,154582270.7422,9019.7402,0,0.000000,10.777446,30.598928,0.165019,-21.785811,7474240414,58621.95,127499,127499
274,-1294238.2823,0.0000,1294238.2823,144580038.3853,8951.7080,0,0.000000,10.666294,32.933961,0.171394,-20.222473,7487042033,58631.77,127696,127696
275,-1319035.0896,0.0000,1319035.0896,146242964.7465,9019.4772,0,0.000000,11.023454,37.341693,0.144444,-20.609923,7527741852,58581.65,128500,128500
276,-1293835.3058,0.0000,1293835.3058,147212725.4065,8788.8822,0,0.000000,10.474500,34.657047,0.155354,-20.216177,7520604381,58737.74,128037,128037
277,-1395820.7936,0.0000,1395820.7936,151714094.6964,9200.3370,0,0.000000,11.053710,39.216655,0.118216,-21.809700,7518835132,58609.49,128287,128287
278,-1366849.0959,0.0000,1366849.0959,152635487.0554,8954.9889,0,0.000000,10.918399,35.505675,0.208392,-21.357017,7514024694,58685.44,128039,128039
279,-1408996.4306,0.0000,1408996.4306,154657105.6362,9110.4539,0,0.000000,11.159565,30.174820,0.172688,-22.015569,7507143752,58655.52,127987,127987
280,-1411655.7528,0.0000,1411655.7528,152772282.7030,9240.2609,0,0.000000,11.068387,37.340266,0.133775,-22.057121,7508454472,58554.59,128230,128230
281,-1410635.8288,0.0000,1410635.8288,155825952.0077,9052.6373,0,0.000000,11.047597,38.002522,0.168522,-22.041185,7518008368,58707.38,128059,128059
282,-1249997.4865,0.0000,1249997.4865,140599004.5107,8890.5145,0,0.000000,10.452488,30.878982,0.140252,-19.531211,7512096967,58589.39,128216,128216
283,-1289886.9484,0.0000,1289886.9484,144455558.3443,8929.2995,0,0.000000,10.577279,38.858265,0.122109,-20.154484,7465986719,58573.76,127463,127463
284,-1339974.9896,0.0000,1339974.9896,149950445.0981,8936.1188,0,0.000000,10.731747,28.326286,0.134319,-20.937109,7520225218,58779.77,127939,127939
285,-1377250.5448,0.0000,1377250.5448,153370606.4135,8979.8859,0,0.000000,10.823017,33.615747,0.162299,-21.519540,7525345813,58681.28,128241,128241
286,-1392188.7731,0.0000,1392188.7731,151491163.1134,9189.9009,0,0.000000,11.184140,34.840069,0.137955,-21.752950,7464291298,58520.97,127549,127549
287,-1268495.2970,0.0000,1268495.2970,143885097.0368,8816.0298,0,0.000000,10.440166,37.922291,0.149758,-19.820239,7544927917,58791.80,128333,128333
288,-1345831.7633,0.0000,1345831.7633,150279420.0276,8955.5294,0,0.000000,10.817214,33.520311,0.158927,-21.028621,7505737382,58633.08,128012,128012
289,-1356568.8622,0.0000,1356568.8622,150211003.2413,9031.0885,0,0.000000,10.975154,36.026733,0.150801,-21.196388,7510846241,58749.17,127846,127846
290,-1461505.9457,0.0000,1461505.9457,157843532.3555,9259.2070,0,0.000000,11.732185,38.343124,0.145555,-22.836030,7539263700,58707.86,128420,128420
291,-1348100.6853,0.0000,1348100.6853,149004274.6858,9047.3960,0,0.000000,10.947180,32.260705,0.114686,-21.064073,7528757885,58643.86,128381,128381
292,-1280435.8014,0.0000,1280435.8014,144803612.0394,8842.5681,0,0.000000,10.530335,31.556763,0.207416,-20.006809,7499089212,58665.93,127827,127827
293,-1341521.8510,0.0000,1341521.8510,150014545.1298,8942.6119,0,0.000000,10.649437,30.719717,0.141236,-20.961279,7497271735,58543.62,128063,128063
294,-1386456.6069,0.0000,1386456.6069,151275491.3290,9165.1106,0,0.000000,11.246298,36.648611,0.128741,-21.663384,7501027677,58655.85,127882,127882
295,-1354025.5731,0.0000,1354025.5731,148264958.4119,9132.4719,0,0.000000,11.002303,43.053744,0.144029,-21.156650,7516077064,58703.76,128034,128034
296,-1325242.1480,0.0000,1325242.1480,147767295.8494,8968.4401,0,0.000000,10.861977,34.635143,0.177866,-20.706909,7514940275,58670.14,128088,128088
297,-1392116.6347,0.0000,1392116.6347,153308525.3638,9080.4907,0,0.000000,11.060901,35.408454,0.150337,-21.751822,7533033388,58623.28,128499,128499
298,-1348968.4153,0.0000,1348968.4153,150184458.2375,8982.0773,0,0.000000,10.987715,37.027028,0.117808,-21.077631,7514773410,58702.29,128015,128015
299,-1296501.8457,0.0000,1296501.8457,146922795.7091,8824.3750,0,0.000000,10.681997,36.044744,0.191395,-20.257841,7497687951,58723.87,127677,127677
300,-1399640.1456,0.0000,1399640.1456,155208470.0600,9017.8078,0,0.000000,11.045137,34.297695,0.190623,-21.869377,7508824005,58679.65,127963,127963
301,-1403016.9995,0.0000,1403016.9995,156380897.9452,8971.7927,0,0.000000,10.876299,33.256096,0.132231,-21.922141,7508600218,58707.72,127898,127898
302,-1370030.0147,0.0000,1370030.0147,152899383.4478,8960.3371,0,0.000000,10.838969,31.001598,0.140992,-21.406719,7519896816,58707.46,128091,128091
303,-1356814.9333,0.0000,1356814.9333,149476682.2784,9077.1009,0,0.000000,10.548710,36.069230,0.164591,-21.200233,7536433467,58771.86,128232,128232
304,-1303570.3988,0.0000,1303570.3988,147402731.5283,8843.5973,0,0.000000,10.550390,34.682171,0.201767,-20.368287,7505309106,58695.76,127868,127868
305,-1247317.1318,0.0000,1247317.1318,142938854.7359,8726.2287,0,0.000000,10.367344,30.441809,0.130614,-19.489330,7549526873,58701.39,128609,128609
306,-1349391.2708,0.0000,1349391.2708,151328850.2844,8916.9466,0,0.000000,10.511301,30.737160,0.180191,-21.084239,7523970126,58714.50,128145,128145
307,-1265699.2023,0.0000,1265699.2023,145715556.3271,8686.0953,0,0.000000,10.317435,36.388215,0.159659,-19.776550,7527257868,58621.68,128404,128404
308,-1386004.1320,0.0000,1386004.1320,152025848.5033,9116.8979,0,0.000000,11.154495,31.060310,0.154084,-21.656315,7515445402,58606.36,128236,128236
309,-1352537.0522,0.0000,1352537.0522,149788075.9678,9029.6710,0,0.000000,10.933984,37.177361,0.218078,-21.133391,7499353577,58726.80,127699,127699
310,-1409317.1914,0.0000,1409317.1914,156576266.8172,9000.8353,0,0.000000,11.031368,31.494277,0.252158,-22.020581,7522759562,58768.35,128007,128007
311,-1351121.3402,0.0000,1351121.3402,149532768.8153,9035.6204,0,0.000000,10.942250,40.827109,0.175492,-21.111271,7494028555,58578.68,127931,127931
312,-1275297.7140,0.0000,1275297.7140,146795522.8774,8687.5791,0,0.000000,10.261880,30.874426,0.207690,-19.926527,7522616717,58713.11,128125,128125
313,-1271391.8969,0.0000,1271391.8969,146370410.2414,8686.1265,0,0.000000,10.234823,27.096875,0.191953,-19.865498,7507069234,58568.45,128176,128176
314,-1288275.2527,0.0000,1288275.2527,146055647.1704,8820.4412,0,0.000000,10.312572,28.252845,0.135251,-20.129301,7509924254,58713.48,127908,127908
315,-1336383.2362,0.0000,1336383.2362,149675594.8772,8928.5313,0,0.000000,10.581034,36.856319,0.175267,-20.880988,7536381469,58677.65,128437,128437
316,-1367704.1409,0.0000,1367704.1409,153493441.6980,8910.5054,0,0.000000,10.793931,35.333834,0.138747,-21.370377,7512725724,58752.84,127870,127870
317,-1378358.5118,0.0000,1378358.5118,152850363.7265,9017.6986,0,0.000000,10.789796,38.488095,0.118558,-21.536852,7508545347,58704.08,127905,127905
318,-1396009.1061,0.0000,1396009.1061,153070266.8308,9120.0540,0,0.000000,11.053968,30.633510,0.191174,-21.812642,7504947452,58599.90,128071,128071
319,-1338498.7905,0.0000,1338498.7905,148296893.7145,9025.8046,0,0.000000,11.116362,35.790526,0.143224,-20.914044,7490033115,58585.00,127849,127849
320,-1393635.3962,0.0000,1393635.3962,152820813.4517,9119.4083,0,0.000000,11.105893,30.228916,0.224243,-21.775553,7532960219,58613.14,128520,128520
321,-1351151.5050,0.0000,1351151.5050,151314936.2610,8929.3994,0,0.000000,10.669786,34.279843,0.147091,-21.111742,7508665922,58736.71,127836,127836
322,-1321998.9441,0.0000,1321998.9441,147881268.8001,8939.5970,0,0.000000,10.613789,34.621828,0.125853,-20.656234,7521247278,58702.88,128124,128124
323,-1264189.0698,0.0000,1264189.0698,143515672.5659,8808.7179,0,0.000000,10.508643,33.567207,0.154568,-19.752954,7495675653,58607.58,127896,127896
324,-1277405.6006,0.0000,1277405.6006,143487066.1887,8902.5836,0,0.000000,10.541697,40.896145,0.151058,-19.959463,7522256034,58688.76,128172,128172
325,-1362532.8085,0.0000,1362532.8085,153118888.4119,8898.5286,0,0.000000,10.577757,32.035289,0.205430,-21.289575,7531136796,58714.99,128266,128266
326,-1410785.1534,0.0000,1410785.1534,153963933.8958,9163.0885,0,0.000000,11.249042,38.656866,0.147169,-22.043518,7490467707,58746.46,127505,127505
327,-1312447.4117,0.0000,1312447.4117,147014894.5570,8927.3091,0,0.000000,10.644266,30.360506,0.175174,-20.506991,7498465207,58558.88,128050,128050
328,-1318021.1097,0.0000,1318021.1097,145978246.8145,9028.8871,0,0.000000,10.608507,32.700568,0.142164,-20.594080,7482390649,58581.12,127727,127727
329,-1294929.6295,0.0000,1294929.6295,147674952.5956,8768.7831,0,0.000000,10.427206,28.772094,0.155484,-20.233275,7520519446,58762.78,127981,127981
330,-1353993.2061,0.0000,1353993.2061,147414040.8379,9184.9677,0,0.000000,11.000009,31.247324,0.121182,-21.156144,7498691597,58598.18,127968,127968
331,-1259767.9801,0.0000,1259767.9801,144438427.8567,8721.8339,0,0.000000,10.350756,31.444313,0.186066,-19.683875,7497353186,58678.51,127770,127770
332,-1322092.6089,0.0000,1322092.6089,147036122.8004,8991.6177,0,0.000000,10.787878,31.828790,0.133767,-20.657697,7516738131,58750.68,127943,127943
333,-1310546.7919,0.0000,1310546.7919,146941065.8033,8918.8600,0,0.000000,10.593444,28.743534,0.150788,-20.477294,7486132918,58634.29,127675,127675
334,-1405425.5800,0.0000,1405425.5800,153477888.7370,9157.1860,0,0.000000,11.085371,36.520152,0.142341,-21.959775,7516980759,58757.63,127932,127932
335,-1292775.3627,0.0000,1292775.3627,144030535.6837,8975.7034,0,0.000000,10.581895,35.672439,0.113446,-20.199615,7509662258,58574.51,128207,128207
336,-1306634.4247,0.0000,1306634.4247,148126387.6999,8821.0780,0,0.000000,10.385748,31.001026,0.159054,-20.416163,7489029399,58733.80,127508,127508
337,-1341098.1887,0.0000,1341098.1887,149515456.3388,8969.6291,0,0.000000,10.757908,34.205926,0.157978,-20.954659,7541691311,58709.39,128458,128458
338,-1267164.2002,0.0000,1267164.2002,144667788.0126,8759.1316,0,0.000000,10.115090,30.604750,0.115967,-19.799441,7516934638,58639.92,128188,128188
339,-1378823.9192,0.0000,1378823.9192,152070576.4425,9067.0000,0,0.000000,10.957956,40.007780,0.199330,-21.544124,7523884006,58644.27,128297,128297
340,-1364793.8590,0.0000,1364793.8590,151287187.9328,9021.2124,0,0.000000,10.839821,34.451716,0.150091,-21.324904,7521849830,58676.44,128192,128192
341,-1307554.9450,0.0000,1307554.9450,146647631.9045,8916.3045,0,0.000000,10.590754,39.136290,0.171018,-20.430546,7498455966,58683.47,127778,127778
342,-1442548.9872,0.0000,1442548.9872,157591141.7590,9153.7441,0,0.000000,10.947987,31.991352,0.151674,-22.539828,7499429179,58662.62,127840,127840
343,-1357509.8160,0.0000,1357509.8160,149398886.6986,9086.4788,0,0.000000,10.864745,34.775987,0.184256,-21.211091,7506208811,58630.35,128026,128026
344,-1310599.9412,0.0000,1310599.9412,146981378.1753,8916.7754,0,0.000000,10.791066,37.951683,0.120963,-20.478124,7523087889,58690.22,128183,128183
345,-1296236.9337,0.0000,1296236.9337,144701662.4566,8957.9961,0,0.000000,10.399768,27.384684,0.180245,-20.253702,7506904667,58621.59,128057,128057
346,-1423110.7857,0.0000,1423110.7857,154118740.6630,9233.8594,0,0.000000,11.225363,36.174116,0.131413,-22.236106,7511954863,58633.09,128118,128118
347,-1360914.1949,0.0000,1360914.1949,151098814.8426,9006.7827,0,0.000000,10.794435,38.320583,0.169707,-21.264284,7482039887,58599.48,127681,127681
348,-1381779.8321,0.0000,1381779.8321,152637752.7137,9052.6741,0,0.000000,10.906287,33.942551,0.194655,-21.590310,7519080083,58779.55,127920,127920
349,-1298821.5503,0.0000,1298821.5503,147074496.0244,8831.0454,0,0.000000,10.445341,36.123769,0.112654,-20.294087,7522674773,58688.37,128180,128180
350,-1342697.1301,0.0000,1342697.1301,150330360.1323,8931.6431,0,0.000000,10.686239,33.150667,0.150130,-20.979643,7483441608,58439.28,128055,128055
351,-1428298.0178,0.0000,1428298.0178,157510036.8395,9067.9810,0,0.000000,10.932473,30.536263,0.147533,-22.317157,7511589072,58581.31,128225,128225
352,-1381995.3849,0.0000,1381995.3849,151962175.3766,9094.3380,0,0.000000,10.942996,29.453861,0.178739,-21.593678,7497546993,58721.85,127679,127679
353,-1373327.6669,0.0000,1373327.6669,149318564.7351,9197.3002,0,0.000000,11.181983,31.962964,0.158897,-21.458245,7501243115,58691.04,127809,127809
354,-1389530.8412,0.0000,1389530.8412,153871666.4466,9030.4529,0,0.000000,10.894114,35.699911,0.145055,-21.711419,7524331973,58675.66,128236,128236
355,-1349855.3565,0.0000,1349855.3565,149161540.5899,9049.6206,0,0.000000,10.754921,50.930428,0.149745,-21.091490,7515231687,58612.47,128219,128219
356,-1321881.9055,0.0000,1321881.9055,146421721.6099,9027.9085,0,0.000000,10.769279,31.874189,0.149714,-20.654405,7519214621,58655.42,128193,128193
357,-1340700.4351,0.0000,1340700.4351,147245487.1996,9105.2056,0,0.000000,10.905401,35.610471,0.121155,-20.948444,7546820417,58693.12,128581,128581
358,-1346263.1042,0.0000,1346263.1042,150130051.3862,8967.3126,0,0.000000,10.597518,30.180851,0.241044,-21.035361,7496465551,58642.65,127833,127833
359,-1322036.1797,0.0000,1322036.1797,148840436.0978,8882.2380,0,0.000000,10.456462,33.081751,0.168008,-20.656815,7520082088,58704.32,128101,128101
360,-1299284.7871,0.0000,1299284.7871,145720694.8238,8916.2681,0,0.000000,10.551042,28.968048,0.174427,-20.301325,7518993271,58646.83,128208,128208
361,-1354711.5243,0.0000,1354711.5243,151579100.4189,8937.3239,0,0.000000,10.684948,28.361583,0.278081,-21.167368,7494169916,58590.77,127907,127907
362,-1279435.4821,0.0000,1279435.4821,146062049.2824,8759.5340,0,0.000000,10.267411,39.412982,0.118579,-19.991179,7521151536,58731.01,128061,128061
363,-1331711.6297,0.0000,1331711.6297,149060064.6189,8934.0605,0,0.000000,10.635219,35.412064,0.131671,-20.807994,7520169222,58696.29,128120,128120
364,-1370968.0336,0.0000,1370968.0336,153590755.7096,8926.1103,0,0.000000,10.866761,36.248116,0.125096,-21.421376,7539482284,58742.50,128348,128348
365,-1301428.4653,0.0000,1301428.4653,148001301.4344,8793.3583,0,0.000000,10.313317,32.744746,0.164223,-20.334820,7516888116,58710.09,128034,128034
366,-1333601.9091,0.0000,1333601.9091,150356587.7948,8869.5941,0,0.000000,10.399516,32.553611,0.164396,-20.837530,7489557139,58733.33,127518,127518
367,-1340507.2456,0.0000,1340507.2456,152333530.2154,8799.8174,0,0.000000,10.534175,34.709533,0.205888,-20.945426,7529002484,58700.64,128261,128261
368,-1322519.0442,0.0000,1322519.0442,148479842.8734,8907.0612,0,0.000000,10.847603,34.254905,0.160673,-20.664360,7479556356,58617.67,127599,127599
369,-1296628.7909,0.0000,1296628.7909,148504106.9694,8731.2655,0,0.000000,10.331417,34.501969,0.195811,-20.259825,7513202862,58759.33,127864,127864
370,-1424926.6666,0.0000,1424926.6666,154138627.0836,9244.4489,0,0.000000,11.275316,40.941077,0.122986,-22.264479,7521981687,58616.19,128326,128326
371,-1314819.4865,0.0000,1314819.4865,147565363.1355,8910.0820,0,0.000000,10.488743,30.827091,0.137941,-20.544054,7515689641,58717.70,127997,127997
372,-1358255.3565,0.0000,1358255.3565,152736609.2386,8892.7950,0,0.000000,10.516452,33.467443,0.187020,-21.222740,7505239342,58620.94,128030,128030
373,-1353411.2974,0.0000,1353411.2974,151499160.2759,8933.4574,0,0.000000,10.870430,37.530027,0.177340,-21.147052,7516523766,58760.49,127918,127918
374,-1439810.5019,0.0000,1439810.5019,157457823.4822,9144.1027,0,0.000000,10.995117,39.229500,0.136982,-22.497039,7498987955,58666.05,127825,127825
375,-1314862.4358,0.0000,1314862.4358,145083566.8959,9062.7937,0,0.000000,10.726694,31.354488,0.133756,-20.544726,7501844373,58658.11,127891,127891
376,-1385155.9087,0.0000,1385155.9087,151312653.4779,9154.2636,0,0.000000,11.159385,35.827127,0.130400,-21.643061,7503018952,58665.46,127895,127895
377,-1418377.6607,0.0000,1418377.6607,156476714.3785,9064.4647,0,0.000000,10.916065,35.389128,0.205422,-22.162151,7502414640,58639.19,127942,127942
378,-1314163.8933,0.0000,1314163.8933,146897140.5480,8946.1503,0,0.000000,10.683745,27.162539,0.138224,-20.533811,7458852676,58478.33,127549,127549
379,-1309648.8734,0.0000,1309648.8734,144276243.3426,9077.3702,0,0.000000,10.689749,34.074596,0.116544,-20.463264,7496574769,58603.62,127920,127920
380,-1336827.8393,0.0000,1336827.8393,149787523.6230,8924.8277,0,0.000000,10.714483,33.628364,0.191433,-20.887935,7541642444,58678.86,128524,128524
381,-1361034.9419,0.0000,1361034.9419,151530738.2789,8981.9066,0,0.000000,10.876223,36.982102,0.199687,-21.266171,7521403684,58639.11,128266,128266
382,-1326415.1651,0.0000,1326415.1651,145262166.2693,9131.1812,0,0.000000,10.853802,35.778746,0.152080,-20.725237,7522736631,58635.33,128297,128297
383,-1356942.7437,0.0000,1356942.7437,150761437.3855,9000.5957,0,0.000000,10.730311,32.223631,0.112638,-21.202230,7482111392,58622.54,127632,127632
384,-1330054.3369,0.0000,1330054.3369,148038649.5506,8984.5074,0,0.000000,10.601478,28.413779,0.130345,-20.782099,7504123808,58616.35,128021,128021
385,-1360826.3079,0.0000,1360826.3079,153367763.4353,8872.9618,0,0.000000,10.685860,29.196648,0.150561,-21.262911,7522569734,58755.39,128032,128032
386,-1296259.1563,0.0000,1296259.1563,147338727.3131,8797.8170,0,0.000000,10.493417,27.386650,0.206308,-20.254049,7513908762,58722.60,127956,127956
387,-1255501.8689,0.0000,1255501.8689,142588220.3068,8805.0883,0,0.000000,10.276194,29.628933,0.119116,-19.617217,7518543747,58702.85,128078,128078
388,-1322541.3046,0.0000,1322541.3046,149661231.5483,8836.8998,0,0.000000,10.458505,30.103460,0.177535,-20.664708,7520230572,58670.67,128177,128177
389,-1260020.8635,0.0000,1260020.8635,141944545.2240,8876.8530,0,0.000000,10.387871,28.607187,0.159138,-19.687826,7518527908,58620.80,128257,128257
390,-1366810.9744,0.0000,1366810.9744,150333860.0332,9091.8372,0,0.000000,11.076379,39.679928,0.193065,-21.356421,7479209795,58605.77,127619,127619
391,-1414560.4102,0.0000,1414560.4102,156522126.5985,9037.4469,0,0.000000,10.913836,29.021100,0.115202,-22.102506,7545901277,58722.97,128500,128500
392,-1348420.3358,0.0000,1348420.3358,150530837.8196,8957.7681,0,0.000000,10.853472,36.928943,0.156551,-21.069068,7506886798,58744.85,127788,127788
393,-1318106.7798,0.0000,1318106.7798,149822273.9855,8797.8025,0,0.000000,10.403916,30.411264,0.123732,-20.595418,7527729815,58816.36,127987,127987
394,-1325655.8241,0.0000,1325655.8241,148649812.4552,8917.9785,0,0.000000,10.641971,34.039246,0.153966,-20.713372,7522306054,58742.78,128055,128055
395,-1338173.6673,0.0000,1338173.6673,148443628.1453,9014.6925,0,0.000000,11.056655,37.016589,0.116985,-20.908964,7504054831,58592.93,128071,128071
396,-1315617.1630,0.0000,1315617.1630,150595260.2079,8736.1127,0,0.000000,10.471670,43.657286,0.143309,-20.556518,7538504324,58696.92,128431,128431
397,-1280590.8471,0.0000,1280590.8471,145710405.2101,8788.6026,0,0.000000,10.523370,34.358608,0.140224,-20.009232,7492083242,58614.33,127820,127820
398,-1382808.7853,0.0000,1382808.7853,153305481.3540,9019.9566,0,0.000000,10.703573,37.100442,0.100185,-21.606387,7535658117,58741.54,128285,128285
399,-1352769.2914,0.0000,1352769.2914,151666743.9324,8919.3534,0,0.000000,10.679178,29.864116,0.164204,-21.137020,7500857273,58683.89,127818,127818
400,-1303001.6868,0.0000,1303001.6868,145716097.2291,8942.0573,0,0.000000,10.665153,29.996954,0.087458,-20.359401,7492713238,58619.71,127819,127819
401,-1352661.9401,0.0000,1352661.9401,151550955.3233,8925.4597,0,0.000000,10.803115,32.880270,0.198236,-21.135343,7538926371,58697.47,128437,128437
402,-1365331.0042,0.0000,1365331.0042,149939953.3899,9105.8519,0,0.000000,11.044062,33.209858,0.134473,-21.333297,7507608527,58645.40,128017,128017
403,-1308275.4559,0.0000,1308275.4559,146863356.8360,8908.1135,0,0.000000,10.497157,28.544528,0.179196,-20.441804,7519630976,58702.63,128097,128097
404,-1309327.0123,0.0000,1309327.0123,146818280.5453,8918.0108,0,0.000000,10.749105,34.474299,0.154722,-20.458235,7498371221,58636.00,127880,127880
405,-1243342.5535,0.0000,1243342.5535,141837678.8408,8765.9539,0,0.000000,10.204915,31.888243,0.081861,-19.427227,7509138269,58730.30,127858,127858
406,-1351996.7149,0.0000,1351996.7149,151375381.3725,8931.4174,0,0.000000,10.896240,34.212853,0.159196,-21.124949,7524723722,58666.36,128263,128263
407,-1257432.1761,0.0000,1257432.1761,142190555.7265,8843.2890,0,0.000000,10.283309,30.626224,0.153414,-19.647378,7508504436,58653.32,128015,128015
408,-1300877.9100,0.0000,1300877.9100,146528571.3177,8877.9813,0,0.000000,10.386252,37.115980,0.131215,-20.326217,7514510870,58674.57,128071,128071
409,-1410008.0780,0.0000,1410008.0780,152073056.2529,9271.9125,0,0.000000,11.236153,34.574327,0.139144,-22.031376,7510081610,58568.19,128228,128228
410,-1362625.7323,0.0000,1362625.7323,151141228.1268,9015.5793,0,0.000000,10.856528,46.649445,0.200499,-21.291027,7492397949,58622.75,127807,127807
411,-1288986.9385,0.0000,1288986.9385,144774960.4062,8903.3831,0,0.000000,10.760318,32.793565,0.134391,-20.140421,7482775912,58611.67,127667,127667
412,-1330980.2394,0.0000,1330980.2394,150629836.3721,8836.0996,0,0.000000,10.472257,31.341261,0.144920,-20.796566,7530865265,58691.37,128313,128313
413,-1367949.0598,0.0000,1367949.0598,151844949.7315,9008.8545,0,0.000000,11.016734,37.072077,0.173964,-21.374204,7521415124,58716.10,128098,128098
414,-1505897.3998,0.0000,1505897.3998,163240168.4833,9225.0419,0,0.000000,11.659229,40.438571,0.171115,-23.529647,7504956976,58666.85,127925,127925
415,-1420234.4726,0.0000,1420234.4726,156168874.0705,9094.2224,0,0.000000,11.130474,35.664740,0.172775,-22.191164,7513760983,58724.66,127949,127949
416,-1376409.7566,0.0000,1376409.7566,153174021.1096,8985.9217,0,0.000000,10.763391,34.602706,0.215764,-21.506402,7505211829,58604.71,128065,128065
417,-1330957.4169,0.0000,1330957.4169,148652617.7744,8953.4745,0,0.000000,10.856506,36.893374,0.159137,-20.796210,7486723007,58599.90,127760,127760
418,-1321277.1726,0.0000,1321277.1726,150310148.1663,8790.3391,0,0.000000,10.489831,32.355655,0.133431,-20.644956,7498885485,58676.73,127800,127800
419,-1356022.4759,0.0000,1356022.4759,148623143.4539,9123.8985,0,0.000000,10.813675,37.234022,0.154763,-21.187851,7511133956,58686.69,127987,127987
42,-1250558.4738,0.0000,1250558.4738,143318636.1346,8725.7213,0,0.000000,10.332884,33.300741,0.245416,-19.539976,7510106884,58670.88,128004,128004
420,-1294041.5564,0.0000,1294041.5564,144154774.8180,8976.7513,0,0.000000,10.835207,36.028640,0.170418,-20.219399,7516307659,58573.35,128323,128323
421,-1301119.5009,0.0000,1301119.5009,147908859.8343,8796.7651,0,0.000000,10.651546,33.688473,0.178488,-20.329992,7527141662,58720.92,128185,128185
422,-1306912.2205,0.0000,1306912.2205,145501139.1588,8982.1443,0,0.000000,10.574953,37.272080,0.124099,-20.420503,7509465159,58665.40,128005,128005
423,-1322891.9915,0.0000,1322891.9915,149837160.7168,8828.8645,0,0.000000,10.448310,31.434023,0.107523,-20.670187,7510051651,58704.84,127929,127929
424,-1298062.4786,0.0000,1298062.4786,146774922.4022,8843.8982,0,0.000000,10.558815,35.330318,0.129487,-20.282226,7557167553,58774.05,128580,128580
425,-1266826.1290,0.0000,1266826.1290,142311093.7127,8901.8087,0,0.000000,10.441228,30.241874,0.136702,-19.794158,7511728803,58624.92,128132,128132
426,-1453233.8367,0.0000,1453233.8367,158052895.7574,9194.6043,0,0.000000,11.479096,40.219626,0.178643,-22.706779,7538754349,58734.08,128354,128354
427,-1366918.1586,0.0000,1366918.1586,151148409.2337,9043.5498,0,0.000000,11.004982,36.736217,0.164054,-21.358096,7510824588,58724.65,127899,127899
428,-1413779.8391,0.0000,1413779.8391,157254610.7668,8990.3872,0,0.000000,10.913390,33.239420,0.156697,-22.090310,7508873796,58761.78,127785,127785
429,-1364424.6265,0.0000,1364424.6265,150848442.2465,9045.0031,0,0.000000,10.859152,43.710319,0.200224,-21.319135,7506025865,58615.64,128055,128055
43,-1400114.1772,0.0000,1400114.1772,154690276.1068,9051.0807,0,0.000000,11.099512,30.911449,0.241617,-21.876784,7499749070,58701.86,127760,127760
430,-1343054.0819,0.0000,1343054.0819,149712557.6592,8970.8846,0,0.000000,10.811074,31.550092,0.127516,-20.985220,7531034102,58697.71,128302,128302
431,-1330969.1953,0.0000,1330969.1953,150869836.1205,8821.9702,0,0.000000,10.547253,29.569766,0.189078,-20.796394,7531381529,58726.97,128244,128244
432,-1332930.3672,0.0000,1332930.3672,150461075.1783,8858.9714,0,0.000000,10.644843,28.146531,0.132293,-20.827037,7521824755,58582.10,128398,128398
433,-1287722.5934,0.0000,1287722.5934,144314453.9553,8923.0327,0,0.000000,10.599388,31.265773,0.196141,-20.120666,7500762668,58612.99,127971,127971
434,-1362212.7291,0.0000,1362212.7291,151225825.0434,9007.8049,0,0.000000,10.782490,37.661861,0.146106,-21.284574,7534189072,58731.92,128281,128281
435,-1373946.9603,0.0000,1373946.9603,152275132.8784,9022.7927,0,0.000000,10.762755,34.233081,0.130551,-21.467921,7505605746,58703.59,127856,127856
436,-1365980.3407,0.0000,1365980.3407,152273208.4022,8970.5888,0,0.000000,10.833731,32.152508,0.184570,-21.343443,7504553495,58649.48,127956,127956
437,-1422354.9856,0.0000,1422354.9856,152661596.8673,9317.0451,0,0.000000,11.103685,36.187466,0.123768,-22.224297,7497281645,58675.19,127776,127776
438,-1311163.5903,0.0000,1311163.5903,146205601.9917,8967.9436,0,0.000000,10.669576,33.261846,0.162666,-20.486931,7544150850,58702.49,128515,128515
439,-1366042.7781,0.0000,1366042.7781,150774705.0870,9060.1588,0,0.000000,10.771071,30.187609,0.133784,-21.344418,7500853083,58621.48,127954,127954
44,-1320292.6389,0.0000,1320292.6389,146961241.3797,8983.9513,0,0.000000,10.666970,39.658071,0.127880,-20.629572,7500928158,58617.49,127964,127964
440,-1427538.0599,0.0000,1427538.0599,159160442.2294,8969.1763,0,0.000000,10.964660,39.026149,0.189747,-22.305282,7532436779,58708.19,128303,128303
441,-1283917.4950,0.0000,1283917.4950,144971893.8886,8856.3201,0,0.000000,10.582559,29.543811,0.202748,-20.061211,7525660688,58677.79,128254,128254
442,-1452349.9933,0.0000,1452349.9933,157642539.3965,9212.9320,0,0.000000,11.450719,30.558059,0.193008,-22.692969,7484935071,58590.49,127750,127750
443,-1303319.3219,0.0000,1303319.3219,147160990.8944,8856.4185,0,0.000000,10.541613,32.590378,0.185053,-20.364364,7515058833,58721.95,127977,127977
444,-1288105.6382,0.0000,1288105.6382,146414692.5288,8797.6529,0,0.000000,10.422630,39.881274,0.147129,-20.126651,7517874884,58671.06,128136,128136
445,-1383375.4906,0.0000,1383375.4906,149110728.4143,9277.5047,0,0.000000,11.157862,38.942637,0.146008,-21.615242,7478144750,58519.47,127789,127789
446,-1279448.6883,0.0000,1279448.6883,145402084.1204,8799.3834,0,0.000000,10.400940,29.033166,0.175795,-19.991386,7506485680,58627.01,128038,128038
447,-1373061.0842,0.0000,1373061.0842,151357421.4798,9071.6469,0,0.000000,11.021039,32.228780,0.136002,-21.454079,7502951782,58573.80,128094,128094
448,-1268139.4188,0.0000,1268139.4188,143077812.7356,8863.2849,0,0.000000,10.417186,30.620547,0.137312,-19.814678,7523000878,58684.50,128194,128194
449,-1275102.1869,0.0000,1275102.1869,142503624.7126,8947.8579,0,0.000000,10.581592,28.916763,0.179036,-19.923472,7531668859,58646.90,128424,128424
45,-1352562.0003,0.0000,1352562.0003,147064865.4455,9197.0437,0,0.000000,10.809537,33.260298,0.141745,-21.133781,7517744711,58639.84,128202,128202
450,-1327179.2753,0.0000,1327179.2753,147602641.7904,8991.5686,0,0.000000,10.527684,32.753836,0.125841,-20.737176,7493365560,58664.75,127732,127732
451,-1329704.7981,0.0000,1329704.7981,148493409.0888,8954.6385,0,0.000000,10.873920,31.148679,0.266757,-20.776637,7508599454,58602.79,128127,128127
452,-1308915.6593,0.0000,1308915.6593,148581576.2113,8809.4076,0,0.000000,10.526372,29.931854,0.169038,-20.451807,7524301492,58651.64,128288,128288
453,-1348956.6798,0.0000,1348956.6798,149247359.7069,9038.3956,0,0.000000,10.766474,33.365911,0.174193,-21.077448,7513875068,58575.39,128277,128277
454,-1355532.8302,0.0000,1355532.8302,149060740.3379,9093.8286,0,0.000000,10.670153,31.761057,0.150973,-21.180200,7490529331,58501.02,128041,128041
455,-1390953.9278,0.0000,1390953.9278,153749367.2371,9046.8920,0,0.000000,11.012942,38.829772,0.141844,-21.733655,7528008908,58628.90,128401,128401
456,-1356412.2648,0.0000,1356412.2648,149499005.1695,9073.0521,0,0.000000,10.844376,33.341201,0.107875,-21.193942,7511174812,58643.03,128083,128083
457,-1408717.1467,0.0000,1408717.1467,151369727.0361,9306.4655,0,0.000000,11.301079,32.476668,0.171591,-22.011205,7471064552,58543.32,127616,127616
458,-1372356.8065,0.0000,1372356.8065,152993934.8121,8970.0079,0,0.000000,10.805937,38.391434,0.138226,-21.443075,7524465014,58718.37,128145,128145
459,-1364062.8380,0.0000,1364062.8380,150378568.1217,9070.8593,0,0.000000,10.853896,33.582075,0.232397,-21.313482,7471239776,58616.35,127460,127460
46,-1254869.3353,0.0000,1254869.3353,144664591.3814,8674.3364,0,0.000000,10.223317,29.772342,0.118651,-19.607333,7488863016,58659.81,127666,127666
460,-1254191.4508,0.0000,1254191.4508,142451497.8679,8804.3402,0,0.000000,10.622693,29.118210,0.131620,-19.596741,7518870688,58790.32,127893,127893
461,-1289899.2810,0.0000,1289899.2810,144306789.0600,8938.5904,0,0.000000,10.720842,28.543445,0.148201,-20.154676,7509511198,58663.93,128009,128009
462,-1330189.8719,0.0000,1330189.8719,147826078.9678,8998.3437,0,0.000000,10.780762,35.711348,0.158811,-20.784217,7497792894,58544.49,128070,128070
463,-1400300.2900,0.0000,1400300.2900,152366397.5687,9190.3485,0,0.000000,11.124954,36.857922,0.160277,-21.879692,7478028117,58542.38,127737,127737
464,-1391642.0277,0.0000,1391642.0277,151680881.7616,9174.8018,0,0.000000,10.945822,35.984854,0.187664,-21.744407,7520004524,58604.90,128317,128317
465,-1363749.4537,0.0000,1363749.4537,153318756.7564,8894.8638,0,0.000000,10.829850,31.976124,0.135358,-21.308585,7507331637,58757.07,127769,127769
466,-1289873.6401,0.0000,1289873.6401,144010766.5363,8956.7862,0,0.000000,10.653473,33.685811,0.140307,-20.154276,7517031805,58652.12,128163,128163
467,-1291224.7502,0.0000,1291224.7502,146549499.9187,8810.8438,0,0.000000,10.520010,32.320208,0.155123,-20.175387,7495121383,58550.15,128012,128012
468,-1310069.0522,0.0000,1310069.0522,146315938.6735,8953.7002,0,0.000000,10.712035,32.203978,0.136480,-20.469829,7511516647,58580.29,128226,128226
469,-1368796.8928,0.0000,1368796.8928,150507734.8425,9094.5286,0,0.000000,10.996468,34.289336,0.143710,-21.387451,7505945737,58612.73,128060,128060
47,-1301739.0744,0.0000,1301739.0744,146073587.8618,8911.5294,0,0.000000,10.421070,33.215514,0.218676,-20.339673,7509745499,58597.56,128158,128158
470,-1412266.5730,0.0000,1412266.5730,155997594.7290,9053.1304,0,0.000000,11.015680,32.616445,0.166510,-22.066665,7502774892,58651.17,127922,127922
471,-1262713.7045,0.0000,1262713.7045,142722207.1647,8847.3527,0,0.000000,10.571691,32.898567,0.166035,-19.729902,7520953258,58676.77,128176,128176
472,-1452114.2083,0.0000,1452114.2083,159628664.5569,9096.8261,0,0.000000,11.145102,35.514403,0.194774,-22.689285,7531660730,58710.38,128285,128285
473,-1252715.6085,0.0000,1252715.6085,138784689.9886,9026.3242,0,0.000000,10.548629,35.494957,0.158106,-19.573681,7512870353,58708.98,127968,127968
474,-1337609.7550,0.0000,1337609.7550,152693882.5482,8760.0743,0,0.000000,10.453355,32.234453,0.219104,-20.900152,7502266956,58697.21,127813,127813
475,-1369783.2432,0.0000,1369783.2432,151510651.1076,9040.8379,0,0.000000,10.854916,40.474209,0.134879,-21.402863,7512336177,58721.32,127932,127932
476,-1361148.9757,0.0000,1361148.9757,151308007.1774,8995.8820,0,0.000000,10.688832,29.970406,0.106165,-21.267953,7483186628,58570.38,127764,127764
477,-1393840.3593,0.0000,1393840.3593,152379332.7520,9147.1746,0,0.000000,11.140897,37.055073,0.186911,-21.778756,7481660894,58650.71,127563,127563
478,-1335352.7246,0.0000,1335352.7246,147691840.5576,9041.4793,0,0.000000,10.836812,30.014507,0.151261,-20.864886,7524081621,58656.33,128274,128274
479,-1410837.4858,0.0000,1410837.4858,154164444.5599,9151.5102,0,0.000000,11.135664,37.666955,0.181380,-22.044336,7497741338,58597.62,127953,127953
48,-1284415.8791,0.0000,1284415.8791,146559576.4181,8763.7800,0,0.000000,10.395761,34.684613,0.208555,-20.068998,7510914571,58656.11,128050,128050
480,-1379651.0400,0.0000,1379651.0400,151832181.4602,9086.6839,0,0.000000,11.287523,32.144392,0.209859,-21.557048,7503944950,58642.90,127960,127960
481,-1335763.0729,0.0000,1335763.0729,147385701.7077,9063.0438,0,0.000000,11.009199,32.722022,0.205014,-20.871298,7540603475,58675.80,128513,128513
482,-1420174.8482,0.0000,1420174.8482,157049625.7952,9042.8413,0,0.000000,10.990449,34.807419,0.127088,-22.190232,7498011981,58775.67,127570,127570
483,-1397500.6508,0.0000,1397500.6508,153521495.4738,9102.9640,0,0.000000,11.076114,34.031768,0.146539,-21.835948,7467035980,58619.24,127382,127382
484,-1353874.8675,0.0000,1353874.8675,149093544.8163,9080.7075,0,0.000000,11.015307,34.989687,0.121027,-21.154295,7504864540,58623.97,128017,128017
485,-1304515.6720,0.0000,1304515.6720,145898761.9292,8941.2388,0,0.000000,10.470146,30.870473,0.103589,-20.383057,7512975792,58656.63,128084,128084
486,-1377599.3911,0.0000,1377599.3911,153459261.7188,8976.9713,0,0.000000,10.675941,34.186167,0.146448,-21.524990,7504176012,58705.26,127828,127828
487,-1372885.5995,0.0000,1372885.5995,152912481.6522,8978.2442,0,0.000000,10.814835,31.985807,0.177924,-21.451337,7522093547,58645.86,128263,128263
488,-1326498.0760,0.0000,1326498.0760,150935780.4705,8788.4932,0,0.000000,10.634860,29.843766,0.145597,-20.726532,7502888360,58749.42,127710,127710
489,-1290560.4075,0.0000,1290560.4075,145640386.7412,8861.2811,0,0.000000,10.671259,29.694075,0.188527,-20.165006,7525577078,58695.44,128214,128214
49,-1363916.7770,0.0000,1363916.7770,150244365.0514,9077.9896,0,0.000000,11.168693,32.958149,0.167664,-21.311200,7510625146,58601.68,128164,128164
490,-1291548.7948,0.0000,1291548.7948,146665215.6703,8806.1016,0,0.000000,10.406786,28.537541,0.166108,-20.180450,7503767621,58646.09,127950,127950
491,-1325231.8275,0.0000,1325231.8275,147856069.2268,8962.9857,0,0.000000,10.667842,33.627514,0.142955,-20.706747,7508909887,58645.49,128039,128039
492,-1394901.6553,0.0000,1394901.6553,153890726.1534,9064.2347,0,0.000000,10.988328,37.639579,0.174021,-21.795338,7504112668,58638.25,127973,127973
493,-1366402.3304,0.0000,1366402.3304,152973821.5593,8932.2625,0,0.000000,10.888132,36.903397,0.132152,-21.350036,7526983550,58820.18,127966,127966
494,-1298781.8938,0.0000,1298781.8938,145390068.6057,8933.0854,0,0.000000,10.600659,36.868833,0.097620,-20.293467,7501853786,58579.86,128062,128062
495,-1333838.2700,0.0000,1333838.2700,150900314.8973,8839.2014,0,0.000000,10.649779,30.116129,0.126073,-20.841223,7493760113,58657.73,127754,127754
496,-1340432.1581,0.0000,1340432.1581,151621909.3606,8840.6231,0,0.000000,10.614353,27.587568,0.192513,-20.944252,7535316512,58837.02,128071,128071
497,-1338520.3839,0.0000,1338520.3839,149043350.5597,8980.7454,0,0.000000,10.731698,42.818129,0.191886,-20.914381,7484800323,58661.07,127594,127594
498,-1329046.2210,0.0000,1329046.2210,149183039.6610,8908.8292,0,0.000000,10.695435,31.903671,0.206861,-20.766347,7498831235,58589.65,127989,127989
499,-1273275.1142,0.0000,1273275.1142,141528683.7179,8996.5870,0,0.000000,10.645194,32.030502,0.143392,-19.894924,7477785970,58460.85,127911,127911
50,-1400419.9264,0.0000,1400419.9264,154653832.3544,9055.1906,0,0.000000,10.987747,36.485657,0.161758,-21.881561,7485661098,58712.91,127496,127496
500,-1312090.3657,0.0000,1312090.3657,146756215.1377,8940.6119,0,0.000000,10.745636,30.906199,0.143423,-20.501412,7512658484,58681.64,128024,128024
501,-1344706.4447,0.0000,1344706.4447,149773438.3539,8978.2705,0,0.000000,10.720030,35.151881,0.193230,-21.011038,7512180948,58681.12,128017,128017
502,-1334683.6622,0.0000,1334683.6622,147611674.4673,9041.8571,0,0.000000,10.714376,29.096262,0.121730,-20.854432,7524848744,58616.61,128374,128374
503,-1240996.3359,0.0000,1240996.3359,140361067.6655,8841.4569,0,0.000000,10.205201,27.713495,0.122215,-19.390568,7502025135,58514.94,128207,128207
504,-1339643.9777,0.0000,1339643.9777,150020618.8710,8929.7324,0,0.000000,10.739810,34.162714,0.168009,-20.931937,7530558438,58654.69,128388,128388
505,-1311256.4197,0.0000,1311256.4197,148439995.5774,8833.5789,0,0.000000,10.651048,29.854142,0.179410,-20.488382,7533476507,58638.60,128473,128473
506,-1314426.6068,0.0000,1314426.6068,149852358.3553,8771.4776,0,0.000000,10.603758,35.899099,0.190824,-20.537916,7533053299,58717.57,128293,128293
507,-1343132.6167,0.0000,1343132.6167,150116021.4663,8947.2969,0,0.000000,10.606252,28.635313,0.192220,-20.986447,7513292268,58663.68,128074,128074
508,-1298854.6665,0.0000,1298854.6665,146235971.6747,8881.9095,0,0.000000,10.646641,27.478058,0.189752,-20.294604,7521748955,58637.68,128275,128275
509,-1384954.7511,0.0000,1384954.7511,151326392.8828,9152.1031,0,0.000000,11.013378,36.999247,0.117044,-21.639918,7488792940,58611.97,127769,127769
51,-1420432.2686,0.0000,1420432.2686,158619817.9056,8954.9483,0,0.000000,10.880476,30.573479,0.206105,-22.194254,7527975595,58683.48,128281,128281
510,-1167401.2086,0.0000,1167401.2086,136366638.4597,8560.7537,0,0.000000,9.548625,29.976584,0.167511,-18.240644,7502742190,58739.54,127729,127729
511,-1391475.7893,0.0000,1391475.7893,151124807.9672,9207.4611,0,0.000000,11.068875,37.644774,0.099088,-21.741809,7510876142,58677.80,128002,128002
512,-1258123.3275,0.0000,1258123.3275,142549106.3884,8825.8942,0,0.000000,10.188357,35.628346,0.171021,-19.658177,7505604721,58654.03,127964,127964
513,-1362241.9022,0.0000,1362241.9022,149075933.2782,9137.9062,0,0.000000,10.938185,33.848215,0.102065,-21.285030,7504537474,58654.86,127944,127944
514,-1312584.3465,0.0000,1312584.3465,147153191.6719,8919.8497,0,0.000000,10.764508,33.156780,0.134212,-20.509130,7495645567,58659.64,127782,127782
515,-1429576.2420,0.0000,1429576.2420,156686666.6825,9123.7900,0,0.000000,10.970426,36.366849,0.158787,-22.337129,7494544178,58628.53,127831,127831
516,-1379917.7167,0.0000,1379917.7167,153380060.9017,8996.7217,0,0.000000,10.706047,41.028895,0.198431,-21.561214,7463402427,58625.69,127306,127306
517,-1303925.6016,0.0000,1303925.6016,148962976.8890,8753.3535,0,0.000000,10.501625,34.904151,0.148663,-20.373838,7502876191,58654.25,127917,127917
518,-1360602.2693,0.0000,1360602.2693,150377006.5410,9047.9409,0,0.000000,10.818373,31.559905,0.112151,-21.259410,7496023047,58606.64,127904,127904
519,-1279508.7024,0.0000,1279508.7024,145411781.8547,8799.2093,0,0.000000,10.381429,32.679033,0.151493,-19.992323,7479657969,58578.53,127686,127686
52,-1344387.1704,0.0000,1344387.1704,150315429.4370,8943.7736,0,0.000000,10.594654,46.919563,0.096964,-21.006050,7508856858,58690.91,127939,127939
520,-1333980.7564,0.0000,1333980.7564,150507470.9664,8863.2195,0,0.000000,10.762788,34.512065,0.165264,-20.843449,7526264669,58737.45,128134,128134
521,-1325395.3224,0.0000,1325395.3224,148567010.5554,8921.1953,0,0.000000,10.737061,33.165088,0.188625,-20.709302,7492364384,58662.88,127719,127719
522,-1322320.7286,0.0000,1322320.7286,145880778.5993,9064.3931,0,0.000000,10.839532,35.914278,0.136589,-20.661261,7485446911,58644.53,127641,127641
523,-1457514.6161,0.0000,1457514.6161,153575490.5687,9490.5418,0,0.000000,11.538033,36.416382,0.165381,-22.773666,7489948434,58545.87,127933,127933
524,-1451962.9677,0.0000,1451962.9677,155324009.1488,9347.9622,0,0.000000,11.450482,39.011553,0.154716,-22.686921,7489971731,58567.11,127887,127887
525,-1295776.1768,0.0000,1295776.1768,146523010.8995,8843.4995,0,0.000000,10.393264,30.820866,0.152295,-20.246503,7514583599,58632.10,128165,128165
526,-1354502.0996,0.0000,1354502.0996,153004226.5377,8852.7103,0,0.000000,10.787291,34.762948,0.202296,-21.164095,7525201803,58656.83,128292,128292
527,-1245312.7734,0.0000,1245312.7734,143145076.9898,8699.6549,0,0.000000,10.121532,28.694136,0.126386,-19.458012,7491772771,58673.41,127686,127686
528,-1405039.8367,0.0000,1405039.8367,155115973.2366,9057.9958,0,0.000000,11.008382,34.746190,0.139980,-21.953747,7552360630,58713.38,128631,128631
529,-1359469.3610,0.0000,1359469.3610,148616310.8069,9147.5112,0,0.000000,11.043035,34.633513,0.187160,-21.241709,7483966786,58528.85,127868,127868
53,-1289060.5113,0.0000,1289060.5113,142008661.1154,9077.3373,0,0.000000,10.760262,40.497035,0.185890,-20.141570,7504041030,58633.11,127983,127983
530,-1282890.4230,0.0000,1282890.4230,142462655.1545,9005.0998,0,0.000000,10.702744,38.661356,0.089473,-20.045163,7504785339,58638.92,127983,127983
531,-1370661.8429,0.0000,1370661.8429,149269891.5145,9182.4401,0,0.000000,11.294460,35.655468,0.154834,-21.416591,7526365108,58645.33,128337,128337
532,-1260207.8361,0.0000,1260207.8361,142801507.2589,8824.8917,0,0.000000,10.313048,31.647764,0.131848,-19.690747,7514321124,58732.25,127942,127942
533,-1414061.1416,0.0000,1414061.1416,158107352.8627,8943.6773,0,0.000000,10.866392,34.041632,0.166887,-22.094705,7521966478,58792.46,127941,127941
534,-1322989.5756,0.0000,1322989.5756,147871634.1117,8946.8787,0,0.000000,10.581584,32.343142,0.103300,-20.671712,7477661692,58642.81,127512,127512
535,-1348566.7556,0.0000,1348566.7556,149718644.6517,9007.3401,0,0.000000,10.826461,36.309475,0.208204,-21.071356,7488296803,58649.86,127678,127678
536,-1329153.1459,0.0000,1329153.1459,147226126.0386,9027.9707,0,0.000000,10.885918,35.714042,0.123095,-20.768018,7512516212,58606.83,128185,128185
537,-1336684.9103,0.0000,1336684.9103,150386281.8112,8888.3434,0,0.000000,10.676918,38.787829,0.171012,-20.885702,7548518303,58676.21,128647,128647
538,-1410490.4444,0.0000,1410490.4444,154233605.6364,9145.1564,0,0.000000,11.137751,30.976977,0.136711,-22.038913,7513724771,58629.06,128157,128157
539,-1414564.3892,0.0000,1414564.3892,157232258.2138,8996.6550,0,0.000000,10.907858,32.517964,0.197282,-22.102569,7533396115,58705.14,128326,128326
54,-1386140.1118,0.0000,1386140.1118,155179638.4714,8932.4871,0,0.000000,10.782754,28.794112,0.179637,-21.658439,7519599792,58730.81,128035,128035
540,-1377710.5029,0.0000,1377710.5029,153093845.1423,8999.1240,0,0.000000,10.528111,31.331995,0.144383,-21.526727,7523059528,58636.93,128299,128299
541,-1324699.6153,0.0000,1324699.6153,147433740.3751,8985.0506,0,0.000000,10.610233,29.464185,0.152123,-20.698431,7523907872,58680.13,128219,128219
542,-1331180.7122,0.0000,1331180.7122,149002115.6863,8933.9719,0,0.000000,10.647017,33.995201,0.150004,-20.799699,7512279192,58655.77,128074,128074
543,-1409850.9399,0.0000,1409850.9399,155240533.8090,9081.7192,0,0.000000,11.162646,37.457958,0.182516,-22.028921,7516992180,58687.53,128085,128085
544,-1294908.4065,0.0000,1294908.4065,146804135.7277,8820.6535,0,0.000000,10.547071,31.647218,0.208604,-20.232944,7516453744,58704.41,128039,128039
545,-1315503.9164,0.0000,1315503.9164,148307031.3367,8870.1386,0,0.000000,10.638318,34.124475,0.195112,-20.554749,7524655885,58763.88,128049,128049
546,-1338022.6058,0.0000,1338022.6058,145347329.2296,9205.6910,0,0.000000,11.026276,36.262598,0.102107,-20.906603,7513031284,58731.81,127921,127921
547,-1376369.3658,0.0000,1376369.3658,150783985.6283,9128.0872,0,0.000000,11.235749,34.928535,0.150826,-21.505771,7503970157,58654.55,127935,127935
548,-1351518.4798,0.0000,1351518.4798,148795029.9485,9083.0889,0,0.000000,10.899272,36.431326,0.123385,-21.117476,7526703350,58672.19,128284,128284
549,-1404610.1986,0.0000,1404610.1986,154989814.2385,9062.5968,0,0.000000,10.849276,29.674360,0.170982,-21.947034,7498996294,58595.98,127978,127978
55,-1284488.8078,0.0000,1284488.8078,143447007.2365,8954.4483,0,0.000000,10.375163,38.834086,0.216022,-20.070138,7505327207,58731.73,127790,127790
550,-1358949.7874,0.0000,1358949.7874,150983172.1224,9000.6705,0,0.000000,10.861570,32.331830,0.143126,-21.233590,7501458425,58631.25,127943,127943
551,-1353999.1263,0.0000,1353999.1263,150174534.2460,9016.1700,0,0.000000,10.810844,30.308375,0.149372,-21.156236,7489052917,58635.12,127723,127723
552,-1362049.7828,0.0000,1362049.7828,151052192.5058,9017.0805,0,0.000000,10.713792,30.675796,0.140977,-21.282028,7505967479,58671.08,127933,127933
553,-1378280.9295,0.0000,1378280.9295,154425248.0774,8925.2305,0,0.000000,10.735418,37.280635,0.160097,-21.535640,7495222964,58769.01,127537,127537
554,-1255698.1816,0.0000,1255698.1816,141113586.0758,8898.4925,0,0.000000,10.510925,29.964014,0.126540,-19.620284,7451708486,58510.86,127356,127356
555,-1380332.0752,0.0000,1380332.0752,156054970.8248,8845.1657,0,0.000000,10.620988,35.996208,0.134283,-21.567689,7516156077,58764.96,127902,127902
556,-1454666.1740,0.0000,1454666.1740,157922019.3765,9211.2942,0,0.000000,11.231596,33.631319,0.148783,-22.729159,7511196251,58665.64,128034,128034
557,-1346789.2100,0.0000,1346789.2100,151210884.0711,8906.6949,0,0.000000,10.682749,41.649777,0.193334,-21.043581,7462905126,58693.71,127150,127150
558,-1370523.0234,0.0000,1370523.0234,152677937.5757,8976.5623,0,0.000000,10.612582,32.000169,0.180211,-21.414422,7518004014,58663.37,128155,128155
559,-1354414.0526,0.0000,1354414.0526,151408919.1011,8945.4047,0,0.000000,10.924491,37.630611,0.182130,-21.162720,7534908848,58695.43,128373,128373
56,-1400070.0921,0.0000,1400070.0921,151634867.1254,9233.1673,0,0.000000,11.371185,33.860876,0.174483,-21.876095,7503501472,58628.89,127983,127983
560,-1310960.4559,0.0000,1310960.4559,150058272.9250,8736.3424,0,0.000000,10.506934,31.429631,0.167167,-20.483757,7533622668,58722.92,128291,128291
561,-1325873.7685,0.0000,1325873.7685,150051412.7552,8836.1299,0,0.000000,10.305410,34.867369,0.135616,-20.716778,7545710486,58825.40,128273,128273
562,-1354165.9051,0.0000,1354165.9051,152882096.3655,8857.5833,0,0.000000,10.758636,45.526365,0.150355,-21.158842,7474958245,58676.37,127393,127393
563,-1417062.6051,0.0000,1417062.6051,155417666.7375,9117.7704,0,0.000000,10.916965,37.099250,0.227364,-22.141603,7514015958,58707.38,127991,127991
564,-1315419.0434,0.0000,1315419.0434,146806702.4591,8960.2111,0,0.000000,10.706975,32.822250,0.136707,-20.553423,7529046260,58684.51,128297,128297
565,-1354379.4335,0.0000,1354379.4335,151131287.6630,8961.6085,0,0.000000,10.859072,33.924778,0.189655,-21.162179,7532495712,58675.72,128375,128375
566,-1368725.1553,0.0000,1368725.1553,153682944.5767,8906.1617,0,0.000000,10.792320,39.030300,0.133663,-21.386331,7502287954,58736.90,127727,127727
567,-1376932.9689,0.0000,1376932.9689,152878822.2799,9006.6953,0,0.000000,10.852316,37.032831,0.140602,-21.514578,7535232509,58682.87,128406,128406
568,-1457960.8020,0.0000,1457960.8020,159249042.6770,9155.2249,0,0.000000,11.297380,32.260571,0.153638,-22.780638,7512787916,58667.53,128057,128057
569,-1355520.4399,0.0000,1355520.4399,151097930.0058,8971.1384,0,0.000000,10.636643,30.942553,0.138000,-21.180007,7517565814,58578.59,128333,128333
57,-1281939.5784,0.0000,1281939.5784,143369662.7427,8941.4982,0,0.000000,10.570417,34.026428,0.119330,-20.030306,7519089628,58585.44,128344,128344
570,-1412216.7379,0.0000,1412216.7379,155443732.5026,9085.0671,0,0.000000,11.153875,33.152861,0.212652,-22.065887,7501916481,58638.04,127936,127936
571,-1269116.4245,0.0000,1269116.4245,143281160.5217,8857.5247,0,0.000000,10.586204,33.136776,0.174144,-19.829944,7493522223,58587.54,127903,127903
572,-1336637.7251,0.0000,1336637.7251,148564283.6823,8997.0327,0,0.000000,10.759017,42.008384,0.138836,-20.884964,7517867508,58776.50,127906,127906
573,-1319111.9839,0.0000,1319111.9839,147364102.9422,8951.3793,0,0.000000,10.601426,32.649830,0.146818,-20.611125,7522528180,58661.59,128236,128236
574,-1439192.4580,0.0000,1439192.4580,157960085.9264,9111.1147,0,0.000000,11.076319,35.399177,0.149329,-22.487382,7508171015,58672.71,127967,127967
575,-1299847.8112,0.0000,1299847.8112,147864495.4032,8790.8041,0,0.000000,10.436657,39.118029,0.130829,-20.310122,7525223499,58851.96,127867,127867
576,-1355846.9765,0.0000,1355846.9765,151950875.0467,8922.9297,0,0.000000,10.814121,36.240505,0.185757,-21.185109,7499474460,58714.87,127727,127727
577,-1255877.0134,0.0000,1255877.0134,141473330.1372,8877.1291,0,0.000000,10.429354,29.157184,0.112447,-19.623078,7522165546,58626.76,128306,128306
578,-1264796.0181,0.0000,1264796.0181,143558779.0112,8810.3007,0,0.000000,10.418990,31.811552,0.209494,-19.762438,7500198149,58555.96,128086,128086
579,-1339339.7584,0.0000,1339339.7584,149106821.0232,8982.4178,0,0.000000,10.803233,37.173959,0.165278,-20.927184,7507778012,58655.89,127997,127997
58,-1315651.8874,0.0000,1315651.8874,145882927.2656,9018.5460,0,0.000000,10.712031,34.796192,0.163984,-20.557061,7474641938,58506.25,127758,127758
580,-1314563.7966,0.0000,1314563.7966,147056073.4860,8939.2010,0,0.000000,10.752556,37.218553,0.141161,-20.540059,7557068582,58758.66,128612,128612
581,-1320744.2863,0.0000,1320744.2863,146994128.7699,8985.0139,0,0.000000,10.946280,29.860620,0.132876,-20.636629,7511385714,58667.12,128034,128034
582,-1360808.5060,0.0000,1360808.5060,152447578.0038,8926.4029,0,0.000000,10.677432,31.654147,0.164869,-21.262633,7506728425,58698.14,127887,127887
583,-1381270.9599,0.0000,1381270.9599,152159895.9324,9077.7596,0,0.000000,10.993302,33.914784,0.139264,-21.582359,7532319134,58680.75,128361,128361
584,-1330320.3600,0.0000,1330320.3600,147950249.5616,8991.6736,0,0.000000,10.919416,36.788896,0.131020,-20.786256,7504096650,58614.31,128025,128025
585,-1316921.4088,0.0000,1316921.4088,146319722.0466,9000.3001,0,0.000000,10.665300,32.500987,0.100867,-20.576897,7517541560,58697.32,128073,128073
586,-1310506.9489,0.0000,1310506.9489,147418264.5855,8889.7190,0,0.000000,10.416907,28.457237,0.109095,-20.476671,7533727256,58729.23,128279,128279
587,-1317004.3362,0.0000,1317004.3362,148771437.6436,8852.5348,0,0.000000,10.555001,38.485144,0.215855,-20.578193,7542074348,58761.32,128351,128351
588,-1270161.8854,0.0000,1270161.8854,144602507.5712,8783.8165,0,0.000000,10.170406,33.788496,0.091149,-19.846279,7535792327,58726.10,128321,128321
589,-1290833.2275,0.0000,1290833.2275,146992317.6092,8781.6374,0,0.000000,10.288860,27.227118,0.137401,-20.169269,7505034679,58654.62,127953,127953
59,-1257029.3433,0.0000,1257029.3433,142848581.3358,8799.7328,0,0.000000,10.435783,26.844599,0.149400,-19.641083,7518799065,58714.47,128057,128057
590,-1357930.0162,0.0000,1357930.0162,150023237.2359,9051.4646,0,0.000000,10.846192,37.339636,0.140890,-21.217657,7515804677,58674.59,128093,128093
591,-1389913.7986,0.0000,1389913.7986,152937291.1825,9088.1288,0,0.000000,10.822435,31.588713,0.105892,-21.717403,7512714265,58729.79,127920,127920
592,-1309892.3508,0.0000,1309892.3508,146841751.9875,8920.4353,0,0.000000,10.652215,39.469897,0.153584,-20.467068,7508507434,58709.75,127892,127892
593,-1443287.6316,0.0000,1443287.6316,155994542.6223,9252.1675,0,0.000000,11.461452,32.371747,0.144584,-22.551369,7530767461,58711.19,128268,128268
594,-1278597.8839,0.0000,1278597.8839,145189026.8796,8806.4361,0,0.000000,10.436348,29.427734,0.135150,-19.978092,7467806777,58588.50,127462,127462
595,-1331728.6487,0.0000,1331728.6487,151061647.2494,8815.7959,0,0.000000,10.450103,36.714989,0.187200,-20.808260,7513930145,58755.83,127884,127884
596,-1411049.8311,0.0000,1411049.8311,155107409.0576,9097.2433,0,0.000000,10.893885,42.358864,0.108742,-22.047654,7482594071,58651.59,127577,127577
597,-1320520.3628,0.0000,1320520.3628,148948844.0502,8865.5966,0,0.000000,10.595850,38.433260,0.218397,-20.633131,7518618870,58682.36,128124,128124
598,-1374179.9730,0.0000,1374179.9730,151369016.5619,9078.3438,0,0.000000,11.145202,40.772120,0.199357,-21.471562,7508638776,58707.56,127899,127899
599,-1307407.5624,0.0000,1307407.5624,147697532.9444,8851.9255,0,0.000000,10.796123,31.192080,0.158168,-20.428243,7516001501,58703.17,128034,128034
60,-1395264.2916,0.0000,1395264.2916,157405832.1702,8864.1207,0,0.000000,10.762594,32.478895,0.163063,-21.801005,7528620803,58740.71,128167,128167
600,-1321578.6119,0.0000,1321578.6119,146303285.0032,9033.1438,0,0.000000,10.904672,32.631644,0.157906,-20.649666,7486946722,58592.02,127781,127781
601,-1347104.3944,0.0000,1347104.3944,153315536.9366,8786.4832,0,0.000000,10.579663,36.775496,0.198156,-21.048506,7483792546,58616.88,127673,127673
602,-1338390.0012,0.0000,1338390.0012,148506902.8950,9012.3084,0,0.000000,10.901494,36.037496,0.129083,-20.912344,7514517739,58628.85,128171,128171
603,-1343640.6439,0.0000,1343640.6439,149964794.3492,8959.7072,0,0.000000,10.776656,32.562757,0.122044,-20.994385,7505452222,58668.43,127930,127930
604,-1377492.3394,0.0000,1377492.3394,151204170.7511,9110.1478,0,0.000000,11.073662,29.953296,0.183764,-21.523318,7499163163,58627.98,127911,127911
605,-1303919.5884,0.0000,1303919.5884,146521996.0420,8899.1389,0,0.000000,10.573122,29.999373,0.214670,-20.373744,7490751560,58591.99,127846,127846
606,-1401203.9458,0.0000,1401203.9458,153234442.7562,9144.1840,0,0.000000,11.028612,33.124074,0.112656,-21.893812,7490982971,58706.30,127601,127601
607,-1450306.3337,0.0000,1450306.3337,155186871.7128,9345.5478,0,0.000000,11.345175,38.680952,0.139631,-22.661036,7508702846,58535.07,128277,128277
608,-1280098.0631,0.0000,1280098.0631,144033120.6114,8887.5257,0,0.000000,10.520615,31.550710,0.109437,-20.001532,7503221232,58695.50,127833,127833
609,-1267640.7257,0.0000,1267640.7257,145412065.7139,8717.5759,0,0.000000,10.169445,33.471845,0.157529,-19.806886,7544388922,58811.89,128280,128280
61,-1242819.5506,0.0000,1242819.5506,143114210.8791,8684.1100,0,0.000000,10.130789,29.884629,0.161771,-19.419055,7501895398,58647.96,127914,127914
610,-1319802.5863,0.0000,1319802.5863,149010902.0969,8857.0874,0,0.000000,10.467751,29.199497,0.106256,-20.621915,7507980329,58668.01,127974,127974
611,-1320247.8250,0.0000,1320247.8250,147895109.3470,8926.9201,0,0.000000,10.662698,34.706754,0.160372,-20.628872,7504302363,58690.64,127862,127862
612,-1330950.7533,0.0000,1330950.7533,149085839.6968,8927.4123,0,0.000000,10.821537,33.665759,0.116200,-20.796106,7503314448,58596.30,128051,128051
613,-1351432.3548,0.0000,1351432.3548,152241963.3385,8876.8716,0,0.000000,10.689928,29.178511,0.165097,-21.116131,7498687229,58627.01,127905,127905
614,-1391829.0416,0.0000,1391829.0416,153185738.4030,9085.8918,0,0.000000,11.056685,36.030377,0.163312,-21.747329,7515513332,58632.95,128179,128179
615,-1398559.7686,0.0000,1398559.7686,154142034.5591,9073.1887,0,0.000000,11.067931,30.802497,0.147224,-21.852496,7504481436,58645.26,127964,127964
616,-1348414.1239,0.0000,1348414.1239,150001211.2383,8989.3549,0,0.000000,10.498527,29.060626,0.113560,-21.068971,7500314533,58647.07,127889,127889
617,-1384461.9597,0.0000,1384461.9597,153453377.8911,9022.0364,0,0.000000,10.761814,34.368664,0.159434,-21.632218,7490318548,58677.64,127652,127652
618,-1254266.2158,0.0000,1254266.2158,142340405.6773,8811.7370,0,0.000000,10.551041,33.859991,0.148546,-19.597910,7529414317,58680.52,128312,128312
619,-1343123.8862,0.0000,1343123.8862,148595873.9641,9038.7697,0,0.000000,11.019603,30.604118,0.150192,-20.986311,7539339582,58750.54,128328,128328
62,-1358224.6042,0.0000,1358224.6042,148429316.3961,9150.6492,0,0.000000,10.760128,32.581033,0.158537,-21.222259,7498776232,58570.00,128031,128031
620,-1324967.4503,0.0000,1324967.4503,146443388.3925,9047.6427,0,0.000000,10.787702,37.728928,0.152703,-20.702616,7516064732,58643.20,128166,128166
621,-1301698.6249,0.0000,1301698.6249,145130118.6700,8969.1832,0,0.000000,10.597850,35.985604,0.128400,-20.339041,7500754763,58763.08,127644,127644
622,-1384790.1153,0.0000,1384790.1153,152058835.7555,9106.9362,0,0.000000,11.030691,34.936107,0.181433,-21.637346,7536189645,58739.73,128298,128298
623,-1400249.4662,0.0000,1400249.4662,156401362.7916,8952.9237,0,0.000000,10.779521,30.886314,0.190180,-21.878898,7540397353,58699.32,128458,128458
624,-1293400.2401,0.0000,1293400.2401,146521043.5998,8827.4026,0,0.000000,10.515235,29.378138,0.144520,-20.209379,7492966850,58705.29,127637,127637
625,-1356528.9401,0.0000,1356528.9401,151220017.7684,8970.5646,0,0.000000,10.868540,37.880523,0.148890,-21.195765,7520244499,58680.39,128156,128156
626,-1305056.3843,0.0000,1305056.3843,146175481.1926,8928.0115,0,0.000000,10.593739,29.515871,0.110900,-20.391506,7486577307,58727.47,127480,127480
627,-1372660.7491,0.0000,1372660.7491,153461144.6468,8944.6795,0,0.000000,10.786618,50.403771,0.134272,-21.447824,7537067148,58705.39,128388,128388
628,-1304543.4185,0.0000,1304543.4185,145616279.0731,8958.7746,0,0.000000,10.853933,33.069037,0.150602,-20.383491,7492189296,58621.58,127806,127806
629,-1296089.5168,0.0000,1296089.5168,146103922.6492,8871.0111,0,0.000000,10.576327,30.453743,0.136671,-20.251399,7483011690,58683.38,127515,127515
63,-1335203.7666,0.0000,1335203.7666,147272992.1639,9066.1821,0,0.000000,10.821571,32.365499,0.160709,-20.862559,7517607758,58592.61,128303,128303
630,-1339300.2475,0.0000,1339300.2475,149362412.5752,8966.7824,0,0.000000,10.599043,31.612626,0.106475,-20.926566,7526575796,58657.48,128314,128314
631,-1407748.4641,0.0000,1407748.4641,155048200.9724,9079.4247,0,0.000000,11.008034,39.220880,0.163813,-21.996070,7506913695,58716.11,127851,127851
632,-1271863.7712,0.0000,1271863.7712,141599722.7633,8982.1064,0,0.000000,10.428436,30.331353,0.152690,-19.872871,7491992771,58561.39,127934,127934
633,-1334512.1755,0.0000,1334512.1755,150197088.8360,8885.0735,0,0.000000,10.696170,37.398400,0.146068,-20.851753,7502831335,58629.15,127971,127971
634,-1311493.0857,0.0000,1311493.0857,147366731.4740,8899.5194,0,0.000000,10.450672,30.806613,0.197119,-20.492079,7504516243,58590.58,128084,128084
635,-1361345.4607,0.0000,1361345.4607,152823097.2109,8907.9824,0,0.000000,10.626140,31.984921,0.171090,-21.271023,7492104030,58630.54,127785,127785
636,-1338964.9693,0.0000,1338964.9693,148664560.3917,9006.6184,0,0.000000,10.689589,34.430411,0.128493,-20.921328,7505309237,58605.93,128064,128064
637,-1343127.9715,0.0000,1343127.9715,149864926.5500,8962.2569,0,0.000000,10.743227,32.738901,0.167278,-20.986375,7535391790,58780.70,128195,128195
638,-1318556.4159,0.0000,1318556.4159,150632676.6922,8753.4554,0,0.000000,10.384207,24.244900,0.199663,-20.602444,7527034112,58683.46,128265,128265
639,-1312525.4392,0.0000,1312525.4392,148823870.3728,8819.3207,0,0.000000,10.481489,32.191211,0.163587,-20.508210,7500394452,58698.64,127778,127778
64,-1358426.4176,0.0000,1358426.4176,153987379.8847,8821.6737,0,0.000000,10.647044,38.282841,0.155102,-21.225413,7529473668,58741.87,128179,128179
640,-1329993.2437,0.0000,1329993.2437,147965239.7096,8988.5519,0,0.000000,10.734463,28.658344,0.182274,-20.781144,7501440636,58586.70,128040,128040
641,-1362894.8409,0.0000,1362894.8409,150546564.7749,9052.9787,0,0.000000,10.832143,39.764170,0.142417,-21.295232,7517135207,58621.82,128231,128231
642,-1312098.3932,0.0000,1312098.3932,146891260.0041,8932.4470,0,0.000000,10.797954,32.766661,0.130761,-20.501537,7497609561,58651.14,127834,127834
643,-1305559.0450,0.0000,1305559.0450,147521342.0388,8849.9672,0,0.000000,10.558655,34.841956,0.151048,-20.399360,7506978650,58691.83,127905,127905
644,-1265306.1062,0.0000,1265306.1062,141570497.0956,8937.6398,0,0.000000,10.684897,30.457695,0.134903,-19.770408,7490217779,58575.90,127872,127872
645,-1350139.2075,0.0000,1350139.2075,151219121.6819,8928.3630,0,0.000000,10.534396,28.451047,0.087920,-21.095925,7504475359,58680.98,127886,127886
646,-1319529.9946,0.0000,1319529.9946,148588824.9651,8880.4121,0,0.000000,10.442612,28.603684,0.097471,-20.617656,7508075753,58692.61,127922,127922
647,-1331000.0265,0.0000,1331000.0265,146856871.9850,9063.2465,0,0.000000,10.830780,34.741001,0.151026,-20.796875,7501181907,58633.67,127933,127933
648,-1316176.6356,0.0000,1316176.6356,146675462.5006,8973.3935,0,0.000000,10.596729,34.611243,0.130290,-20.565260,7494764499,58672.94,127738,127738
649,-1322588.8707,0.0000,1322588.8707,147496733.8625,8966.9028,0,0.000000,10.622500,48.346499,0.134111,-20.665451,7511577211,58721.82,127918,127918
65,-1341713.2245,0.0000,1341713.2245,151392024.3328,8862.5093,0,0.000000,10.746225,30.161772,0.181808,-20.964269,7495688776,58667.78,127765,127765
650,-1435085.5287,0.0000,1435085.5287,157279381.4753,9124.4352,0,0.000000,11.269030,37.735572,0.126660,-22.423211,7538453367,58819.72,128162,128162
651,-1277361.5359,0.0000,1277361.5359,142315498.8633,8975.5617,0,0.000000,10.433876,33.498946,0.101023,-19.958774,7499064834,58625.37,127915,127915
652,-1292812.2835,0.0000,1292812.2835,146505806.8030,8824.3075,0,0.000000,10.459370,37.499255,0.127160,-20.200192,7535037331,58724.80,128311,128311
653,-1357844.8249,0.0000,1357844.8249,149921859.9597,9057.0169,0,0.000000,10.883493,36.894958,0.173063,-21.216325,7500243930,58635.05,127914,127914
654,-1406562.0726,0.0000,1406562.0726,155147336.8553,9065.9763,0,0.000000,10.989712,30.537307,0.147461,-21.977532,7505371911,58716.45,127824,127824
655,-1356088.7369,0.0000,1356088.7369,151189481.8130,8969.4648,0,0.000000,10.678419,29.960109,0.176995,-21.188887,7504585725,58770.99,127692,127692
656,-1377040.3156,0.0000,1377040.3156,149780435.1309,9193.7262,0,0.000000,11.123579,38.298552,0.157936,-21.516255,7499046386,58652.74,127855,127855
657,-1330883.0138,0.0000,1330883.0138,146521915.8190,9083.1669,0,0.000000,10.842516,31.355629,0.167240,-20.795047,7484369059,58563.14,127800,127800
658,-1485607.2275,0.0000,1485607.2275,163183599.1382,9103.9004,0,0.000000,11.021263,38.205024,0.129950,-23.212613,7508410165,58739.30,127826,127826
659,-1314111.0113,0.0000,1314111.0113,147519845.0878,8908.0287,0,0.000000,10.495923,33.185008,0.146403,-20.532985,7538923898,58729.91,128366,128366
66,-1288134.6684,0.0000,1288134.6684,147948725.6827,8706.6290,0,0.000000,10.056334,31.105655,0.176718,-20.127104,7503407112,58725.43,127771,127771
660,-1371557.6543,0.0000,1371557.6543,152505713.5407,8993.4837,0,0.000000,10.924492,29.714428,0.210710,-21.430588,7538873965,58773.94,128269,128269
661,-1418987.3386,0.0000,1418987.3386,155053321.5325,9151.6088,0,0.000000,11.180181,37.924852,0.160235,-22.171677,7519615005,58592.73,128337,128337
662,-1344029.8523,0.0000,1344029.8523,148542511.4208,9048.1159,0,0.000000,10.845209,32.254852,0.125389,-21.000466,7495199943,58652.48,127790,127790
663,-1298964.3288,0.0000,1298964.3288,144783581.7842,8971.7654,0,0.000000,10.601976,37.047112,0.144779,-20.296318,7502638577,58657.44,127906,127906
664,-1349635.2774,0.0000,1349635.2774,149396286.4757,9033.9279,0,0.000000,10.661563,33.137162,0.119347,-21.088051,7503137200,58644.37,127943,127943
665,-1361152.5038,0.0000,1361152.5038,150659078.9444,9034.6530,0,0.000000,10.845439,36.194813,0.156321,-21.268008,7488708177,58648.95,127687,127687
666,-1360046.4136,0.0000,1360046.4136,153400594.1170,8865.9788,0,0.000000,10.764637,31.381448,0.201819,-21.250725,7550702126,58719.20,128590,128590
667,-1421149.2851,0.0000,1421149.2851,153558781.0335,9254.7575,0,0.000000,11.321378,31.108324,0.137894,-22.205458,7514539290,58633.13,128162,128162
668,-1395232.1462,0.0000,1395232.1462,155696930.3112,8961.2052,0,0.000000,10.895858,34.423771,0.126464,-21.800502,7505623547,58652.35,127968,127968
669,-1404239.9534,0.0000,1404239.9534,154760962.5279,9073.6057,0,0.000000,10.931533,39.716959,0.168858,-21.941249,7526282615,58762.82,128079,128079
67,-1357585.1702,0.0000,1357585.1702,152974614.0423,8874.5782,0,0.000000,10.635905,34.577096,0.195290,-21.212268,7528536957,58738.68,128170,128170
670,-1373152.9450,0.0000,1373152.9450,150905848.2894,9099.4018,0,0.000000,11.060263,31.570537,0.207648,-21.455515,7506309255,58660.46,127962,127962
671,-1346645.8257,0.0000,1346645.8257,149829266.0262,8987.8691,0,0.000000,10.833811,30.871207,0.273250,-21.041341,7525977158,58678.42,128258,128258
672,-1413765.0278,0.0000,1413765.0278,156964412.2033,9006.9144,0,0.000000,10.894391,33.742841,0.162842,-22.090079,7503881862,58678.17,127882,127882
673,-1349074.4780,0.0000,1349074.4780,151144625.0275,8925.7192,0,0.000000,10.727040,31.324069,0.178786,-21.079289,7528648769,58627.03,128416,128416
674,-1325284.5371,0.0000,1325284.5371,149187041.9593,8883.3757,0,0.000000,10.743402,35.368553,0.167070,-20.707571,7480327198,58605.34,127639,127639
675,-1312152.3643,0.0000,1312152.3643,146184750.2193,8975.9866,0,0.000000,10.721283,33.286439,0.145045,-20.502381,7494796497,58711.34,127655,127655
676,-1361776.5192,0.0000,1361776.5192,149642593.9607,9100.1932,0,0.000000,11.055337,34.239365,0.195022,-21.277758,7504237119,58585.20,128091,128091
677,-1360520.4195,0.0000,1360520.4195,152122011.4843,8943.6131,0,0.000000,10.678797,31.512102,0.153775,-21.258132,7538016710,58854.89,128078,128078
678,-1343764.3739,0.0000,1343764.3739,149326364.5489,8998.8421,0,0.000000,10.669089,28.591418,0.136304,-20.996318,7511407123,58633.40,128108,128108
679,-1356371.4974,0.0000,1356371.4974,151176283.6736,8972.1183,0,0.000000,10.912943,30.048477,0.120682,-21.193305,7513347118,58622.00,128166,128166
68,-1367262.0427,0.0000,1367262.0427,153320654.9833,8917.6637,0,0.000000,10.504419,35.491124,0.167980,-21.363469,7510754583,58651.65,128057,128057
680,-1323955.3261,0.0000,1323955.3261,149881192.4160,8833.3653,0,0.000000,10.421134,27.458364,0.118861,-20.686802,7531700455,58712.52,128281,128281
681,-1472557.1416,0.0000,1472557.1416,158642256.6789,9282.2503,0,0.000000,11.457810,40.072838,0.184083,-23.008705,7530509581,58750.86,128177,128177
682,-1277120.8563,0.0000,1277120.8563,144705114.6591,8825.6788,0,0.000000,10.420972,32.999604,0.149015,-19.955013,7509157588,58750.67,127814,127814
683,-1402257.8808,0.0000,1402257.8808,154028000.3310,9103.9154,0,0.000000,10.889808,37.962898,0.131407,-21.910279,7508290800,58668.15,127979,127979
684,-1398386.5489,0.0000,1398386.5489,155463438.8199,8994.9544,0,0.000000,11.022563,32.051768,0.175163,-21.849790,7499094926,58738.11,127670,127670
685,-1342580.7758,0.0000,1342580.7758,149052063.0611,9007.4619,0,0.000000,10.670237,32.043810,0.149168,-20.977825,7500088884,58483.87,128242,128242
686,-1347313.2914,0.0000,1347313.2914,152718546.3474,8822.1982,0,0.000000,10.599556,31.969708,0.141887,-21.051770,7513389125,58596.27,128223,128223
687,-1352369.4077,0.0000,1352369.4077,151440544.5589,8930.0353,0,0.000000,10.704506,33.825849,0.200662,-21.130772,7530955246,58701.67,128292,128292
688,-1243069.7780,0.0000,1243069.7780,139200161.4546,8930.0886,0,0.000000,10.549762,37.146391,0.119554,-19.422965,7486260652,58466.77,128043,128043
689,-1410895.2091,0.0000,1410895.2091,152276909.9664,9265.3260,0,0.000000,11.264619,41.308966,0.179967,-22.045238,7505811497,58558.63,128176,128176
69,-1382768.6528,0.0000,1382768.6528,154461614.4176,8952.1831,0,0.000000,11.174486,33.701390,0.169829,-21.605760,7513590790,58701.30,127997,127997
690,-1304148.7761,0.0000,1304148.7761,147430155.9321,8845.8753,0,0.000000,10.506288,31.529363,0.249010,-20.377325,7457044611,58563.33,127333,127333
691,-1271009.4810,0.0000,1271009.4810,142227024.7583,8936.4836,0,0.000000,10.520488,31.982531,0.125912,-19.859523,7461055374,58522.21,127491,127491
692,-1290274.5934,0.0000,1290274.5934,146978597.9707,8778.6563,0,0.000000,10.422654,35.134769,0.184581,-20.160541,7519146347,58672.28,128155,128155
693,-1296904.6646,0.0000,1296904.6646,145664366.9133,8903.3762,0,0.000000,10.643839,35.346229,0.217524,-20.264135,7515472595,58700.41,128031,128031
694,-1326470.2161,0.0000,1326470.2161,150046101.7518,8840.4177,0,0.000000,10.492157,30.394367,0.124100,-20.726097,7476747242,58650.35,127480,127480
695,-1266913.1589,0.0000,1266913.1589,142868771.2077,8867.6703,0,0.000000,10.573133,34.611714,0.144320,-19.795518,7493173116,58700.93,127650,127650
696,-1339474.6912,0.0000,1339474.6912,149081463.5881,8984.8507,0,0.000000,10.680105,31.884299,0.118256,-20.929292,7513432442,58699.15,127999,127999
697,-1367081.5970,0.0000,1367081.5970,151420780.6977,9028.3618,0,0.000000,10.971519,36.233867,0.179302,-21.360650,7503720840,58638.85,127965,127965
698,-1306510.9288,0.0000,1306510.9288,147899223.0306,8833.7917,0,0.000000,10.417707,30.702850,0.149755,-20.414233,7521770209,58734.46,128064,128064
699,-1341420.5103,0.0000,1341420.5103,148537230.8233,9030.8706,0,0.000000,10.643469,30.524554,0.131109,-20.959695,7499198287,58696.17,127763,127763
70,-1358960.5766,0.0000,1358960.5766,149970191.7068,9061.5379,0,0.000000,10.949988,28.402188,0.183328,-21.233759,7511462830,58591.75,128200,128200
700,-1389073.2481,0.0000,1389073.2481,152093601.2316,9133.0157,0,0.000000,10.878387,31.225125,0.146459,-21.704270,7522652006,58657.53,128247,128247
701,-1450426.3626,0.0000,1450426.3626,158443933.8931,9154.1931,0,0.000000,11.254218,49.450281,0.123100,-22.662912,7498191585,58727.82,127677,127677
702,-1358352.4330,0.0000,1358352.4330,152669602.3801,8897.3339,0,0.000000,10.686030,30.355082,0.143898,-21.224257,7519677943,58701.62,128100,128100
703,-1336828.2425,0.0000,1336828.2425,148021078.6887,9031.3370,0,0.000000,10.975303,38.140721,0.131242,-20.887941,7523163232,58699.05,128165,128165
704,-1278227.5553,0.0000,1278227.5553,146147465.0763,8746.1493,0,0.000000,10.328129,28.869703,0.090159,-19.972306,7539415840,58801.54,128218,128218
705,-1373715.8856,0.0000,1373715.8856,150785140.8764,9110.4195,0,0.000000,11.199509,31.881404,0.137606,-21.464311,7496359399,58676.70,127757,127757
706,-1348475.6103,0.0000,1348475.6103,148721840.4764,9067.0987,0,0.000000,10.819858,31.899303,0.155874,-21.069931,7515357153,58651.87,128135,128135
707,-1359988.8020,0.0000,1359988.8020,151341730.3447,8986.2115,0,0.000000,10.742976,34.496992,0.125319,-21.249825,7528568096,58804.07,128028,128028
708,-1361059.7249,0.0000,1361059.7249,150800723.0454,9025.5517,0,0.000000,10.633023,29.782911,0.123761,-21.266558,7514982994,58743.85,127928,127928
709,-1350664.8015,0.0000,1350664.8015,150505623.0844,8974.1817,0,0.000000,10.640209,34.740203,0.159993,-21.104138,7523403735,58642.36,128293,128293
71,-1324496.5848,0.0000,1324496.5848,148345025.0075,8928.4867,0,0.000000,10.565971,35.411010,0.139927,-20.695259,7513877963,58711.80,127979,127979
710,-1376819.7408,0.0000,1376819.7408,151709515.3833,9075.3684,0,0.000000,10.867551,34.039844,0.121418,-21.512808,7509089381,58595.64,128151,128151
711,-1410898.5945,0.0000,1410898.5945,153446035.0332,9194.7543,0,0.000000,11.050102,43.467717,0.136386,-22.045291,7509584056,58555.63,128247,128247
712,-1323637.9313,0.0000,1323637.9313,146457675.4072,9037.6822,0,0.000000,10.895395,39.635147,0.125591,-20.681843,7519019816,58556.61,128406,128406
713,-1360121.0792,0.0000,1360121.0792,151521655.1439,8976.4138,0,0.000000,10.793671,34.792980,0.156558,-21.251892,7530077933,58794.28,128075,128075
714,-1383442.7728,0.0000,1383442.7728,153916881.0299,8988.2459,0,0.000000,10.937464,33.632490,0.176627,-21.616293,7496147904,58661.73,127786,127786
715,-1270280.0843,0.0000,1270280.0843,142677377.3786,8903.1640,0,0.000000,10.483153,32.452209,0.125253,-19.848126,7494264312,58579.60,127933,127933
716,-1325808.9242,0.0000,1325808.9242,147883847.4976,8965.2044,0,0.000000,10.644310,34.338843,0.113447,-20.715764,7541089912,58775.17,128304,128304
717,-1294838.5774,0.0000,1294838.5774,145517938.6697,8898.1372,0,0.000000,10.725674,43.843537,0.126821,-20.231853,7549006489,58690.95,128623,128623
718,-1346115.8706,0.0000,1346115.8706,149719817.4390,8990.8998,0,0.000000,10.857369,30.933055,0.136712,-21.033060,7496249063,58579.09,127968,127968
719,-1301591.6031,0.0000,1301591.6031,144787417.8194,8989.6734,0,0.000000,10.602631,30.793934,0.150128,-20.337369,7486749531,58620.75,127715,127715
72,-1331127.3787,0.0000,1331127.3787,148262476.4407,8978.1812,0,0.000000,10.806063,31.025402,0.152179,-20.798865,7529563944,58705.93,128259,128259
720,-1367654.3449,0.0000,1367654.3449,152106184.5150,8991.4447,0,0.000000,10.778328,29.969386,0.166989,-21.369599,7505341176,58615.79,128043,128043
721,-1197048.0792,0.0000,1197048.0792,138301404.6563,8655.3573,0,0.000000,9.972436,33.876854,0.179694,-18.703876,7505602467,58740.31,127776,127776
722,-1323923.9788,0.0000,1323923.9788,147641446.5444,8967.1566,0,0.000000,10.629783,36.615982,0.112992,-20.686312,7500294379,58678.11,127821,127821
723,-1301560.8944,0.0000,1301560.8944,146075433.9350,8910.1970,0,0.000000,10.731847,34.693401,0.137358,-20.336889,7496319444,58595.67,127933,127933
724,-1381155.2306,0.0000,1381155.2306,153528989.0785,8996.0550,0,0.000000,10.766320,35.973751,0.218142,-21.580550,7512390771,58587.57,128225,128225
725,-1379204.4273,0.0000,1379204.4273,152593348.6282,9038.4308,0,0.000000,10.811711,34.810378,0.106738,-21.550069,7514036978,58787.92,127816,127816
726,-1320384.2810,0.0000,1320384.2810,148419768.4091,8896.2831,0,0.000000,10.673400,35.969276,0.215766,-20.631004,7514324449,58766.26,127868,127868
727,-1325165.4189,0.0000,1325165.4189,151311899.8427,8757.8401,0,0.000000,10.763322,31.184992,0.164527,-20.705710,7506149684,58719.32,127831,127831
728,-1382507.8949,0.0000,1382507.8949,153694558.9740,8995.1649,0,0.000000,11.045857,33.382170,0.142864,-21.601686,7506447792,58633.13,128024,128024
729,-1442502.9990,0.0000,1442502.9990,157849151.4045,9138.4907,0,0.000000,11.140470,39.754446,0.148385,-22.539109,7510065329,58715.96,127905,127905
73,-1275590.9477,0.0000,1275590.9477,148226353.3947,8605.6961,0,0.000000,10.295874,26.557560,0.214123,-19.931109,7526724473,58665.04,128300,128300
730,-1315876.8112,0.0000,1315876.8112,148073413.1291,8886.6514,0,0.000000,10.600188,31.659958,0.178661,-20.560575,7513133746,58663.82,128071,128071
731,-1338904.9304,0.0000,1338904.9304,147174267.0819,9097.4119,0,0.000000,10.738720,30.995542,0.076617,-20.920390,7527911190,58741.59,128153,128153
732,-1376451.1350,0.0000,1376451.1350,154421741.1148,8913.5838,0,0.000000,10.866099,35.661181,0.183563,-21.507049,7506875519,58757.64,127760,127760
733,-1387508.5896,0.0000,1387508.5896,155471168.0103,8924.5396,0,0.000000,10.772476,35.983673,0.157794,-21.679822,7516902883,58752.89,127941,127941
734,-1303954.8221,0.0000,1303954.8221,145137211.1332,8984.2902,0,0.000000,10.634536,30.100362,0.112829,-20.374294,7498695396,58630.74,127897,127897
735,-1300024.5436,0.0000,1300024.5436,148567895.7289,8750.3733,0,0.000000,10.361963,29.072642,0.146168,-20.312883,7530238582,58653.57,128385,128385
736,-1371830.0549,0.0000,1371830.0549,152622555.6036,8988.3835,0,0.000000,10.644581,34.901639,0.161360,-21.434845,7512517438,58711.27,127957,127957
737,-1406720.6052,0.0000,1406720.6052,155785546.3842,9029.8531,0,0.000000,10.838645,39.162025,0.170223,-21.980009,7522575697,58810.55,127912,127912
738,-1284845.5412,0.0000,1284845.5412,145239869.0212,8846.3695,0,0.000000,10.432412,34.544892,0.134159,-20.075712,7489306628,58656.39,127681,127681
739,-1279296.9536,0.0000,1279296.9536,143483582.7726,8915.9814,0,0.000000,10.622872,35.863854,0.128421,-19.989015,7494673891,58675.91,127730,127730
74,-1310497.3984,0.0000,1310497.3984,144966426.7944,9040.0062,0,0.000000,10.628391,46.005264,0.203979,-20.476522,7497996413,58661.97,127817,127817
740,-1389149.2531,0.0000,1389149.2531,153721471.2536,9036.7939,0,0.000000,10.895483,39.565187,0.121951,-21.705457,7523824910,58581.26,128434,128434
741,-1376249.4285,0.0000,1376249.4285,154578571.4964,8903.2355,0,0.000000,10.732581,31.646937,0.138372,-21.503897,7526176499,58647.05,128330,128330
742,-1278171.3155,0.0000,1278171.3155,143377632.8132,8914.7191,0,0.000000,10.512274,28.825420,0.141643,-19.971427,7524611699,58628.92,128343,128343
743,-1267608.5716,0.0000,1267608.5716,141866200.8078,8935.2401,0,0.000000,10.707568,38.204266,0.118703,-19.806384,7510752955,58577.53,128219,128219
744,-1354478.8144,0.0000,1354478.8144,150545795.7945,8997.1215,0,0.000000,10.590037,34.932175,0.166753,-21.163731,7497112559,58678.92,127765,127765
745,-1304598.2459,0.0000,1304598.2459,149108004.9386,8749.3508,0,0.000000,10.301199,33.924924,0.115919,-20.384348,7514057511,58719.63,127965,127965
746,-1439159.3063,0.0000,1439159.3063,159127776.9660,9044.0483,0,0.000000,11.087160,36.899271,0.122536,-22.486864,7511597166,58813.93,127718,127718
747,-1342041.2380,0.0000,1342041.2380,149806917.9805,8958.4731,0,0.000000,10.732012,30.982577,0.158379,-20.969394,7497819739,58677.57,127780,127780
748,-1388050.6000,0.0000,1388050.6000,155096713.6137,8949.5810,0,0.000000,10.910216,32.311446,0.106041,-21.688291,7530738589,58630.52,128444,128444
749,-1361673.0076,0.0000,1361673.0076,150368331.7572,9055.5837,0,0.000000,11.064776,30.069389,0.125725,-21.276141,7495098233,58695.31,127695,127695
75,-1375568.6802,0.0000,1375568.6802,151992223.1106,9050.2570,0,0.000000,11.127226,31.503656,0.187269,-21.493261,7518930147,58621.65,128262,128262
750,-1355433.7203,0.0000,1355433.7203,151145356.6283,8967.7497,0,0.000000,10.746519,36.664321,0.151703,-21.178652,7514217916,58668.62,128079,128079
751,-1365991.9784,0.0000,1365991.9784,152492186.9361,8957.7834,0,0.000000,10.740235,41.935710,0.182243,-21.343625,7502204587,58696.73,127813,127813
752,-1414709.3903,0.0000,1414709.3903,155407642.2728,9103.2164,0,0.000000,11.163455,37.780785,0.180926,-22.104834,7541005401,58694.46,128479,128479
753,-1342132.8679,0.0000,1342132.8679,150134775.3581,8939.5203,0,0.000000,10.747236,29.248558,0.162731,-20.970826,7491505132,58564.90,127918,127918
754,-1381123.1007,0.0000,1381123.1007,152727122.8085,9043.0768,0,0.000000,10.889905,39.958348,0.119930,-21.580048,7518987169,58698.98,128094,128094
755,-1343942.5047,0.0000,1343942.5047,149380522.5841,8996.7720,0,0.000000,10.823960,30.348105,0.164000,-20.999102,7517494752,58680.46,128109,128109
756,-1433710.1478,0.0000,1433710.1478,156388137.8295,9167.6400,0,0.000000,11.341552,33.235730,0.170194,-22.401721,7496553189,58695.22,127720,127720
757,-1469653.8251,0.0000,1469653.8251,161533923.8884,9098.1126,0,0.000000,11.195159,33.778106,0.121597,-22.963341,7528333377,58677.12,128301,128301
758,-1260205.0458,0.0000,1260205.0458,141778444.7467,8888.5518,0,0.000000,10.423692,31.934518,0.164315,-19.690704,7492691004,58629.17,127798,127798
759,-1396448.8718,0.0000,1396448.8718,154331942.9014,9048.3463,0,0.000000,11.038635,34.445710,0.110960,-21.819514,7520304167,58670.33,128179,128179
76,-1451004.1236,0.0000,1451004.1236,158552055.8006,9151.5945,0,0.000000,11.334043,40.273638,0.148835,-22.671939,7529759395,58719.82,128232,128232
760,-1351126.4893,0.0000,1351126.4893,152667687.6675,8850.1143,0,0.000000,10.600086,39.919039,0.154878,-21.111351,7514545694,58735.84,127938,127938
761,-1296520.2382,0.0000,1296520.2382,148595326.0518,8725.1751,0,0.000000,10.136199,31.494949,0.184747,-20.258129,7507484597,58711.39,127871,127871
762,-1280758.8429,0.0000,1280758.8429,144906179.4833,8838.5385,0,0.000000,10.513359,30.418248,0.161977,-20.011857,7523129996,58568.09,128451,128451
763,-1381048.5845,0.0000,1381048.5845,153062288.7864,9022.7880,0,0.000000,11.073324,30.560073,0.151393,-21.578884,7502650516,58699.76,127814,127814
764,-1309067.0406,0.0000,1309067.0406,147229353.2664,8891.3455,0,0.000000,10.551530,33.619966,0.151191,-20.454173,7537251755,58620.98,128576,128576
765,-1304822.7170,0.0000,1304822.7170,147033685.3660,8874.3114,0,0.000000,10.570000,32.098001,0.115998,-20.387855,7542818383,58747.44,128394,128394
766,-1379995.4602,0.0000,1379995.4602,152752171.7490,9034.2117,0,0.000000,10.851914,33.604920,0.138682,-21.562429,7538235734,58680.21,128463,128463
767,-1282474.5626,0.0000,1282474.5626,145384366.3475,8821.2687,0,0.000000,10.463299,34.469333,0.167698,-20.038665,7521775236,58582.17,128397,128397
768,-1365638.6973,0.0000,1365638.6973,149716486.9503,9121.4984,0,0.000000,10.862413,36.640008,0.154795,-21.338105,7473937473,58595.68,127551,127551
769,-1336206.7975,0.0000,1336206.7975,148888539.0787,8974.5444,0,0.000000,10.792605,39.452760,0.154164,-20.878231,7511864699,58729.57,127906,127906
77,-1348137.3316,0.0000,1348137.3316,149189474.8152,9036.4105,0,0.000000,11.052916,37.215693,0.131744,-21.064646,7515265132,58580.29,128290,128290
770,-1337084.1659,0.0000,1337084.1659,150373667.6372,8891.7441,0,0.000000,10.615284,38.188697,0.123170,-20.891940,7482259840,58607.17,127668,127668
771,-1421482.8442,0.0000,1421482.8442,155643294.4659,9132.9527,0,0.000000,11.157671,34.185490,0.150974,-22.210669,7487263528,58711.20,127527,127527
772,-1419498.0294,0.0000,1419498.0294,154686240.5441,9176.6276,0,0.000000,11.133102,33.198361,0.154104,-22.179657,7500438918,58695.31,127786,127786
773,-1433253.4454,0.0000,1433253.4454,157939776.7018,9074.6832,0,0.000000,10.898920,29.446434,0.162071,-22.394585,7510560185,58693.22,127963,127963
774,-1379664.2804,0.0000,1379664.2804,150500367.7555,9167.1821,0,0.000000,11.005485,31.948878,0.153364,-21.557254,7509218801,58628.67,128081,128081
775,-1340618.2790,0.0000,1340618.2790,150273211.0575,8921.2060,0,0.000000,10.529313,29.263687,0.113480,-20.947161,7508551844,58696.79,127921,127921
776,-1321977.7586,0.0000,1321977.7586,150935980.6726,8758.5329,0,0.000000,10.458702,36.129850,0.129910,-20.655902,7508391700,58724.00,127859,127859
777,-1346471.8202,0.0000,1346471.8202,150774839.2562,8930.3482,0,0.000000,10.610735,44.886484,0.168133,-21.038622,7500062035,58713.04,127741,127741
778,-1285733.8672,0.0000,1285733.8672,143097253.7009,8985.0352,0,0.000000,10.741109,35.269286,0.110917,-20.089592,7524584555,58711.51,128162,128162
779,-1395925.5372,0.0000,1395925.5372,155074248.6633,9001.6592,0,0.000000,10.853679,32.275311,0.152548,-21.811337,7537095949,58606.55,128605,128605
78,-1390385.2138,0.0000,1390385.2138,152181452.5687,9136.3645,0,0.000000,11.113147,45.097218,0.129737,-21.724769,7499122995,58618.96,127930,127930
780,-1392152.7156,0.0000,1392152.7156,155511615.2204,8952.0819,0,0.000000,10.832666,32.916879,0.170254,-21.752386,7543142460,58749.50,128395,128395
781,-1430450.2925,0.0000,1430450.2925,156494424.7507,9140.5831,0,0.000000,11.080752,35.236669,0.136950,-22.350786,7504247607,58724.66,127787,127787
782,-1340874.9804,0.0000,1340874.9804,149856387.6818,8947.7332,0,0.000000,10.758759,35.676993,0.121249,-20.951172,7496258406,58662.14,127787,127787
783,-1451792.3751,0.0000,1451792.3751,159534125.4991,9100.1995,0,0.000000,11.085249,39.849887,0.201759,-22.684256,7519382537,58713.98,128068,128068
784,-1228924.0737,0.0000,1228924.0737,140778759.1996,8729.4708,0,0.000000,10.280395,33.882215,0.141852,-19.201939,7493890117,58614.71,127850,127850
785,-1311019.6185,0.0000,1311019.6185,147255467.3390,8903.0285,0,0.000000,10.411213,34.038712,0.129791,-20.484682,7531094294,58768.72,128148,128148
786,-1424584.1419,0.0000,1424584.1419,155878144.5862,9139.0884,0,0.000000,10.869002,39.704725,0.168803,-22.259127,7525601083,58682.35,128243,128243
787,-1323531.9456,0.0000,1323531.9456,147876855.2381,8950.2305,0,0.000000,10.543822,37.333145,0.152731,-20.680187,7504641788,58694.67,127859,127859
788,-1258710.8819,0.0000,1258710.8819,141733699.0231,8880.8159,0,0.000000,10.379143,34.513857,0.182159,-19.667358,7494753601,58575.64,127950,127950
789,-1248273.8767,0.0000,1248273.8767,140340684.5720,8894.5973,0,0.000000,10.313181,32.629488,0.122205,-19.504279,7502412316,58606.64,128013,128013
79,-1318831.5286,0.0000,1318831.5286,149233931.9564,8837.3436,0,0.000000,10.521871,36.032474,0.203178,-20.606743,7494293939,58701.43,127668,127668
790,-1361721.9530,0.0000,1361721.9530,152362669.5480,8937.3726,0,0.000000,10.863255,33.926063,0.151289,-21.276906,7480509144,58626.06,127597,127597
791,-1299003.1346,0.0000,1299003.1346,146724319.9771,8853.3594,0,0.000000,10.586636,33.680651,0.182968,-20.296924,7520470109,58733.48,128044,128044
792,-1351056.5141,0.0000,1351056.5141,148121954.0040,9121.2442,0,0.000000,11.090502,33.072723,0.158144,-21.110258,7490602188,58676.65,127659,127659
793,-1328890.7710,0.0000,1328890.7710,147229779.7308,9025.9645,0,0.000000,10.783011,31.671223,0.126237,-20.763918,7519606196,58677.24,128152,128152
794,-1349958.3505,0.0000,1349958.3505,149206760.7669,9047.5682,0,0.000000,10.788132,35.754942,0.130965,-21.093099,7500477267,58544.42,128116,128116
795,-1362124.8038,0.0000,1362124.8038,151111252.8034,9014.0527,0,0.000000,10.855293,33.627165,0.097879,-21.283200,7514406096,58750.36,127904,127904
796,-1327664.2772,0.0000,1327664.2772,147776253.7251,8984.2870,0,0.000000,10.701542,32.999055,0.198094,-20.744754,7489146093,58694.67,127595,127595
797,-1411557.5388,0.0000,1411557.5388,154977446.4637,9108.1481,0,0.000000,10.865470,33.207015,0.167753,-22.055587,7513045549,58750.29,127881,127881
798,-1381266.4653,0.0000,1381266.4653,153823483.6239,8979.5552,0,0.000000,10.869806,34.807677,0.140587,-21.582289,7504087001,58707.78,127821,127821
799,-1271784.2383,0.0000,1271784.2383,144336360.2567,8811.2534,0,0.000000,10.367639,29.988074,0.156305,-19.871629,7530096260,58722.90,128231,128231
80,-1395726.5038,0.0000,1395726.5038,151444115.8222,9216.1158,0,0.000000,11.015804,35.943394,0.151338,-21.808227,7500987856,58639.03,127918,127918
800,-1340072.9316,0.0000,1340072.9316,147178473.6654,9105.0878,0,0.000000,10.734352,35.910720,0.179887,-20.938640,7513802692,58605.89,128209,128209
801,-1413747.0661,0.0000,1413747.0661,154836122.2866,9130.6024,0,0.000000,11.158877,36.825624,0.152919,-22.089798,7519782564,58718.48,128065,128065
802,-1319714.0744,0.0000,1319714.0744,146365445.6687,9016.5686,0,0.000000,10.665563,36.504661,0.122070,-20.620532,7482623496,58556.35,127785,127785
803,-1379353.1988,0.0000,1379353.1988,152982815.7860,9016.3931,0,0.000000,10.613810,32.981439,0.117123,-21.552394,7541775358,58789.68,128284,128284
804,-1355548.1012,0.0000,1355548.1012,150556923.0554,9003.5587,0,0.000000,10.776449,30.128143,0.155537,-21.180439,7532459297,58677.27,128371,128371
805,-1319609.6037,0.0000,1319609.6037,148844098.7754,8865.7166,0,0.000000,10.691979,31.382447,0.115258,-20.618900,7499715780,58552.65,128085,128085
806,-1261763.8588,0.0000,1261763.8588,143977973.0497,8763.5895,0,0.000000,10.523996,28.227834,0.142550,-19.715060,7531409442,58668.63,128372,128372
807,-1395224.3755,0.0000,1395224.3755,155342172.1175,8981.6201,0,0.000000,10.697131,36.606380,0.111948,-21.800381,7533383586,58745.79,128237,128237
808,-1309407.6758,0.0000,1309407.6758,148151149.1397,8838.3228,0,0.000000,10.530703,34.058761,0.156396,-20.459495,7517735383,58690.12,128092,128092
809,-1383679.3089,0.0000,1383679.3089,152758961.6231,9057.9256,0,0.000000,10.880964,31.606540,0.135491,-21.619989,7499845780,58613.15,127955,127955
81,-1319200.7062,0.0000,1319200.7062,145969513.1053,9037.5084,0,0.000000,10.699483,46.298931,0.154484,-20.612511,7520885372,58752.79,128009,128009
810,-1350509.2732,0.0000,1350509.2732,153365921.8244,8805.7976,0,0.000000,10.608896,29.210871,0.153388,-21.101707,7510226546,58660.81,128028,128028
811,-1310269.3792,0.0000,1310269.3792,148653061.6723,8814.2778,0,0.000000,10.375699,35.952038,0.136137,-20.472959,7523791310,58806.73,127941,127941
812,-1361506.9253,0.0000,1361506.9253,151015059.4170,9015.7030,0,0.000000,10.599119,33.533040,0.118557,-21.273546,7499082027,58653.02,127855,127855
813,-1296710.7446,0.0000,1296710.7446,147524667.0388,8789.7893,0,0.000000,10.479820,33.820807,0.204798,-20.261105,7516244857,58656.05,128141,128141
814,-1343986.2302,0.0000,1343986.2302,150391271.2892,8936.5973,0,0.000000,10.752156,29.487976,0.140759,-20.999785,7531689298,58726.62,128250,128250
815,-1369574.8255,0.0000,1369574.8255,151675445.8699,9029.6410,0,0.000000,10.966005,31.100587,0.141605,-21.399607,7521249788,58772.62,127972,127972
816,-1309206.6655,0.0000,1309206.6655,146200636.9770,8954.8629,0,0.000000,10.683829,30.609880,0.185560,-20.456354,7509150021,58671.65,127986,127986
817,-1364631.9230,0.0000,1364631.9230,150983347.2825,9038.2943,0,0.000000,10.907483,33.772169,0.101056,-21.322374,7520958233,58629.23,128280,128280
818,-1385399.7840,0.0000,1385399.7840,150844043.5378,9184.3188,0,0.000000,11.167900,36.422541,0.146106,-21.646872,7509718068,58604.66,128142,128142
819,-1358234.1578,0.0000,1358234.1578,146393409.8933,9277.9734,0,0.000000,11.160933,36.049380,0.175914,-21.222409,7510180494,58593.63,128174,128174
82,-1344183.3232,0.0000,1344183.3232,150139729.0616,8952.8823,0,0.000000,10.677203,31.071909,0.162965,-21.002864,7511272820,58675.86,128013,128013
820,-1307917.6942,0.0000,1307917.6942,146075063.2369,8953.7370,0,0.000000,10.504504,35.198618,0.212946,-20.436214,7529589464,58722.15,128224,128224
821,-1343896.6149,0.0000,1343896.6149,149619321.5325,8982.1061,0,0.000000,10.758985,30.247245,0.189703,-20.998385,7482111358,58595.91,127690,127690
822,-1394126.9661,0.0000,1394126.9661,157903386.1264,8828.9871,0,0.000000,10.465601,26.994687,0.126104,-21.783234,7522071217,58782.25,127965,127965
823,-1384500.2828,0.0000,1384500.2828,153980183.2231,8991.4186,0,0.000000,10.882975,33.972834,0.150415,-21.632817,7510840562,58786.37,127765,127765
824,-1365859.3321,0.0000,1365859.3321,151959220.6352,8988.3281,0,0.000000,10.804257,35.990812,0.145043,-21.341552,7503880760,58717.65,127796,127796
825,-1376719.1925,0.0000,1376719.1925,151808786.8791,9068.7715,0,0.000000,10.804479,31.405087,0.136949,-21.511237,7530337637,58697.32,128291,128291
826,-1340772.8071,0.0000,1340772.8071,149470022.3548,8970.1787,0,0.000000,10.675565,38.749339,0.112774,-20.949575,7525631986,58667.04,128277,128277
827,-1375129.5587,0.0000,1375129.5587,150613301.7772,9130.1999,0,0.000000,11.095452,31.281718,0.145222,-21.486399,7492966976,58621.24,127820,127820
828,-1343151.7651,0.0000,1343151.7651,151114641.3973,8888.2967,0,0.000000,10.532486,31.546350,0.149620,-20.986746,7524979411,58687.12,128222,128222
829,-1409501.7661,0.0000,1409501.7661,153637242.0171,9174.2194,0,0.000000,11.122166,31.378717,0.119305,-22.023465,7483783098,58665.51,127567,127567
83,-1348791.8603,0.0000,1348791.8603,151112972.0820,8925.7186,0,0.000000,10.866790,30.792002,0.194163,-21.074873,7505565404,58824.27,127593,127593
830,-1332247.8564,0.0000,1332247.8564,146431728.2988,9098.0819,0,0.000000,10.858123,33.935013,0.114711,-20.816373,7513151096,58648.38,128105,128105
831,-1423254.8119,0.0000,1423254.8119,153989672.1999,9242.5342,0,0.000000,11.295727,35.339471,0.168589,-22.238356,7514470480,58638.54,128149,128149
832,-1249316.6979,0.0000,1249316.6979,142565812.2681,8763.0876,0,0.000000,10.350155,31.633738,0.212149,-19.520573,7489443850,58623.95,127754,127754
833,-1315695.8257,0.0000,1315695.8257,150353975.8500,8750.6554,0,0.000000,10.277767,34.831502,0.165449,-20.557747,7539977743,58749.56,128341,128341
834,-1297569.1470,0.0000,1297569.1470,146910420.4873,8832.3833,0,0.000000,10.472590,29.500495,0.109672,-20.274518,7540847843,58774.66,128301,128301
835,-1305429.5088,0.0000,1305429.5088,148794499.2254,8773.3721,0,0.000000,10.361405,29.820373,0.097584,-20.397336,7551359699,58762.70,128506,128506
836,-1367312.7760,0.0000,1367312.7760,152679835.1227,8955.4248,0,0.000000,10.646433,32.221161,0.175028,-21.364262,7534258064,58668.88,128420,128420
837,-1351320.2952,0.0000,1351320.2952,150891429.0291,8955.5802,0,0.000000,10.706958,31.456734,0.106757,-21.114380,7528856898,58711.86,128234,128234
838,-1340911.7957,0.0000,1340911.7957,147688294.7821,9079.3370,0,0.000000,11.099157,40.779978,0.158694,-20.951747,7486509097,58645.96,127656,127656
839,-1409120.6326,0.0000,1409120.6326,155462194.3379,9064.0727,0,0.000000,11.154186,34.108549,0.106467,-22.017510,7519688538,58732.88,128032,128032
84,-1404204.2748,0.0000,1404204.2748,153925705.7341,9122.6106,0,0.000000,11.208221,41.888081,0.223288,-21.940692,7478869370,58580.61,127668,127668
840,-1356150.9704,0.0000,1356150.9704,153160438.3835,8854.4469,0,0.000000,10.715598,41.411703,0.233350,-21.189859,7502501166,58688.03,127837,127837
841,-1346783.6851,0.0000,1346783.6851,152945626.4477,8805.6371,0,0.000000,10.750391,33.842716,0.211882,-21.043495,7503534455,58637.40,127965,127965
842,-1360280.4202,0.0000,1360280.4202,152782405.4115,8903.3840,0,0.000000,10.844517,35.224947,0.212382,-21.254382,7507276697,58745.60,127793,127793
843,-1420503.4606,0.0000,1420503.4606,157853461.4145,8998.8743,0,0.000000,11.033514,36.692800,0.192533,-22.195367,7520264116,58712.62,128086,128086
844,-1388208.9985,0.0000,1388208.9985,152190714.8294,9121.5092,0,0.000000,11.066928,36.771922,0.140340,-21.690766,7504713378,58745.31,127750,127750
845,-1318008.1325,0.0000,1318008.1325,148322038.8818,8886.1247,0,0.000000,10.632612,29.395408,0.178809,-20.593877,7492754095,58637.93,127780,127780
846,-1337886.9197,0.0000,1337886.9197,150312242.1353,8900.7183,0,0.000000,10.666976,34.387564,0.191971,-20.904483,7501936630,58665.71,127876,127876
847,-1339227.7590,0.0000,1339227.7590,148990008.8883,8988.7085,0,0.000000,10.741474,35.665512,0.132614,-20.925434,7506728420,58638.53,128017,128017
848,-1360817.5597,0.0000,1360817.5597,150492090.9913,9042.4523,0,0.000000,10.747471,36.385981,0.126430,-21.262774,7512525624,58676.94,128032,128032
849,-1329038.2228,0.0000,1329038.2228,146064420.7468,9098.9867,0,0.000000,10.786785,39.433098,0.091526,-20.766222,7503476136,58609.46,128025,128025
85,-1407947.4204,0.0000,1407947.4204,155099836.8290,9077.6847,0,0.000000,10.981387,38.061894,0.173866,-21.999178,7492589138,58688.07,127668,127668
850,-1372301.3056,0.0000,1372301.3056,151780122.2811,9041.3770,0,0.000000,10.857077,33.511455,0.188355,-21.442208,7520035794,58692.05,128127,128127
851,-1358257.4477,0.0000,1358257.4477,149732484.4972,9071.2276,0,0.000000,10.711423,40.834081,0.110451,-21.222773,7504306222,58675.98,127894,127894
852,-1415885.0442,0.0000,1415885.0442,155477270.1203,9106.7012,0,0.000000,10.936155,30.425018,0.137649,-22.123204,7511735572,58648.32,128081,128081
853,-1281896.1692,0.0000,1281896.1692,146064079.9792,8776.2588,0,0.000000,10.149126,29.637302,0.140001,-20.029628,7530309798,58714.49,128253,128253
854,-1315183.5464,0.0000,1315183.5464,148412708.4395,8861.6639,0,0.000000,10.531133,31.649187,0.092062,-20.549743,7505109847,58714.40,127824,127824
855,-1229112.4348,0.0000,1229112.4348,140919564.4069,8722.0851,0,0.000000,10.137091,32.393648,0.144564,-19.204882,7466022648,58637.98,127324,127324
856,-1406544.5014,0.0000,1406544.5014,155008315.2534,9073.9939,0,0.000000,11.026163,31.624376,0.144020,-21.977258,7502825983,58677.26,127866,127866
857,-1372080.0766,0.0000,1372080.0766,152065028.0957,9022.9824,0,0.000000,10.817216,36.570632,0.177125,-21.438751,7512100762,58632.40,128122,128122
858,-1366020.4842,0.0000,1366020.4842,152046425.5940,8984.2328,0,0.000000,10.784525,33.450487,0.163401,-21.344070,7499305852,58740.23,127669,127669
859,-1407824.4192,0.0000,1407824.4192,156068764.2609,9020.5393,0,0.000000,10.903697,31.474737,0.153012,-21.997257,7469626310,58633.13,127396,127396
86,-1337488.5789,0.0000,1337488.5789,147457090.6743,9070.3578,0,0.000000,10.652808,34.238489,0.102695,-20.898259,7503457698,58639.09,127960,127960
860,-1372809.3189,0.0000,1372809.3189,152943578.8575,8975.9199,0,0.000000,10.797079,31.244056,0.120498,-21.450146,7501283462,58640.43,127920,127920
861,-1282245.8472,0.0000,1282245.8472,143164528.2049,8956.4494,0,0.000000,10.537791,30.764798,0.146091,-20.035091,7506522500,58685.05,127912,127912
862,-1445921.8059,0.0000,1445921.8059,158604930.4902,9116.4997,0,0.000000,10.926854,29.996086,0.202497,-22.592528,7505663197,58775.29,127701,127701
863,-1322152.1978,0.0000,1322152.1978,147335833.4382,8973.7314,0,0.000000,10.663287,32.951210,0.135787,-20.658628,7484979844,58637.20,127649,127649
864,-1376729.0485,0.0000,1376729.0485,150940973.4818,9120.9763,0,0.000000,11.193704,34.001338,0.134014,-21.511391,7502587639,58627.25,127971,127971
865,-1302777.9427,0.0000,1302777.9427,146666655.6216,8882.5776,0,0.000000,10.706051,35.483685,0.137429,-20.355905,7493802149,58653.93,127763,127763
866,-1320277.9311,0.0000,1320277.9311,148250044.5664,8905.7507,0,0.000000,10.666197,30.917801,0.127175,-20.629343,7512057690,58691.62,127992,127992
867,-1363707.4944,0.0000,1363707.4944,152828941.2453,8923.0972,0,0.000000,10.747677,29.207846,0.198511,-21.307930,7537296235,58724.09,128351,128351
868,-1381248.3482,0.0000,1381248.3482,150488194.0415,9178.4499,0,0.000000,11.028395,46.469865,0.093266,-21.582005,7497082256,58589.72,127959,127959
869,-1266845.9511,0.0000,1266845.9511,141882050.1659,8928.8670,0,0.000000,10.512350,28.641489,0.087521,-19.794468,7521892618,58643.38,128265,128265
87,-1356995.7347,0.0000,1356995.7347,150639200.8618,9008.2510,0,0.000000,10.797439,36.517192,0.155180,-21.203058,7545873267,58700.37,128549,128549
870,-1364691.9396,0.0000,1364691.9396,150218482.9973,9084.7139,0,0.000000,10.964585,38.324963,0.108641,-21.323312,7527383949,58694.88,128246,128246
871,-1338798.2269,0.0000,1338798.2269,148558207.5190,9011.9439,0,0.000000,10.890626,38.764744,0.105118,-20.918722,7511542158,58688.05,127991,127991
872,-1268061.9278,0.0000,1268061.9278,143984581.2173,8806.9286,0,0.000000,10.337019,28.770614,0.157932,-19.813468,7478054497,58668.89,127462,127462
873,-1405015.0880,0.0000,1405015.0880,153134148.3986,9175.0606,0,0.000000,11.366824,40.931863,0.150485,-21.953361,7492755023,58605.37,127851,127851
874,-1466456.3907,0.0000,1466456.3907,161212686.7398,9096.4081,0,0.000000,11.311120,31.790528,0.180224,-22.913381,7537990700,58757.43,128290,128290
875,-1301283.0239,0.0000,1301283.0239,147384147.6868,8829.1926,0,0.000000,10.518198,36.428187,0.120761,-20.332547,7528986234,58709.21,128242,128242
876,-1325519.1096,0.0000,1325519.1096,149608179.3555,8859.9374,0,0.000000,10.583310,30.746071,0.139362,-20.711236,7509856776,58787.41,127746,127746
877,-1383829.4234,0.0000,1383829.4234,152759788.5089,9058.8593,0,0.000000,11.028773,30.852554,0.173666,-21.622335,7509830163,58690.72,127956,127956
878,-1303161.7403,0.0000,1303161.7403,147041843.4942,8862.5231,0,0.000000,10.533427,31.373666,0.121331,-20.361902,7528286528,58679.50,128295,128295
879,-1278539.2671,0.0000,1278539.2671,141641552.9360,9026.5832,0,0.000000,10.690112,33.902378,0.097645,-19.977176,7476769529,58498.18,127812,127812
88,-1340292.8817,0.0000,1340292.8817,147307823.5268,9098.5859,0,0.000000,10.958506,34.194607,0.172169,-20.942076,7519148070,58624.26,128260,128260
880,-1389878.4443,0.0000,1389878.4443,152468692.0410,9115.8285,0,0.000000,10.988624,31.183428,0.155969,-21.716851,7511843627,58757.89,127844,127844
881,-1345882.1048,0.0000,1345882.1048,152243893.4634,8840.3027,0,0.000000,10.604308,33.610153,0.142711,-21.029408,7538131819,58703.62,128410,128410
882,-1397457.7159,0.0000,1397457.7159,155915139.6640,8962.9379,0,0.000000,10.729004,31.715936,0.166009,-21.835277,7518707704,58659.71,128175,128175
883,-1295319.0029,0.0000,1295319.0029,144521951.4344,8962.7838,0,0.000000,10.665199,32.868397,0.112283,-20.239359,7487853955,58663.85,127640,127640
884,-1440110.2411,0.0000,1440110.2411,156407128.2371,9207.4463,0,0.000000,11.336013,33.664309,0.148981,-22.501723,7497087112,58720.55,127674,127674
885,-1340575.4666,0.0000,1340575.4666,147914448.8118,9063.1813,0,0.000000,10.948771,33.572214,0.096968,-20.946492,7489096498,58631.78,127731,127731
886,-1431771.8870,0.0000,1431771.8870,155807077.4408,9189.3893,0,0.000000,11.121109,34.072162,0.145605,-22.371436,7478673282,58620.40,127578,127578
887,-1409156.9769,0.0000,1409156.9769,155669791.7947,9052.2185,0,0.000000,11.074050,34.817136,0.125567,-22.018078,7511167488,58649.84,128068,128068
888,-1283168.7518,0.0000,1283168.7518,143362488.1565,8950.5195,0,0.000000,10.517568,42.342483,0.100696,-20.049512,7543602894,58575.62,128784,128784
889,-1387294.4242,0.0000,1387294.4242,153587284.9462,9032.6125,0,0.000000,10.913866,38.884353,0.118588,-21.676475,7512640566,58658.59,128074,128074
89,-1316175.3027,0.0000,1316175.3027,145545506.0473,9043.0501,0,0.000000,10.854840,36.727445,0.135935,-20.565239,7481223139,58557.77,127758,127758
890,-1298302.4122,0.0000,1298302.4122,146781639.5219,8845.1282,0,0.000000,10.442853,33.520674,0.099791,-20.285975,7518857743,58755.31,127969,127969
891,-1301608.1109,0.0000,1301608.1109,143721820.1843,9056.4405,0,0.000000,10.781340,30.919720,0.127860,-20.337627,7517879502,58532.68,128439,128439
892,-1381214.7571,0.0000,1381214.7571,152402630.1603,9062.9325,0,0.000000,11.087829,33.061725,0.178664,-21.581481,7497711588,58643.22,127853,127853
893,-1304217.7583,0.0000,1304217.7583,147259619.1973,8856.5879,0,0.000000,10.723806,33.018625,0.158268,-20.378402,7508147377,58664.28,127985,127985
894,-1371455.4306,0.0000,1371455.4306,152674093.5063,8982.8955,0,0.000000,10.925384,34.106406,0.185214,-21.428991,7536677860,58739.41,128307,128307
895,-1249762.0995,0.0000,1249762.0995,142778635.9749,8753.1450,0,0.000000,10.265061,36.236015,0.150408,-19.527533,7502243449,58660.77,127892,127892
896,-1326263.8708,0.0000,1326263.8708,147360285.2862,9000.1446,0,0.000000,10.743694,36.538086,0.099812,-20.722873,7524778431,58679.14,128236,128236
897,-1316769.3637,0.0000,1316769.3637,147629953.7857,8919.3916,0,0.000000,10.622996,33.428392,0.084129,-20.574521,7501780173,58714.08,127768,127768
898,-1334236.4750,0.0000,1334236.4750,147913244.1482,9020.3990,0,0.000000,10.889920,31.908730,0.105062,-20.847445,7500941167,58705.21,127773,127773
899,-1325884.3674,0.0000,1325884.3674,149394015.0970,8875.0836,0,0.000000,10.530308,32.993671,0.190078,-20.716943,7489856556,58704.38,127586,127586
90,-1304513.0686,0.0000,1304513.0686,147626677.1108,8836.5673,0,0.000000,10.631888,40.050032,0.186841,-20.383017,7519925207,58775.13,127944,127944
900,-1338162.8647,0.0000,1338162.8647,148800488.4269,8993.0005,0,0.000000,10.736443,37.045286,0.128781,-20.908795,7525773364,58661.28,128292,128292
901,-1380690.0958,0.0000,1380690.0958,155275742.5323,8891.8596,0,0.000000,10.663907,30.584558,0.155580,-21.573283,7534801877,58797.20,128149,128149
902,-1344844.5171,0.0000,1344844.5171,149212226.6486,9012.9646,0,0.000000,10.834259,35.348917,0.171913,-21.013196,7475461658,58616.36,127532,127532
903,-1297377.0809,0.0000,1297377.0809,146734083.7004,8841.6886,0,0.000000,10.496092,32.656532,0.186274,-20.271517,7530286494,58748.67,128178,128178
904,-1369171.8300,0.0000,1369171.8300,153658923.2579,8910.4609,0,0.000000,10.732119,30.422140,0.121880,-21.393310,7505575610,58691.42,127882,127882
905,-1329718.5071,0.0000,1329718.5071,148622301.9130,8946.9648,0,0.000000,10.515791,35.018841,0.177889,-20.776852,7490165382,58608.49,127800,127800
906,-1331498.5002,0.0000,1331498.5002,146524594.2280,9087.2014,0,0.000000,10.868513,38.510168,0.101283,-20.804664,7480730402,58593.81,127671,127671
907,-1410343.3894,0.0000,1410343.3894,152463463.8618,9250.3696,0,0.000000,11.363009,39.032524,0.118868,-22.036615,7504416286,58597.12,128068,128068
908,-1382427.5089,0.0000,1382427.5089,149491163.3870,9247.5534,0,0.000000,11.459888,43.050012,0.165768,-21.600430,7504666442,58674.21,127904,127904
909,-1386123.2278,0.0000,1386123.2278,154720897.5593,8958.8624,0,0.000000,10.826529,32.756805,0.180858,-21.658175,7502260932,58735.77,127729,127729
91,-1344410.2258,0.0000,1344410.2258,149857224.4596,8971.2740,0,0.000000,10.524789,41.631371,0.195358,-21.006410,7493570934,58496.91,128102,128102
910,-1321141.4387,0.0000,1321141.4387,148739742.9990,8882.2356,0,0.000000,10.660674,37.258315,0.182788,-20.642835,7510281648,58669.95,128009,128009
911,-1369489.8508,0.0000,1369489.8508,151985406.2970,9010.6668,0,0.000000,10.752239,38.519149,0.134333,-21.398279,7525799116,58742.53,128115,128115
912,-1318084.2327,0.0000,1318084.2327,149171251.2140,8836.0473,0,0.000000,10.391146,30.203564,0.125091,-20.595066,7501877294,58710.70,127777,127777
913,-1341505.1172,0.0000,1341505.1172,149933481.6780,8947.3352,0,0.000000,10.517248,35.897742,0.138448,-20.961017,7500904364,58700.79,127782,127782
914,-1385331.4098,0.0000,1385331.4098,151475586.9408,9145.5755,0,0.000000,11.061984,33.966718,0.151239,-21.645803,7521223689,58637.70,128266,128266
915,-1285684.5422,0.0000,1285684.5422,146540059.7637,8773.6046,0,0.000000,10.202765,34.432077,0.142532,-20.088821,7518842397,58718.02,128050,128050
916,-1423068.1509,0.0000,1423068.1509,157699136.0468,9023.9439,0,0.000000,10.944149,35.202216,0.187155,-22.235440,7482427215,58661.78,127552,127552
917,-1394452.3209,0.0000,1394452.3209,153637659.5503,9076.2403,0,0.000000,10.827125,42.617275,0.157232,-21.788318,7518138824,58723.07,128027,128027
918,-1251134.4351,0.0000,1251134.4351,141529954.2378,8840.0681,0,0.000000,10.176802,37.370624,0.138960,-19.548976,7523690826,58685.30,128204,128204
919,-1313389.8920,0.0000,1313389.8920,148988885.7769,8815.3548,0,0.000000,10.580276,34.402505,0.162368,-20.521717,7521850614,58756.20,128018,128018
92,-1322359.0406,0.0000,1322359.0406,146599351.9463,9020.2243,0,0.000000,10.718985,33.255825,0.146589,-20.661860,7500625093,58573.92,128054,128054
920,-1431947.3352,0.0000,1431947.3352,157425245.3971,9096.0464,0,0.000000,11.123528,29.223022,0.112987,-22.374177,7492608524,58591.85,127878,127878
921,-1365345.6700,0.0000,1365345.6700,153065055.3887,8920.0351,0,0.000000,10.798914,31.526896,0.101607,-21.333526,7537727978,58816.82,128156,128156
922,-1304476.0359,0.0000,1304476.0359,146574197.6647,8899.7658,0,0.000000,10.632346,33.830108,0.127308,-20.382438,7510466298,58620.10,128121,128121
923,-1411357.0196,0.0000,1411357.0196,157522619.0398,8959.7102,0,0.000000,10.870395,36.024619,0.147315,-22.052453,7520227179,58634.05,128257,128257
924,-1331027.1605,0.0000,1331027.1605,149516752.1073,8902.1942,0,0.000000,10.655324,37.298998,0.136551,-20.797299,7523686481,58701.75,128168,128168
925,-1298303.7034,0.0000,1298303.7034,148010152.7258,8771.7206,0,0.000000,10.483554,36.748880,0.155149,-20.285995,7510796815,58698.28,127956,127956
926,-1280329.5220,0.0000,1280329.5220,145778137.3521,8782.7266,0,0.000000,10.573188,33.658295,0.188799,-20.005149,7510496545,58741.38,127857,127857
927,-1366406.4473,0.0000,1366406.4473,148510595.8342,9200.7337,0,0.000000,10.983274,36.458472,0.128898,-21.350101,7482248407,58584.59,127717,127717
928,-1364225.3243,0.0000,1364225.3243,150837027.3834,9044.3663,0,0.000000,11.059954,32.912370,0.160759,-21.316021,7498734923,58655.81,127843,127843
929,-1402037.6164,0.0000,1402037.6164,156806709.0499,8941.1839,0,0.000000,10.739959,28.597778,0.166479,-21.906838,7519844490,58687.35,128134,128134
93,-1237502.7378,0.0000,1237502.7378,139213286.3982,8889.2574,0,0.000000,10.210300,32.482203,0.122948,-19.335980,7484424196,58649.85,127612,127612
930,-1312053.4860,0.0000,1312053.4860,149198808.5086,8793.9944,0,0.000000,10.384537,31.495937,0.142684,-20.500836,7517244193,58676.21,128114,128114
931,-1372322.6411,0.0000,1372322.6411,151890290.8661,9034.9596,0,0.000000,10.800386,36.631668,0.108702,-21.442541,7525852538,58718.20,128169,128169
932,-1304502.9926,0.0000,1304502.9926,147250130.5981,8859.0957,0,0.000000,10.679692,31.147772,0.143823,-20.382859,7524017372,58712.58,128150,128150
933,-1330136.7105,0.0000,1330136.7105,148038853.0271,8985.0514,0,0.000000,10.580760,30.454319,0.166175,-20.783386,7516873160,58769.19,127905,127905
934,-1318494.2700,0.0000,1318494.2700,147921631.6397,8913.4649,0,0.000000,10.812580,30.202436,0.213854,-20.601473,7545000181,58752.07,128421,128421
935,-1389317.0260,0.0000,1389317.0260,151927930.1861,9144.5794,0,0.000000,11.136783,34.914773,0.149877,-21.708079,7505791584,58669.71,127933,127933
936,-1416063.6780,0.0000,1416063.6780,156328688.7813,9058.2457,0,0.000000,10.981043,34.928799,0.111613,-22.125995,7560761225,58754.02,128685,128685
937,-1389531.6160,0.0000,1389531.6160,153110341.8409,9075.3609,0,0.000000,11.016824,34.418401,0.150268,-21.711431,7522996363,58752.29,128046,128046
938,-1376544.5038,0.0000,1376544.5038,151453022.7567,9088.9206,0,0.000000,10.808902,33.779579,0.129246,-21.508508,7498972565,58670.98,127814,127814
939,-1297583.8493,0.0000,1297583.8493,147187474.8886,8815.8578,0,0.000000,10.318450,36.110182,0.127558,-20.274748,7495557534,58706.27,127679,127679
94,-1344269.9986,0.0000,1344269.9986,151333646.8994,8882.8230,0,0.000000,10.747876,30.114758,0.214276,-21.004219,7502832942,58786.27,127629,127629
940,-1382765.1211,0.0000,1382765.1211,149230952.7229,9265.9404,0,0.000000,11.113471,37.044620,0.105604,-21.605705,7469944671,58644.84,127376,127376
941,-1372039.4234,0.0000,1372039.4234,153222392.3658,8954.5621,0,0.000000,10.805584,35.541785,0.169576,-21.438116,7519849106,58753.41,127990,127990
942,-1432564.4945,0.0000,1432564.4945,155611816.6035,9206.0136,0,0.000000,11.188198,39.274303,0.129642,-22.383820,7530887229,58729.98,128229,128229
943,-1311506.2908,0.0000,1311506.2908,148590213.6852,8826.3302,0,0.000000,10.584986,30.012098,0.174666,-20.492286,7506747917,58717.57,127845,127845
944,-1336474.4157,0.0000,1336474.4157,147132070.0787,9083.5017,0,0.000000,10.893764,33.258883,0.126715,-20.882413,7501486346,58618.64,127971,127971
945,-1322291.2004,0.0000,1322291.2004,148360316.8320,8912.7014,0,0.000000,10.484395,37.265963,0.122767,-20.660800,7546243559,58707.81,128539,128539
946,-1293909.7192,0.0000,1293909.7192,144666053.3692,8944.1143,0,0.000000,10.664464,29.903889,0.103984,-20.217339,7518678726,58738.30,128003,128003
947,-1380294.7522,0.0000,1380294.7522,152015869.9033,9079.9385,0,0.000000,10.932193,38.284153,0.148932,-21.567106,7527123995,58750.12,128121,128121
948,-1412229.9775,0.0000,1412229.9775,152287693.5332,9273.4347,0,0.000000,11.387462,49.025409,0.124914,-22.066093,7526535995,58723.53,128169,128169
949,-1366634.3360,0.0000,1366634.3360,150630238.5981,9072.7755,0,0.000000,10.801197,34.353484,0.138089,-21.353662,7484161156,58663.41,127578,127578
95,-1326725.6056,0.0000,1326725.6056,148266694.3003,8948.2376,0,0.000000,10.783300,32.954456,0.160222,-20.730088,7512760296,58641.67,128113,128113
950,-1319729.9378,0.0000,1319729.9378,147485041.6443,8948.2291,0,0.000000,10.547095,28.644006,0.106118,-20.620780,7518826985,58631.36,128239,128239
951,-1390316.7468,0.0000,1390316.7468,156210670.7063,8900.2674,0,0.000000,10.480802,33.296324,0.136856,-21.723699,7502455827,58656.01,127906,127906
952,-1406906.5229,0.0000,1406906.5229,154143940.6782,9127.2256,0,0.000000,10.899792,36.479664,0.115257,-21.982914,7513068791,58751.39,127879,127879
953,-1336735.9679,0.0000,1336735.9679,147485339.9908,9063.5176,0,0.000000,10.770930,43.580907,0.151637,-20.886499,7506881445,58615.91,128069,128069
954,-1441817.3750,0.0000,1441817.3750,158915029.9920,9072.8824,0,0.000000,11.197551,38.881420,0.199552,-22.528396,7522197498,58682.81,128184,128184
955,-1310471.9544,0.0000,1310471.9544,147707891.7977,8872.0510,0,0.000000,10.400771,28.541186,0.130357,-20.476124,7502278144,58591.41,128044,128044
956,-1339948.1503,0.0000,1339948.1503,148384581.1423,9030.2385,0,0.000000,10.782761,35.566813,0.120885,-20.936690,7492602087,58612.42,127833,127833
957,-1321320.0127,0.0000,1321320.0127,146248294.5728,9034.7721,0,0.000000,10.884402,31.924776,0.126380,-20.645625,7517929108,58720.06,128030,128030
958,-1351039.4262,0.0000,1351039.4262,147940250.2118,9132.3316,0,0.000000,10.825108,32.610342,0.163533,-21.109991,7502451299,58579.95,128072,128072
959,-1399011.5865,0.0000,1399011.5865,153483899.3705,9115.0381,0,0.000000,11.113957,37.098937,0.152361,-21.859556,7520326148,58673.71,128172,128172
96,-1364204.9949,0.0000,1364204.9949,150772154.1332,9048.1230,0,0.000000,10.950826,34.661379,0.146359,-21.315703,7520928364,58664.67,128202,128202
960,-1355840.4623,0.0000,1355840.4623,151938368.6867,8923.6213,0,0.000000,10.644034,29.471165,0.109113,-21.185007,7516546434,58712.01,128024,128024
961,-1346796.3340,0.0000,1346796.3340,150395386.3723,8955.0376,0,0.000000,10.654822,36.018939,0.158165,-21.043693,7531129228,58638.58,128433,128433
962,-1288512.3516,0.0000,1288512.3516,145200082.3652,8874.0470,0,0.000000,10.376169,33.790651,0.089672,-20.133005,7502538940,58681.44,127852,127852
963,-1342742.9165,0.0000,1342742.9165,150888437.0409,8898.9120,0,0.000000,10.701729,33.402144,0.189529,-20.980358,7525113229,58684.04,128231,128231
964,-1344169.6825,0.0000,1344169.6825,152093699.9898,8837.7736,0,0.000000,10.456969,29.622024,0.115732,-21.002651,7509932817,58745.24,127839,127839
965,-1387374.0503,0.0000,1387374.0503,154527148.7855,8978.1897,0,0.000000,10.810094,41.566613,0.127624,-21.677720,7499418073,58691.00,127778,127778
966,-1327305.6038,0.0000,1327305.6038,147234476.6643,9014.9103,0,0.000000,10.814100,37.088190,0.187878,-20.739150,7505433593,58572.59,128139,128139
967,-1310748.8082,0.0000,1310748.8082,144648712.3556,9061.6003,0,0.000000,10.862434,43.356249,0.135733,-20.480450,7497177286,58594.13,127951,127951
968,-1338177.3520,0.0000,1338177.3520,147425399.8983,9076.9796,0,0.000000,10.820273,37.111727,0.098789,-20.909021,7504700215,58721.76,127801,127801
969,-1333292.0435,0.0000,1333292.0435,148266742.9056,8992.5226,0,0.000000,10.498875,31.182487,0.128211,-20.832688,7488452707,58534.18,127933,127933
97,-1291868.1325,0.0000,1291868.1325,143554836.9804,8999.1265,0,0.000000,10.782871,39.597867,0.151267,-20.185440,7507112371,58658.94,127979,127979
970,-1300154.0588,0.0000,1300154.0588,148178173.4145,8774.2616,0,0.000000,10.299461,32.271634,0.125563,-20.314907,7503734976,58701.35,127829,127829
971,-1297921.2524,0.0000,1297921.2524,146439772.5199,8863.1745,0,0.000000,10.588062,34.457732,0.114747,-20.280020,7510866008,58637.41,128090,128090
972,-1366081.1316,0.0000,1366081.1316,154813170.5969,8824.0627,0,0.000000,10.630155,29.437121,0.127615,-21.345018,7513654165,58761.94,127866,127866
973,-1390936.6519,0.0000,1390936.6519,153698243.1741,9049.7889,0,0.000000,10.703127,32.390117,0.202077,-21.733385,7509196662,58619.34,128101,128101
974,-1221620.5068,0.0000,1221620.5068,142046163.7019,8600.1654,0,0.000000,10.028777,32.075133,0.201315,-19.087820,7505132333,58726.52,127798,127798
975,-1426249.6023,0.0000,1426249.6023,157574289.3333,9051.2837,0,0.000000,11.054007,37.458717,0.127833,-22.285150,7511812084,58593.56,128202,128202
976,-1384350.3186,0.0000,1384350.3186,150348558.7152,9207.6062,0,0.000000,11.170411,46.979330,0.104911,-21.630474,7501165578,58705.59,127776,127776
977,-1327830.6182,0.0000,1327830.6182,147800592.9894,8983.9330,0,0.000000,10.763788,40.305719,0.107089,-20.747353,7484922614,58633.54,127656,127656
978,-1322892.5538,0.0000,1322892.5538,146744179.9475,9014.9576,0,0.000000,10.759449,26.810801,0.108901,-20.670196,7477103187,58634.29,127521,127521
979,-1420269.3074,0.0000,1420269.3074,156726182.1720,9062.1062,0,0.000000,10.984789,33.076190,0.146743,-22.191708,7546890280,58767.25,128420,128420
98,-1435142.8826,0.0000,1435142.8826,155445610.3197,9232.4439,0,0.000000,11.376543,34.688809,0.228032,-22.424108,7522834137,58671.76,128219,128219
980,-1354296.9666,0.0000,1354296.9666,150617824.0740,8991.6115,0,0.000000,10.742162,36.080322,0.150114,-21.160890,7521841863,58673.63,128198,128198
981,-1374460.2940,0.0000,1374460.2940,153085082.0299,8978.4078,0,0.000000,10.648168,33.879162,0.172950,-21.475942,7544969649,58713.43,128505,128505
982,-1369487.2927,0.0000,1369487.2927,153051289.0240,8947.8978,0,0.000000,10.699431,30.953792,0.109998,-21.398239,7506756870,58635.09,128025,128025
983,-1361719.4963,0.0000,1361719.4963,154087524.2792,8837.3118,0,0.000000,10.742049,32.571565,0.169914,-21.276867,7524348583,58738.54,128099,128099
984,-1439365.2302,0.0000,1439365.2302,158585846.5175,9076.2528,0,0.000000,11.034701,34.119286,0.129516,-22.490082,7515874772,58705.85,128026,128026
985,-1381592.8380,0.0000,1381592.8380,152705709.0143,9047.4210,0,0.000000,10.996081,34.223381,0.115616,-21.587388,7490035072,58660.72,127684,127684
986,-1286324.8927,0.0000,1286324.8927,142027379.4173,9056.8797,0,0.000000,10.484954,33.419772,0.129561,-20.098826,7506979936,58569.58,128172,128172
987,-1339115.9947,0.0000,1339115.9947,147228115.0386,9095.5182,0,0.000000,10.795940,32.173248,0.158283,-20.923687,7488895830,58540.38,127927,127927
988,-1300870.5357,0.0000,1300870.5357,146414826.6330,8884.8279,0,0.000000,10.688644,32.713225,0.099364,-20.326102,7483233752,58649.71,127592,127592
989,-1379707.2365,0.0000,1379707.2365,153250401.1530,9002.9600,0,0.000000,10.962396,36.894377,0.154840,-21.557926,7487069068,58647.59,127662,127662
99,-1341508.7726,0.0000,1341508.7726,149319589.3151,8984.1445,0,0.000000,10.699414,31.423439,0.171395,-20.961075,7505161469,58702.41,127851,127851
990,-1425267.0980,0.0000,1425267.0980,156236300.1366,9122.5093,0,0.000000,10.906756,31.499483,0.109939,-22.269798,7505833957,58649.41,127978,127978
991,-1274423.5224,0.0000,1274423.5224,142798114.1799,8924.6523,0,0.000000,10.611223,32.091568,0.110370,-19.912868,7482275005,58555.92,127780,127780
992,-1290409.4241,0.0000,1290409.4241,144838272.3968,8909.3125,0,0.000000,10.702097,39.392712,0.213225,-20.162647,7532052096,58664.04,128393,128393
993,-1300024.0657,0.0000,1300024.0657,149168031.7113,8715.1654,0,0.000000,10.342113,30.107422,0.147983,-20.312876,7521346759,58729.32,128068,128068
994,-1372162.6750,0.0000,1372162.6750,152261125.4633,9011.9042,0,0.000000,10.808522,43.263847,0.127319,-21.440042,7474299706,58615.52,127514,127514
995,-1339463.4034,0.0000,1339463.4034,149275047.6094,8973.1233,0,0.000000,10.679427,29.250397,0.097442,-20.929116,7485607912,58599.89,127741,127741
996,-1412445.1247,0.0000,1412445.1247,153818840.6638,9182.5235,0,0.000000,11.276977,40.421705,0.178246,-22.069455,7528344490,58711.99,128225,128225
997,-1392840.0723,0.0000,1392840.0723,152440789.1021,9136.9251,0,0.000000,11.272565,40.866503,0.155841,-21.763126,7493763502,58632.98,127808,127808
998,-1286213.5608,0.0000,1286213.5608,145649971.7939,8830.8535,0,0.000000,10.547987,28.951649,0.117538,-20.097087,7529967475,58740.68,128190,128190
999,-1397898.7397,0.0000,1397898.7397,157519677.4652,8874.4388,0,0.000000,10.739005,32.456646,0.191910,-21.842168,7547558388,58710.73,128555,128555
