seed,user_pnl,arb_profit,lp_profit_value,total_volume,lp_profit_per_1m_vol,arb_trade_count,intervention_rate,avg_spread_pct,max_spread_pct,rmse_price,impermanent_loss_pct,total_compute_units,avg_cu_per_swap,total_swaps,successful_swaps
100,-332239.2158,0.0000,332239.2158,34006275.0268,9769.9385,0,0.000000,7.921020,27.447033,0.067202,-5.191238,1830307539,57470.09,31848,31848
1000,-313419.5836,0.0000,313419.5836,33876821.4370,9251.7412,0,0.000000,7.327040,17.341505,0.050432,-4.897181,1837665416,57552.94,31930,31930
1001,-300359.3338,0.0000,300359.3338,33330159.2780,9011.6381,0,0.000000,7.017391,19.551678,0.049845,-4.693115,1840151383,57544.29,31978,31978
1002,-340116.2003,0.0000,340116.2003,35784027.7217,9504.6931,0,0.000000,7.622139,20.770205,0.065904,-5.314316,1833949707,57524.85,31881,31881
1003,-327565.9112,0.0000,327565.9112,35037338.4197,9349.0524,0,0.000000,7.414493,23.396872,0.070961,-5.118217,1839141911,57464.21,32005,32005
1004,-385288.1330,0.0000,385288.1330,38810221.5919,9927.4912,0,0.000000,8.415118,23.995466,0.087703,-6.020127,1844545621,57527.00,32064,32064
1005,-345643.9527,0.0000,345643.9527,35772007.0153,9662.4143,0,0.000000,7.974750,25.925311,0.066457,-5.400687,1828160055,57469.43,31811,31811
1006,-385204.2889,0.0000,385204.2889,39188645.3326,9829.4872,0,0.000000,8.028474,22.584782,0.073155,-6.018817,1854391737,57614.86,32186,32186
1007,-361816.4278,0.0000,361816.4278,37496271.9104,9649.3974,0,0.000000,7.876323,24.919131,0.056009,-5.653382,1855155168,57692.35,32156,32156
1008,-323511.8637,0.0000,323511.8637,34934503.7333,9260.5255,0,0.000000,7.480719,23.536240,0.066028,-5.054873,1842285516,57701.25,31928,31928
1009,-336803.1595,0.0000,336803.1595,34642045.8225,9722.3808,0,0.000000,7.990745,21.092819,0.074508,-5.262549,1841000880,57468.42,32035,32035
101,-334695.7312,0.0000,334695.7312,34875324.6495,9596.9209,0,0.000000,8.096716,25.473159,0.066932,-5.229621,1836431093,57544.92,31913,31913
1010,-358243.5718,0.0000,358243.5718,35952678.3134,9964.3083,0,0.000000,8.284085,27.409386,0.089210,-5.597556,1845047898,57621.73,32020,32020
1011,-353204.7612,0.0000,353204.7612,36526097.8909,9669.9287,0,0.000000,7.785862,19.582948,0.071649,-5.518824,1852381827,57581.03,32170,32170
1012,-398407.7375,0.0000,398407.7375,39177455.6715,10169.3112,0,0.000000,8.864577,27.827787,0.072855,-6.225121,1834466695,57571.76,31864,31864
1013,-353236.6106,0.0000,353236.6106,36300585.8060,9730.8791,0,0.000000,7.922470,22.422130,0.070413,-5.519322,1853801566,57592.94,32188,32188
1014,-346998.7138,0.0000,346998.7138,35991889.2215,9641.0253,0,0.000000,7.943016,18.291441,0.098776,-5.421855,1832254749,57403.26,31919,31919
1015,-376953.8391,0.0000,376953.8391,38012496.1558,9916.5768,0,0.000000,8.354099,27.513092,0.058336,-5.889904,1843149167,57670.50,31960,31960
1016,-333174.9584,0.0000,333174.9584,34668661.9216,9610.2630,0,0.000000,7.986848,20.289568,0.072144,-5.205859,1857336984,57595.42,32248,32248
1017,-388373.8398,0.0000,388373.8398,38286577.6886,10143.8641,0,0.000000,8.523108,23.950207,0.079891,-6.068341,1825142197,57490.23,31747,31747
1018,-314924.1289,0.0000,314924.1289,33381682.9149,9434.0399,0,0.000000,7.421816,21.291618,0.063518,-4.920690,1841864200,57477.43,32045,32045
1019,-360242.1315,0.0000,360242.1315,37475882.8201,9612.6390,0,0.000000,8.009305,21.683555,0.090382,-5.628783,1837207187,57571.04,31912,31912
102,-300377.7921,0.0000,300377.7921,33212383.4356,9044.1504,0,0.000000,7.073040,21.516860,0.064103,-4.693403,1835467544,57440.93,31954,31954
1020,-326068.3539,0.0000,326068.3539,35678859.1453,9138.9793,0,0.000000,7.377382,19.904606,0.058922,-5.094818,1834855064,57687.15,31807,31807
1021,-316556.7142,0.0000,316556.7142,34330602.0847,9220.8320,0,0.000000,7.263524,17.829872,0.062473,-4.946199,1835876732,57513.13,31921,31921
1022,-338822.6995,0.0000,338822.6995,36239935.8793,9349.4288,0,0.000000,7.696641,21.345869,0.060300,-5.294105,1837466081,57526.88,31941,31941
1023,-313114.2523,0.0000,313114.2523,33300724.9197,9402.6257,0,0.000000,7.367080,20.375979,0.093041,-4.892410,1839515964,57389.82,32053,32053
1024,-352664.4310,0.0000,352664.4310,37755165.4135,9340.8260,0,0.000000,7.729688,22.282546,0.102346,-5.510382,1838066028,57641.31,31888,31888
1025,-368404.1271,0.0000,368404.1271,37349445.3402,9863.7108,0,0.000000,8.215191,21.989463,0.060270,-5.756314,1848801119,57518.00,32143,32143
1026,-332343.8983,0.0000,332343.8983,35021424.6456,9489.7310,0,0.000000,7.709427,21.283609,0.075709,-5.192873,1834091212,57538.31,31876,31876
1027,-351381.9044,0.0000,351381.9044,36656072.1278,9585.9126,0,0.000000,7.985951,23.903170,0.067516,-5.490342,1836306114,57703.74,31823,31823
1028,-382279.2324,0.0000,382279.2324,37892693.8059,10088.4681,0,0.000000,8.572386,22.435571,0.067499,-5.973113,1840963962,57632.78,31943,31943
1029,-360792.6718,0.0000,360792.6718,37415454.4140,9642.8783,0,0.000000,7.995214,27.424381,0.066922,-5.637385,1838354497,57650.35,31888,31888
103,-344092.3666,0.0000,344092.3666,36309419.1820,9476.6695,0,0.000000,7.734759,20.825851,0.092811,-5.376443,1843103586,57670.88,31959,31959
1030,-359654.6975,0.0000,359654.6975,37901586.0152,9489.1728,0,0.000000,7.967327,19.664807,0.093755,-5.619605,1856044908,57662.64,32188,32188
1031,-336462.9596,0.0000,336462.9596,35522375.8914,9471.8597,0,0.000000,7.749051,23.030250,0.090431,-5.257234,1843885584,57619.62,32001,32001
1032,-331019.3425,0.0000,331019.3425,35516419.3228,9320.1778,0,0.000000,7.559190,23.068855,0.062644,-5.172177,1845122527,57640.27,32011,32011
1033,-353135.3641,0.0000,353135.3641,35884021.7623,9841.0197,0,0.000000,8.126777,26.811420,0.058151,-5.517740,1839638643,57449.21,32022,32022
1034,-301148.8827,0.0000,301148.8827,32668897.4794,9218.2138,0,0.000000,7.257225,21.097046,0.062395,-4.705451,1830541851,57344.21,31922,31922
1035,-333932.8717,0.0000,333932.8717,35490596.4899,9409.0521,0,0.000000,7.526002,20.153532,0.051914,-5.217701,1842332057,57563.88,32005,32005
1036,-362981.4333,0.0000,362981.4333,36961663.0124,9820.4844,0,0.000000,8.121280,25.373238,0.067909,-5.671585,1831435815,57579.65,31807,31807
1037,-331430.8142,0.0000,331430.8142,35260514.3035,9399.4889,0,0.000000,7.646906,19.493694,0.077159,-5.178606,1833229366,57460.80,31904,31904
1038,-344067.3712,0.0000,344067.3712,34886548.3805,9862.4653,0,0.000000,7.975432,20.335371,0.054625,-5.376053,1845065449,57425.01,32130,32130
1039,-341058.3602,0.0000,341058.3602,35538049.7535,9596.9915,0,0.000000,8.053628,24.648237,0.064917,-5.329037,1834000592,57595.09,31843,31843
104,-327068.7672,0.0000,327068.7672,34506311.4243,9478.5201,0,0.000000,7.884856,20.791763,0.105717,-5.110449,1838389622,57501.79,31971,31971
1040,-408213.2341,0.0000,408213.2341,40436820.2998,10095.0874,0,0.000000,8.618520,26.463024,0.082269,-6.378332,1845957547,57578.21,32060,32060
1041,-327066.3719,0.0000,327066.3719,34124390.3897,9584.5338,0,0.000000,7.688898,26.953935,0.062639,-5.110412,1850935066,57605.90,32131,32131
105,-325927.3172,0.0000,325927.3172,34422294.7132,9468.4948,0,0.000000,7.721622,18.069076,0.077445,-5.092614,1831896287,57431.62,31897,31897
106,-335995.8346,0.0000,335995.8346,35319427.6433,9513.0600,0,0.000000,7.476133,20.711575,0.054992,-5.249935,1845767253,57520.25,32089,32089
107,-306755.1844,0.0000,306755.1844,32775979.6065,9359.1462,0,0.000000,7.355715,22.064541,0.063832,-4.793050,1835687406,57393.93,31984,31984
108,-369690.8610,0.0000,369690.8610,38479612.2109,9607.4477,0,0.000000,8.040558,27.406176,0.064718,-5.776420,1852690229,57671.29,32125,32125
109,-355073.6423,0.0000,355073.6423,36732502.0809,9666.4704,0,0.000000,7.909985,23.633120,0.060441,-5.548026,1828503374,57444.11,31831,31831
110,-405965.5921,0.0000,405965.5921,40133481.4590,10115.3844,0,0.000000,8.415834,22.482756,0.073049,-6.343212,1838824815,57652.45,31895,31895
111,-337453.3171,0.0000,337453.3171,35472139.6355,9513.1932,0,0.000000,7.798700,17.864516,0.080769,-5.272708,1835313105,57473.87,31933,31933
112,-350963.9794,0.0000,350963.9794,36014410.4742,9745.0986,0,0.000000,8.175616,21.824213,0.069602,-5.483812,1842980020,57558.95,32019,32019
113,-325763.6765,0.0000,325763.6765,35086396.9016,9284.6147,0,0.000000,7.490774,28.812552,0.053031,-5.090057,1848432319,57685.99,32043,32043
114,-333586.0602,0.0000,333586.0602,34714207.8545,9609.4965,0,0.000000,7.806447,25.795041,0.082613,-5.212282,1847194487,57460.87,32147,32147
115,-352506.5284,0.0000,352506.5284,36097687.6294,9765.3493,0,0.000000,8.114754,22.454315,0.066541,-5.507915,1847909951,57549.36,32110,32110
116,-316285.1646,0.0000,316285.1646,33362202.0028,9480.3444,0,0.000000,7.716802,22.438690,0.071552,-4.941956,1845525199,57423.23,32139,32139
117,-344524.6515,0.0000,344524.6515,36362948.5335,9474.6071,0,0.000000,7.683203,22.130431,0.076292,-5.383198,1853524832,57636.27,32159,32159
118,-320788.3890,0.0000,320788.3890,34136501.9789,9397.2250,0,0.000000,7.525819,22.635999,0.058590,-5.012319,1831969753,57574.71,31819,31819
119,-317030.4910,0.0000,317030.4910,34776130.5125,9116.3245,0,0.000000,7.260532,18.161939,0.051797,-4.953601,1856087428,57678.29,32180,32180
120,-377331.6671,0.0000,377331.6671,37701686.7219,10008.3498,0,0.000000,8.489722,25.784531,0.070376,-5.895807,1828454123,57567.35,31762,31762
121,-368607.4961,0.0000,368607.4961,37261514.8852,9892.4453,0,0.000000,8.213210,26.864698,0.059292,-5.759492,1847606552,57595.52,32079,32079
122,-350347.5693,0.0000,350347.5693,36373794.0593,9631.8676,0,0.000000,7.930615,21.404667,0.077487,-5.474181,1853009576,57546.88,32200,32200
123,-352025.0768,0.0000,352025.0768,37070748.6230,9496.0337,0,0.000000,7.887330,22.184912,0.078616,-5.500392,1846068444,57518.88,32095,32095
124,-346845.6912,0.0000,346845.6912,36004738.4883,9633.3345,0,0.000000,8.034540,21.867522,0.064523,-5.419464,1829004122,57552.05,31780,31780
125,-366258.7016,0.0000,366258.7016,37674552.3937,9721.6471,0,0.000000,7.898580,22.430042,0.058082,-5.722792,1840503558,57641.83,31930,31930
126,-348355.8146,0.0000,348355.8146,36702973.8315,9491.2150,0,0.000000,7.813904,20.658231,0.054492,-5.443060,1840255993,57610.62,31943,31943
127,-362880.1191,0.0000,362880.1191,37085118.7741,9785.0602,0,0.000000,7.946079,20.974208,0.060510,-5.670002,1838439086,57474.57,31987,31987
128,-319267.5931,0.0000,319267.5931,33818840.8791,9440.5244,0,0.000000,7.554558,30.342214,0.056212,-4.988556,1836988868,57431.03,31986,31986
129,-361555.3265,0.0000,361555.3265,37302830.6195,9692.4368,0,0.000000,8.055310,21.546506,0.059413,-5.649302,1830103455,57564.90,31792,31792
130,-343637.8310,0.0000,343637.8310,36494932.0528,9416.0425,0,0.000000,7.664971,23.107486,0.096952,-5.369341,1849446895,57665.47,32072,32072
131,-337394.6648,0.0000,337394.6648,35109594.7330,9609.7567,0,0.000000,7.924778,24.970266,0.076082,-5.271792,1848411104,57448.67,32175,32175
132,-332867.4245,0.0000,332867.4245,34936000.0741,9527.9203,0,0.000000,7.531042,19.867431,0.071649,-5.201054,1853223541,57516.02,32221,32221
133,-323891.1038,0.0000,323891.1038,34712181.4688,9330.7620,0,0.000000,7.512033,19.768399,0.055111,-5.060798,1841017503,57618.22,31952,31952
134,-345739.8708,0.0000,345739.8708,36410036.4976,9495.7299,0,0.000000,7.650025,18.028615,0.066957,-5.402185,1850489461,57599.20,32127,32127
135,-390099.6274,0.0000,390099.6274,38886632.0109,10031.7155,0,0.000000,8.483263,24.553942,0.090163,-6.095307,1840492299,57609.00,31948,31948
136,-389619.3958,0.0000,389619.3958,38987258.5556,9993.5058,0,0.000000,8.316629,24.037611,0.085622,-6.087803,1840655970,57639.38,31934,31934
137,-336992.8348,0.0000,336992.8348,35646515.5906,9453.7384,0,0.000000,7.659108,20.865177,0.061632,-5.265513,1844560830,57588.54,32030,32030
138,-381528.1112,0.0000,381528.1112,38343307.9150,9950.3181,0,0.000000,8.258852,23.563013,0.103937,-5.961377,1846223122,57554.18,32078,32078
139,-423463.9308,0.0000,423463.9308,41765311.5702,10139.1302,0,0.000000,8.700933,25.234559,0.078989,-6.616624,1844056792,57691.68,31964,31964
140,-340170.9784,0.0000,340170.9784,35855022.0912,9487.4012,0,0.000000,7.758431,30.148361,0.071712,-5.315172,1844578196,57578.29,32036,32036
141,-349965.5782,0.0000,349965.5782,37163922.2832,9416.8095,0,0.000000,7.620777,21.962757,0.057628,-5.468212,1838109568,57530.82,31950,31950
142,-336900.2628,0.0000,336900.2628,35238741.7208,9560.5077,0,0.000000,7.887919,21.629049,0.057411,-5.264067,1833628694,57512.98,31882,31882
143,-374221.1719,0.0000,374221.1719,38614761.1771,9691.1430,0,0.000000,8.365655,24.380797,0.077161,-5.847206,1851984430,57609.87,32147,32147
144,-363090.9949,0.0000,363090.9949,36903757.3846,9838.8625,0,0.000000,8.077573,23.003124,0.058254,-5.673297,1834319328,57697.51,31792,31792
145,-346130.2484,0.0000,346130.2484,36410623.7509,9506.2982,0,0.000000,7.790471,20.788360,0.077550,-5.408285,1840855439,57564.51,31979,31979
146,-355866.9511,0.0000,355866.9511,35786994.3990,9944.0301,0,0.000000,8.242278,27.430860,0.073052,-5.560421,1847730950,57466.83,32153,32153
147,-387564.6372,0.0000,387564.6372,39232280.3323,9878.7181,0,0.000000,8.207273,23.416401,0.076924,-6.055697,1841458225,57613.99,31962,31962
148,-334652.7620,0.0000,334652.7620,35447911.1951,9440.6906,0,0.000000,7.721836,19.241437,0.060656,-5.228949,1848487851,57433.21,32185,32185
149,-355623.1578,0.0000,355623.1578,36340187.1160,9785.9474,0,0.000000,8.180334,25.520312,0.085865,-5.556612,1847774659,57660.07,32046,32046
150,-379776.1002,0.0000,379776.1002,38360840.6351,9900.0985,0,0.000000,8.284639,28.740975,0.059510,-5.934002,1834687727,57692.77,31801,31801
151,-353383.2497,0.0000,353383.2497,36108871.7158,9786.6046,0,0.000000,8.056385,22.012470,0.094163,-5.521613,1836063587,57351.90,32014,32014
152,-290176.7383,0.0000,290176.7383,31421238.6314,9235.0509,0,0.000000,7.194523,19.389370,0.052808,-4.534012,1837059920,57413.51,31997,31997
153,-353982.8072,0.0000,353982.8072,36666252.9700,9654.1855,0,0.000000,8.104542,21.448007,0.085944,-5.530981,1837095780,57553.13,31920,31920
154,-351570.5907,0.0000,351570.5907,36928915.2581,9520.1981,0,0.000000,7.778635,24.067770,0.063534,-5.493290,1836530862,57593.17,31888,31888
155,-384021.6370,0.0000,384021.6370,37944035.4594,10120.7379,0,0.000000,8.437040,38.601990,0.062014,-6.000338,1845256542,57630.05,32019,32019
156,-377258.0123,0.0000,377258.0123,37121108.2671,10162.8973,0,0.000000,8.248488,31.918674,0.063783,-5.894656,1834376751,57509.38,31897,31897
157,-354586.4948,0.0000,354586.4948,36822900.8632,9629.5101,0,0.000000,7.870654,28.076862,0.097536,-5.540414,1855863200,57676.70,32177,32177
158,-328929.3778,0.0000,328929.3778,34584768.4647,9510.8162,0,0.000000,7.718299,21.446998,0.054447,-5.139522,1844103019,57466.59,32090,32090
159,-367998.7759,0.0000,367998.7759,37548294.6791,9800.6788,0,0.000000,8.265732,30.032776,0.084916,-5.749981,1838921862,57561.64,31947,31947
160,-353341.1082,0.0000,353341.1082,37614848.8420,9393.6602,0,0.000000,7.674605,22.147794,0.067028,-5.520955,1839417974,57701.80,31878,31878
161,-355860.8346,0.0000,355860.8346,36328334.2555,9795.6827,0,0.000000,8.002399,23.020841,0.060630,-5.560326,1840531765,57410.77,32059,32059
162,-379817.1197,0.0000,379817.1197,37713342.2398,10071.1604,0,0.000000,8.324095,22.187791,0.062438,-5.934642,1837489160,57484.41,31965,31965
163,-325169.4821,0.0000,325169.4821,35083974.4949,9268.3194,0,0.000000,7.293719,23.652083,0.069506,-5.080773,1850182793,57693.81,32069,32069
164,-425528.6449,0.0000,425528.6449,41711454.7766,10201.7215,0,0.000000,8.741573,23.720985,0.085716,-6.648885,1849970496,57654.83,32087,32087
165,-371014.4874,0.0000,371014.4874,37818672.9304,9810.3518,0,0.000000,8.017430,20.578667,0.075510,-5.797101,1843434405,57569.55,32021,32021
166,-314742.0614,0.0000,314742.0614,33001203.6432,9537.2904,0,0.000000,7.977493,20.094526,0.087654,-4.917845,1824976645,57372.97,31809,31809
167,-342055.5173,0.0000,342055.5173,34859004.1568,9812.5442,0,0.000000,8.175609,21.430106,0.096705,-5.344617,1827462804,57353.76,31863,31863
168,-364844.9931,0.0000,364844.9931,36756901.9023,9925.8908,0,0.000000,8.133833,23.729642,0.131072,-5.700703,1830681117,57436.74,31873,31873
169,-300595.5284,0.0000,300595.5284,31959335.5538,9405.5625,0,0.000000,7.486116,19.457558,0.109692,-4.696805,1832124310,57400.97,31918,31918
170,-299630.9014,0.0000,299630.9014,31560202.0239,9493.9475,0,0.000000,7.531632,20.676505,0.053393,-4.681733,1837997508,57324.56,32063,32063
171,-374101.6221,0.0000,374101.6221,38063353.9237,9828.3935,0,0.000000,8.422815,22.151787,0.078092,-5.845338,1839472982,57569.89,31952,31952
172,-331041.6165,0.0000,331041.6165,34454932.5020,9607.9601,0,0.000000,7.713834,24.709667,0.075339,-5.172525,1850305899,57548.70,32152,32152
173,-377590.9092,0.0000,377590.9092,38672419.1425,9763.8296,0,0.000000,8.032752,25.181329,0.074514,-5.899858,1857172591,57681.54,32197,32197
174,-357855.2171,0.0000,357855.2171,37410454.4089,9565.6474,0,0.000000,7.982288,23.133923,0.089826,-5.591488,1847212976,57692.95,32018,32018
175,-331052.4567,0.0000,331052.4567,34706735.9212,9538.5650,0,0.000000,7.713570,22.418691,0.069835,-5.172695,1834045993,57351.57,31979,31979
176,-302194.9398,0.0000,302194.9398,32557187.1224,9281.9732,0,0.000000,7.392308,19.896452,0.082770,-4.721796,1830231183,57428.03,31870,31870
177,-277597.0493,0.0000,277597.0493,31415866.6141,8836.2054,0,0.000000,6.791357,16.781315,0.060444,-4.337454,1846152217,57492.83,32111,32111
178,-349074.8585,0.0000,349074.8585,37198290.5729,9384.1640,0,0.000000,7.476969,20.552637,0.064074,-5.454295,1839526464,57723.31,31868,31868
179,-331304.6639,0.0000,331304.6639,35957783.4796,9213.7121,0,0.000000,7.208264,23.848002,0.099956,-5.176635,1851220378,57713.57,32076,32076
180,-354689.0977,0.0000,354689.0977,36882852.1903,9616.6396,0,0.000000,7.928125,27.828332,0.058148,-5.542017,1853851437,57585.54,32193,32193
181,-324616.9873,0.0000,324616.9873,34720610.5384,9349.4032,0,0.000000,7.361433,22.432886,0.083414,-5.072140,1842555471,57623.08,31976,31976
182,-345650.4883,0.0000,345650.4883,35879252.6642,9633.7148,0,0.000000,7.988331,26.044045,0.084627,-5.400789,1854616640,57657.67,32166,32166
183,-353438.4516,0.0000,353438.4516,35039451.9762,10086.8716,0,0.000000,8.401203,22.603389,0.059913,-5.522476,1844564552,57329.12,32175,32175
184,-312458.6432,0.0000,312458.6432,33486219.0826,9330.9622,0,0.000000,7.388195,24.403627,0.053641,-4.882166,1845720189,57576.20,32057,32057
185,-331506.2240,0.0000,331506.2240,34653486.9950,9566.3165,0,0.000000,7.916162,21.604066,0.062245,-5.179785,1844691876,57510.03,32076,32076
186,-381025.6996,0.0000,381025.6996,37751790.8423,10092.9172,0,0.000000,8.632503,23.508580,0.059691,-5.953527,1839402211,57506.48,31986,31986
187,-343654.6226,0.0000,343654.6226,35797688.9657,9599.9108,0,0.000000,7.847438,22.042308,0.069755,-5.369603,1835575101,57431.72,31961,31961
188,-398324.3730,0.0000,398324.3730,39923075.0066,9977.2969,0,0.000000,8.588607,21.479770,0.067871,-6.223818,1827805388,57621.30,31721,31721
189,-352135.2214,0.0000,352135.2214,36271910.4636,9708.2072,0,0.000000,8.025157,23.867186,0.081428,-5.502113,1840799154,57555.55,31983,31983
190,-331694.8339,0.0000,331694.8339,35625365.5320,9310.6366,0,0.000000,7.386663,20.792939,0.084990,-5.182732,1834788844,57515.09,31901,31901
191,-370777.1715,0.0000,370777.1715,37137940.4433,9983.7839,0,0.000000,8.643800,25.413659,0.079843,-5.793393,1853407037,57573.53,32192,32192
192,-309929.9088,0.0000,309929.9088,33787853.4049,9172.8203,0,0.000000,7.381365,22.449590,0.083072,-4.842655,1851136695,57594.25,32141,32141
193,-364805.6623,0.0000,364805.6623,37211269.1085,9803.6340,0,0.000000,8.036926,28.130766,0.080568,-5.700088,1849619483,57670.85,32072,32072
194,-328985.7421,0.0000,328985.7421,33734123.0284,9752.3135,0,0.000000,7.796822,27.574769,0.082786,-5.140402,1832494028,57392.78,31929,31929
195,-350410.0756,0.0000,350410.0756,36089503.2711,9709.4735,0,0.000000,7.998704,19.261853,0.093451,-5.475157,1849850760,57530.97,32154,32154
196,-340640.9876,0.0000,340640.9876,34848989.4532,9774.7738,0,0.000000,8.206834,29.243576,0.070453,-5.322515,1837234589,57384.89,32016,32016
197,-332469.1047,0.0000,332469.1047,34056196.7516,9762.3674,0,0.000000,8.032261,22.820353,0.081819,-5.194830,1838647397,57527.84,31961,31961
198,-353764.8799,0.0000,353764.8799,36852183.4736,9599.5636,0,0.000000,7.911335,20.599038,0.072651,-5.527576,1831638177,57551.63,31826,31826
199,-311936.8378,0.0000,311936.8378,34224183.6302,9114.5151,0,0.000000,7.262774,16.942498,0.061895,-4.874013,1842739264,57628.82,31976,31976
200,-328814.9757,0.0000,328814.9757,33976294.1875,9677.7763,0,0.000000,8.065169,22.048830,0.074064,-5.137734,1834150063,57354.83,31979,31979
201,-383833.1749,0.0000,383833.1749,38782169.9033,9897.1557,0,0.000000,8.421378,20.760557,0.097630,-5.997393,1854194373,57603.35,32189,32189
202,-369462.9843,0.0000,369462.9843,38949771.9900,9485.6264,0,0.000000,7.696673,23.340007,0.072683,-5.772859,1849419741,57680.81,32063,32063
203,-375216.7325,0.0000,375216.7325,36813401.7296,10192.3950,0,0.000000,8.625754,24.624498,0.062439,-5.862761,1841788637,57387.32,32094,32094
204,-351577.9252,0.0000,351577.9252,35784310.4406,9824.9183,0,0.000000,8.124911,23.555047,0.074895,-5.493405,1836245247,57595.05,31882,31882
205,-321447.9710,0.0000,321447.9710,34321703.3324,9365.7348,0,0.000000,7.317193,22.656729,0.066629,-5.022625,1856871865,57434.95,32330,32330
206,-411864.4080,0.0000,411864.4080,41251992.9872,9984.1093,0,0.000000,8.631072,27.986694,0.088504,-6.435381,1854091969,57594.81,32192,32192
207,-330348.8771,0.0000,330348.8771,35170146.2560,9392.8775,0,0.000000,7.724102,19.832996,0.063953,-5.161701,1839044081,57588.90,31934,31934
208,-361171.2759,0.0000,361171.2759,36492627.8699,9897.1024,0,0.000000,8.393939,26.139617,0.095094,-5.643301,1836357416,57343.16,32024,32024
209,-333798.1583,0.0000,333798.1583,35940410.2577,9287.5445,0,0.000000,7.619134,21.362284,0.060506,-5.215596,1848185770,57671.10,32047,32047
210,-398412.9591,0.0000,398412.9591,38997387.4974,10216.4013,0,0.000000,8.759087,23.278513,0.069763,-6.225202,1847677747,57671.44,32038,32038
211,-351377.0621,0.0000,351377.0621,36777083.5598,9554.2394,0,0.000000,7.872777,19.826526,0.063712,-5.490267,1850806614,57702.47,32075,32075
212,-317241.8247,0.0000,317241.8247,34020386.7681,9325.0505,0,0.000000,7.483101,18.197900,0.052290,-4.956904,1842649864,57458.91,32069,32069
213,-379071.9385,0.0000,379071.9385,37479992.6940,10113.9811,0,0.000000,8.385505,24.640738,0.093218,-5.922999,1831816484,57405.72,31910,31910
214,-356901.4287,0.0000,356901.4287,36485369.9478,9782.0422,0,0.000000,8.136480,20.499415,0.056400,-5.576585,1830713139,57537.03,31818,31818
215,-357346.2305,0.0000,357346.2305,36476269.7949,9796.6769,0,0.000000,7.965254,25.131057,0.055857,-5.583535,1852295495,57623.13,32145,32145
216,-306006.4827,0.0000,306006.4827,33124568.2110,9238.0520,0,0.000000,7.183064,18.953710,0.079383,-4.781351,1832866458,57444.02,31907,31907
217,-343568.9420,0.0000,343568.9420,35465670.9121,9687.3662,0,0.000000,7.774582,20.550067,0.069778,-5.368265,1826363345,57476.19,31776,31776
218,-311185.4174,0.0000,311185.4174,34152378.9105,9111.6762,0,0.000000,7.144177,20.866850,0.070474,-4.862272,1840708249,57630.19,31940,31940
219,-340641.0275,0.0000,340641.0275,35943460.4601,9477.1350,0,0.000000,7.493190,19.765440,0.053972,-5.322516,1838161450,57651.53,31884,31884
220,-351188.9266,0.0000,351188.9266,36188154.6802,9704.5271,0,0.000000,8.234214,23.296308,0.097858,-5.487327,1845227573,57499.85,32091,32091
221,-361344.9549,0.0000,361344.9549,36281918.9128,9959.3672,0,0.000000,8.306475,30.885783,0.061403,-5.646015,1844031950,57523.53,32057,32057
222,-351035.4516,0.0000,351035.4516,36794184.1329,9540.5146,0,0.000000,8.008738,19.582372,0.055972,-5.484929,1848119946,57514.70,32133,32133
223,-319337.2586,0.0000,319337.2586,34445948.3793,9270.6769,0,0.000000,7.499032,24.044297,0.080624,-4.989645,1837764971,57644.52,31881,31881
224,-349045.1764,0.0000,349045.1764,36966497.3590,9442.2031,0,0.000000,7.748070,19.904150,0.070048,-5.453831,1843221515,57577.28,32013,32013
225,-373870.9440,0.0000,373870.9440,37720520.9355,9911.6061,0,0.000000,8.284442,24.738185,0.065641,-5.841733,1835627286,57561.22,31890,31890
226,-326062.8020,0.0000,326062.8020,34417070.6901,9473.8685,0,0.000000,7.608356,23.874195,0.067059,-5.094731,1842753529,57489.04,32054,32054
227,-343116.1510,0.0000,343116.1510,35048447.0071,9789.7676,0,0.000000,8.013919,21.740639,0.098072,-5.361190,1834549372,57374.49,31975,31975
228,-356970.0206,0.0000,356970.0206,36591749.1911,9755.4784,0,0.000000,8.025520,22.592373,0.057537,-5.577657,1839779380,57676.95,31898,31898
229,-336547.4274,0.0000,336547.4274,36236926.2208,9287.4165,0,0.000000,7.524982,18.731465,0.058842,-5.258554,1851008492,57723.16,32067,32067
230,-287300.7813,0.0000,287300.7813,31248574.5157,9194.0444,0,0.000000,7.255273,19.424731,0.058964,-4.489075,1844926221,57443.92,32117,32117
231,-357781.2129,0.0000,357781.2129,36270181.4100,9864.3348,0,0.000000,8.275511,22.778020,0.058233,-5.590331,1858633216,57471.65,32340,32340
232,-353918.3269,0.0000,353918.3269,35661462.4729,9924.3918,0,0.000000,8.088437,23.426132,0.074084,-5.529974,1832560557,57551.68,31842,31842
233,-314157.9792,0.0000,314157.9792,33328695.9332,9426.0507,0,0.000000,7.540440,23.287640,0.068868,-4.908718,1832871011,57400.99,31931,31931
234,-337160.9222,0.0000,337160.9222,34979821.3156,9638.7263,0,0.000000,7.705750,20.305658,0.054263,-5.268139,1837619530,57456.13,31983,31983
235,-375372.7702,0.0000,375372.7702,37921581.2671,9898.6582,0,0.000000,8.205127,26.832767,0.078492,-5.865200,1838620162,57705.74,31862,31862
236,-391058.6939,0.0000,391058.6939,38728078.6734,10097.5496,0,0.000000,8.385363,21.637254,0.069668,-6.110292,1842678999,57574.72,32005,32005
237,-348326.2327,0.0000,348326.2327,35535422.4063,9802.2258,0,0.000000,7.828864,30.113332,0.069926,-5.442597,1834761851,57465.61,31928,31928
238,-359490.2097,0.0000,359490.2097,37101649.5709,9689.3323,0,0.000000,7.823086,21.503156,0.088446,-5.617035,1842835204,57633.63,31975,31975
239,-339845.4495,0.0000,339845.4495,36252848.0286,9374.3104,0,0.000000,7.722392,22.804292,0.077760,-5.310085,1850299621,57674.07,32082,32082
240,-348625.2863,0.0000,348625.2863,34999123.2374,9960.9720,0,0.000000,8.196896,22.719839,0.074275,-5.447270,1825547985,57432.45,31786,31786
241,-346053.1306,0.0000,346053.1306,36254547.1866,9545.0959,0,0.000000,7.700995,21.255620,0.054075,-5.407080,1843309344,57612.42,31995,31995
242,-359654.4545,0.0000,359654.4545,37505050.4111,9589.4940,0,0.000000,7.814785,17.303259,0.083881,-5.619601,1847818219,57587.75,32087,32087
243,-358155.0857,0.0000,358155.0857,37329386.3563,9594.4541,0,0.000000,7.682486,18.822676,0.092637,-5.596173,1847868832,57558.83,32104,32104
244,-355101.3531,0.0000,355101.3531,37376687.6468,9500.6106,0,0.000000,7.848848,22.035029,0.082148,-5.548459,1834623311,57687.11,31803,31803
245,-398528.8402,0.0000,398528.8402,39360317.5886,10125.1429,0,0.000000,8.627485,28.579606,0.065440,-6.227013,1842383466,57560.09,32008,32008
246,-350945.8252,0.0000,350945.8252,36344918.6266,9655.9805,0,0.000000,7.865955,32.396457,0.061144,-5.483529,1832325669,57522.62,31854,31854
247,-337867.1052,0.0000,337867.1052,35311695.6387,9568.1360,0,0.000000,7.872926,21.039093,0.054899,-5.279174,1840509992,57546.51,31983,31983
248,-342927.1138,0.0000,342927.1138,35728873.7495,9598.0387,0,0.000000,7.800547,24.704367,0.094480,-5.358236,1831765553,57479.78,31868,31868
249,-352972.3061,0.0000,352972.3061,36569946.2103,9651.9777,0,0.000000,7.993598,24.660602,0.070708,-5.515192,1857249939,57617.73,32234,32234
250,-347745.6041,0.0000,347745.6041,36021469.1029,9653.8429,0,0.000000,7.869591,22.716385,0.082981,-5.433525,1844102081,57482.69,32081,32081
251,-370504.9356,0.0000,370504.9356,37136760.5472,9976.7705,0,0.000000,8.339060,24.149098,0.058939,-5.789140,1843019602,57632.18,31979,31979
252,-343382.1170,0.0000,343382.1170,35967404.0154,9547.0364,0,0.000000,7.796922,19.959773,0.079155,-5.365346,1838395306,57512.76,31965,31965
253,-324508.5488,0.0000,324508.5488,34618529.9799,9373.8396,0,0.000000,7.318438,21.846324,0.064989,-5.070446,1844945801,57466.00,32105,32105
254,-343029.0586,0.0000,343029.0586,36065856.8272,9511.1856,0,0.000000,7.818619,18.114334,0.082579,-5.359829,1839432684,57514.62,31982,31982
255,-325845.3318,0.0000,325845.3318,34883803.9030,9340.8773,0,0.000000,7.394910,19.128937,0.055071,-5.091333,1845559373,57526.32,32082,32082
256,-348272.5008,0.0000,348272.5008,36397524.9441,9568.5765,0,0.000000,7.919442,21.191366,0.070263,-5.441758,1835118068,57664.59,31824,31824
257,-361003.4742,0.0000,361003.4742,37634315.4819,9592.4018,0,0.000000,7.894159,26.421375,0.085994,-5.640679,1842271212,57556.59,32008,32008
258,-338622.5453,0.0000,338622.5453,35432566.0800,9556.8169,0,0.000000,7.784080,24.396631,0.067020,-5.290977,1831259293,57498.17,31849,31849
259,-340775.3776,0.0000,340775.3776,35577897.9760,9578.2887,0,0.000000,7.462973,23.910704,0.061673,-5.324615,1840420259,57482.60,32017,32017
260,-311717.5689,0.0000,311717.5689,33578280.0803,9283.3096,0,0.000000,7.457556,20.474815,0.053337,-4.870587,1839867593,57501.25,31997,31997
261,-309795.8435,0.0000,309795.8435,33738543.1733,9182.2531,0,0.000000,7.087515,19.938677,0.095007,-4.840560,1855507012,57585.10,32222,32222
262,-336427.6723,0.0000,336427.6723,35095166.5104,9586.1540,0,0.000000,7.869658,20.150346,0.086438,-5.256682,1841306425,57560.61,31989,31989
263,-360982.7910,0.0000,360982.7910,36911412.8095,9779.7067,0,0.000000,7.964542,20.025960,0.082024,-5.640356,1843855990,57593.50,32015,32015
264,-335436.2032,0.0000,335436.2032,35432536.0490,9466.8980,0,0.000000,7.742642,24.013829,0.059961,-5.241191,1854878677,57647.90,32176,32176
265,-368444.6369,0.0000,368444.6369,37082593.5298,9935.7839,0,0.000000,8.204290,21.959221,0.112290,-5.756947,1829361525,57416.95,31861,31861
266,-354643.1468,0.0000,354643.1468,36795074.9892,9638.3319,0,0.000000,8.104432,22.844928,0.060563,-5.541299,1829144722,57529.32,31795,31795
267,-343831.3877,0.0000,343831.3877,36800745.8509,9343.0549,0,0.000000,7.487622,20.013783,0.056223,-5.372365,1838585232,57585.36,31928,31928
268,-344339.1384,0.0000,344339.1384,36633684.6196,9399.5224,0,0.000000,7.575488,18.083693,0.058747,-5.380299,1858276537,57653.16,32232,32232
269,-356220.1667,0.0000,356220.1667,36180103.3840,9845.7476,0,0.000000,8.120973,22.358921,0.086655,-5.565940,1837607073,57533.10,31940,31940
270,-346288.8615,0.0000,346288.8615,36810608.7551,9407.3115,0,0.000000,7.764719,19.155239,0.057689,-5.410763,1838537931,57565.84,31938,31938
271,-337405.7353,0.0000,337405.7353,35413727.0265,9527.5410,0,0.000000,7.675316,19.572315,0.059711,-5.271965,1835939400,57657.79,31842,31842
272,-355913.3712,0.0000,355913.3712,36734233.9247,9688.8742,0,0.000000,8.030423,22.884220,0.078166,-5.561146,1841894504,57553.81,32003,32003
273,-334900.6528,0.0000,334900.6528,34488489.3383,9710.5051,0,0.000000,7.864048,28.584201,0.065477,-5.232823,1837077138,57489.51,31955,31955
274,-325215.4697,0.0000,325215.4697,34948293.8834,9305.6179,0,0.000000,7.556105,26.005600,0.069605,-5.081492,1837996175,57556.09,31934,31934
275,-302010.0757,0.0000,302010.0757,32889423.2108,9182.5896,0,0.000000,7.377142,24.063360,0.051641,-4.718907,1845429124,57621.04,32027,32027
276,-333155.3613,0.0000,333155.3613,36247432.9067,9191.1436,0,0.000000,7.426874,23.315983,0.052424,-5.205553,1844017708,57797.14,31905,31905
277,-377911.5453,0.0000,377911.5453,37843632.3151,9986.1330,0,0.000000,8.270380,27.324555,0.068362,-5.904868,1848962081,57514.06,32148,32148
278,-331846.4382,0.0000,331846.4382,35891084.1577,9245.9296,0,0.000000,7.434839,23.019324,0.087756,-5.185101,1847592999,57701.22,32020,32020
279,-340884.5112,0.0000,340884.5112,36358386.2609,9375.6777,0,0.000000,7.486733,24.675976,0.071738,-5.326320,1835669323,57625.78,31855,31855
280,-324225.1948,0.0000,324225.1948,34759541.8518,9327.6602,0,0.000000,7.661221,21.869472,0.054997,-5.066019,1838942467,57519.08,31971,31971
281,-362078.8802,0.0000,362078.8802,37298964.1039,9707.4782,0,0.000000,8.043403,31.297420,0.061278,-5.657483,1849748274,57565.38,32133,32133
282,-308814.5529,0.0000,308814.5529,32594257.8056,9474.5079,0,0.000000,7.667711,20.819983,0.059377,-4.825227,1832639768,57499.99,31872,31872
283,-321809.4428,0.0000,321809.4428,33949611.4927,9479.0317,0,0.000000,7.613105,23.869821,0.080061,-5.028273,1829144161,57330.96,31905,31905
284,-381942.0186,0.0000,381942.0186,39489606.7893,9671.9631,0,0.000000,8.066458,22.141061,0.084552,-5.967844,1845176526,57564.63,32054,32054
285,-342688.1909,0.0000,342688.1909,36392775.0935,9416.3798,0,0.000000,7.637832,20.964861,0.075864,-5.354503,1855693368,57705.50,32158,32158
286,-335808.4574,0.0000,335808.4574,35105182.1526,9565.7802,0,0.000000,7.619504,21.702576,0.091969,-5.247007,1830664914,57443.44,31869,31869
287,-373078.7841,0.0000,373078.7841,38087101.5783,9795.4102,0,0.000000,8.192790,25.095707,0.066328,-5.829356,1851801825,57695.72,32096,32096
288,-370819.3959,0.0000,370819.3959,37122609.9959,9989.0443,0,0.000000,8.533960,20.884358,0.070306,-5.794053,1833637369,57378.27,31957,31957
289,-372513.1471,0.0000,372513.1471,38382528.9082,9705.2789,0,0.000000,7.974848,20.957018,0.060540,-5.820518,1850435910,57712.50,32063,32063
290,-404935.0520,0.0000,404935.0520,40442873.2707,10012.5194,0,0.000000,8.578821,27.726649,0.067324,-6.327110,1857824544,57714.34,32190,32190
291,-329321.2414,0.0000,329321.2414,35729750.2805,9217.0037,0,0.000000,7.356263,19.604272,0.051339,-5.145644,1845525438,57645.65,32015,32015
292,-320603.5609,0.0000,320603.5609,33830216.1235,9476.8405,0,0.000000,7.550517,22.074410,0.111602,-5.009431,1839715515,57510.88,31989,31989
293,-333417.0043,0.0000,333417.0043,34408859.7357,9689.8591,0,0.000000,8.007611,22.824402,0.064065,-5.209641,1831163264,57432.04,31884,31884
294,-356482.7562,0.0000,356482.7562,36584005.5469,9744.2243,0,0.000000,8.136880,21.910415,0.056387,-5.570043,1837867836,57453.12,31989,31989
295,-365718.0220,0.0000,365718.0220,37601278.3672,9726.2125,0,0.000000,8.252629,23.903774,0.072863,-5.714344,1850023081,57672.64,32078,32078
296,-362235.7210,0.0000,362235.7210,35871593.2616,10098.1219,0,0.000000,8.351929,25.942505,0.065332,-5.659933,1839449266,57585.36,31943,31943
297,-353052.5908,0.0000,353052.5908,36004699.3918,9805.7364,0,0.000000,8.124367,23.470242,0.074233,-5.516447,1838871370,57292.85,32096,32096
298,-379813.6504,0.0000,379813.6504,38649710.6785,9827.0762,0,0.000000,8.123846,21.224708,0.056926,-5.934588,1841732291,57609.94,31969,31969
299,-348075.0578,0.0000,348075.0578,35750837.0526,9736.1373,0,0.000000,8.035585,30.534073,0.061475,-5.438673,1822813860,57541.95,31678,31678
300,-348632.8270,0.0000,348632.8270,36442248.1148,9566.7212,0,0.000000,7.949461,20.303573,0.082911,-5.447388,1838855627,57610.06,31919,31919
301,-363860.0130,0.0000,363860.0130,37446654.5896,9716.7562,0,0.000000,8.060712,24.362345,0.072383,-5.685313,1846529063,57576.29,32071,32071
302,-366743.9888,0.0000,366743.9888,37592758.6681,9755.7083,0,0.000000,7.928276,24.422834,0.056267,-5.730375,1856728708,57562.27,32256,32256
303,-380954.7252,0.0000,380954.7252,37871507.3122,10059.1382,0,0.000000,8.448534,28.333200,0.093393,-5.952418,1841989155,57538.79,32013,32013
304,-340872.5296,0.0000,340872.5296,35587975.4080,9578.3063,0,0.000000,7.718078,19.663660,0.060128,-5.326133,1823405134,57558.80,31679,31679
305,-316816.6107,0.0000,316816.6107,34290528.2962,9239.1872,0,0.000000,7.544545,23.150418,0.051623,-4.950260,1849099466,57618.70,32092,32092
306,-367269.4759,0.0000,367269.4759,37748267.6534,9729.4392,0,0.000000,7.966154,26.987780,0.081148,-5.738586,1834928279,57586.25,31864,31864
307,-296931.4099,0.0000,296931.4099,32434855.7861,9154.7011,0,0.000000,7.227358,19.723947,0.060458,-4.639553,1855703290,57503.74,32271,32271
308,-366976.0303,0.0000,366976.0303,37588712.2019,9762.9317,0,0.000000,8.081480,21.471685,0.096386,-5.734000,1842842804,57486.44,32057,32057
309,-362542.0283,0.0000,362542.0283,36717087.8111,9873.9320,0,0.000000,8.047613,25.481104,0.092268,-5.664719,1841372573,57587.88,31975,31975
310,-364646.1943,0.0000,364646.1943,37433061.9595,9741.2869,0,0.000000,8.052299,21.585180,0.093810,-5.697597,1833278525,57739.24,31751,31751
311,-324946.2268,0.0000,324946.2268,34441416.2743,9434.7522,0,0.000000,7.716744,30.794299,0.075903,-5.077285,1842989775,57629.45,31980,31980
312,-365544.3603,0.0000,365544.3603,37817470.6614,9666.0182,0,0.000000,7.940237,20.743711,0.078469,-5.711631,1846186870,57578.18,32064,32064
313,-304645.2129,0.0000,304645.2129,33528680.0625,9086.1081,0,0.000000,7.142103,18.432396,0.065729,-4.760081,1834125156,57357.64,31977,31977
314,-356657.5618,0.0000,356657.5618,36004020.5323,9906.0482,0,0.000000,8.498687,22.589901,0.062183,-5.572774,1832131275,57484.04,31872,31872
315,-346044.0891,0.0000,346044.0891,35398343.1748,9775.7143,0,0.000000,8.026148,28.749040,0.067583,-5.406939,1850923011,57548.21,32163,32163
316,-393466.3312,0.0000,393466.3312,38345071.5724,10261.1969,0,0.000000,8.604122,27.791100,0.065363,-6.147911,1829274516,57495.43,31816,31816
317,-333370.8775,0.0000,333370.8775,35252079.3941,9456.7720,0,0.000000,7.655539,22.477845,0.083189,-5.208920,1837207794,57518.79,31941,31941
318,-369063.2211,0.0000,369063.2211,37875081.1148,9744.2226,0,0.000000,8.283891,19.153630,0.084509,-5.766613,1838190307,57526.14,31954,31954
319,-331590.2954,0.0000,331590.2954,34942234.4403,9489.6706,0,0.000000,7.784558,19.149376,0.070083,-5.181098,1842554927,57527.71,32029,32029
320,-392518.7175,0.0000,392518.7175,39384804.6878,9966.2477,0,0.000000,8.290807,22.393871,0.113694,-6.133105,1860025581,57632.32,32274,32274
321,-375355.1886,0.0000,375355.1886,38598290.3891,9724.6584,0,0.000000,8.107017,30.422602,0.075515,-5.864925,1842003549,57533.84,32016,32016
322,-362936.0080,0.0000,362936.0080,36651617.3561,9902.3190,0,0.000000,8.181682,25.609731,0.077506,-5.670875,1841689784,57556.40,31998,31998
323,-317716.7868,0.0000,317716.7868,34310570.8792,9260.0262,0,0.000000,7.337109,21.552243,0.061572,-4.964325,1839104305,57500.76,31984,31984
324,-341341.0229,0.0000,341341.0229,35493158.9788,9617.0933,0,0.000000,7.822121,22.421060,0.057647,-5.333453,1834020547,57500.02,31896,31896
325,-367973.5485,0.0000,367973.5485,37433054.5371,9830.1769,0,0.000000,7.915751,28.160584,0.090746,-5.749587,1857782274,57559.25,32276,32276
326,-412294.9632,0.0000,412294.9632,40313671.2676,10227.1748,0,0.000000,8.881429,24.070207,0.071957,-6.442109,1835910232,57600.80,31873,31873
327,-308201.6266,0.0000,308201.6266,33324494.2558,9248.5012,0,0.000000,7.362607,22.321133,0.060057,-4.815650,1844798132,57610.33,32022,32022
328,-325013.8846,0.0000,325013.8846,34938100.6155,9302.5631,0,0.000000,7.580459,21.039366,0.087478,-5.078342,1836156927,57399.64,31989,31989
329,-353572.5279,0.0000,353572.5279,36339126.7858,9729.8025,0,0.000000,7.952548,27.023347,0.061861,-5.524571,1845361327,57561.41,32059,32059
330,-356067.3279,0.0000,356067.3279,37411591.5235,9517.5670,0,0.000000,7.886290,23.497368,0.088872,-5.563552,1845590014,57622.47,32029,32029
331,-318147.6357,0.0000,318147.6357,34018158.7332,9352.2885,0,0.000000,7.714471,18.943394,0.058045,-4.971057,1831401388,57446.72,31880,31880
332,-358837.2318,0.0000,358837.2318,37447318.6768,9582.4546,0,0.000000,7.959421,25.912250,0.076011,-5.606832,1838929971,57672.02,31886,31886
333,-318946.8773,0.0000,318946.8773,34893443.0894,9140.5963,0,0.000000,7.272064,18.835900,0.057477,-4.983545,1847620536,57642.67,32053,32053
334,-396732.6746,0.0000,396732.6746,39492196.7676,10045.8497,0,0.000000,8.529043,29.996638,0.060765,-6.198948,1834630665,57618.50,31841,31841
335,-323995.5251,0.0000,323995.5251,33962891.1052,9539.6921,0,0.000000,7.793355,21.334011,0.069367,-5.062430,1825523525,57446.14,31778,31778
336,-362797.9022,0.0000,362797.9022,37144680.0432,9767.1565,0,0.000000,7.929949,21.676094,0.075157,-5.668717,1837366031,57557.99,31922,31922
337,-366548.9204,0.0000,366548.9204,37514511.9545,9770.8567,0,0.000000,8.048452,22.657342,0.058887,-5.727327,1846827401,57612.53,32056,32056
338,-321315.1857,0.0000,321315.1857,33531334.1210,9582.5351,0,0.000000,7.635848,23.522348,0.057672,-5.020550,1834140151,57352.73,31980,31980
339,-333034.7147,0.0000,333034.7147,35454877.5270,9393.1988,0,0.000000,7.521598,19.871125,0.074850,-5.203667,1847207286,57656.76,32038,32038
340,-343578.2322,0.0000,343578.2322,35899418.7552,9570.5792,0,0.000000,7.700865,19.799946,0.076782,-5.368410,1832597026,57605.29,31813,31813
341,-373881.2470,0.0000,373881.2470,37744264.2404,9905.6441,0,0.000000,8.247137,26.181606,0.093674,-5.841894,1837694233,57498.02,31961,31961
342,-377648.9452,0.0000,377648.9452,38038891.8196,9927.9692,0,0.000000,8.244446,24.506886,0.077641,-5.900765,1823913634,57554.86,31690,31690
343,-345881.3272,0.0000,345881.3272,35510852.6733,9740.1583,0,0.000000,8.015411,21.128241,0.064512,-5.404396,1833696241,57558.42,31858,31858
344,-357511.3997,0.0000,357511.3997,36816956.5009,9710.5093,0,0.000000,8.187867,22.349855,0.063271,-5.586116,1850438591,57594.03,32129,32129
345,-345216.1677,0.0000,345216.1677,35243978.1826,9795.0398,0,0.000000,7.813237,25.311056,0.092578,-5.394003,1823697071,57488.17,31723,31723
346,-376365.0415,0.0000,376365.0415,37101990.7418,10144.0660,0,0.000000,8.313460,23.023538,0.078991,-5.880704,1837467235,57384.99,32020,32020
347,-304056.9479,0.0000,304056.9479,32929468.7242,9233.5819,0,0.000000,7.490326,18.755453,0.062338,-4.750890,1841234397,57441.64,32054,32054
348,-398813.0017,0.0000,398813.0017,39957632.1530,9980.8968,0,0.000000,8.459348,25.866213,0.081251,-6.231453,1835629254,57628.14,31853,31853
349,-360494.0634,0.0000,360494.0634,36658231.7285,9833.9185,0,0.000000,7.971713,24.008661,0.057372,-5.632720,1843118911,57561.49,32020,32020
350,-274728.5255,0.0000,274728.5255,31079903.5625,8839.4266,0,0.000000,6.809732,17.996203,0.054982,-4.292633,1833186430,57410.87,31931,31931
351,-348649.3316,0.0000,348649.3316,36464459.1831,9561.3466,0,0.000000,7.749410,20.683474,0.058720,-5.447646,1849413046,57451.25,32191,32191
352,-389807.5948,0.0000,389807.5948,38951228.1653,10007.5816,0,0.000000,8.436097,26.654517,0.075926,-6.090744,1836015232,57582.41,31885,31885
353,-403995.3768,0.0000,403995.3768,40857336.7116,9887.9518,0,0.000000,8.466125,26.397962,0.076519,-6.312428,1848682462,57641.63,32072,32072
354,-358472.0028,0.0000,358472.0028,36479983.9554,9826.5395,0,0.000000,8.141759,26.928584,0.074391,-5.601125,1851599351,57529.89,32185,32185
355,-355269.3221,0.0000,355269.3221,35958808.8957,9879.8968,0,0.000000,8.396533,24.544394,0.061666,-5.551083,1848344961,57570.08,32106,32106
356,-362713.4947,0.0000,362713.4947,37258831.5485,9734.9670,0,0.000000,8.220903,20.265407,0.066552,-5.667398,1840808329,57480.35,32025,32025
357,-355043.9816,0.0000,355043.9816,37037395.0447,9586.0948,0,0.000000,7.911201,19.759942,0.055749,-5.547562,1848421025,57613.72,32083,32083
358,-350549.2823,0.0000,350549.2823,35325478.4871,9923.4121,0,0.000000,8.321667,22.628199,0.108003,-5.477333,1830996845,57473.69,31858,31858
359,-334865.9145,0.0000,334865.9145,35058113.0465,9551.7381,0,0.000000,7.663451,24.338886,0.074937,-5.232280,1853299176,57661.53,32141,32141
360,-338968.5665,0.0000,338968.5665,36188198.0485,9366.8263,0,0.000000,7.563943,23.864286,0.073568,-5.296384,1838856552,57493.01,31984,31984
361,-321987.0559,0.0000,321987.0559,34330753.2947,9378.9686,0,0.000000,7.528299,24.741531,0.111466,-5.031048,1846428005,57496.05,32114,32114
362,-337543.5561,0.0000,337543.5561,36904834.3490,9146.3236,0,0.000000,7.290497,17.603891,0.060355,-5.274118,1849202482,57623.71,32091,32091
363,-380767.6592,0.0000,380767.6592,37718648.9414,10094.9443,0,0.000000,8.505517,26.684068,0.067105,-5.949495,1842037312,57504.36,32033,32033
364,-387872.4462,0.0000,387872.4462,38570201.0345,10056.2723,0,0.000000,8.474076,24.510154,0.062064,-6.060507,1847625228,57594.30,32080,32080
365,-340947.0984,0.0000,340947.0984,34596253.8540,9855.0294,0,0.000000,8.163082,26.496078,0.061157,-5.327298,1846593429,57402.89,32169,32169
366,-364120.5430,0.0000,364120.5430,36725518.9600,9914.6466,0,0.000000,8.210649,27.745702,0.086249,-5.689383,1838156030,57523.27,31955,31955
367,-361778.5375,0.0000,361778.5375,37820042.1218,9565.7889,0,0.000000,7.918387,20.505628,0.106267,-5.652790,1851169997,57555.89,32163,32163
368,-327621.0442,0.0000,327621.0442,34967725.2233,9369.2410,0,0.000000,7.625756,23.164324,0.118089,-5.119079,1836586449,57627.44,31870,31870
369,-333708.9581,0.0000,333708.9581,36710064.6090,9090.3942,0,0.000000,7.293435,17.437926,0.084838,-5.214202,1839582162,57759.50,31849,31849
370,-355110.2167,0.0000,355110.2167,36524928.3604,9722.4069,0,0.000000,7.905899,20.810241,0.056943,-5.548597,1857681627,57572.18,32267,32267
371,-373407.0933,0.0000,373407.0933,38482361.0845,9703.3312,0,0.000000,8.104369,23.933725,0.084311,-5.834486,1844855440,57473.92,32099,32099
372,-330784.1556,0.0000,330784.1556,34851816.4081,9491.1597,0,0.000000,7.697538,20.770007,0.087664,-5.168502,1842634566,57549.96,32018,32018
373,-380147.8149,0.0000,380147.8149,37727368.0420,10076.1817,0,0.000000,8.311278,24.613610,0.112276,-5.939810,1835302461,57523.98,31905,31905
374,-378902.3096,0.0000,378902.3096,36945103.7346,10255.8193,0,0.000000,8.785990,30.397133,0.065810,-5.920349,1837399455,57499.59,31955,31955
375,-352826.7561,0.0000,352826.7561,36290225.3196,9722.3633,0,0.000000,7.717563,21.329573,0.078083,-5.512918,1840946471,57520.59,32005,32005
376,-356207.5891,0.0000,356207.5891,37285287.3088,9553.5696,0,0.000000,7.750119,20.706515,0.057186,-5.565744,1842637155,57589.61,31996,31996
377,-375024.9863,0.0000,375024.9863,37532635.8304,9991.9704,0,0.000000,8.464460,23.622299,0.087286,-5.859765,1833688618,57477.00,31903,31903
378,-287821.4347,0.0000,287821.4347,31760944.7013,9062.1182,0,0.000000,7.105563,18.552531,0.054440,-4.497210,1814763319,57461.95,31582,31582
379,-346537.6966,0.0000,346537.6966,35550125.2855,9747.8615,0,0.000000,7.861697,25.222405,0.060085,-5.414652,1849140201,57457.05,32183,32183
380,-334712.1483,0.0000,334712.1483,34998739.4010,9563.5487,0,0.000000,7.738596,20.782480,0.090489,-5.229877,1860581130,57547.90,32331,32331
381,-320624.0068,0.0000,320624.0068,34953812.8456,9172.7906,0,0.000000,7.371626,23.827422,0.091036,-5.009750,1855544928,57686.53,32166,32166
382,-384967.4747,0.0000,384967.4747,38652675.2479,9959.6593,0,0.000000,8.330747,24.476690,0.072709,-6.015117,1850939583,57575.57,32148,32148
383,-312728.6557,0.0000,312728.6557,33942025.9285,9213.6120,0,0.000000,7.352256,18.661328,0.052046,-4.886385,1832378618,57555.00,31837,31837
384,-344141.7916,0.0000,344141.7916,35614323.9183,9663.0163,0,0.000000,7.903093,22.500773,0.075142,-5.377215,1849028595,57498.25,32158,32158
385,-380825.6754,0.0000,380825.6754,38273467.1658,9950.1222,0,0.000000,8.266298,22.962843,0.058977,-5.950401,1829486637,57561.80,31783,31783
386,-342005.0993,0.0000,342005.0993,36268734.8848,9429.7499,0,0.000000,7.905371,23.946034,0.091333,-5.343830,1843705975,57733.08,31935,31935
387,-338752.3822,0.0000,338752.3822,35862645.5205,9445.8280,0,0.000000,7.562644,20.001438,0.052727,-5.293006,1851868576,57674.44,32109,32109
388,-346151.3150,0.0000,346151.3150,35540033.5549,9739.7577,0,0.000000,7.960597,20.986387,0.091120,-5.408614,1848269586,57365.83,32219,32219
389,-318441.5933,0.0000,318441.5933,34720297.8991,9171.6262,0,0.000000,7.117908,19.029246,0.066940,-4.975650,1858639421,57646.53,32242,32242
390,-326765.8035,0.0000,326765.8035,34627995.9821,9436.4630,0,0.000000,7.438297,22.644682,0.076508,-5.105716,1835637881,57480.44,31935,31935
391,-388495.9157,0.0000,388495.9157,39779802.7548,9766.1599,0,0.000000,8.156721,20.133387,0.070472,-6.070249,1834646248,57606.33,31848,31848
392,-372185.5625,0.0000,372185.5625,38145612.4782,9756.9691,0,0.000000,8.124313,21.481369,0.073200,-5.815399,1839196258,57557.62,31954,31954
393,-395162.6111,0.0000,395162.6111,39290046.6779,10057.5755,0,0.000000,8.389558,23.443363,0.072564,-6.174416,1843562262,57600.52,32006,32006
394,-343913.2856,0.0000,343913.2856,35237716.4381,9759.8063,0,0.000000,8.184933,23.874865,0.067121,-5.373645,1843324712,57701.27,31946,31946
395,-337357.6280,0.0000,337357.6280,35016339.5269,9634.2917,0,0.000000,7.780492,20.615082,0.053831,-5.271213,1846489114,57521.23,32101,32101
396,-339225.9971,0.0000,339225.9971,35964483.3550,9432.2500,0,0.000000,7.811864,24.069184,0.066337,-5.300406,1845933851,57635.00,32028,32028
397,-342843.3795,0.0000,342843.3795,35300517.2779,9712.1347,0,0.000000,7.911925,21.218805,0.087836,-5.356928,1837148639,57410.89,32000,32000
398,-359830.9127,0.0000,359830.9127,37103377.7125,9698.0635,0,0.000000,7.925037,29.492873,0.057019,-5.622358,1843953593,57637.96,31992,31992
399,-349678.6567,0.0000,349678.6567,35639021.4173,9811.6795,0,0.000000,8.112473,23.174371,0.056561,-5.463729,1832389861,57483.13,31877,31877
400,-330327.7774,0.0000,330327.7774,35326048.6363,9350.8272,0,0.000000,7.589546,18.763486,0.053633,-5.161372,1842547249,57496.95,32046,32046
401,-350169.8716,0.0000,350169.8716,35747802.0522,9795.5637,0,0.000000,7.929416,22.557352,0.078674,-5.471404,1847632927,57490.60,32138,32138
402,-347540.7751,0.0000,347540.7751,36652507.7822,9482.0463,0,0.000000,7.592107,22.278444,0.052815,-5.430325,1855612926,57547.31,32245,32245
403,-346170.2846,0.0000,346170.2846,36625398.7114,9451.6455,0,0.000000,7.663377,22.890553,0.086604,-5.408911,1856030113,57674.72,32181,32181
404,-336921.8028,0.0000,336921.8028,34818301.1424,9676.5721,0,0.000000,7.958523,22.611052,0.116601,-5.264403,1830750863,57408.31,31890,31890
405,-357677.0014,0.0000,357677.0014,36404645.3528,9825.0374,0,0.000000,7.931928,20.484468,0.061320,-5.588703,1840404785,57530.63,31990,31990
406,-339385.6823,0.0000,339385.6823,36288180.3126,9352.5131,0,0.000000,7.616562,22.458783,0.059259,-5.302901,1841878336,57695.73,31924,31924
407,-322172.2030,0.0000,322172.2030,34380018.7206,9370.9141,0,0.000000,7.404972,21.217795,0.059842,-5.033941,1843160214,57600.56,31999,31999
408,-367845.5600,0.0000,367845.5600,37151676.6830,9901.1833,0,0.000000,8.389427,22.835860,0.089241,-5.747587,1839020977,57530.53,31966,31966
409,-331681.9648,0.0000,331681.9648,34484991.3833,9618.1542,0,0.000000,7.754684,25.075119,0.075956,-5.182531,1846077239,57497.66,32107,32107
410,-363712.7823,0.0000,363712.7823,37040571.9987,9819.3079,0,0.000000,8.291331,24.534651,0.092312,-5.683012,1841744736,57479.08,32042,32042
411,-321387.4862,0.0000,321387.4862,34358987.7700,9353.8112,0,0.000000,7.612870,18.701743,0.057035,-5.021679,1831063273,57492.02,31849,31849
412,-330744.1169,0.0000,330744.1169,35399824.9751,9343.1003,0,0.000000,7.621438,20.422915,0.070732,-5.167877,1853374455,57577.88,32189,32189
413,-360099.2808,0.0000,360099.2808,37593511.4278,9578.7615,0,0.000000,8.001920,19.942948,0.075961,-5.626551,1855853540,57606.58,32216,32216
414,-377885.0288,0.0000,377885.0288,38167321.9488,9900.7478,0,0.000000,8.278647,22.288762,0.096153,-5.904454,1832567278,57512.15,31864,31864
415,-391794.4007,0.0000,391794.4007,38718558.0042,10119.0339,0,0.000000,8.537423,32.552631,0.068978,-6.121788,1850511540,57702.26,32070,32070
416,-340741.6881,0.0000,340741.6881,36271237.2806,9394.2670,0,0.000000,7.648008,20.854305,0.079854,-5.324089,1846529595,57558.36,32081,32081
417,-326860.2462,0.0000,326860.2462,34728274.4380,9411.9346,0,0.000000,7.719606,19.701644,0.053143,-5.107191,1833324591,57476.40,31897,31897
418,-329021.1929,0.0000,329021.1929,34957591.5171,9412.0098,0,0.000000,7.455976,19.419720,0.055007,-5.140956,1847740371,57563.80,32099,32099
419,-352805.8370,0.0000,352805.8370,36369527.1531,9700.5891,0,0.000000,7.924413,22.115345,0.057604,-5.512591,1847080439,57571.94,32083,32083
42,-324347.4186,0.0000,324347.4186,34850626.6233,9306.7887,0,0.000000,7.657104,24.401502,0.089362,-5.067928,1838327460,57566.46,31934,31934
420,-312776.7225,0.0000,312776.7225,33859240.4228,9237.5587,0,0.000000,7.211674,23.035995,0.072067,-4.887136,1841822015,57512.01,32025,32025
421,-350890.9961,0.0000,350890.9961,36416159.1502,9635.5850,0,0.000000,8.086954,22.563097,0.083824,-5.482672,1846185974,57614.09,32044,32044
422,-336990.1959,0.0000,336990.1959,34964719.2820,9638.0066,0,0.000000,7.770515,27.585593,0.080258,-5.265472,1846491267,57499.81,32113,32113
423,-334766.9529,0.0000,334766.9529,34862453.2681,9602.5070,0,0.000000,7.826248,24.229519,0.054044,-5.230734,1849875266,57535.31,32152,32152
424,-386032.2248,0.0000,386032.2248,38472718.0390,10033.9213,0,0.000000,8.589436,28.627521,0.062695,-6.031754,1853890711,57543.87,32217,32217
425,-314817.3555,0.0000,314817.3555,33942955.6909,9274.8952,0,0.000000,7.369338,22.441850,0.050989,-4.919021,1849789432,57568.45,32132,32132
426,-415757.5997,0.0000,415757.5997,39919037.1318,10415.0207,0,0.000000,8.979808,25.037552,0.077044,-6.496212,1839947341,57570.32,31960,31960
427,-369153.9252,0.0000,369153.9252,37904414.9987,9739.0746,0,0.000000,8.084290,25.131308,0.071757,-5.768030,1831606136,57487.40,31861,31861
428,-410865.3037,0.0000,410865.3037,40276217.7443,10201.1889,0,0.000000,8.639830,22.673504,0.073201,-6.419770,1838331907,57535.97,31951,31951
429,-340758.2415,0.0000,340758.2415,35773004.2074,9525.5696,0,0.000000,7.782086,21.569254,0.078395,-5.324348,1826914538,57498.96,31773,31773
43,-376729.4469,0.0000,376729.4469,38519660.1333,9780.1862,0,0.000000,8.180159,25.338239,0.102445,-5.886398,1821202414,57620.22,31607,31607
430,-350701.8444,0.0000,350701.8444,36150097.3100,9701.2697,0,0.000000,7.932724,28.716573,0.055921,-5.479716,1853455364,57609.03,32173,32173
431,-364184.8190,0.0000,364184.8190,37383804.6398,9741.7805,0,0.000000,8.065391,22.532483,0.080850,-5.690388,1843787903,57639.99,31988,31988
432,-305957.1858,0.0000,305957.1858,33359367.9265,9171.5522,0,0.000000,7.505780,19.712323,0.069495,-4.780581,1839668029,57505.80,31991,31991
433,-303408.6494,0.0000,303408.6494,33572741.5048,9037.3510,0,0.000000,7.029754,18.467986,0.077190,-4.740760,1837484567,57579.74,31912,31912
434,-351710.5961,0.0000,351710.5961,36671903.5240,9590.7374,0,0.000000,7.898058,22.108741,0.060740,-5.495478,1839742309,57614.38,31932,31932
435,-372562.9967,0.0000,372562.9967,38177649.5543,9758.6677,0,0.000000,8.037376,22.312999,0.055732,-5.821297,1835447641,57629.68,31849,31849
436,-326694.7278,0.0000,326694.7278,34680613.8874,9420.0965,0,0.000000,7.478890,20.973077,0.058736,-5.104605,1836638237,57549.61,31914,31914
437,-385139.2579,0.0000,385139.2579,39300759.2619,9799.7918,0,0.000000,8.112189,19.052107,0.061190,-6.017801,1839708598,57496.28,31997,31997
438,-347192.4849,0.0000,347192.4849,36552155.2891,9498.5503,0,0.000000,7.824234,23.657537,0.055859,-5.424883,1853110419,57718.51,32106,32106
439,-329805.8351,0.0000,329805.8351,34551329.3958,9545.3877,0,0.000000,7.597813,20.823790,0.065773,-5.153216,1834092922,57592.57,31846,31846
44,-344599.5526,0.0000,344599.5526,34432324.5481,10008.0246,0,0.000000,8.313685,24.311110,0.076524,-5.384368,1828483486,57258.20,31934,31934
440,-370650.3177,0.0000,370650.3177,37768168.3806,9813.8282,0,0.000000,8.092033,23.343063,0.078035,-5.791411,1844194259,57562.71,32038,32038
441,-343086.0762,0.0000,343086.0762,36341593.7091,9440.5897,0,0.000000,7.639250,18.837111,0.094895,-5.360720,1855412837,57591.11,32217,32217
442,-350144.4005,0.0000,350144.4005,36469482.0198,9601.0248,0,0.000000,7.950772,21.235898,0.061993,-5.471006,1832249070,57485.93,31873,31873
443,-365483.9210,0.0000,365483.9210,36914086.5300,9900.9336,0,0.000000,8.342603,23.914050,0.087301,-5.710686,1844858208,57606.81,32025,32025
444,-349754.1212,0.0000,349754.1212,35245977.0305,9923.2352,0,0.000000,8.379135,33.470203,0.078646,-5.464908,1833256855,57450.86,31910,31910
445,-326889.3764,0.0000,326889.3764,34221966.4054,9552.0337,0,0.000000,7.679666,19.732051,0.066332,-5.107647,1837750886,57435.10,31997,31997
446,-328474.3196,0.0000,328474.3196,35229403.0864,9323.8684,0,0.000000,7.592950,21.986870,0.071971,-5.132411,1845982585,57573.61,32063,32063
447,-325043.6411,0.0000,325043.6411,35187290.0864,9237.5298,0,0.000000,7.422777,20.795911,0.051350,-5.078807,1845995521,57572.22,32064,32064
448,-347020.2220,0.0000,347020.2220,36056341.7411,9624.3880,0,0.000000,7.857571,22.145384,0.054664,-5.422191,1846073682,57569.27,32067,32067
449,-342285.1535,0.0000,342285.1535,34918755.7816,9802.3296,0,0.000000,8.171951,23.497997,0.068077,-5.348206,1841005419,57556.60,31986,31986
45,-387952.8260,0.0000,387952.8260,38686324.5752,10028.1645,0,0.000000,8.536116,20.803306,0.082580,-6.061763,1844690944,57526.15,32067,32067
450,-349277.0631,0.0000,349277.0631,36207123.7305,9646.6393,0,0.000000,8.097523,17.486736,0.059033,-5.457454,1824306414,57444.00,31758,31758
451,-311058.5461,0.0000,311058.5461,35072990.7098,8868.8914,0,0.000000,6.841623,16.713860,0.088367,-4.860290,1859496480,57748.34,32200,32200
452,-351916.0260,0.0000,351916.0260,36639270.5851,9604.8862,0,0.000000,7.906937,20.141961,0.067478,-5.498688,1836319508,57426.26,31977,31977
453,-296266.4791,0.0000,296266.4791,32897933.5733,9005.6258,0,0.000000,7.199482,17.323689,0.073363,-4.629164,1854106674,57634.65,32170,32170
454,-305210.3449,0.0000,305210.3449,33336500.1146,9155.4405,0,0.000000,7.250882,22.160203,0.057179,-4.768912,1846476724,57442.11,32145,32145
455,-336790.8732,0.0000,336790.8732,35369475.6605,9522.0771,0,0.000000,7.539938,23.783657,0.057488,-5.262357,1847070598,57589.58,32073,32073
456,-341832.4953,0.0000,341832.4953,35833207.7143,9539.5449,0,0.000000,7.621024,18.495885,0.058580,-5.341133,1839942688,57500.01,31999,31999
457,-343725.5377,0.0000,343725.5377,36632856.0233,9382.9850,0,0.000000,7.622126,20.641547,0.081968,-5.370712,1835465211,57554.33,31891,31891
458,-376820.0558,0.0000,376820.0558,37991103.3591,9918.6394,0,0.000000,8.339622,28.356524,0.072897,-5.887813,1841023349,57539.17,31996,31996
459,-322036.9372,0.0000,322036.9372,33683321.3887,9560.7239,0,0.000000,7.821785,22.316531,0.079161,-5.031827,1829166458,57445.09,31842,31842
46,-294592.0812,0.0000,294592.0812,32711768.9235,9005.6909,0,0.000000,7.159390,21.330879,0.075390,-4.603001,1854714852,57698.39,32145,32145
460,-373213.5129,0.0000,373213.5129,37082395.7676,10064.4391,0,0.000000,8.430711,26.974600,0.061218,-5.831461,1847233416,57632.39,32052,32052
461,-361260.4922,0.0000,361260.4922,35987423.8305,10038.5205,0,0.000000,8.238363,24.033899,0.112911,-5.644695,1837537175,57353.14,32039,32039
462,-310057.6901,0.0000,310057.6901,34427162.6519,9006.1935,0,0.000000,6.904395,21.702158,0.076809,-4.844651,1838801168,57597.53,31925,31925
463,-297230.2215,0.0000,297230.2215,32960226.4337,9017.8453,0,0.000000,7.020561,18.891068,0.070179,-4.644222,1829701989,57429.44,31860,31860
464,-379988.5430,0.0000,379988.5430,37375471.8115,10166.7892,0,0.000000,8.595283,24.705726,0.077335,-5.937321,1851845374,57498.23,32207,32207
465,-368999.6126,0.0000,368999.6126,38261180.1298,9644.2298,0,0.000000,7.983517,21.051258,0.101276,-5.765619,1841566143,57675.11,31930,31930
466,-332405.8978,0.0000,332405.8978,36119816.3515,9202.8679,0,0.000000,7.368874,26.395829,0.066463,-5.193842,1842255370,57653.36,31954,31954
467,-298501.4158,0.0000,298501.4158,32633053.1159,9147.2108,0,0.000000,7.219886,20.666704,0.062948,-4.664085,1834276038,57432.40,31938,31938
468,-334639.5527,0.0000,334639.5527,35198665.8067,9507.1658,0,0.000000,7.661274,29.271228,0.067768,-5.228743,1846021605,57598.18,32050,32050
469,-350301.6353,0.0000,350301.6353,36698915.1584,9545.2858,0,0.000000,7.732755,23.958693,0.058650,-5.473463,1840217538,57582.37,31958,31958
47,-306794.6428,0.0000,306794.6428,32722429.3452,9375.6683,0,0.000000,7.378626,24.793631,0.097338,-4.793666,1844063692,57465.37,32090,32090
470,-367643.8821,0.0000,367643.8821,37885029.6653,9704.1994,0,0.000000,8.048811,21.425084,0.069421,-5.744436,1851025664,57599.75,32136,32136
471,-330193.3893,0.0000,330193.3893,35091737.8448,9409.4339,0,0.000000,7.592466,23.172191,0.075694,-5.159272,1839731825,57646.54,31914,31914
472,-384035.6692,0.0000,384035.6692,38919650.7114,9867.3976,0,0.000000,8.224693,20.388926,0.079701,-6.000557,1834698806,57579.05,31864,31864
473,-345478.8379,0.0000,345478.8379,36941162.5286,9352.1377,0,0.000000,7.525636,25.173921,0.062901,-5.398107,1851721956,57774.23,32051,32051
474,-334011.2411,0.0000,334011.2411,34674932.7492,9632.6428,0,0.000000,7.798414,23.990383,0.066308,-5.218926,1825739216,57387.92,31814,31814
475,-369188.7605,0.0000,369188.7605,37896859.7329,9741.9354,0,0.000000,7.872535,23.831717,0.058773,-5.768574,1843303911,57614.05,31994,31994
476,-322058.1178,0.0000,322058.1178,33759515.6523,9539.7731,0,0.000000,7.691544,24.306326,0.073974,-5.032158,1840457570,57404.87,32061,32061
477,-380646.8446,0.0000,380646.8446,38329887.0803,9930.8105,0,0.000000,8.193979,28.777387,0.060538,-5.947607,1840516835,57501.78,32008,32008
478,-333395.5621,0.0000,333395.5621,35788903.3519,9315.6127,0,0.000000,7.515220,24.518431,0.066180,-5.209306,1848492391,57642.90,32068,32068
479,-342845.4531,0.0000,342845.4531,35439559.2058,9674.0891,0,0.000000,7.819347,26.375395,0.082844,-5.356960,1829121375,57411.22,31860,31860
48,-345372.3489,0.0000,345372.3489,35819458.3421,9642.0316,0,0.000000,7.752128,19.726972,0.071360,-5.396443,1835941179,57452.16,31956,31956
480,-324470.8832,0.0000,324470.8832,35046493.5180,9258.2981,0,0.000000,7.493610,23.458957,0.067837,-5.069858,1845133999,57673.05,31993,31993
481,-370836.5727,0.0000,370836.5727,37015902.6503,10018.3042,0,0.000000,8.246068,20.640339,0.095122,-5.794321,1844174694,57529.78,32056,32056
482,-394689.5909,0.0000,394689.5909,38902440.1751,10145.6255,0,0.000000,8.749624,25.200236,0.060096,-6.167025,1844651787,57666.99,31988,31988
483,-350851.3464,0.0000,350851.3464,36035945.5585,9736.1493,0,0.000000,7.944015,26.987339,0.068168,-5.482052,1828299341,57326.04,31893,31893
484,-330730.4262,0.0000,330730.4262,34938817.2585,9465.9880,0,0.000000,7.714525,20.731083,0.053290,-5.167663,1839902027,57484.36,32007,32007
485,-351859.8923,0.0000,351859.8923,36409295.6768,9664.0126,0,0.000000,7.837976,18.770794,0.064460,-5.497811,1844135705,57569.87,32033,32033
486,-381448.4719,0.0000,381448.4719,38437221.9547,9923.9345,0,0.000000,8.508255,23.625859,0.061895,-5.960132,1844278751,57574.34,32033,32033
487,-380793.7398,0.0000,380793.7398,38454882.0385,9902.3510,0,0.000000,8.201504,23.977587,0.076737,-5.949902,1846077928,57433.28,32143,32143
488,-363110.9659,0.0000,363110.9659,37864817.4442,9589.6664,0,0.000000,7.813915,25.080444,0.071853,-5.673609,1843888917,57789.48,31907,31907
489,-358878.2333,0.0000,358878.2333,36782669.4460,9756.7207,0,0.000000,8.105210,22.736840,0.090069,-5.607472,1842231381,57567.93,32001,32001
49,-345155.3958,0.0000,345155.3958,36008797.0007,9585.3076,0,0.000000,7.777842,24.713689,0.081239,-5.393053,1848315185,57374.37,32215,32215
490,-348552.7484,0.0000,348552.7484,35266245.3456,9883.4663,0,0.000000,8.082828,27.765597,0.082236,-5.446137,1835453451,57282.74,32042,32042
491,-341873.6688,0.0000,341873.6688,35132667.8345,9730.9339,0,0.000000,7.937643,22.243035,0.068062,-5.341776,1830225807,57447.69,31859,31859
492,-333050.6922,0.0000,333050.6922,34780653.6916,9575.7456,0,0.000000,7.907751,20.632761,0.087454,-5.203917,1838391082,57482.05,31982,31982
493,-390044.7555,0.0000,390044.7555,39773841.8020,9806.5648,0,0.000000,8.066536,19.678855,0.058966,-6.094449,1842203287,57644.51,31958,31958
494,-317156.2453,0.0000,317156.2453,34078254.6672,9306.7045,0,0.000000,7.380859,19.372416,0.052824,-4.955566,1831515391,57439.48,31886,31886
495,-333001.3336,0.0000,333001.3336,35891054.2595,9278.1151,0,0.000000,7.488299,20.147860,0.071096,-5.203146,1836268778,57593.98,31883,31883
496,-388579.4494,0.0000,388579.4494,39857386.4508,9749.2456,0,0.000000,8.120057,22.652127,0.100927,-6.071554,1853162158,57628.58,32157,32157
497,-331346.5402,0.0000,331346.5402,34903962.6194,9493.0923,0,0.000000,7.590633,26.208001,0.077086,-5.177290,1844814920,57636.06,32008,32008
498,-343893.0563,0.0000,343893.0563,36069046.2993,9534.2986,0,0.000000,7.857487,23.129768,0.115571,-5.373329,1847457479,57411.90,32179,32179
499,-303747.3777,0.0000,303747.3777,32906489.1125,9230.6225,0,0.000000,7.236559,16.022734,0.067517,-4.746053,1849965356,57547.06,32147,32147
50,-393440.5694,0.0000,393440.5694,39314634.7431,10007.4838,0,0.000000,8.465152,21.458798,0.070683,-6.147509,1830891677,57528.17,31826,31826
500,-346668.6841,0.0000,346668.6841,36614792.8456,9467.9952,0,0.000000,7.859567,21.359946,0.055389,-5.416698,1845866435,57640.10,32024,32024
501,-338107.4655,0.0000,338107.4655,34865723.4514,9697.4172,0,0.000000,7.874482,25.274192,0.069112,-5.282929,1841490485,57546.58,32000,32000
502,-330455.1127,0.0000,330455.1127,34488139.9819,9581.7030,0,0.000000,7.846635,22.877263,0.059905,-5.163361,1841958875,57572.01,31994,31994
503,-290658.1359,0.0000,290658.1359,31805127.9420,9138.7193,0,0.000000,7.197925,19.961632,0.085084,-4.541533,1832075580,57372.49,31933,31933
504,-351700.2030,0.0000,351700.2030,36173415.1737,9722.6154,0,0.000000,7.705207,21.529760,0.064938,-5.495316,1846049567,57469.94,32122,32122
505,-345904.1186,0.0000,345904.1186,35900742.4486,9635.0130,0,0.000000,7.859592,20.292356,0.059797,-5.404752,1842267163,57547.47,32013,32013
506,-354873.7230,0.0000,354873.7230,36568225.7788,9704.4282,0,0.000000,7.871114,22.977476,0.059136,-5.544902,1850302501,57598.76,32124,32124
507,-329629.0742,0.0000,329629.0742,34598715.1306,9527.2056,0,0.000000,7.728224,25.427715,0.073762,-5.150454,1837293103,57537.68,31932,31932
508,-321018.3347,0.0000,321018.3347,34912647.2289,9194.9010,0,0.000000,7.364215,21.141069,0.102376,-5.015911,1856432120,57653.17,32200,32200
509,-365769.3209,0.0000,365769.3209,37041300.7704,9874.6349,0,0.000000,8.201701,25.157027,0.055741,-5.715146,1837505298,57470.53,31973,31973
51,-366586.1105,0.0000,366586.1105,37986514.8226,9650.4276,0,0.000000,7.982519,26.343825,0.088046,-5.727908,1855404073,57691.12,32161,32161
510,-327989.7710,0.0000,327989.7710,34076102.1604,9625.2139,0,0.000000,7.958748,22.773759,0.054554,-5.124840,1832165120,57472.48,31879,31879
511,-373281.8556,0.0000,373281.8556,38326996.7073,9739.3975,0,0.000000,8.051619,21.276974,0.056286,-5.832529,1857160830,57682.97,32196,32196
512,-340230.2616,0.0000,340230.2616,35578615.5414,9562.7741,0,0.000000,7.572263,23.899258,0.059374,-5.316098,1839064520,57468.97,32001,32001
513,-374482.1580,0.0000,374482.1580,37354916.0178,10024.9766,0,0.000000,8.463067,25.280898,0.058042,-5.851284,1834685642,57522.67,31895,31895
514,-314285.3795,0.0000,314285.3795,33743546.9383,9313.9402,0,0.000000,7.556796,21.290266,0.054955,-4.910709,1838717824,57470.71,31994,31994
515,-335465.2766,0.0000,335465.2766,35707297.3526,9394.8661,0,0.000000,7.493777,23.367374,0.086122,-5.241645,1833704051,57524.36,31877,31877
516,-334176.0786,0.0000,334176.0786,35257258.3259,9478.2208,0,0.000000,7.652156,24.264627,0.058103,-5.221501,1828777864,57481.62,31815,31815
517,-340273.6222,0.0000,340273.6222,35773761.0952,9511.8213,0,0.000000,7.702674,18.800676,0.089789,-5.316775,1837690116,57409.88,32010,32010
518,-351242.6138,0.0000,351242.6138,36711378.1873,9567.6771,0,0.000000,7.879550,22.412917,0.055799,-5.488166,1846108409,57667.46,32013,32013
519,-320571.6847,0.0000,320571.6847,34187811.1905,9376.7829,0,0.000000,7.496502,22.005942,0.056156,-5.008933,1841729129,57430.20,32069,32069
52,-357046.4790,0.0000,357046.4790,36495664.9340,9783.2573,0,0.000000,8.082184,22.645285,0.076085,-5.578851,1853861846,57628.83,32169,32169
520,-363830.6158,0.0000,363830.6158,36934836.9815,9850.6084,0,0.000000,8.235509,23.436230,0.057808,-5.684853,1840395157,57528.53,31991,31991
521,-346711.6885,0.0000,346711.6885,35985698.3911,9634.7078,0,0.000000,7.722633,20.856991,0.076278,-5.417370,1835748420,57507.31,31922,31922
522,-353006.8992,0.0000,353006.8992,37090382.7715,9517.4779,0,0.000000,7.878761,21.613676,0.111102,-5.515733,1829909786,57636.77,31749,31749
523,-377853.2205,0.0000,377853.2205,37940921.8745,9958.9889,0,0.000000,8.257540,21.445580,0.086380,-5.903957,1831968166,57507.79,31856,31856
524,-334361.0344,0.0000,334361.0344,36298534.6303,9211.4196,0,0.000000,7.297787,19.102642,0.062276,-5.224391,1847694801,57742.27,31999,31999
525,-314002.8533,0.0000,314002.8533,34189502.8643,9184.1889,0,0.000000,7.291676,26.288289,0.054705,-4.906295,1845868248,57548.50,32075,32075
526,-328690.7017,0.0000,328690.7017,34556544.0753,9511.6775,0,0.000000,7.787614,20.042174,0.064998,-5.135792,1838280322,57503.76,31968,31968
527,-313709.7373,0.0000,313709.7373,33504327.7491,9363.2602,0,0.000000,7.526803,22.720427,0.064128,-4.901715,1839621198,57538.51,31972,31972
528,-364317.7976,0.0000,364317.7976,37598417.9101,9689.7108,0,0.000000,8.076320,23.720939,0.056558,-5.692466,1853973488,57528.58,32227,32227
529,-321007.3755,0.0000,321007.3755,33462424.7077,9593.0698,0,0.000000,7.678902,20.658854,0.075276,-5.015740,1840339910,57299.33,32118,32118
53,-367250.3759,0.0000,367250.3759,37470490.1975,9801.0561,0,0.000000,8.332827,23.571799,0.065908,-5.738287,1845333193,57619.85,32026,32026
530,-331707.4720,0.0000,331707.4720,33911723.6065,9781.4985,0,0.000000,8.077665,23.950895,0.055879,-5.182929,1833383801,57379.31,31952,31952
531,-358654.5147,0.0000,358654.5147,37801178.2966,9487.9189,0,0.000000,7.619411,19.945969,0.069296,-5.603977,1848325532,57605.36,32086,32086
532,-350068.0713,0.0000,350068.0713,36259651.4590,9654.4798,0,0.000000,7.758541,20.393738,0.060613,-5.469814,1840450057,57555.43,31977,31977
533,-383860.4902,0.0000,383860.4902,38213047.9245,10045.2728,0,0.000000,8.549422,34.891663,0.066102,-5.997820,1841712957,57668.87,31936,31936
534,-332589.1611,0.0000,332589.1611,35706348.2758,9314.5667,0,0.000000,7.385063,18.962062,0.063711,-5.196706,1833193457,57760.21,31738,31738
535,-349163.9921,0.0000,349163.9921,36053149.9131,9684.7014,0,0.000000,7.928424,23.386707,0.078633,-5.455687,1828514987,57480.59,31811,31811
536,-347074.9184,0.0000,347074.9184,36443342.8574,9523.6850,0,0.000000,7.799373,22.128746,0.065297,-5.423046,1847850811,57422.34,32180,32180
537,-327618.3117,0.0000,327618.3117,35123848.4979,9327.5175,0,0.000000,7.596775,21.141734,0.073703,-5.119036,1855243558,57623.42,32196,32196
538,-366404.6830,0.0000,366404.6830,37250540.4909,9836.2246,0,0.000000,8.163544,28.803051,0.055867,-5.725073,1844183661,57592.94,32021,32021
539,-385950.8987,0.0000,385950.8987,38339086.2590,10066.7735,0,0.000000,8.565384,26.048493,0.076417,-6.030483,1851755435,57482.94,32214,32214
54,-388342.0754,0.0000,388342.0754,38710064.8670,10032.0699,0,0.000000,8.469972,27.625039,0.080154,-6.067845,1846155865,57641.93,32028,32028
540,-344001.3434,0.0000,344001.3434,35256698.0134,9757.0494,0,0.000000,7.995221,19.958124,0.086691,-5.375021,1838921155,57460.90,32003,32003
541,-357699.5466,0.0000,357699.5466,38437335.6072,9306.0443,0,0.000000,7.589606,24.781430,0.117690,-5.589055,1858862616,57773.51,32175,32175
542,-351726.2202,0.0000,351726.2202,36746674.3966,9571.6477,0,0.000000,7.930507,21.612903,0.063271,-5.495722,1845621141,57589.28,32048,32048
543,-381065.8545,0.0000,381065.8545,38707057.9059,9844.8675,0,0.000000,8.299058,23.334490,0.104167,-5.954154,1834845702,57538.51,31889,31889
544,-354044.5874,0.0000,354044.5874,36983450.1128,9573.0546,0,0.000000,7.892597,24.474817,0.069199,-5.531947,1854651576,57579.99,32210,32210
545,-398560.2066,0.0000,398560.2066,39888097.3105,9991.9583,0,0.000000,8.383398,24.511178,0.100684,-6.227503,1839672417,57606.78,31935,31935
546,-370011.1346,0.0000,370011.1346,38038572.5758,9727.2613,0,0.000000,8.036910,24.375122,0.054950,-5.781424,1847675494,57637.19,32057,32057
547,-383469.7715,0.0000,383469.7715,38538896.5215,9950.2011,0,0.000000,8.275531,24.337501,0.076794,-5.991715,1832980722,57619.16,31812,31812
548,-370929.5871,0.0000,370929.5871,37182585.4135,9975.8955,0,0.000000,8.434682,25.808223,0.064344,-5.795775,1845237670,57651.07,32007,32007
549,-317504.7044,0.0000,317504.7044,33530115.4418,9469.2398,0,0.000000,7.596668,23.547780,0.072218,-4.961011,1842170617,57508.53,32033,32033
55,-375174.9277,0.0000,375174.9277,38726038.2792,9687.9243,0,0.000000,8.111176,22.299256,0.103982,-5.862108,1827204019,57624.15,31709,31709
550,-377907.3116,0.0000,377907.3116,37694469.4141,10025.5374,0,0.000000,8.414992,21.177227,0.062695,-5.904802,1834820574,57503.47,31908,31908
551,-343570.0379,0.0000,343570.0379,35825406.8599,9590.1224,0,0.000000,7.836757,21.581103,0.067306,-5.368282,1836032262,57577.53,31888,31888
552,-326537.3827,0.0000,326537.3827,34910760.8271,9353.4880,0,0.000000,7.540093,18.287458,0.070461,-5.102147,1836335412,57592.45,31885,31885
553,-372391.6217,0.0000,372391.6217,38206426.9049,9746.8319,0,0.000000,8.212903,20.823655,0.092504,-5.818619,1843692184,57608.18,32004,32004
554,-305164.8494,0.0000,305164.8494,33524557.1667,9102.7257,0,0.000000,7.162366,18.733731,0.062245,-4.768201,1826590948,57481.54,31777,31777
555,-358398.0845,0.0000,358398.0845,37050715.8358,9673.1757,0,0.000000,7.938150,26.216440,0.056543,-5.599970,1841126046,57628.84,31948,31948
556,-389905.7327,0.0000,389905.7327,38940705.9508,10012.8060,0,0.000000,8.451940,28.912692,0.066018,-6.092277,1845226664,57611.12,32029,32029
557,-371893.5757,0.0000,371893.5757,36986918.8722,10054.7325,0,0.000000,8.588645,23.041658,0.093127,-5.810837,1824991063,57523.52,31726,31726
558,-338228.4347,0.0000,338228.4347,36228676.1382,9335.9314,0,0.000000,7.558185,18.891310,0.090738,-5.284819,1849894054,57656.04,32085,32085
559,-347063.2007,0.0000,347063.2007,36885046.4516,9409.3199,0,0.000000,7.734161,20.201058,0.072846,-5.422863,1856648041,57606.21,32230,32230
56,-366236.8438,0.0000,366236.8438,37066126.4409,9880.6344,0,0.000000,8.381575,22.398079,0.061071,-5.722451,1840479076,57540.14,31986,31986
560,-356155.2319,0.0000,356155.2319,37447269.8281,9510.8464,0,0.000000,7.864293,27.310881,0.103892,-5.564925,1847310865,57712.23,32009,32009
561,-391032.2313,0.0000,391032.2313,38434302.4284,10174.0426,0,0.000000,8.735941,27.837682,0.075962,-6.109879,1841850750,57507.52,32028,32028
562,-334050.2340,0.0000,334050.2340,35214585.9407,9486.1327,0,0.000000,7.609496,19.307594,0.065081,-5.219535,1829050231,57587.93,31761,31761
563,-382102.8416,0.0000,382102.8416,38315395.6497,9972.5668,0,0.000000,8.343800,25.036514,0.082945,-5.970357,1845872550,57586.34,32054,32054
564,-330878.7344,0.0000,330878.7344,35673610.8333,9275.1680,0,0.000000,7.451476,18.838368,0.055876,-5.169980,1854389957,57684.70,32147,32147
565,-352371.6594,0.0000,352371.6594,35886202.1455,9819.1405,0,0.000000,8.022979,27.183827,0.069986,-5.505807,1854196155,57540.84,32224,32224
566,-375604.9144,0.0000,375604.9144,38636075.4421,9721.6115,0,0.000000,8.171324,21.211600,0.067854,-5.868827,1843143495,57558.66,32022,32022
567,-369029.5309,0.0000,369029.5309,37352165.0099,9879.7360,0,0.000000,7.950716,25.685037,0.081809,-5.766086,1845160992,57681.11,31989,31989
568,-350764.2326,0.0000,350764.2326,36425096.7667,9629.7406,0,0.000000,7.862974,20.686401,0.073282,-5.480691,1839510286,57583.67,31945,31945
569,-333363.7155,0.0000,333363.7155,34898954.1030,9552.2552,0,0.000000,7.687196,19.961410,0.071749,-5.208808,1835972724,57465.73,31949,31949
57,-311354.7308,0.0000,311354.7308,33146331.0943,9393.3392,0,0.000000,7.220473,23.320175,0.056098,-4.864918,1846601323,57483.54,32124,32124
570,-386342.5702,0.0000,386342.5702,39147638.9141,9868.8601,0,0.000000,8.440790,24.776679,0.104276,-6.036603,1842750698,57647.21,31966,31966
571,-304222.3699,0.0000,304222.3699,32842431.3849,9263.0892,0,0.000000,7.584301,21.700856,0.082275,-4.753475,1835975616,57592.01,31879,31879
572,-383213.6236,0.0000,383213.6236,39016277.8535,9821.8909,0,0.000000,8.457405,23.326516,0.077379,-5.987713,1843179970,57685.90,31952,31952
573,-345683.6255,0.0000,345683.6255,35431209.2546,9756.4727,0,0.000000,8.040712,27.175992,0.074599,-5.401307,1841437045,57559.30,31992,31992
574,-361067.1848,0.0000,361067.1848,37044494.0995,9746.8516,0,0.000000,7.857450,23.168879,0.064360,-5.641675,1843171671,57525.41,32041,32041
575,-382084.7506,0.0000,382084.7506,39741909.2714,9614.1519,0,0.000000,8.016272,23.366436,0.078154,-5.970074,1853799528,57784.97,32081,32081
576,-353089.4004,0.0000,353089.4004,36442850.5890,9688.8524,0,0.000000,7.984247,25.607656,0.068273,-5.517022,1832078794,57598.05,31808,31808
577,-318561.2402,0.0000,318561.2402,33387341.7790,9541.3778,0,0.000000,7.527366,20.540336,0.052700,-4.977519,1837814503,57478.40,31974,31974
578,-320063.9900,0.0000,320063.9900,34314037.5380,9327.4943,0,0.000000,7.426451,20.176126,0.087356,-5.001000,1834661231,57356.46,31987,31987
579,-342627.7992,0.0000,342627.7992,37345938.6216,9174.4327,0,0.000000,7.337107,19.179655,0.062134,-5.353559,1843439051,57701.23,31948,31948
58,-330731.5244,0.0000,330731.5244,34256415.6534,9654.5864,0,0.000000,7.842176,21.539680,0.059529,-5.167680,1839131474,57417.24,32031,32031
580,-383814.3252,0.0000,383814.3252,37818044.0297,10148.9735,0,0.000000,8.554805,26.702484,0.073539,-5.997099,1852288458,57490.56,32219,32219
581,-349614.0712,0.0000,349614.0712,37041206.6968,9438.5173,0,0.000000,7.566826,24.138945,0.066500,-5.462720,1858064066,57666.24,32221,32221
582,-356519.7620,0.0000,356519.7620,36261278.7491,9831.9688,0,0.000000,8.282060,24.512999,0.073910,-5.570621,1842378249,57556.33,32010,32010
583,-354924.3414,0.0000,354924.3414,36760631.5467,9655.0121,0,0.000000,7.968379,19.293299,0.065941,-5.545693,1845675036,57347.60,32184,32184
584,-357587.7682,0.0000,357587.7682,36437086.4852,9813.8409,0,0.000000,8.107548,26.848598,0.078021,-5.587309,1839461062,57484.95,31999,31999
585,-379653.8485,0.0000,379653.8485,37735343.6947,10060.9617,0,0.000000,8.233066,28.341001,0.061103,-5.932091,1841671887,57591.84,31978,31978
586,-373654.4167,0.0000,373654.4167,38003647.1063,9832.0673,0,0.000000,8.204751,24.857354,0.057601,-5.838350,1846427516,57437.01,32147,32147
587,-365413.5151,0.0000,365413.5151,38106022.0773,9589.3902,0,0.000000,7.977853,24.569988,0.082040,-5.709586,1849647929,57689.72,32062,32062
588,-359802.5321,0.0000,359802.5321,36274316.6330,9918.9334,0,0.000000,8.170598,21.371345,0.064745,-5.621915,1845241149,57416.18,32138,32138
589,-314556.8925,0.0000,314556.8925,33916814.1165,9274.3644,0,0.000000,7.414796,23.646101,0.058527,-4.914951,1840359190,57678.85,31907,31907
59,-359830.7278,0.0000,359830.7278,36923018.4425,9745.4310,0,0.000000,7.949967,25.622500,0.058198,-5.622355,1849272915,57582.84,32115,32115
590,-340343.8267,0.0000,340343.8267,35823984.0951,9500.4460,0,0.000000,7.813338,25.298394,0.063160,-5.317872,1839187927,57476.42,31999,31999
591,-372371.3396,0.0000,372371.3396,37942488.3712,9814.0991,0,0.000000,8.043607,22.803343,0.058009,-5.818302,1841376325,57555.60,31993,31993
592,-346776.0801,0.0000,346776.0801,36425017.8429,9520.2721,0,0.000000,7.695833,20.908329,0.062805,-5.418376,1828249120,57653.47,31711,31711
593,-391745.9305,0.0000,391745.9305,38863461.6811,10080.0576,0,0.000000,8.655266,24.129333,0.069003,-6.121030,1844848114,57577.73,32041,32041
594,-316943.1736,0.0000,316943.1736,33734297.1732,9395.2802,0,0.000000,7.560611,21.270226,0.063540,-4.952237,1826684138,57363.53,31844,31844
595,-345059.0246,0.0000,345059.0246,36063156.3488,9568.1870,0,0.000000,8.031791,22.791036,0.094825,-5.391547,1842343766,57605.65,31982,31982
596,-344353.3911,0.0000,344353.3911,35452738.5113,9713.0266,0,0.000000,7.797975,23.009494,0.055970,-5.380522,1832629354,57521.32,31860,31860
597,-375773.5327,0.0000,375773.5327,37231483.9061,10092.8970,0,0.000000,8.412977,25.599498,0.105132,-5.871461,1840589949,57426.91,32051,32051
598,-364576.1413,0.0000,364576.1413,38281402.1782,9523.5838,0,0.000000,7.898271,24.233801,0.092344,-5.696502,1845131679,57756.02,31947,31947
599,-346358.3599,0.0000,346358.3599,36582082.0673,9467.9783,0,0.000000,7.909185,21.491003,0.064179,-5.411849,1853216186,57725.40,32104,32104
60,-361486.3238,0.0000,361486.3238,37399658.6172,9665.4980,0,0.000000,7.979765,23.883146,0.068077,-5.648224,1848870943,57654.70,32068,32068
600,-320529.4709,0.0000,320529.4709,33201469.7201,9654.0748,0,0.000000,7.722522,20.101567,0.068995,-5.008273,1843376652,57564.15,32023,32023
601,-288824.5716,0.0000,288824.5716,32165380.1713,8979.3614,0,0.000000,6.897185,18.774543,0.095430,-4.512884,1838282325,57639.05,31893,31893
602,-317710.9827,0.0000,317710.9827,34491471.7131,9211.2910,0,0.000000,7.515161,19.652660,0.058731,-4.964234,1838379405,57400.92,32027,32027
603,-366504.6261,0.0000,366504.6261,37836824.5171,9686.4531,0,0.000000,8.006775,23.930217,0.055999,-5.726635,1842378680,57590.53,31991,31991
604,-351461.4948,0.0000,351461.4948,35700313.0935,9844.7735,0,0.000000,8.069397,22.286435,0.065945,-5.491586,1835230286,57494.68,31920,31920
605,-316300.1074,0.0000,316300.1074,33876255.5385,9336.9265,0,0.000000,7.310512,21.562820,0.087189,-4.942189,1830038621,57566.49,31790,31790
606,-384620.0826,0.0000,384620.0826,39517650.8363,9732.8681,0,0.000000,7.810929,23.281642,0.059089,-6.009689,1837933563,57655.23,31878,31878
607,-352948.9460,0.0000,352948.9460,36901794.9232,9564.5468,0,0.000000,7.908662,24.272410,0.087477,-5.514827,1848315480,57495.74,32147,32147
608,-353560.7773,0.0000,353560.7773,36165902.6378,9776.0805,0,0.000000,7.761831,21.929485,0.060673,-5.524387,1835328682,57506.77,31915,31915
609,-364252.6490,0.0000,364252.6490,38330610.8644,9502.9179,0,0.000000,7.689071,21.814226,0.064991,-5.691448,1859483024,57695.96,32229,32229
61,-302790.2247,0.0000,302790.2247,33317626.7080,9087.9890,0,0.000000,7.165089,19.597706,0.070564,-4.731097,1837690664,57714.60,31841,31841
610,-322947.8622,0.0000,322947.8622,35285142.9495,9152.5168,0,0.000000,7.377424,21.122318,0.070494,-5.046060,1846076180,57531.67,32088,32088
611,-363570.6084,0.0000,363570.6084,37622838.6163,9663.5613,0,0.000000,8.021755,23.021220,0.075987,-5.680791,1849391891,57624.23,32094,32094
612,-322939.0823,0.0000,322939.0823,34394197.6744,9389.3477,0,0.000000,7.760926,21.796603,0.068911,-5.045923,1844316602,57467.88,32093,32093
613,-332965.4672,0.0000,332965.4672,35540669.1733,9368.5762,0,0.000000,7.755058,21.485350,0.056786,-5.202585,1843301565,57729.46,31930,31930
614,-340888.7628,0.0000,340888.7628,36771001.0193,9270.5870,0,0.000000,7.369867,20.816988,0.053608,-5.326387,1851565720,57647.05,32119,32119
615,-326956.0331,0.0000,326956.0331,34567776.9775,9458.4050,0,0.000000,7.603833,20.269548,0.074074,-5.108688,1845676459,57558.67,32066,32066
616,-345252.0870,0.0000,345252.0870,36601354.6928,9432.7680,0,0.000000,7.522293,17.440029,0.065228,-5.394564,1846467674,57774.33,31960,31960
617,-350702.1800,0.0000,350702.1800,36521885.7949,9602.5211,0,0.000000,7.829661,24.196984,0.065028,-5.479722,1833948768,57586.23,31847,31847
618,-349117.2870,0.0000,349117.2870,35781981.9540,9756.7901,0,0.000000,8.157205,30.338246,0.093924,-5.454958,1850502812,57657.04,32095,32095
619,-388259.5263,0.0000,388259.5263,38273541.2704,10144.3324,0,0.000000,8.509790,25.596528,0.069038,-6.066555,1848029266,57615.88,32075,32075
62,-348796.3824,0.0000,348796.3824,35795272.9412,9744.2023,0,0.000000,7.997908,22.306740,0.097330,-5.449943,1833522762,57356.74,31967,31967
620,-344184.4533,0.0000,344184.4533,36084717.3437,9538.2333,0,0.000000,7.782796,20.737927,0.087403,-5.377882,1839678523,57615.99,31930,31930
621,-374193.3672,0.0000,374193.3672,38120372.2961,9816.0995,0,0.000000,8.376776,22.766709,0.085433,-5.846771,1836503118,57621.21,31872,31872
622,-412426.7790,0.0000,412426.7790,40493939.9610,10184.9012,0,0.000000,8.630349,26.150397,0.070721,-6.444168,1839376694,57646.25,31908,31908
623,-347184.6123,0.0000,347184.6123,36402825.4666,9537.2985,0,0.000000,7.660933,21.333000,0.063034,-5.424760,1846511842,57622.46,32045,32045
624,-337160.0528,0.0000,337160.0528,35009174.8252,9630.6198,0,0.000000,7.954729,28.520291,0.069222,-5.268126,1834197198,57626.60,31829,31829
625,-338833.6069,0.0000,338833.6069,35714839.7665,9487.1938,0,0.000000,7.710550,23.930322,0.072197,-5.294275,1846536580,57526.30,32099,32099
626,-372970.2915,0.0000,372970.2915,38593923.5804,9663.9641,0,0.000000,8.188172,22.261583,0.077293,-5.827661,1828968749,57769.07,31660,31660
627,-341597.4458,0.0000,341597.4458,35328366.8627,9669.2113,0,0.000000,7.783752,28.022699,0.059295,-5.337460,1858076110,57530.92,32297,32297
628,-344194.9173,0.0000,344194.9173,35839958.6384,9603.6639,0,0.000000,7.808708,20.609375,0.094831,-5.378046,1843917081,57530.72,32051,32051
629,-366017.9552,0.0000,366017.9552,37140564.5044,9854.9379,0,0.000000,8.315438,24.104373,0.094835,-5.719031,1819176644,57428.94,31677,31677
63,-333954.7827,0.0000,333954.7827,35968387.8111,9284.6748,0,0.000000,7.339896,21.095747,0.091361,-5.218043,1845843677,57657.39,32014,32014
630,-325080.5252,0.0000,325080.5252,34288667.1059,9480.6988,0,0.000000,7.758258,25.922108,0.079826,-5.079383,1829249417,57381.02,31879,31879
631,-365987.2517,0.0000,365987.2517,37519282.1496,9754.6443,0,0.000000,8.211469,21.922477,0.123199,-5.718551,1835334852,57620.71,31852,31852
632,-308628.5886,0.0000,308628.5886,33586606.4948,9189.0376,0,0.000000,7.284628,24.140213,0.089154,-4.822322,1839561866,57452.20,32019,32019
633,-334474.7589,0.0000,334474.7589,35050861.7115,9542.5545,0,0.000000,7.686298,21.238610,0.066731,-5.226168,1833672092,57501.71,31889,31889
634,-330863.8182,0.0000,330863.8182,34697389.6470,9535.6977,0,0.000000,7.830117,22.582377,0.092067,-5.169747,1843641968,57522.14,32051,32051
635,-359701.8030,0.0000,359701.8030,37251519.6675,9656.0303,0,0.000000,7.999149,23.306646,0.064263,-5.620341,1840431852,57456.04,32032,32032
636,-351966.7834,0.0000,351966.7834,36569594.8536,9624.5743,0,0.000000,7.860314,22.263616,0.077271,-5.499481,1849339896,57527.60,32147,32147
637,-364460.8799,0.0000,364460.8799,37697818.2601,9667.9568,0,0.000000,8.083286,20.927105,0.064384,-5.694701,1851487635,57651.80,32115,32115
638,-333311.8456,0.0000,333311.8456,36195695.8761,9208.6044,0,0.000000,7.332057,20.533787,0.077886,-5.207998,1848043968,57618.13,32074,32074
639,-351720.8656,0.0000,351720.8656,36491857.2876,9638.3383,0,0.000000,7.897910,24.044527,0.087696,-5.495639,1846742805,57572.18,32077,32077
64,-358753.6121,0.0000,358753.6121,37675989.4082,9522.0754,0,0.000000,7.896181,20.804785,0.056784,-5.605525,1847402837,57689.87,32023,32023
640,-339343.5314,0.0000,339343.5314,35817520.8961,9474.2328,0,0.000000,7.746181,21.973873,0.079262,-5.302243,1843052448,57509.13,32048,32048
641,-332101.1536,0.0000,332101.1536,35170052.6044,9442.7255,0,0.000000,7.582430,21.546041,0.057628,-5.189081,1849623037,57584.78,32120,32120
642,-354926.6017,0.0000,354926.6017,36535882.2311,9714.4664,0,0.000000,7.996654,25.245690,0.068808,-5.545728,1838819356,57497.24,31981,31981
643,-351678.9442,0.0000,351678.9442,35337248.9083,9952.0748,0,0.000000,8.412900,25.064003,0.058043,-5.494984,1828296192,57464.68,31816,31816
644,-311642.0168,0.0000,311642.0168,34009037.1619,9163.5060,0,0.000000,7.221183,21.853369,0.049638,-4.869407,1848046060,57594.85,32087,32087
645,-333512.7033,0.0000,333512.7033,35258128.1384,9459.1721,0,0.000000,7.596941,19.956054,0.057664,-5.211136,1840424225,57592.45,31956,31956
646,-357371.7502,0.0000,357371.7502,36900999.4593,9684.6090,0,0.000000,8.117757,22.909723,0.062060,-5.583934,1835460538,57528.93,31905,31905
647,-365553.1400,0.0000,365553.1400,36824781.9310,9926.8243,0,0.000000,8.356603,25.496791,0.083799,-5.711768,1842693730,57505.11,32044,32044
648,-351866.1045,0.0000,351866.1045,36885032.0265,9539.5364,0,0.000000,7.963419,19.192369,0.072936,-5.497908,1840115101,57552.16,31973,31973
649,-342332.8060,0.0000,342332.8060,36563520.4262,9362.6872,0,0.000000,7.664779,19.475262,0.060928,-5.348950,1850103228,57705.72,32061,32061
65,-366259.9623,0.0000,366259.9623,37680509.8987,9720.1435,0,0.000000,7.979826,20.641780,0.074280,-5.722812,1833340265,57449.87,31912,31912
650,-403700.5036,0.0000,403700.5036,40636905.4494,9934.3318,0,0.000000,8.380380,22.011662,0.062590,-6.307820,1845936393,57766.75,31955,31955
651,-329990.0674,0.0000,329990.0674,34845273.4751,9470.1529,0,0.000000,7.576986,26.464972,0.063034,-5.156095,1853115778,57457.39,32252,32252
652,-345829.8661,0.0000,345829.8661,36095520.2271,9580.9636,0,0.000000,7.870310,27.163491,0.058229,-5.403592,1841174414,57576.28,31978,31978
653,-340992.2979,0.0000,340992.2979,35804997.8491,9523.5950,0,0.000000,7.797730,27.850120,0.074782,-5.328005,1845236043,57609.62,32030,32030
654,-387546.3705,0.0000,387546.3705,38774742.9883,9994.8147,0,0.000000,8.418474,25.630002,0.058608,-6.055412,1842402343,57600.27,31986,31986
655,-391111.8636,0.0000,391111.8636,38946362.4278,10042.3208,0,0.000000,8.173159,24.891647,0.089774,-6.111123,1840255621,57655.73,31918,31918
656,-363544.2403,0.0000,363544.2403,36868085.6874,9860.6758,0,0.000000,8.051434,28.975526,0.075797,-5.680379,1844506722,57507.85,32074,32074
657,-333308.1958,0.0000,333308.1958,34904155.6853,9549.2410,0,0.000000,7.640752,21.915547,0.065142,-5.207941,1825809832,57507.63,31749,31749
658,-400909.5063,0.0000,400909.5063,39952740.4899,10034.5934,0,0.000000,8.481575,27.201644,0.068516,-6.264211,1846340490,57493.32,32114,32114
659,-374508.6984,0.0000,374508.6984,38102226.1776,9829.0503,0,0.000000,8.229379,24.483100,0.089905,-5.851698,1863210608,57609.63,32342,32342
66,-349269.3036,0.0000,349269.3036,36954490.5879,9451.3359,0,0.000000,7.589304,22.605066,0.054334,-5.457333,1840156533,57609.31,31942,31942
660,-396252.6534,0.0000,396252.6534,39631979.2227,9998.3059,0,0.000000,8.582794,23.065408,0.092066,-6.191448,1849708743,57698.82,32058,32058
661,-357884.0766,0.0000,357884.0766,36960295.4549,9682.9333,0,0.000000,7.985407,21.408327,0.068730,-5.591939,1848177549,57546.94,32116,32116
662,-364313.0847,0.0000,364313.0847,37415340.5904,9736.9977,0,0.000000,8.217042,18.945592,0.065035,-5.692392,1838799237,57539.80,31957,31957
663,-348996.8620,0.0000,348996.8620,35634561.5731,9793.7745,0,0.000000,8.006459,21.272513,0.058208,-5.453076,1844791559,57543.64,32059,32059
664,-341840.3353,0.0000,341840.3353,35635133.6477,9592.7895,0,0.000000,7.725615,24.010271,0.055156,-5.341255,1831882607,57488.86,31865,31865
665,-334111.2276,0.0000,334111.2276,35037064.8840,9535.9365,0,0.000000,7.749959,25.028118,0.053973,-5.220488,1830213280,57595.53,31777,31777
666,-359113.3151,0.0000,359113.3151,37640246.5883,9540.6738,0,0.000000,7.832456,23.802907,0.070463,-5.611146,1867347246,57666.21,32382,32382
667,-354520.3648,0.0000,354520.3648,37016554.2364,9577.3465,0,0.000000,7.934402,26.768122,0.084037,-5.539381,1850402583,57652.12,32096,32096
668,-339879.1391,0.0000,339879.1391,35706550.8843,9518.6774,0,0.000000,7.754920,26.079277,0.056187,-5.310612,1841622478,57464.51,32048,32048
669,-372475.0268,0.0000,372475.0268,38267524.9303,9733.4496,0,0.000000,8.213585,21.496975,0.070029,-5.819922,1837912595,57685.34,31861,31861
67,-350664.8720,0.0000,350664.8720,37015562.1770,9473.4444,0,0.000000,7.687821,20.357317,0.081705,-5.479139,1849696514,57743.47,32033,32033
670,-361569.8959,0.0000,361569.8959,36452875.9453,9918.8304,0,0.000000,8.182861,24.615668,0.080767,-5.649530,1834537558,57554.12,31875,31875
671,-377436.6203,0.0000,377436.6203,38831412.4668,9719.8787,0,0.000000,8.038514,25.821903,0.100413,-5.897447,1849960191,57543.32,32149,32149
672,-351400.6651,0.0000,351400.6651,36511886.8534,9624.2812,0,0.000000,7.978421,25.078717,0.058274,-5.490635,1851216596,57532.29,32177,32177
673,-328927.1822,0.0000,328927.1822,34925714.9791,9417.9083,0,0.000000,7.712327,22.298192,0.056233,-5.139487,1849496803,57471.70,32181,32181
674,-321358.2159,0.0000,321358.2159,34124501.3069,9417.2282,0,0.000000,7.686057,19.601008,0.062545,-5.021222,1831675664,57518.47,31845,31845
675,-365189.8353,0.0000,365189.8353,36424921.5747,10025.8235,0,0.000000,8.322119,22.736873,0.057497,-5.706091,1825784188,57537.63,31732,31732
676,-352807.9979,0.0000,352807.9979,37212965.4912,9480.7816,0,0.000000,7.620272,20.125191,0.070821,-5.512625,1857068548,57563.89,32261,32261
677,-421355.1886,0.0000,421355.1886,39653589.8590,10625.9027,0,0.000000,9.127561,51.652136,0.080882,-6.583675,1832768284,57588.95,31825,31825
678,-324319.0350,0.0000,324319.0350,34590855.0323,9375.8606,0,0.000000,7.363994,22.361261,0.053383,-5.067485,1847871497,57673.89,32040,32040
679,-352535.7421,0.0000,352535.7421,36448266.3134,9672.2225,0,0.000000,7.941970,28.139306,0.059253,-5.508371,1834650856,57418.97,31952,31952
68,-369621.8074,0.0000,369621.8074,37472408.0650,9863.8392,0,0.000000,8.236857,24.895608,0.083859,-5.775341,1848807213,57555.79,32122,32122
680,-342819.6283,0.0000,342819.6283,36505352.4960,9390.9415,0,0.000000,7.454547,19.233393,0.060736,-5.356557,1847076730,57596.95,32069,32069
681,-430612.0178,0.0000,430612.0178,41118082.6130,10472.5705,0,0.000000,9.167033,29.889414,0.072705,-6.728313,1845610313,57603.32,32040,32040
682,-366898.6527,0.0000,366898.6527,37982561.0874,9659.6607,0,0.000000,7.989562,23.766787,0.089494,-5.732791,1841295845,57612.51,31960,31960
683,-352175.5506,0.0000,352175.5506,36047973.4602,9769.6352,0,0.000000,8.019442,23.396001,0.074466,-5.502743,1847996789,57571.79,32099,32099
684,-394857.1627,0.0000,394857.1627,38958241.3289,10135.3950,0,0.000000,8.701701,22.264310,0.079612,-6.169643,1831472149,57391.33,31912,31912
685,-300830.8193,0.0000,300830.8193,32268991.9254,9322.5974,0,0.000000,7.546074,22.592568,0.095379,-4.700482,1835725827,57284.09,32046,32046
686,-315942.8181,0.0000,315942.8181,34254618.5280,9223.3641,0,0.000000,7.238826,22.251784,0.064791,-4.936607,1849893818,57509.06,32167,32167
687,-333535.6285,0.0000,333535.6285,35713011.3097,9339.3309,0,0.000000,7.649208,24.653234,0.072185,-5.211494,1843891873,57583.83,32021,32021
688,-299278.6844,0.0000,299278.6844,32284554.7020,9270.0267,0,0.000000,7.442799,22.630768,0.053596,-4.676229,1839326250,57364.22,32064,32064
689,-338624.6896,0.0000,338624.6896,35301662.8214,9592.3156,0,0.000000,7.914481,19.923958,0.081617,-5.291011,1850253026,57627.71,32107,32107
69,-380317.7764,0.0000,380317.7764,39062803.7200,9736.0594,0,0.000000,8.104082,24.070922,0.061301,-5.942465,1845579690,57602.36,32040,32040
690,-313494.0935,0.0000,313494.0935,32967679.5854,9509.1343,0,0.000000,7.448182,20.336791,0.072080,-4.898345,1820636812,57308.60,31769,31769
691,-296677.4720,0.0000,296677.4720,33107897.8702,8960.9275,0,0.000000,7.106342,21.469956,0.050627,-4.635586,1831588486,57617.05,31789,31789
692,-338397.4335,0.0000,338397.4335,35032135.4555,9659.6291,0,0.000000,7.876517,21.564248,0.079844,-5.287460,1823743340,57467.89,31735,31735
693,-342499.0573,0.0000,342499.0573,35973688.3260,9520.8213,0,0.000000,7.847407,20.795559,0.073121,-5.351548,1845307311,57595.66,32039,32039
694,-339111.2301,0.0000,339111.2301,34945958.1548,9703.8756,0,0.000000,7.829027,24.040457,0.053638,-5.298613,1823075373,57490.31,31711,31711
695,-358292.4416,0.0000,358292.4416,36770121.3700,9744.1191,0,0.000000,8.022715,18.952989,0.058010,-5.598319,1842052601,57619.96,31969,31969
696,-370096.1524,0.0000,370096.1524,37302984.3327,9921.3551,0,0.000000,8.181118,34.489413,0.083009,-5.782752,1831916301,57560.37,31826,31826
697,-324004.3162,0.0000,324004.3162,34919823.0733,9278.5211,0,0.000000,7.502411,20.837603,0.072983,-5.062567,1835484428,57612.74,31859,31859
698,-365409.5544,0.0000,365409.5544,37510213.8362,9741.6015,0,0.000000,8.206958,20.495862,0.075669,-5.709524,1846513600,57565.03,32077,32077
699,-377759.3461,0.0000,377759.3461,37704227.1189,10019.0184,0,0.000000,8.439203,23.287037,0.070899,-5.902490,1840982526,57584.69,31970,31970
70,-332014.7740,0.0000,332014.7740,34511203.3850,9620.4925,0,0.000000,7.715702,22.911808,0.060058,-5.187731,1853334640,57503.40,32230,32230
700,-365151.3064,0.0000,365151.3064,37102572.6843,9841.6708,0,0.000000,8.077540,23.438250,0.058645,-5.705489,1832277044,57488.61,31872,31872
701,-392519.3537,0.0000,392519.3537,39081507.6797,10043.6083,0,0.000000,8.560135,24.758280,0.062841,-6.133115,1843310440,57717.08,31937,31937
702,-357078.0951,0.0000,357078.0951,37171468.1577,9606.2414,0,0.000000,7.723765,24.168876,0.062801,-5.579345,1850357518,57500.23,32180,32180
703,-375680.0046,0.0000,375680.0046,39151835.6723,9595.4634,0,0.000000,8.091095,22.599548,0.056512,-5.870000,1854983085,57640.39,32182,32182
704,-362211.1041,0.0000,362211.1041,37961736.5797,9541.4788,0,0.000000,7.891752,21.914247,0.055196,-5.659549,1851006736,57672.74,32095,32095
705,-355683.0217,0.0000,355683.0217,36417287.5272,9766.8730,0,0.000000,8.189848,24.679752,0.081458,-5.557547,1835757481,57556.28,31895,31895
706,-336454.0170,0.0000,336454.0170,36407222.2691,9241.4086,0,0.000000,7.314989,20.073946,0.056059,-5.257094,1857357978,57562.15,32267,32267
707,-425085.0604,0.0000,425085.0604,41870008.4791,10152.4952,0,0.000000,8.679400,24.783703,0.087313,-6.641954,1839742409,57668.56,31902,31902
708,-389853.2428,0.0000,389853.2428,39316865.6737,9915.6745,0,0.000000,8.304244,22.596074,0.093789,-6.091457,1845066904,57620.53,32021,32021
709,-302334.4070,0.0000,302334.4070,33113138.3809,9130.3459,0,0.000000,7.126769,20.024117,0.061402,-4.723975,1836043871,57594.15,31879,31879
71,-361440.4543,0.0000,361440.4543,37630019.3635,9605.1094,0,0.000000,7.956636,20.411560,0.074175,-5.647507,1849057425,57606.62,32098,32098
710,-330968.5792,0.0000,330968.5792,34792600.4267,9512.6140,0,0.000000,7.834490,20.623199,0.053985,-5.171384,1845691919,57512.52,32092,32092
711,-326544.6153,0.0000,326544.6153,34210231.3548,9545.2326,0,0.000000,7.779079,22.884744,0.060785,-5.102260,1842120683,57506.97,32033,32033
712,-323243.5518,0.0000,323243.5518,34586872.7743,9345.8450,0,0.000000,7.552650,25.887110,0.059818,-5.050680,1838659789,57587.69,31928,31928
713,-396454.4339,0.0000,396454.4339,39529875.8368,10029.2355,0,0.000000,8.535365,23.212094,0.062669,-6.194601,1852762903,57655.61,32135,32135
714,-341440.6495,0.0000,341440.6495,35901248.2452,9510.5509,0,0.000000,7.565653,22.802595,0.059942,-5.335010,1836655560,57570.00,31903,31903
715,-324728.4706,0.0000,324728.4706,34932087.5316,9295.9938,0,0.000000,7.484159,20.822109,0.053832,-5.073882,1839870941,57478.01,32010,32010
716,-399477.0429,0.0000,399477.0429,38974988.1722,10249.5744,0,0.000000,8.670092,29.080488,0.060519,-6.241829,1840389820,57470.87,32023,32023
717,-333254.7770,0.0000,333254.7770,34066203.0655,9782.5630,0,0.000000,7.962232,21.135393,0.068915,-5.207106,1858242619,57537.86,32296,32296
718,-314521.4722,0.0000,314521.4722,33312646.5991,9441.5036,0,0.000000,7.612589,21.703589,0.052466,-4.914398,1843460826,57475.24,32074,32074
719,-356458.8170,0.0000,356458.8170,36826001.4254,9679.5417,0,0.000000,7.914852,20.879232,0.067523,-5.569669,1845985499,57647.41,32022,32022
72,-349743.1599,0.0000,349743.1599,36885536.9927,9481.8508,0,0.000000,7.740303,19.233086,0.067961,-5.464737,1851436126,57749.10,32060,32060
720,-360443.8274,0.0000,360443.8274,37659651.3613,9571.0877,0,0.000000,7.744607,21.022755,0.088433,-5.631935,1846462895,57552.69,32083,32083
721,-346329.1714,0.0000,346329.1714,36703348.1291,9435.9013,0,0.000000,7.690598,22.719397,0.109960,-5.411393,1830337764,57604.89,31774,31774
722,-328072.4034,0.0000,328072.4034,34469870.6827,9517.6569,0,0.000000,7.524585,20.876527,0.052102,-5.126131,1848255131,57595.98,32090,32090
723,-321193.7119,0.0000,321193.7119,33688563.7015,9534.2062,0,0.000000,7.805494,17.943741,0.068027,-5.018652,1837338926,57422.22,31997,31997
724,-350411.4726,0.0000,350411.4726,36584137.0904,9578.2353,0,0.000000,7.925159,29.754358,0.080950,-5.475179,1845379349,57570.95,32054,32054
725,-411941.9630,0.0000,411941.9630,40341926.4961,10211.2616,0,0.000000,8.749179,26.793747,0.059975,-6.436593,1848790705,57621.65,32085,32085
726,-375175.7941,0.0000,375175.7941,38953992.8330,9631.2539,0,0.000000,7.977018,25.502805,0.079228,-5.862122,1846794595,57667.28,32025,32025
727,-338686.4620,0.0000,338686.4620,35616456.9423,9509.2688,0,0.000000,7.752282,21.548517,0.101104,-5.291976,1842797761,57555.06,32018,32018
728,-333660.8501,0.0000,333660.8501,35165236.6435,9488.3721,0,0.000000,7.807372,20.542579,0.073246,-5.213451,1845445021,57675.56,31997,31997
729,-385704.7910,0.0000,385704.7910,38822721.9571,9935.0270,0,0.000000,8.282098,20.858289,0.092502,-6.026637,1850089520,57493.69,32179,32179
73,-324575.8810,0.0000,324575.8810,34339179.8272,9452.0569,0,0.000000,7.733476,20.088327,0.096551,-5.071498,1835719496,57382.37,31991,31991
730,-354983.7305,0.0000,354983.7305,36507554.9570,9723.5690,0,0.000000,8.092058,23.606408,0.076710,-5.546621,1831368167,57521.46,31838,31838
731,-397937.4597,0.0000,397937.4597,39367551.8913,10108.2602,0,0.000000,8.423426,22.414962,0.057382,-6.217773,1853387650,57576.50,32190,32190
732,-351887.7281,0.0000,351887.7281,36935211.4596,9527.1616,0,0.000000,7.851486,23.879411,0.072046,-5.498246,1836056057,57695.88,31823,31823
733,-372680.9539,0.0000,372680.9539,37901025.7783,9833.0044,0,0.000000,8.258595,22.329766,0.064991,-5.823140,1840298176,57583.10,31959,31959
734,-310282.1393,0.0000,310282.1393,34177984.8953,9078.4211,0,0.000000,7.164930,19.851637,0.052668,-4.848158,1840104801,57623.93,31933,31933
735,-319166.5188,0.0000,319166.5188,34493263.3451,9253.0102,0,0.000000,7.399900,19.293228,0.057258,-4.986977,1840384023,57477.87,32019,32019
736,-389927.4773,0.0000,389927.4773,38406281.8665,10152.7005,0,0.000000,8.654278,24.141227,0.079183,-6.092617,1841982370,57520.61,32023,32023
737,-419406.5054,0.0000,419406.5054,40962018.9365,10238.9120,0,0.000000,8.795378,23.305407,0.063127,-6.553227,1844903804,57649.64,32002,32002
738,-328856.3409,0.0000,328856.3409,34221820.7935,9609.5513,0,0.000000,7.726832,23.510777,0.070890,-5.138380,1838928265,57444.97,32012,32012
739,-347960.7143,0.0000,347960.7143,35565381.3464,9783.6914,0,0.000000,8.109854,23.544368,0.055703,-5.436886,1838609880,57496.09,31978,31978
74,-340154.0590,0.0000,340154.0590,35682358.6683,9532.8356,0,0.000000,7.846169,25.420840,0.072671,-5.314907,1841754313,57526.06,32016,32016
740,-328725.7168,0.0000,328725.7168,34750572.4853,9459.5770,0,0.000000,7.472111,26.544539,0.053669,-5.136339,1843787352,57453.18,32092,32092
741,-360528.1252,0.0000,360528.1252,36696590.2949,9824.5674,0,0.000000,8.037947,23.962519,0.080944,-5.633252,1846977942,57489.90,32127,32127
742,-320476.5388,0.0000,320476.5388,33920584.1190,9447.8485,0,0.000000,7.525189,21.735589,0.080233,-5.007446,1845759992,57532.57,32082,32082
743,-288539.5217,0.0000,288539.5217,31743570.6033,9089.6996,0,0.000000,7.104640,20.780021,0.050190,-4.508430,1840688282,57602.51,31955,31955
744,-371829.4463,0.0000,371829.4463,38016623.8438,9780.7067,0,0.000000,8.052730,23.260942,0.067427,-5.809835,1857606811,57519.95,32295,32295
745,-333657.1874,0.0000,333657.1874,35157953.6156,9490.2335,0,0.000000,7.666000,21.773207,0.061064,-5.213394,1839595151,57577.31,31950,31950
746,-402893.0099,0.0000,402893.0099,40263742.9238,10006.3477,0,0.000000,8.650642,26.810647,0.082409,-6.295203,1845516776,57688.62,31991,31991
747,-353496.3013,0.0000,353496.3013,35380579.6400,9991.2524,0,0.000000,8.282023,22.627253,0.077854,-5.523380,1833678151,57519.94,31879,31879
748,-335120.2150,0.0000,335120.2150,35898203.2971,9335.2921,0,0.000000,7.566800,20.363934,0.054963,-5.236253,1841502899,57586.56,31978,31978
749,-346730.5489,0.0000,346730.5489,36219585.8963,9573.0125,0,0.000000,7.713206,22.201793,0.060763,-5.417665,1817839696,57559.36,31582,31582
75,-325611.4923,0.0000,325611.4923,34487697.5119,9441.3810,0,0.000000,7.654335,22.918211,0.071142,-5.087680,1857574939,57611.73,32243,32243
750,-372965.0599,0.0000,372965.0599,38107907.1707,9787.0780,0,0.000000,8.410107,25.598320,0.075954,-5.827579,1846695983,57536.64,32096,32096
751,-371977.6691,0.0000,371977.6691,38192539.1654,9739.5375,0,0.000000,8.088751,20.750787,0.070982,-5.812151,1829952684,57669.00,31732,31732
752,-414572.3882,0.0000,414572.3882,40071817.5214,10345.7346,0,0.000000,9.042526,31.632811,0.080030,-6.477694,1848829401,57488.48,32160,32160
753,-315529.1999,0.0000,315529.1999,33216528.6355,9499.1624,0,0.000000,7.793574,22.445019,0.094681,-4.930144,1845090322,57499.15,32089,32089
754,-387423.8539,0.0000,387423.8539,38403457.9078,10088.2544,0,0.000000,8.522948,23.193217,0.061310,-6.053498,1840153339,57538.96,31981,31981
755,-367104.3282,0.0000,367104.3282,37466053.8029,9798.3185,0,0.000000,8.075499,24.368915,0.079527,-5.736005,1838186335,57625.20,31899,31899
756,-373890.5620,0.0000,373890.5620,37728623.9495,9909.9973,0,0.000000,8.403639,25.707308,0.068606,-5.842040,1842060734,57559.00,32003,32003
757,-356514.9398,0.0000,356514.9398,37436859.7523,9523.0995,0,0.000000,7.867294,23.796708,0.054870,-5.570546,1846889518,57605.49,32061,32061
758,-327992.3202,0.0000,327992.3202,34441372.0506,9523.2071,0,0.000000,7.730372,23.566000,0.062288,-5.124880,1841699856,57484.86,32038,32038
759,-369832.3216,0.0000,369832.3216,37491698.1240,9864.3791,0,0.000000,8.224879,21.973590,0.070219,-5.778630,1844990434,57467.39,32105,32105
76,-391679.3750,0.0000,391679.3750,38938215.4185,10058.9966,0,0.000000,8.523220,24.528985,0.072419,-6.119990,1859242175,57622.33,32266,32266
760,-353538.7095,0.0000,353538.7095,36639248.8277,9649.1801,0,0.000000,7.777931,21.227276,0.070561,-5.524042,1845175377,57647.32,32008,32008
761,-318062.3497,0.0000,318062.3497,34796376.5126,9140.6744,0,0.000000,7.359777,17.257926,0.078843,-4.969724,1842851559,57664.80,31958,31958
762,-297475.8322,0.0000,297475.8322,32887861.7546,9045.1558,0,0.000000,7.065753,19.117363,0.050765,-4.648060,1846990058,57576.30,32079,32079
763,-378301.0272,0.0000,378301.0272,38090186.9207,9931.7188,0,0.000000,8.422242,23.937490,0.085891,-5.910954,1837444933,57643.52,31876,31876
764,-329318.4314,0.0000,329318.4314,35232512.1068,9347.0040,0,0.000000,7.500038,21.348363,0.058394,-5.145600,1848520197,57561.19,32114,32114
765,-369991.0194,0.0000,369991.0194,37460721.8036,9876.7723,0,0.000000,8.339119,21.877844,0.073413,-5.781110,1847445234,57534.89,32110,32110
766,-352766.1978,0.0000,352766.1978,37010921.7514,9531.4081,0,0.000000,7.723283,21.067229,0.080736,-5.511972,1842094565,57614.07,31973,31973
767,-318555.5603,0.0000,318555.5603,33243811.1803,9582.4019,0,0.000000,7.786817,21.999331,0.056043,-4.977431,1836931727,57235.99,32094,32094
768,-371568.8341,0.0000,371568.8341,36832798.0001,10087.9883,0,0.000000,8.453765,23.847207,0.067842,-5.805763,1835664901,57465.09,31944,31944
769,-353269.7764,0.0000,353269.7764,37158960.8821,9506.9875,0,0.000000,7.706513,18.218930,0.052762,-5.519840,1836986445,57638.18,31871,31871
77,-349500.8471,0.0000,349500.8471,36744777.7687,9511.5787,0,0.000000,7.865703,19.462785,0.061082,-5.460951,1851525440,57563.36,32165,32165
770,-305105.4822,0.0000,305105.4822,32787090.5020,9305.6589,0,0.000000,7.365721,22.612085,0.055342,-4.767273,1830628069,57454.90,31862,31862
771,-372361.0036,0.0000,372361.0036,36849802.1454,10104.8305,0,0.000000,8.247274,25.319776,0.074328,-5.818141,1828960025,57574.21,31767,31767
772,-368333.8601,0.0000,368333.8601,38396917.0741,9592.7978,0,0.000000,8.005385,20.648684,0.071830,-5.755217,1844433597,57690.83,31971,31971
773,-366104.0603,0.0000,366104.0603,37539356.5916,9752.5396,0,0.000000,8.032297,20.170643,0.055302,-5.720376,1836826001,57571.73,31905,31905
774,-343755.0432,0.0000,343755.0432,35760325.5040,9612.7493,0,0.000000,7.972141,22.036474,0.100114,-5.371173,1843110555,57525.30,32040,32040
775,-380916.9759,0.0000,380916.9759,38437482.6114,9910.0396,0,0.000000,8.344467,25.104910,0.067180,-5.951828,1855908276,57619.01,32210,32210
776,-347266.3573,0.0000,347266.3573,36371920.5811,9547.6497,0,0.000000,7.711161,19.325490,0.075581,-5.426037,1829135270,57686.87,31708,31708
777,-342517.1930,0.0000,342517.1930,36649299.3135,9345.8047,0,0.000000,7.675764,20.276961,0.052357,-5.351831,1835718881,57725.19,31801,31801
778,-363085.8771,0.0000,363085.8771,36351051.2903,9988.3185,0,0.000000,8.354926,26.839979,0.070668,-5.673217,1837925624,57519.66,31953,31953
779,-327035.2779,0.0000,327035.2779,34655506.7977,9436.7478,0,0.000000,7.420635,24.001749,0.066442,-5.109926,1843100293,57652.74,31969,31969
78,-338280.5944,0.0000,338280.5944,35596446.2085,9503.2126,0,0.000000,7.718523,23.447018,0.066459,-5.285634,1842010976,57552.05,32006,32006
780,-394978.2276,0.0000,394978.2276,39861919.4458,9908.6605,0,0.000000,8.664514,25.554256,0.100769,-6.171535,1845561420,57695.43,31988,31988
781,-392331.3643,0.0000,392331.3643,39681185.8545,9887.0877,0,0.000000,8.500972,21.892764,0.080430,-6.130178,1838959369,57611.51,31920,31920
782,-347521.7969,0.0000,347521.7969,36996758.9694,9393.3038,0,0.000000,7.676455,24.878261,0.069831,-5.430028,1834061639,57548.22,31870,31870
783,-382337.6234,0.0000,382337.6234,38384273.1660,9960.7884,0,0.000000,8.212418,24.922928,0.085799,-5.974025,1837337035,57452.69,31980,31980
784,-321293.8186,0.0000,321293.8186,34035371.6219,9439.9974,0,0.000000,7.328004,26.741162,0.062809,-5.020216,1839370803,57564.89,31953,31953
785,-365775.9298,0.0000,365775.9298,36878920.5574,9918.2927,0,0.000000,8.022941,25.748661,0.055281,-5.715249,1844709764,57614.77,32018,32018
786,-369885.0238,0.0000,369885.0238,38021364.9877,9728.3468,0,0.000000,8.106356,24.822120,0.073642,-5.779453,1849642297,57671.56,32072,32072
787,-347226.1465,0.0000,347226.1465,36392290.9006,9541.2006,0,0.000000,7.928292,18.433567,0.084041,-5.425409,1841552647,57638.58,31950,31950
788,-321284.2200,0.0000,321284.2200,34102999.4975,9420.9959,0,0.000000,7.542411,20.592972,0.077390,-5.020066,1837939707,57579.56,31920,31920
789,-298373.2683,0.0000,298373.2683,32520515.9779,9174.9242,0,0.000000,7.293638,18.134383,0.051687,-4.662082,1844820881,57505.09,32081,32081
79,-364048.5691,0.0000,364048.5691,36550176.2199,9960.2411,0,0.000000,8.455492,24.386673,0.079236,-5.688259,1836163748,57507.71,31929,31929
790,-328021.6809,0.0000,328021.6809,35031153.8620,9363.7133,0,0.000000,7.850624,21.136918,0.081158,-5.125339,1835878210,57565.48,31892,31892
791,-355905.5080,0.0000,355905.5080,37305501.1228,9540.2956,0,0.000000,7.725905,20.298470,0.055519,-5.561024,1839867011,57674.27,31901,31901
792,-352823.9862,0.0000,352823.9862,36414865.2474,9689.0098,0,0.000000,8.170459,23.428158,0.066931,-5.512875,1835505810,57553.80,31892,31892
793,-350220.8153,0.0000,350220.8153,36478353.4257,9600.7846,0,0.000000,7.987460,29.264741,0.060561,-5.472200,1835662521,57556.91,31893,31893
794,-355791.7184,0.0000,355791.7184,36227090.2615,9821.1509,0,0.000000,8.160524,18.927794,0.072833,-5.559246,1839776727,57419.45,32041,32041
795,-383171.2830,0.0000,383171.2830,37662748.0886,10173.7473,0,0.000000,8.421965,26.678232,0.073674,-5.987051,1843156109,57596.83,32001,32001
796,-335480.7005,0.0000,335480.7005,35270994.9097,9511.5179,0,0.000000,7.670686,24.267491,0.063349,-5.241886,1832859277,57515.90,31867,31867
797,-383294.9635,0.0000,383294.9635,38614397.7916,9926.2189,0,0.000000,8.346544,25.290569,0.113131,-5.988984,1839322496,57666.24,31896,31896
798,-349440.9232,0.0000,349440.9232,37107748.8367,9416.9260,0,0.000000,7.621869,19.834496,0.061018,-5.460014,1842463771,57701.41,31931,31931
799,-346339.8229,0.0000,346339.8229,36399357.8800,9514.9982,0,0.000000,7.749194,25.421535,0.069201,-5.411560,1844382055,57534.46,32057,32057
80,-375085.4884,0.0000,375085.4884,37417722.9851,10024.2735,0,0.000000,8.654381,22.049142,0.065394,-5.860711,1836297002,57355.60,32016,32016
800,-351066.0830,0.0000,351066.0830,35940339.8986,9768.0235,0,0.000000,7.908415,21.259348,0.070313,-5.485408,1831998381,57420.42,31905,31905
801,-384408.0145,0.0000,384408.0145,38844041.0009,9896.1901,0,0.000000,8.315508,22.227665,0.072840,-6.006375,1839913931,57668.51,31905,31905
802,-315990.0245,0.0000,315990.0245,34101473.9350,9266.1691,0,0.000000,7.438032,19.502677,0.057191,-4.937344,1841030339,57451.41,32045,32045
803,-403540.3155,0.0000,403540.3155,39711709.7982,10161.7462,0,0.000000,8.600424,26.126669,0.066949,-6.305317,1851242309,57651.34,32111,32111
804,-340146.0582,0.0000,340146.0582,35793794.6917,9502.9337,0,0.000000,7.731182,25.152376,0.055454,-5.314782,1847503882,57660.62,32041,32041
805,-303598.6018,0.0000,303598.6018,33413862.6425,9086.0074,0,0.000000,7.301033,20.220001,0.075588,-4.743728,1838781877,57393.78,32038,32038
806,-305282.0487,0.0000,305282.0487,33413988.6623,9136.3546,0,0.000000,7.115667,22.589653,0.067413,-4.770032,1856458728,57657.58,32198,32198
807,-400082.0132,0.0000,400082.0132,40324794.5284,9921.4892,0,0.000000,8.263093,20.348892,0.073634,-6.251281,1849683934,57636.92,32092,32092
808,-351251.3440,0.0000,351251.3440,37100978.7576,9467.4414,0,0.000000,7.861396,23.613022,0.126672,-5.488302,1845210102,57632.20,32017,32017
809,-370684.5101,0.0000,370684.5101,37887992.9711,9783.6935,0,0.000000,8.208913,23.737958,0.072334,-5.791945,1844906319,57563.38,32050,32050
81,-393197.2531,0.0000,393197.2531,39037390.8290,10072.3241,0,0.000000,8.294378,24.988704,0.081808,-6.143707,1854246195,57631.82,32174,32174
810,-322083.6584,0.0000,322083.6584,35041025.5023,9191.6162,0,0.000000,7.250204,19.284265,0.060704,-5.032557,1852724571,57708.29,32105,32105
811,-380498.1415,0.0000,380498.1415,38518832.1008,9878.2367,0,0.000000,8.244720,30.979048,0.072145,-5.945283,1836894308,57635.29,31871,31871
812,-359220.4274,0.0000,359220.4274,36652277.3250,9800.7669,0,0.000000,8.010663,19.562383,0.067621,-5.612819,1834159020,57425.14,31940,31940
813,-332157.1383,0.0000,332157.1383,35374518.4668,9389.7289,0,0.000000,7.690432,19.734607,0.085043,-5.189955,1855991847,57600.14,32222,32222
814,-380345.1731,0.0000,380345.1731,38451791.2890,9891.4813,0,0.000000,8.250242,27.064704,0.067169,-5.942893,1852050370,57533.17,32191,32191
815,-373163.0413,0.0000,373163.0413,38300331.6676,9743.0760,0,0.000000,7.920820,24.654203,0.070427,-5.830673,1845102647,57764.16,31942,31942
816,-364755.7383,0.0000,364755.7383,37167621.3262,9813.8037,0,0.000000,8.172065,24.313740,0.069276,-5.699308,1831477960,57496.01,31854,31854
817,-331960.7731,0.0000,331960.7731,34509337.2629,9619.4479,0,0.000000,7.911151,27.310029,0.066781,-5.186887,1839843032,57527.45,31982,31982
818,-360076.8099,0.0000,360076.8099,37117463.1063,9701.0081,0,0.000000,7.901817,22.724280,0.068989,-5.626200,1838855793,57509.17,31975,31975
819,-332857.5696,0.0000,332857.5696,34417567.7768,9671.1532,0,0.000000,7.749163,25.516213,0.064117,-5.200900,1834597092,57514.49,31898,31898
82,-363347.0914,0.0000,363347.0914,37886012.2376,9590.5341,0,0.000000,8.055345,21.856935,0.065341,-5.677298,1839844340,57711.55,31880,31880
820,-357859.9070,0.0000,357859.9070,37223946.2049,9613.7015,0,0.000000,7.697408,20.977361,0.079856,-5.591561,1850501532,57626.48,32112,32112
821,-302656.0461,0.0000,302656.0461,33792431.9107,8956.3263,0,0.000000,6.997180,22.662956,0.052234,-4.729001,1841305868,57600.21,31967,31967
822,-378195.4535,0.0000,378195.4535,38138613.5577,9916.3399,0,0.000000,8.484709,23.650895,0.062012,-5.909304,1846473039,57567.36,32075,32075
823,-337721.9945,0.0000,337721.9945,36506718.9230,9250.9545,0,0.000000,7.493523,21.519227,0.059538,-5.276906,1842299916,57804.90,31871,31871
824,-366072.9942,0.0000,366072.9942,36123694.7644,10133.8746,0,0.000000,8.602787,26.292783,0.076082,-5.719891,1834142876,57475.02,31912,31912
825,-362887.2463,0.0000,362887.2463,36871510.5818,9841.9414,0,0.000000,8.140980,22.992811,0.076924,-5.670113,1851918870,57670.62,32112,32112
826,-345457.6935,0.0000,345457.6935,35025498.6573,9863.0343,0,0.000000,7.877615,26.709722,0.056313,-5.397776,1841451918,57355.38,32106,32106
827,-345470.7172,0.0000,345470.7172,36418610.5449,9486.1037,0,0.000000,7.625799,20.820792,0.074554,-5.397980,1834895579,57617.77,31846,31846
828,-342976.3828,0.0000,342976.3828,35681535.5137,9612.1531,0,0.000000,8.059479,22.273301,0.089556,-5.359006,1840520799,57543.25,31985,31985
829,-354593.5426,0.0000,354593.5426,36538616.3654,9704.6243,0,0.000000,7.853481,22.556747,0.056157,-5.540524,1831984253,57448.78,31889,31889
83,-416588.1302,0.0000,416588.1302,40144845.4683,10377.1263,0,0.000000,8.881803,26.374637,0.084609,-6.509190,1836286838,57549.42,31908,31908
830,-368302.3358,0.0000,368302.3358,37474120.7335,9828.1782,0,0.000000,8.320870,23.841873,0.079996,-5.754724,1850290951,57598.40,32124,32124
831,-350099.7943,0.0000,350099.7943,36274581.3569,9651.3807,0,0.000000,7.853236,19.694841,0.078166,-5.470309,1841177846,57648.50,31938,31938
832,-300715.5679,0.0000,300715.5679,32756991.5356,9180.1949,0,0.000000,7.211029,23.282263,0.086180,-4.698681,1828638396,57448.35,31831,31831
833,-348102.9504,0.0000,348102.9504,36779613.1858,9464.5626,0,0.000000,7.887677,21.819187,0.109998,-5.439109,1851824625,57610.27,32144,32144
834,-372526.6799,0.0000,372526.6799,37148457.4617,10028.0525,0,0.000000,8.360606,23.003086,0.057979,-5.820729,1839554526,57559.83,31959,31959
835,-362068.7503,0.0000,362068.7503,37312113.6085,9703.7856,0,0.000000,7.991091,24.606207,0.062062,-5.657324,1852895319,57622.07,32156,32156
836,-326014.3081,0.0000,326014.3081,33782011.9047,9650.5297,0,0.000000,7.852922,19.455921,0.056621,-5.093974,1846575382,57482.74,32124,32124
837,-359587.1551,0.0000,359587.1551,37485042.1996,9592.8171,0,0.000000,7.675006,22.509772,0.087685,-5.618549,1846498988,57534.09,32094,32094
838,-362872.7972,0.0000,362872.7972,37404905.6518,9701.2087,0,0.000000,8.215378,25.305054,0.079946,-5.669887,1828590581,57593.40,31750,31750
839,-342909.0081,0.0000,342909.0081,36947792.1235,9280.9066,0,0.000000,7.460376,20.710365,0.056942,-5.357953,1849802291,57790.07,32009,32009
84,-327642.3120,0.0000,327642.3120,35929079.7173,9119.1401,0,0.000000,7.274212,21.089939,0.124332,-5.119411,1842790812,57603.41,31991,31991
840,-353747.1167,0.0000,353747.1167,36162224.1123,9782.2279,0,0.000000,8.193876,22.149493,0.097235,-5.527299,1835750388,57451.58,31953,31953
841,-310525.9093,0.0000,310525.9093,33811840.4502,9183.9399,0,0.000000,7.226657,20.507113,0.092449,-4.851967,1825855816,57541.70,31731,31731
842,-369665.4180,0.0000,369665.4180,38004574.2975,9726.8664,0,0.000000,7.913135,19.172105,0.075121,-5.776022,1840244972,57567.02,31967,31967
843,-362838.9469,0.0000,362838.9469,37136130.8124,9770.5103,0,0.000000,8.262456,22.128346,0.059457,-5.669359,1841957976,57591.78,31983,31983
844,-383490.9712,0.0000,383490.9712,38210713.0399,10036.2160,0,0.000000,8.294249,23.646013,0.072143,-5.992046,1846539025,57635.90,32038,32038
845,-323290.8175,0.0000,323290.8175,34990821.3182,9239.3035,0,0.000000,7.248840,19.116090,0.068328,-5.051419,1828123120,57575.05,31752,31752
846,-345435.4199,0.0000,345435.4199,35947150.8713,9609.5354,0,0.000000,7.955894,24.096961,0.078872,-5.397428,1835843973,57627.65,31857,31857
847,-360747.9849,0.0000,360747.9849,36633457.3973,9847.5004,0,0.000000,8.129753,18.960299,0.062035,-5.636687,1838522751,57471.80,31990,31990
848,-362664.7019,0.0000,362664.7019,37075510.1448,9781.7859,0,0.000000,8.102458,20.098903,0.058862,-5.666636,1853597267,57511.55,32230,32230
849,-355694.3360,0.0000,355694.3360,36008648.9699,9878.0250,0,0.000000,8.357675,23.724720,0.065855,-5.557724,1837949367,57392.87,32024,32024
85,-363557.6417,0.0000,363557.6417,37055801.3215,9811.0857,0,0.000000,8.307121,24.950085,0.073078,-5.680588,1858671814,57627.87,32253,32253
850,-335650.4859,0.0000,335650.4859,35286462.8309,9512.1602,0,0.000000,7.908800,23.578312,0.069951,-5.244539,1840059167,57550.41,31973,31973
851,-360781.3458,0.0000,360781.3458,37199244.5654,9698.6202,0,0.000000,8.083318,26.742274,0.062214,-5.637209,1840261889,57623.43,31936,31936
852,-364383.2743,0.0000,364383.2743,37060371.1796,9832.1539,0,0.000000,8.111320,24.472119,0.073278,-5.693489,1845150091,57653.73,32004,32004
853,-340394.7791,0.0000,340394.7791,35722028.3064,9528.9880,0,0.000000,7.614427,24.493309,0.099042,-5.318668,1853193010,57647.46,32147,32147
854,-352297.5429,0.0000,352297.5429,37199369.0435,9470.5247,0,0.000000,7.845830,28.526002,0.063364,-5.504649,1852569432,57755.63,32076,32076
855,-296534.1381,0.0000,296534.1381,32991027.2206,8988.3269,0,0.000000,7.122714,19.626815,0.068393,-4.633346,1833499072,57508.91,31882,31882
856,-384011.9734,0.0000,384011.9734,38790304.1337,9899.6897,0,0.000000,8.310272,30.807248,0.070844,-6.000187,1853400243,57623.44,32164,32164
857,-346441.1104,0.0000,346441.1104,35247813.8082,9828.7262,0,0.000000,8.086423,23.587910,0.076167,-5.413142,1829333123,57398.05,31871,31871
858,-374149.5022,0.0000,374149.5022,38580376.3859,9697.9226,0,0.000000,8.007798,23.903434,0.085740,-5.846086,1864024830,57627.68,32346,32346
859,-321329.9963,0.0000,321329.9963,34348867.0008,9354.8936,0,0.000000,7.511268,23.554472,0.075250,-5.020781,1833042374,57595.75,31826,31826
86,-370304.8587,0.0000,370304.8587,36992203.9634,10010.3486,0,0.000000,8.338511,22.970801,0.060489,-5.786013,1845453482,57485.39,32103,32103
860,-348160.4958,0.0000,348160.4958,35412639.0903,9831.5320,0,0.000000,8.213633,23.577053,0.058372,-5.440008,1831383215,57392.14,31910,31910
861,-344376.7279,0.0000,344376.7279,35415232.6270,9723.9719,0,0.000000,8.144781,25.893512,0.059981,-5.380886,1847345720,57587.38,32079,32079
862,-389221.2127,0.0000,389221.2127,40178201.7356,9687.3727,0,0.000000,8.019753,24.107660,0.104439,-6.081581,1842453210,57749.91,31904,31904
863,-337928.8984,0.0000,337928.8984,34982033.9996,9660.0700,0,0.000000,7.773732,18.958886,0.056578,-5.280139,1833280343,57532.73,31865,31865
864,-341999.9024,0.0000,341999.9024,35757244.5684,9564.4926,0,0.000000,7.928435,23.700934,0.064177,-5.343748,1838191612,57518.98,31958,31958
865,-338953.2083,0.0000,338953.2083,35779224.3349,9473.4644,0,0.000000,7.637055,19.654736,0.063236,-5.296144,1836114220,57556.64,31901,31901
866,-344169.7391,0.0000,344169.7391,37021264.8754,9296.5419,0,0.000000,7.550022,20.813909,0.061522,-5.377652,1849252489,57663.00,32070,32070
867,-374543.7957,0.0000,374543.7957,37787723.9584,9911.7850,0,0.000000,8.422693,24.394550,0.079034,-5.852247,1843736106,57528.66,32049,32049
868,-357674.5944,0.0000,357674.5944,37378760.2409,9568.9261,0,0.000000,7.817370,18.526060,0.053701,-5.588666,1839330929,57471.91,32004,32004
869,-306815.2325,0.0000,306815.2325,33856948.4294,9062.1053,0,0.000000,7.105483,23.461003,0.050007,-4.793988,1841788775,57654.99,31945,31945
87,-374470.6811,0.0000,374470.6811,38034460.0243,9845.5632,0,0.000000,8.144230,21.029338,0.066772,-5.851104,1843133495,57504.48,32052,32052
870,-376813.4453,0.0000,376813.4453,38650583.6756,9749.2304,0,0.000000,8.324325,21.505882,0.065193,-5.887710,1847289507,57592.81,32075,32075
871,-385896.2509,0.0000,385896.2509,37621128.3508,10257.4343,0,0.000000,8.735220,24.125994,0.076156,-6.029629,1838833674,57386.44,32043,32043
872,-339424.1317,0.0000,339424.1317,34781230.4858,9758.8305,0,0.000000,8.048591,21.270949,0.058306,-5.303502,1829399155,57483.08,31825,31825
873,-361817.8663,0.0000,361817.8663,37086189.2690,9756.1349,0,0.000000,8.100365,21.889124,0.055619,-5.653404,1847844995,57565.26,32100,32100
874,-440850.3777,0.0000,440850.3777,43274826.4948,10187.2246,0,0.000000,8.763679,24.925395,0.096461,-6.888287,1854281548,57588.17,32199,32199
875,-383547.0082,0.0000,383547.0082,39103054.5136,9808.6201,0,0.000000,8.088664,24.713747,0.059057,-5.992922,1847615037,57529.43,32116,32116
876,-353133.0818,0.0000,353133.0818,36652178.0947,9634.7093,0,0.000000,7.910973,21.368408,0.067624,-5.517704,1851345545,57663.54,32106,32106
877,-357487.2341,0.0000,357487.2341,36011505.6296,9927.0283,0,0.000000,8.155646,27.815945,0.081545,-5.585738,1831184291,57506.65,31843,31843
878,-310666.2615,0.0000,310666.2615,33927917.9967,9156.6556,0,0.000000,7.193392,19.384264,0.053904,-4.854160,1843316848,57655.90,31971,31971
879,-293516.7841,0.0000,293516.7841,31040565.1908,9455.9098,0,0.000000,7.376142,22.571881,0.051609,-4.586200,1828968563,57311.08,31913,31913
88,-355564.9540,0.0000,355564.9540,37258088.7614,9543.2956,0,0.000000,7.994903,19.607201,0.068769,-5.555702,1849385724,57446.83,32193,32193
880,-394010.2994,0.0000,394010.2994,38582052.0525,10212.2691,0,0.000000,8.672283,26.496547,0.079334,-6.156411,1825218457,57563.34,31708,31708
881,-350529.1870,0.0000,350529.1870,36459715.2644,9614.1504,0,0.000000,7.991327,23.008272,0.064212,-5.477019,1842896481,57468.39,32068,32068
882,-343229.9612,0.0000,343229.9612,35574958.4551,9648.0776,0,0.000000,7.833809,25.666104,0.069391,-5.362968,1843265391,57587.65,32008,32008
883,-344163.3184,0.0000,344163.3184,35299803.3152,9749.7234,0,0.000000,7.776665,22.963935,0.059796,-5.377552,1823803646,57506.03,31715,31715
884,-386030.7746,0.0000,386030.7746,38797231.5888,9949.9567,0,0.000000,8.379118,30.770928,0.102556,-6.031731,1847039251,57790.41,31961,31961
885,-358625.7204,0.0000,358625.7204,37134220.4030,9657.5535,0,0.000000,7.939279,21.615491,0.060273,-5.603527,1843334865,57508.97,32053,32053
886,-355585.4162,0.0000,355585.4162,36332489.4149,9786.9819,0,0.000000,8.067121,24.556838,0.060235,-5.556022,1811803548,57380.95,31575,31575
887,-374338.7209,0.0000,374338.7209,36897649.2916,10145.3271,0,0.000000,8.261220,23.063376,0.067100,-5.849043,1843758631,57532.96,32047,32047
888,-316688.9133,0.0000,316688.9133,33350572.5084,9495.7564,0,0.000000,7.445174,24.282983,0.052251,-4.948264,1847492525,57348.83,32215,32215
889,-340254.3127,0.0000,340254.3127,35742593.9187,9519.5753,0,0.000000,7.717437,26.369723,0.055092,-5.316474,1842864873,57630.95,31977,31977
89,-332520.0634,0.0000,332520.0634,35721742.3863,9308.6183,0,0.000000,7.517990,23.433546,0.072745,-5.195626,1845997726,57568.69,32066,32066
890,-375232.4243,0.0000,375232.4243,37357203.4954,10044.4463,0,0.000000,8.302180,26.796006,0.062522,-5.863007,1841411918,57520.75,32013,32013
891,-317445.7641,0.0000,317445.7641,34220573.3619,9276.4595,0,0.000000,7.497484,21.406810,0.068821,-4.960090,1846897584,57598.55,32065,32065
892,-335524.1575,0.0000,335524.1575,35604548.4639,9423.6319,0,0.000000,7.517753,19.673091,0.076887,-5.242565,1836952183,57462.22,31968,31968
893,-350835.5747,0.0000,350835.5747,36099346.0047,9718.6130,0,0.000000,7.908504,22.869563,0.055376,-5.481806,1836942405,57496.08,31949,31949
894,-365338.3090,0.0000,365338.3090,38043910.6842,9603.0693,0,0.000000,7.930656,27.800050,0.059800,-5.708411,1847946409,57591.75,32087,32087
895,-336284.1934,0.0000,336284.1934,35511903.6453,9469.6189,0,0.000000,7.699166,22.552987,0.070081,-5.254441,1854829653,57558.72,32225,32225
896,-356900.3496,0.0000,356900.3496,36984879.0275,9649.8991,0,0.000000,7.940115,25.102465,0.058473,-5.576568,1844869207,57621.55,32017,32017
897,-340536.3317,0.0000,340536.3317,36403828.0205,9354.4100,0,0.000000,7.439491,22.261562,0.052574,-5.320880,1853170886,57732.98,32099,32099
898,-386353.7699,0.0000,386353.7699,36298698.6588,10643.7361,0,0.000000,9.064645,28.161233,0.068306,-6.036778,1826978770,57288.22,31891,31891
899,-354680.1127,0.0000,354680.1127,35720560.2916,9929.2987,0,0.000000,8.301346,23.169765,0.098169,-5.541877,1823322904,57409.41,31760,31760
90,-371899.3239,0.0000,371899.3239,38576514.8410,9640.5631,0,0.000000,8.159981,20.793772,0.114710,-5.810927,1845009049,57625.92,32017,32017
900,-351099.9425,0.0000,351099.9425,36502548.5185,9618.5049,0,0.000000,7.979433,20.368471,0.077749,-5.485937,1844442902,57604.64,32019,32019
901,-385811.3812,0.0000,385811.3812,39223413.9328,9836.2519,0,0.000000,8.376717,23.135372,0.065119,-6.028303,1857442365,57663.06,32212,32212
902,-329005.9218,0.0000,329005.9218,35461148.3944,9277.9263,0,0.000000,7.438147,20.921545,0.100508,-5.140718,1852318076,57654.32,32128,32128
903,-347771.4121,0.0000,347771.4121,36842518.6432,9439.4038,0,0.000000,7.799008,22.471318,0.064297,-5.433928,1842682409,57679.36,31947,31947
904,-358051.4231,0.0000,358051.4231,36169610.2359,9899.2337,0,0.000000,8.293028,32.906798,0.067490,-5.594553,1832991335,57502.00,31877,31877
905,-306052.1060,0.0000,306052.1060,33661148.4534,9092.1469,0,0.000000,7.027755,26.290776,0.091193,-4.782064,1835962521,57456.42,31954,31954
906,-343519.3125,0.0000,343519.3125,36481501.2777,9416.2603,0,0.000000,7.727009,28.027009,0.053968,-5.367489,1833520913,57654.26,31802,31802
907,-343266.8428,0.0000,343266.8428,35854050.2022,9574.0046,0,0.000000,8.046483,21.805439,0.069084,-5.363544,1842326163,57610.50,31979,31979
908,-374997.0510,0.0000,374997.0510,38431296.6638,9757.5956,0,0.000000,8.021744,21.730869,0.083329,-5.859329,1839456090,57565.75,31954,31954
909,-359337.8698,0.0000,359337.8698,37590292.5994,9559.3262,0,0.000000,7.951676,23.081221,0.092194,-5.614654,1827094910,57711.71,31659,31659
91,-282978.4562,0.0000,282978.4562,31113101.9134,9095.1541,0,0.000000,7.154879,21.804836,0.072128,-4.421538,1839381869,57403.55,32043,32043
910,-377124.6892,0.0000,377124.6892,36270286.0421,10397.6210,0,0.000000,8.894273,32.599645,0.104223,-5.892573,1835100556,57341.52,32003,32003
911,-368300.9610,0.0000,368300.9610,38080329.9088,9671.6851,0,0.000000,8.077882,22.761248,0.065768,-5.754703,1857318784,57756.04,32158,32158
912,-373545.3556,0.0000,373545.3556,37726137.0986,9901.5002,0,0.000000,8.193127,22.312710,0.064021,-5.836646,1838017514,57576.59,31923,31923
913,-377634.4475,0.0000,377634.4475,38291454.6451,9862.1076,0,0.000000,8.117743,18.837139,0.054626,-5.900538,1835207544,57598.63,31862,31862
914,-360199.7628,0.0000,360199.7628,36548426.9979,9855.4108,0,0.000000,8.120930,20.282841,0.075863,-5.628121,1841185940,57373.90,32091,32091
915,-371959.4826,0.0000,371959.4826,37652576.0289,9878.7260,0,0.000000,8.292710,25.672135,0.099114,-5.811867,1830914927,57550.60,31814,31814
916,-356906.4032,0.0000,356906.4032,37738694.9653,9457.3064,0,0.000000,7.671671,19.645199,0.093689,-5.576663,1838033054,57631.24,31893,31893
917,-351142.2301,0.0000,351142.2301,36830370.0160,9534.0402,0,0.000000,7.767432,22.702261,0.067602,-5.486597,1844644878,57605.55,32022,32022
918,-308868.3474,0.0000,308868.3474,33742176.9686,9153.7765,0,0.000000,7.204275,16.719697,0.078088,-4.826068,1838499027,57555.62,31943,31943
919,-379641.3585,0.0000,379641.3585,37678476.3426,10075.8150,0,0.000000,8.566874,25.672341,0.080387,-5.931896,1838413043,57552.92,31943,31943
92,-302704.0655,0.0000,302704.0655,32800346.0695,9228.6851,0,0.000000,7.361703,22.502188,0.053682,-4.729751,1850174152,57414.25,32225,32225
920,-339427.4565,0.0000,339427.4565,35892919.1372,9456.6690,0,0.000000,7.638979,18.504261,0.057677,-5.303554,1846995449,57632.16,32048,32048
921,-369298.2612,0.0000,369298.2612,39047768.2038,9457.6023,0,0.000000,7.801989,22.547496,0.057830,-5.770285,1860351296,57699.62,32242,32242
922,-330725.7253,0.0000,330725.7253,35561246.3867,9300.1725,0,0.000000,7.427050,20.038522,0.054824,-5.167589,1860774939,57537.88,32340,32340
923,-339088.9498,0.0000,339088.9498,35641314.6763,9513.9293,0,0.000000,7.553813,20.183781,0.052040,-5.298265,1840595144,57565.37,31974,31974
924,-345583.0624,0.0000,345583.0624,35650052.2990,9693.7603,0,0.000000,7.861882,28.323603,0.056753,-5.399735,1831210920,57570.77,31808,31808
925,-324551.6227,0.0000,324551.6227,34533751.5992,9398.0992,0,0.000000,7.769586,21.743670,0.059466,-5.071119,1844814467,57603.65,32026,32026
926,-381031.6201,0.0000,381031.6201,36464600.5642,10449.3568,0,0.000000,8.731707,34.797809,0.085075,-5.953619,1834443895,57303.09,32013,32013
927,-350396.3334,0.0000,350396.3334,36608963.2314,9571.3263,0,0.000000,7.644350,21.951907,0.061893,-5.474943,1821895489,57542.02,31662,31662
928,-324817.5746,0.0000,324817.5746,34985370.0027,9284.3830,0,0.000000,7.413869,18.618936,0.065309,-5.075275,1836238667,57614.72,31871,31871
929,-356581.2278,0.0000,356581.2278,36457216.4040,9780.8133,0,0.000000,7.948172,19.898346,0.086170,-5.571582,1836780574,57455.05,31969,31969
93,-318679.2364,0.0000,318679.2364,33926812.4083,9393.1382,0,0.000000,7.682923,20.128599,0.062351,-4.979363,1826322962,57426.12,31803,31803
930,-332174.6705,0.0000,332174.6705,35710718.9725,9301.8197,0,0.000000,7.448821,20.904573,0.053528,-5.190229,1855628230,57596.01,32218,32218
931,-374635.2663,0.0000,374635.2663,38063488.7481,9842.3786,0,0.000000,8.121352,23.537273,0.084226,-5.853676,1831879315,57599.02,31804,31804
932,-352189.3753,0.0000,352189.3753,37324525.6043,9435.8701,0,0.000000,7.888421,21.452467,0.067237,-5.502959,1834907504,57734.17,31782,31782
933,-382297.3485,0.0000,382297.3485,37867200.1921,10095.7384,0,0.000000,8.574827,23.909297,0.096861,-5.973396,1841697491,57474.02,32044,32044
934,-348722.0797,0.0000,348722.0797,37051128.0900,9411.9153,0,0.000000,7.713156,21.644028,0.063952,-5.448782,1843259055,57684.77,31954,31954
935,-373784.0053,0.0000,373784.0053,36852070.8322,10142.8223,0,0.000000,8.584298,25.009518,0.080884,-5.840375,1829496938,57352.80,31899,31899
936,-373799.9285,0.0000,373799.9285,38414417.6353,9730.7196,0,0.000000,8.021846,24.001901,0.055661,-5.840624,1857456803,57683.20,32201,32201
937,-399121.7834,0.0000,399121.7834,39339746.4146,10145.5098,0,0.000000,8.447160,28.697253,0.100028,-6.236278,1838136288,57603.77,31910,31910
938,-344974.3454,0.0000,344974.3454,36766585.5264,9382.8225,0,0.000000,7.622918,19.421135,0.051279,-5.390224,1826267506,57632.78,31688,31688
939,-351711.1265,0.0000,351711.1265,36576828.2109,9615.6814,0,0.000000,8.057884,24.622713,0.065635,-5.495486,1836967312,57516.67,31938,31938
94,-352900.4809,0.0000,352900.4809,36954882.0556,9549.4955,0,0.000000,7.798623,21.900067,0.081270,-5.514070,1831066289,57616.94,31780,31780
940,-359140.3055,0.0000,359140.3055,36748582.9093,9772.9022,0,0.000000,7.998771,23.852135,0.058967,-5.611567,1830699943,57592.72,31787,31787
941,-400963.2337,0.0000,400963.2337,39089364.1171,10257.6044,0,0.000000,8.734314,21.490281,0.084139,-6.265051,1836629172,57452.11,31968,31968
942,-365013.9879,0.0000,365013.9879,38172372.0726,9562.2558,0,0.000000,7.765713,21.040483,0.081578,-5.703344,1855867990,57678.64,32176,32176
943,-365941.6202,0.0000,365941.6202,37489311.4770,9761.2254,0,0.000000,8.085478,24.778617,0.087276,-5.717838,1859640925,57679.38,32241,32241
944,-336293.1017,0.0000,336293.1017,35477062.5169,9479.1699,0,0.000000,7.682931,19.379915,0.073825,-5.254580,1842019763,57419.57,32080,32080
945,-334576.2573,0.0000,334576.2573,35791075.4076,9348.0359,0,0.000000,7.523357,19.377406,0.059905,-5.227754,1869341817,57774.19,32356,32356
946,-387440.1612,0.0000,387440.1612,38045370.0231,10183.6350,0,0.000000,8.600951,28.900359,0.060087,-6.053753,1833480132,57535.39,31867,31867
947,-386861.7386,0.0000,386861.7386,39045741.4809,9907.9112,0,0.000000,8.492769,24.221212,0.070679,-6.044715,1840241039,57570.50,31965,31965
948,-369333.6291,0.0000,369333.6291,37946377.0516,9733.0406,0,0.000000,8.143550,20.648901,0.059846,-5.770838,1837615502,57741.26,31825,31825
949,-357231.0820,0.0000,357231.0820,36615811.1102,9756.1974,0,0.000000,8.030202,24.061091,0.084354,-5.581736,1838467132,57614.14,31910,31910
95,-368589.1074,0.0000,368589.1074,37621807.6882,9797.2195,0,0.000000,8.008459,21.672965,0.066671,-5.759205,1840089873,57540.57,31979,31979
950,-315982.6634,0.0000,315982.6634,34280424.3719,9217.5832,0,0.000000,7.311202,22.545026,0.071935,-4.937229,1853204822,57726.84,32103,32103
951,-361888.0985,0.0000,361888.0985,37437746.4240,9666.3964,0,0.000000,8.055866,24.389355,0.060227,-5.654502,1845859496,57510.58,32096,32096
952,-399345.5972,0.0000,399345.5972,39045332.1202,10227.7424,0,0.000000,8.492228,23.482926,0.066515,-6.239775,1835460335,57552.37,31892,31892
953,-340121.0728,0.0000,340121.0728,35869899.6483,9482.0748,0,0.000000,7.758749,20.245193,0.066298,-5.314392,1844416059,57650.61,31993,31993
954,-356464.3327,0.0000,356464.3327,36642637.7773,9728.1297,0,0.000000,8.101550,24.982470,0.107082,-5.569755,1846341831,57547.12,32084,32084
955,-299276.9162,0.0000,299276.9162,32976419.6279,9075.4824,0,0.000000,7.181691,22.574809,0.060706,-4.676202,1839748685,57438.30,32030,32030
956,-342072.5322,0.0000,342072.5322,35356479.2455,9674.9603,0,0.000000,8.071644,20.400706,0.072133,-5.344883,1822021670,57413.63,31735,31735
957,-361969.5281,0.0000,361969.5281,36992386.9179,9784.9736,0,0.000000,8.199014,25.470268,0.068651,-5.655774,1841564062,57617.30,31962,31962
958,-343464.6684,0.0000,343464.6684,35671663.5291,9628.5016,0,0.000000,7.880762,20.159171,0.097369,-5.366635,1845065938,57441.11,32121,32121
959,-353866.8729,0.0000,353866.8729,37109418.2531,9535.7699,0,0.000000,7.775490,19.968085,0.060851,-5.529170,1861745713,57632.05,32304,32304
96,-343505.4078,0.0000,343505.4078,35278597.2127,9736.9350,0,0.000000,8.087462,26.368870,0.056876,-5.367272,1844056198,57597.96,32016,32016
960,-366195.3645,0.0000,366195.3645,37210282.9518,9841.2411,0,0.000000,8.206997,26.937378,0.062063,-5.721803,1847966592,57442.00,32171,32171
961,-340619.4208,0.0000,340619.4208,35502925.8454,9594.1225,0,0.000000,7.782105,23.750199,0.073843,-5.322178,1843475436,57551.06,32032,32032
962,-308547.8808,0.0000,308547.8808,33456828.4509,9222.2693,0,0.000000,7.217571,19.720955,0.050306,-4.821061,1846132335,57607.03,32047,32047
963,-351456.9248,0.0000,351456.9248,35868397.4529,9798.5121,0,0.000000,8.348400,21.281738,0.084361,-5.491514,1838782227,57487.10,31986,31986
964,-367627.6535,0.0000,367627.6535,36737861.2981,10006.7789,0,0.000000,8.445826,24.444356,0.058212,-5.744182,1833324225,57590.13,31834,31834
965,-347993.2742,0.0000,347993.2742,36408331.0993,9558.0672,0,0.000000,7.525670,20.455996,0.068271,-5.437395,1842509458,57648.68,31961,31961
966,-345352.0735,0.0000,345352.0735,35268821.4532,9791.9936,0,0.000000,8.153704,25.705496,0.083555,-5.396126,1838263356,57469.08,31987,31987
967,-328522.8916,0.0000,328522.8916,34494468.4923,9523.9297,0,0.000000,7.703242,21.905698,0.064466,-5.133170,1843199184,57450.96,32083,32083
968,-374854.8693,0.0000,374854.8693,37984703.4138,9868.5743,0,0.000000,8.175145,21.897076,0.057057,-5.857107,1832407878,57588.48,31819,31819
969,-299047.0104,0.0000,299047.0104,31970325.2372,9353.8933,0,0.000000,7.490505,17.578066,0.052772,-4.672610,1826002322,57369.14,31829,31829
97,-333788.0841,0.0000,333788.0841,35262157.4777,9465.9008,0,0.000000,7.461239,21.139774,0.091021,-5.215439,1846574816,57545.41,32089,32089
970,-360073.0944,0.0000,360073.0944,37582456.8884,9580.8823,0,0.000000,7.828156,24.073820,0.085978,-5.626142,1843174263,57588.40,32006,32006
971,-338081.0763,0.0000,338081.0763,35762106.0820,9453.6120,0,0.000000,7.729318,23.393352,0.063067,-5.282517,1840804021,57561.10,31980,31980
972,-390389.1439,0.0000,390389.1439,38891220.0110,10037.9763,0,0.000000,8.347335,25.953964,0.073121,-6.099830,1833388143,57458.57,31908,31908
973,-353069.2485,0.0000,353069.2485,35310118.0417,9999.0957,0,0.000000,8.292922,24.240312,0.066806,-5.516707,1829320335,57228.85,31965,31965
974,-329448.9924,0.0000,329448.9924,35290864.6396,9335.2485,0,0.000000,7.429064,20.259143,0.105370,-5.147641,1832294028,57642.87,31787,31787
975,-328319.6578,0.0000,328319.6578,34386118.4442,9548.0291,0,0.000000,7.825189,22.071283,0.055781,-5.129995,1844124722,57569.53,32033,32033
976,-381182.1009,0.0000,381182.1009,38520886.6222,9895.4654,0,0.000000,8.277860,26.898566,0.057835,-5.955970,1838063846,57547.40,31940,31940
977,-330689.7289,0.0000,330689.7289,35155246.8774,9406.5540,0,0.000000,7.612581,20.555619,0.055514,-5.167027,1828103654,57458.63,31816,31816
978,-350022.1515,0.0000,350022.1515,36183804.6456,9673.4480,0,0.000000,7.683702,22.033960,0.059937,-5.469096,1832591211,57449.80,31899,31899
979,-388938.4430,0.0000,388938.4430,40010907.2595,9720.8104,0,0.000000,8.107603,22.509748,0.084407,-6.077163,1848385991,57765.67,31998,31998
98,-369729.8179,0.0000,369729.8179,37425908.8142,9878.9804,0,0.000000,8.408210,22.580307,0.131625,-5.777028,1842868117,57663.51,31959,31959
980,-328365.7967,0.0000,328365.7967,34902739.8480,9408.0235,0,0.000000,7.611568,26.123521,0.053128,-5.130716,1846832390,57591.13,32068,32068
981,-356868.4968,0.0000,356868.4968,37772702.6253,9447.7883,0,0.000000,7.717906,24.842757,0.091285,-5.576070,1868739489,57638.01,32422,32422
982,-334393.3939,0.0000,334393.3939,34905163.8782,9580.0551,0,0.000000,7.661014,24.808540,0.052794,-5.224897,1836594294,57584.32,31894,31894
983,-352943.4278,0.0000,352943.4278,37492572.6965,9413.6892,0,0.000000,7.632259,18.340692,0.064526,-5.514741,1844949929,57676.31,31988,31988
984,-375781.3604,0.0000,375781.3604,38013317.4448,9885.5187,0,0.000000,8.114938,22.448969,0.075149,-5.871584,1834887274,57606.66,31852,31852
985,-336010.5218,0.0000,336010.5218,35790014.7655,9388.3873,0,0.000000,7.718601,20.347900,0.059757,-5.250164,1836033338,57573.95,31890,31890
986,-330484.5384,0.0000,330484.5384,33947561.6815,9735.1480,0,0.000000,7.895935,19.004088,0.069660,-5.163821,1852435070,57457.66,32240,32240
987,-308751.2011,0.0000,308751.2011,33596017.2728,9190.1132,0,0.000000,7.260361,18.184663,0.086090,-4.824238,1836431239,57406.42,31990,31990
988,-321866.5652,0.0000,321866.5652,35419329.5922,9087.3139,0,0.000000,7.177452,18.948335,0.050758,-5.029165,1830735317,57731.87,31711,31711
989,-354151.6448,0.0000,354151.6448,36800064.2859,9623.6692,0,0.000000,7.933765,30.040521,0.076208,-5.533619,1836906761,57545.40,31921,31921
99,-367802.9802,0.0000,367802.9802,37902868.8224,9703.8296,0,0.000000,8.079769,20.685272,0.062261,-5.746922,1837572571,57474.43,31972,31972
990,-364165.9220,0.0000,364165.9220,37433575.2994,9728.3233,0,0.000000,8.129286,22.606318,0.066636,-5.690093,1844455663,57606.84,32018,32018
991,-294567.4189,0.0000,294567.4189,33032689.6412,8917.4518,0,0.000000,6.951862,18.196876,0.048499,-4.602616,1829612396,57632.85,31746,31746
992,-344248.9170,0.0000,344248.9170,36191164.5659,9511.9602,0,0.000000,7.881179,24.795790,0.094494,-5.378889,1844272433,57491.58,32079,32079
993,-346754.1848,0.0000,346754.1848,34509224.7062,10048.1592,0,0.000000,8.422472,31.835783,0.062589,-5.418034,1839548687,57428.47,32032,32032
994,-315599.7393,0.0000,315599.7393,33256272.8786,9489.9311,0,0.000000,7.723293,20.853279,0.056259,-4.931246,1820713102,57390.48,31725,31725
995,-318297.2328,0.0000,318297.2328,33495346.1486,9502.7301,0,0.000000,7.460589,19.593886,0.055370,-4.973394,1846660513,57478.23,32128,32128
996,-358194.7545,0.0000,358194.7545,38098039.1342,9401.9210,0,0.000000,7.797197,22.240644,0.070384,-5.596793,1849682752,57719.61,32046,32046
997,-343918.0210,0.0000,343918.0210,36066126.5779,9535.7626,0,0.000000,7.703657,21.653779,0.061781,-5.373719,1848555503,57671.84,32053,32053
998,-376092.8609,0.0000,376092.8609,38619862.5020,9738.3273,0,0.000000,8.163363,22.723966,0.077299,-5.876451,1847704265,57584.20,32087,32087
999,-359792.6076,0.0000,359792.6076,36884090.6400,9754.6829,0,0.000000,8.239319,23.260598,0.076294,-5.621759,1846205375,57494.48,32111,32111
