seed,user_pnl,arb_profit,lp_profit_value,total_volume,lp_profit_per_1m_vol,arb_trade_count,intervention_rate,avg_spread_pct,max_spread_pct,rmse_price,impermanent_loss_pct,total_compute_units,avg_cu_per_swap,total_swaps,successful_swaps
100,-345505.1986,119744.1005,282515.8355,33335305.5980,8474.9736,1994,0.062610,3.524476,10.029865,0.024140,-4.312949,1895910577,59529.97,31848,31848
1000,-333031.2281,-2055.6613,257419.4505,32602967.9463,7895.5833,1996,0.062512,3.454138,9.895348,0.023538,-4.161226,1901477298,59551.43,31930,31930
1001,-322697.3042,-10246.5489,249007.7845,31970142.1267,7788.7606,1996,0.062418,3.402828,8.903772,0.023143,-4.040671,1902078557,59480.85,31978,31978
1002,-362529.4759,-89778.8982,264921.2943,34220763.0860,7741.5367,1997,0.062639,3.604607,11.398755,0.024697,-4.474828,1897288334,59511.57,31881,31881
1003,-353560.7779,-165195.6250,248334.9158,33389715.3863,7437.4673,1998,0.062428,3.572115,11.080397,0.024363,-4.363173,1901620991,59416.37,32005,32005
1004,-410954.5109,99319.6732,321894.7452,36960571.7082,8709.1387,1998,0.062313,3.877726,12.394970,0.026681,-5.011570,1909520325,59553.40,32064,32064
1005,-364486.0803,25032.2807,283480.1224,34435236.3827,8232.2688,1996,0.062746,3.636451,11.762951,0.024836,-4.529955,1893463621,59522.29,31811,31811
1006,-414492.2340,16188.0810,312468.2882,37182176.3033,8403.7117,1999,0.062108,3.878811,13.164005,0.026654,-5.036762,1917188632,59565.92,32186,32186
1007,-387563.7448,97951.5652,306789.2733,36127995.3391,8491.7325,1998,0.062135,3.738760,10.950906,0.025666,-4.763026,1917547793,59632.66,32156,32156
1008,-345885.8509,207856.0256,295041.7921,33451876.1197,8819.8877,1999,0.062610,3.522917,10.699405,0.024230,-4.329147,1901959943,59570.28,31928,31928
1009,-354195.0971,-224607.7281,241497.8053,33499698.2336,7208.9546,1998,0.062369,3.578032,11.162228,0.024295,-4.375414,1906844768,59523.79,32035,32035
101,-347599.4773,194051.6116,294465.4078,33809831.8442,8709.4609,1999,0.062639,3.556174,10.007897,0.024254,-4.348843,1900454211,59551.10,31913,31913
1010,-375273.2442,200341.0268,311001.1963,34911575.1431,8908.2545,1998,0.062399,3.712201,10.611901,0.025396,-4.615437,1909346219,59629.80,32020,32020
1011,-372355.0857,-91614.7058,273822.4644,35241513.4607,7769.8838,1997,0.062076,3.627732,11.469748,0.024986,-4.619022,1915946063,59556.92,32170,32170
1012,-417591.4867,103130.9334,327328.5698,37823300.8400,8654.1513,1997,0.062673,3.929461,10.992896,0.026819,-5.091684,1900163305,59633.55,31864,31864
1013,-375863.3436,61967.6878,294090.1844,34863050.0761,8435.5839,1999,0.062104,3.673294,12.325749,0.025299,-4.631075,1916875930,59552.50,32188,32188
1014,-366865.5918,47819.3989,284997.3363,34254737.5479,8319.9393,1999,0.062627,3.630900,11.347356,0.024990,-4.514070,1898928035,59492.09,31919,31919
1015,-397008.3453,225726.4566,331175.9418,36754021.8964,9010.6041,1999,0.062547,3.802486,12.657445,0.026084,-4.887336,1905493831,59621.21,31960,31960
1016,-346763.1132,126329.0180,284017.8888,33538659.8484,8468.3732,1993,0.061802,3.532525,10.703549,0.024128,-4.324132,1922533378,59617.14,32248,32248
1017,-408156.2600,241740.0697,337948.1184,36722101.5592,9202.8534,1999,0.062967,3.881622,11.732335,0.026658,-4.971950,1890613475,59552.51,31747,31747
1018,-332771.3719,110947.1471,273388.9468,32230743.8962,8482.2413,1998,0.062350,3.480689,10.911440,0.023711,-4.179712,1903842134,59411.52,32045,32045
1019,-382664.6931,-51691.1455,283738.8149,35789416.1653,7928.0090,1999,0.062641,3.742747,10.118012,0.025484,-4.703463,1900043538,59540.10,31912,31912
102,-321749.4840,150915.9928,271405.8782,31835867.6439,8525.1604,1997,0.062496,3.394833,10.894800,0.023228,-4.061322,1897746070,59389.94,31954,31954
1020,-348019.2161,106053.9964,285851.3727,34355186.4290,8320.4722,1997,0.062785,3.505882,10.835778,0.024087,-4.388169,1893831237,59541.33,31807,31807
1021,-336885.4400,-24484.1479,258999.5668,33053879.5833,7835.6783,1996,0.062529,3.474939,9.420283,0.023601,-4.229847,1898158777,59464.26,31921,31921
1022,-361836.2699,-19195.8909,275470.8278,34711831.7931,7935.9346,1997,0.062522,3.618056,9.648320,0.024628,-4.493390,1900922790,59513.57,31941,31941
1023,-328923.2954,145477.2485,274872.9421,32127545.9691,8555.6781,1996,0.062272,3.436632,10.862279,0.023484,-4.131775,1903775094,59394.60,32053,32053
1024,-379814.7603,60132.6129,298036.7405,35805898.6642,8323.6771,1998,0.062657,3.676293,13.491883,0.025273,-4.695847,1897987165,59520.42,31888,31888
1025,-387232.7095,86272.1339,306181.1875,36228135.7760,8451.4751,1996,0.062098,3.719828,11.522790,0.025677,-4.774899,1914326605,59556.56,32143,32143
1026,-352080.7011,31850.5035,276149.0722,33777771.7107,8175.4674,1996,0.062618,3.573662,10.583337,0.024310,-4.393731,1897438396,59525.61,31876,31876
1027,-372777.4739,131473.5002,301382.8890,35230700.9111,8554.5527,1998,0.062785,3.655683,10.263025,0.025134,-4.601437,1896998482,59610.93,31823,31823
1028,-399837.3907,150430.5132,321134.9936,36802276.6056,8725.9546,1998,0.062549,3.792309,12.630745,0.026156,-4.889072,1904790609,59630.92,31943,31943
1029,-389736.3935,-130913.8960,276168.7125,35714002.1457,7732.7853,1995,0.062563,3.745381,11.293490,0.025733,-4.753082,1899877618,59579.70,31888,31888
103,-364157.4807,260214.5809,313474.4829,34717480.6839,9029.2981,1999,0.062549,3.629610,10.324176,0.024878,-4.522215,1904931954,59605.49,31959,31959
1030,-382265.5024,36807.6617,297471.3801,36134054.4459,8232.4385,1999,0.062104,3.689847,9.648891,0.025395,-4.734183,1917666452,59577.06,32188,32188
1031,-354580.4468,190779.4238,298638.2736,34338082.0426,8696.9992,1995,0.062342,3.539744,10.653471,0.024384,-4.424590,1905684165,59550.77,32001,32001
1032,-355140.4155,-7011.6678,270921.1569,33985415.5450,7971.6888,1994,0.062291,3.566929,11.356950,0.024414,-4.396539,1906133016,59546.19,32011,32011
1033,-369721.6110,35659.8424,287675.7005,34691717.6414,8292.3453,1998,0.062395,3.680388,13.388480,0.025034,-4.578002,1905229380,59497.51,32022,32022
1034,-318580.1685,148986.9144,268646.4912,31516066.0233,8524.1125,1997,0.062559,3.401961,11.124446,0.023155,-4.020936,1896336035,59405.30,31922,31922
1035,-359033.6823,9750.0980,276876.6187,34019251.8367,8138.8215,1998,0.062428,3.607707,11.070638,0.024651,-4.456068,1904309396,59500.37,32005,32005
1036,-382771.6992,98843.9003,304035.0502,35678473.3965,8521.5263,1998,0.062816,3.732731,9.968782,0.025540,-4.714697,1895479336,59593.15,31807,31807
1037,-349378.4475,5223.9849,270995.9671,33917992.8117,7989.7407,1998,0.062625,3.530504,10.129055,0.024130,-4.365178,1897698066,59481.51,31904,31904
1038,-356261.9787,52448.9684,281942.3470,34032455.0872,8284.5139,1996,0.062123,3.592945,12.154856,0.024520,-4.444836,1912469544,59522.86,32130,32130
1039,-363602.6246,-140145.4215,257940.7202,34118762.3473,7560.0843,1999,0.062777,3.638044,11.383659,0.024663,-4.469680,1897462076,59588.04,31843,31843
104,-344997.5382,-43422.1421,258012.6944,33066025.2834,7802.9546,1995,0.062400,3.512790,11.344199,0.024071,-4.264575,1903380626,59534.60,31971,31971
1040,-431733.3637,147283.2073,342983.7158,38690195.2833,8864.8742,1999,0.062352,3.973973,12.963959,0.027364,-5.253855,1909254043,59552.53,32060,32060
1041,-343696.0234,155001.2239,285841.0978,33041519.0570,8650.9672,1997,0.062152,3.520211,11.223841,0.024143,-4.292590,1914247731,59576.35,32131,32131
105,-346074.8093,326515.3482,309128.6377,32783082.9293,9429.5170,1999,0.062670,3.583001,9.956370,0.024488,-4.311170,1896289750,59450.41,31897,31897
106,-359968.3540,39522.1979,281745.6992,33872048.9883,8317.9408,1997,0.062233,3.616307,12.076051,0.024744,-4.471909,1908983286,59490.27,32089,32089
107,-326296.5868,-28230.7512,248639.5942,31566144.4255,7876.7806,1996,0.062406,3.453547,10.763315,0.023416,-4.074135,1899092597,59376.33,31984,31984
108,-396117.6640,171111.0789,323418.7381,36751257.6293,8800.2087,1996,0.062132,3.816080,12.643563,0.026119,-4.876799,1914263237,59587.96,32125,32125
109,-380078.2356,-11353.5336,287193.6285,35049779.1341,8193.8784,1999,0.062800,3.712086,13.806229,0.025415,-4.674475,1892431571,59452.47,31831,31831
110,-431884.7529,44090.5758,329364.2067,38496786.5052,8555.6286,1999,0.062674,4.008694,12.133713,0.027335,-5.251851,1901757144,59625.56,31895,31895
111,-359811.6157,-37103.8562,269975.3701,33799445.4850,7987.5680,1998,0.062569,3.620311,10.995290,0.024672,-4.445507,1899062591,59470.22,31933,31933
112,-370675.9082,3837.1783,282048.6308,34550866.1244,8163.2868,1995,0.062307,3.671528,11.456326,0.025163,-4.559163,1906715645,59549.51,32019,32019
113,-348175.1666,133469.3679,286856.4369,33921931.7486,8456.3709,1997,0.062323,3.528537,10.652950,0.024285,-4.353290,1907732888,59536.65,32043,32043
114,-346289.9740,290053.1777,305617.9639,33728151.0868,9061.2131,1997,0.062121,3.546670,11.231280,0.024213,-4.328582,1913606144,59526.74,32147,32147
115,-369027.5973,31843.9386,285814.7815,34750411.2753,8224.7885,1998,0.062224,3.646542,9.704861,0.025011,-4.558116,1912440893,59559.04,32110,32110
116,-330868.6835,-172877.9464,233471.2204,32313224.9045,7225.2529,1998,0.062167,3.412652,9.379785,0.023355,-4.129703,1911374035,59472.11,32139,32139
117,-368099.4020,21419.0897,284544.6710,34692498.8370,8201.9076,1999,0.062160,3.622667,11.848493,0.024955,-4.557473,1915361943,59559.13,32159,32159
118,-342213.9326,-21151.2591,262544.3928,32895535.0244,7981.1559,1997,0.062761,3.526602,10.346535,0.023916,-4.282581,1893328747,59503.09,31819,31819
119,-337374.8787,198793.3333,287487.8756,33455279.6476,8593.1990,1997,0.062057,3.437991,11.055922,0.023643,-4.225609,1916010590,59540.42,32180,32180
120,-398804.6032,39900.6363,304868.7201,36218485.1625,8417.4895,1998,0.062905,3.819586,11.370623,0.026192,-4.860757,1893032774,59600.55,31762,31762
121,-388745.1426,12088.3424,295709.1164,36109197.7660,8189.3017,1997,0.062253,3.763622,11.737330,0.025700,-4.765918,1911976234,59602.11,32079,32079
122,-369232.2593,30110.0009,286699.6768,34841098.4420,8228.7784,1997,0.062019,3.627766,10.101161,0.024939,-4.573777,1917139904,59538.51,32200,32200
123,-377806.5150,108129.4756,301364.3573,35183102.1203,8565.5994,1997,0.062222,3.698925,10.702365,0.025362,-4.652258,1910352159,59521.80,32095,32095
124,-366020.3638,69304.1101,288526.8516,34808725.5099,8288.9232,1997,0.062838,3.614083,9.665517,0.024853,-4.522913,1892415687,59547.38,31780,31780
125,-390371.8333,213740.5537,323402.6186,36175255.2707,8939.8849,1999,0.062606,3.778358,10.493327,0.025904,-4.789688,1903215131,59605.86,31930,31930
126,-370792.0601,208249.9942,312441.4716,35367258.2542,8834.2011,1997,0.062518,3.645563,9.826351,0.025074,-4.613186,1901023972,59513.01,31943,31943
127,-388538.4420,201196.5629,319558.0817,35534606.7319,8992.8695,1998,0.062463,3.757474,11.155356,0.025920,-4.755968,1903302253,59502.37,31987,31987
128,-340001.2184,133840.1320,279531.7243,32785493.7246,8526.0795,1998,0.062465,3.481764,10.128239,0.023935,-4.236513,1900811792,59426.37,31986,31986
129,-387779.5622,86616.3468,304713.9070,35635313.2979,8550.8974,1999,0.062877,3.787833,13.563247,0.025880,-4.755148,1892642989,59532.05,31792,31792
130,-370461.5686,-46144.8202,276849.0618,34754138.4635,7965.9308,1997,0.062266,3.647123,11.634383,0.024985,-4.575902,1909062644,59524.28,32072,32072
131,-357824.4508,64411.4315,282192.4205,33903226.8045,8323.4679,1998,0.062098,3.603052,12.641121,0.024606,-4.429550,1913135911,59460.32,32175,32175
132,-351774.5384,50362.0037,276137.6467,33721663.1903,8188.7315,1999,0.062040,3.547386,9.494608,0.024285,-4.359890,1917697877,59517.02,32221,32221
133,-342461.5953,141819.5178,285021.4096,33635305.7390,8473.8760,1997,0.062500,3.494848,13.784594,0.023911,-4.302589,1903300785,59567.50,31952,31952
134,-367913.8398,180738.0551,305596.7246,34900750.8504,8756.1648,1998,0.062191,3.624375,10.328932,0.024999,-4.562826,1913591022,59563.33,32127,32127
135,-409280.0224,35433.6213,313717.0589,37458013.3946,8375.1654,1998,0.062539,3.872610,11.746144,0.026417,-5.010196,1903006446,59565.75,31948,31948
136,-413447.4568,118421.0064,325804.3858,37392366.0102,8713.1257,1996,0.062504,3.903863,11.509070,0.026681,-5.035544,1904517119,59639.17,31934,31934
137,-355211.2448,70755.3739,283264.4124,34216005.5017,8278.7107,1996,0.062317,3.556091,12.840341,0.024446,-4.428382,1907649292,59558.20,32030,32030
138,-404342.5481,128051.3317,322407.3145,36653859.0430,8795.9992,1999,0.062317,3.841792,14.911678,0.026464,-4.955092,1909597355,59529.81,32078,32078
139,-452032.5749,12507.6176,336311.0519,39605962.8101,8491.4247,1998,0.062508,4.080435,14.081942,0.027901,-5.440883,1906540150,59646.48,31964,31964
140,-360057.5325,4520.0581,277680.2944,34667487.2697,8009.8189,1999,0.062399,3.595526,11.192913,0.024475,-4.478320,1906399398,59508.03,32036,32036
141,-382696.5910,-11043.9905,287633.4543,35242513.0216,8161.5478,1998,0.062535,3.746796,14.177536,0.025616,-4.684824,1899574343,59454.60,31950,31950
142,-359057.8038,47787.2186,281032.7927,33903320.9247,8289.2408,1995,0.062574,3.600651,11.805122,0.024657,-4.445546,1896371776,59480.95,31882,31882
143,-399279.9611,105310.8309,316484.1324,36881772.9917,8581.0444,1999,0.062183,3.835922,10.575883,0.026054,-4.904630,1914398445,59551.39,32147,32147
144,-387490.5877,35666.2209,297793.9202,35563727.2148,8373.5295,1997,0.062815,3.739646,11.892383,0.025725,-4.750148,1896384643,59649.74,31792,31792
145,-368354.7599,4036.9984,283430.9885,34883661.0845,8125.0356,1996,0.062416,3.657959,10.853940,0.024891,-4.573532,1903892154,59535.70,31979,31979
146,-369998.5133,84894.9607,293877.6851,34877075.9150,8426.0987,1999,0.062171,3.644268,12.144712,0.025057,-4.576325,1913693717,59518.36,32153,32153
147,-414462.8571,187394.3621,336119.6929,37472867.2290,8969.6817,1998,0.062512,3.886567,16.576343,0.026799,-5.055855,1903488405,59554.73,31962,31962
148,-354114.0371,71516.6317,282254.6226,34142251.1061,8267.0185,1997,0.062048,3.571522,10.286896,0.024347,-4.411101,1914011780,59469.06,32185,32185
149,-375673.7631,125609.8503,301523.0800,35008649.8490,8612.8166,1998,0.062348,3.697076,11.193049,0.025390,-4.619224,1910678619,59623.00,32046,32046
150,-407163.1418,19681.4453,307193.2363,36835306.6528,8339.6411,1999,0.062860,3.880147,13.423014,0.026512,-4.944282,1895931489,59618.61,31801,31801
151,-374425.0516,-22692.8794,280423.4938,34515864.6700,8124.4812,1999,0.062441,3.693283,15.901800,0.025296,-4.590642,1903650400,59463.06,32014,32014
152,-303841.4746,99759.7351,251450.1448,30612002.6463,8214.1031,1996,0.062381,3.303390,10.192246,0.022484,-3.844803,1901486628,59427.03,31997,31997
153,-376048.1370,7179.5627,287578.5983,35154844.3561,8180.3405,1999,0.062625,3.711361,11.904317,0.025282,-4.639073,1901592500,59573.70,31920,31920
154,-375237.3684,281733.0460,325270.1195,35464910.2641,9171.6042,1998,0.062657,3.704681,11.559144,0.025413,-4.666219,1898131616,59524.95,31888,31888
155,-403754.7912,358397.3014,352985.0423,36935704.3325,9556.7432,1998,0.062400,3.863708,11.817770,0.026611,-4.961637,1908205131,59596.03,32019,32019
156,-398724.4280,78940.0576,312472.4571,35997113.4541,8680.4865,1999,0.062670,3.858398,12.551649,0.026242,-4.895347,1897828373,59498.65,31897,31897
157,-374448.0419,165164.3608,308383.2862,35396806.2168,8712.1783,1998,0.062094,3.691891,10.210501,0.025174,-4.640884,1917189796,59582.61,32177,32177
158,-346345.6027,167567.1008,290159.3023,33468691.7879,8669.5741,1999,0.062294,3.541017,10.861651,0.024281,-4.334813,1908574791,59475.69,32090,32090
159,-389772.7736,62403.0112,304153.4579,36081758.6660,8429.5630,1998,0.062541,3.765070,9.719574,0.025730,-4.794074,1903007871,59567.65,31947,31947
160,-382222.2067,323480.2776,335357.9318,35680678.9666,9398.8663,1999,0.062708,3.734153,10.877917,0.025675,-4.743014,1897945317,59537.78,31878,31878
161,-377293.4139,167216.2088,307936.4131,34983987.6290,8802.2102,1999,0.062354,3.690491,13.176548,0.025490,-4.636124,1905317991,59431.61,32059,32059
162,-397263.3468,124394.1590,315728.5884,36348950.8214,8686.0441,1999,0.062537,3.817142,11.846362,0.026094,-4.856349,1903728318,59556.65,31965,31965
163,-354934.8617,-30964.1636,267653.8938,33265075.6984,8046.0930,1998,0.062303,3.575772,10.921729,0.024581,-4.393831,1911009855,59590.57,32069,32069
164,-454193.7721,-121670.8085,318884.4907,39457303.4425,8081.7609,1998,0.062268,4.087677,12.935857,0.028007,-5.445074,1914203337,59656.66,32087,32087
165,-393007.6205,288905.1327,336415.3767,36175978.4203,9299.4133,1999,0.062428,3.763210,13.667500,0.026061,-4.839104,1906122897,59527.28,32021,32021
166,-326122.3724,91210.3611,264256.1371,32085698.8941,8235.9477,1995,0.062718,3.396826,10.651083,0.023401,-4.076827,1892359115,59491.31,31809,31809
167,-354534.3357,75135.3652,281043.7073,33628715.5248,8357.2537,1999,0.062737,3.595540,11.123067,0.024533,-4.388503,1895509529,59489.36,31863,31863
168,-381343.4967,146793.0671,308622.9329,35169728.8294,8775.2435,1998,0.062686,3.742455,9.890312,0.025688,-4.689537,1896487554,59501.38,31873,31873
169,-313070.7395,211385.6481,272640.2737,31072775.0553,8774.2493,1996,0.062535,3.351244,9.628417,0.022950,-3.954788,1897936565,59462.89,31918,31918
170,-318611.4779,-16648.4920,243355.4264,30407187.1022,8003.2206,1997,0.062284,3.390086,9.451539,0.023154,-3.966483,1902718190,59343.11,32063,32063
171,-394826.1975,87409.9363,310512.0778,36513827.6101,8503.9586,1999,0.062563,3.799800,11.348457,0.025988,-4.846390,1903745973,59581.43,31952,31952
172,-349258.0700,-123655.6529,251192.5221,33238187.0880,7557.3473,1999,0.062173,3.540678,13.284377,0.024067,-4.320553,1914969665,59559.89,32152,32152
173,-399829.4543,120715.7135,320110.9923,37304515.7305,8581.0253,1997,0.062024,3.779756,10.731846,0.026007,-4.928364,1918819486,59596.22,32197,32197
174,-382752.0851,118207.4499,304187.9233,35706355.8498,8519.1534,1996,0.062340,3.717019,11.166276,0.025559,-4.681775,1908833587,59617.51,32018,32018
175,-353148.4824,107304.9391,285409.7891,33278593.7919,8576.3777,1998,0.062479,3.574351,12.332085,0.024473,-4.388831,1899498632,59398.31,31979,31979
176,-318928.9458,103631.3274,260284.3602,31355895.5669,8300.9704,1996,0.062629,3.378578,10.833994,0.023092,-3.986829,1895703663,59482.39,31870,31870
177,-295197.2422,69610.6047,240629.4812,30109898.7828,7991.7067,1998,0.062222,3.218719,8.633075,0.022064,-3.733284,1909713992,59472.27,32111,32111
178,-375809.9619,-47969.3255,281974.1604,35713393.1390,7895.4738,1997,0.062665,3.679668,10.140374,0.025045,-4.659953,1898818011,59583.85,31868,31868
179,-355671.8426,-1861.5952,273929.9144,34327056.5366,7980.0001,1997,0.062258,3.566794,12.119217,0.024377,-4.429775,1908929434,59512.70,32076,32076
180,-377626.0278,-60865.2887,279809.3113,35439148.8668,7895.4862,1999,0.062094,3.695901,11.114082,0.025200,-4.656034,1916871911,59543.13,32193,32193
181,-341403.9692,-9978.6647,264139.5724,33678968.0683,7842.8642,1997,0.062453,3.490838,9.139069,0.023769,-4.283303,1902721495,59504.68,31976,31976
182,-362573.8152,30227.7251,282184.4652,34627281.3651,8149.1949,1998,0.062115,3.595669,10.894708,0.024663,-4.499126,1916440766,59579.70,32166,32166
183,-366472.9005,72781.0462,289898.8420,34416062.9837,8423.3587,1999,0.062129,3.655224,11.686563,0.025002,-4.536711,1911907447,59422.14,32175,32175
184,-328402.6284,35006.6147,260584.9945,32590396.4756,7995.7602,1995,0.062233,3.392144,11.025429,0.023318,-4.130375,1908975152,59549.40,32057,32057
185,-350958.5854,1292.8691,269185.9420,33252222.2425,8095.2768,1998,0.062290,3.554223,10.359270,0.024367,-4.350216,1909733606,59537.77,32076,32076
186,-402825.5224,118991.2826,320110.8984,36489501.8409,8772.6848,1996,0.062402,3.870010,11.469709,0.026504,-4.936739,1903150058,59499.47,31986,31986
187,-365196.2168,73464.8400,287136.7442,34471890.7221,8329.5908,1997,0.062482,3.632595,12.573027,0.024915,-4.495133,1900559865,59464.97,31961,31961
188,-427080.1076,36587.0847,325566.7656,38004826.7895,8566.4583,1996,0.062924,3.955089,11.163789,0.027184,-5.203909,1890380363,59593.97,31721,31721
189,-371008.7007,190977.0116,307345.1657,34829720.3534,8824.2215,1999,0.062502,3.658857,10.749465,0.025213,-4.574311,1905097504,59565.94,31983,31983
190,-359453.4171,-75029.3026,264019.9993,33931846.1261,7780.8911,1998,0.062631,3.586243,10.278452,0.024624,-4.430122,1896557329,59451.34,31901,31901
191,-383517.0753,-55235.5975,283540.6348,36057074.0743,7863.6618,1998,0.062065,3.680009,11.243883,0.025278,-4.708425,1919190303,59616.99,32192,32192
192,-329310.1347,142972.6313,274561.4161,32403803.8141,8473.1230,1997,0.062132,3.424461,10.381117,0.023485,-4.132578,1912960011,59517.75,32141,32141
193,-385942.7184,77450.1182,302645.0055,35645334.5017,8490.4521,1998,0.062297,3.737195,14.051356,0.025676,-4.739563,1910822997,59579.17,32072,32072
194,-346204.6854,48896.1043,271253.2989,32523563.3962,8340.2085,1998,0.062576,3.552538,11.565741,0.024326,-4.285048,1897862430,59440.08,31929,31929
195,-366353.5100,320522.9330,323799.7877,34742343.0066,9320.0331,1997,0.062107,3.660037,12.021610,0.024997,-4.560221,1915084419,59559.76,32154,32154
196,-352328.5942,271158.2844,307000.7597,33831994.3159,9074.2732,1998,0.062406,3.568773,12.406606,0.024580,-4.392473,1903908085,59467.39,32016,32016
197,-345904.5497,6157.7017,266548.2804,32968104.5484,8085.0350,1997,0.062482,3.531670,11.329957,0.024194,-4.295913,1902768124,59534.06,31961,31961
198,-378101.3910,5779.9984,289620.2272,35168613.2561,8235.1904,1998,0.062779,3.729202,11.765732,0.025381,-4.673754,1893529034,59496.29,31826,31826
199,-330296.7958,-39399.4437,252038.7999,32939660.8031,7651.5299,1996,0.062422,3.399574,8.495298,0.023293,-4.148376,1903986551,59544.24,31976,31976
200,-346091.1822,22028.3018,267898.9232,32843809.0635,8156.7556,1997,0.062447,3.528837,12.106115,0.024233,-4.286740,1899759312,59406.46,31979,31979
201,-401585.8743,193590.4259,329161.4299,37149259.1267,8860.5113,1999,0.062102,3.832501,10.647079,0.026250,-4.925659,1919008828,59616.91,32189,32189
202,-395370.7151,136297.0143,320910.2204,37191835.1517,8628.5127,1999,0.062346,3.783895,11.391351,0.025878,-4.903468,1910168378,59575.47,32063,32063
203,-390309.9946,22629.2446,297624.7797,35988480.0709,8270.0014,1998,0.062255,3.787311,11.558468,0.025822,-4.776277,1909785583,59506.00,32094,32094
204,-368960.9136,2154.0998,282368.9588,34789365.6039,8116.5308,1999,0.062700,3.646912,12.541037,0.024982,-4.563503,1900245902,59602.47,31882,31882
205,-342781.1721,156593.5086,283153.0819,32937131.7704,8596.7741,1995,0.061707,3.507785,11.921194,0.024054,-4.250847,1922591456,59467.72,32330,32330
206,-438853.1188,38806.0678,333074.5466,39305190.9384,8474.0600,1999,0.062096,4.002521,13.099728,0.027489,-5.325332,1918226752,59587.06,32192,32192
207,-352985.8847,-1368.4871,270945.7181,33707103.3748,8038.2380,1997,0.062535,3.572264,11.946057,0.024347,-4.382809,1901196608,59535.19,31934,31934
208,-380411.2045,-112087.2257,273753.1106,35014118.2848,7818.3637,1998,0.062391,3.716372,12.751314,0.025411,-4.668752,1902435854,59406.57,32024,32024
209,-364087.6231,-64716.4744,268881.6004,34049175.2166,7896.8609,1998,0.062346,3.639170,10.040682,0.024846,-4.487393,1908148864,59542.20,32047,32047
210,-419133.3704,89348.0393,325712.6118,37762377.3263,8625.3206,1998,0.062363,3.896110,14.308424,0.026861,-5.096856,1911917584,59676.56,32038,32038
211,-375821.9263,-34610.6705,283152.0636,35506424.5103,7974.6713,1999,0.062323,3.685252,11.688129,0.025138,-4.652319,1912132793,59614.43,32075,32075
212,-334597.3638,9916.8789,262045.7485,33098576.0868,7917.1306,1996,0.062241,3.449870,11.412504,0.023484,-4.206484,1907918743,59494.18,32069,32069
213,-396439.4380,89023.3129,310829.3328,36222083.5687,8581.2107,1998,0.062614,3.820223,10.469856,0.026085,-4.851051,1898516663,59495.98,31910,31910
214,-374960.8305,-63871.4075,277278.1097,35118632.4322,7895.4700,1999,0.062826,3.691165,9.844890,0.025178,-4.621783,1894408795,59538.90,31818,31818
215,-377659.6371,282893.4465,328023.9922,35473874.2750,9246.9176,1999,0.062187,3.731667,12.909761,0.025546,-4.706443,1914113414,59546.23,32145,32145
216,-325306.8921,1476.7865,254153.2084,31902917.5579,7966.4566,1996,0.062557,3.420622,9.870558,0.023301,-4.095792,1896420118,59435.86,31907,31907
217,-361251.9072,94600.5078,290482.5067,34203877.1670,8492.6778,1995,0.062783,3.604514,10.750124,0.024740,-4.496402,1890679913,59500.25,31776,31776
218,-336000.4914,31736.5895,264350.0503,32665988.9735,8092.5164,1998,0.062555,3.479533,9.950608,0.023695,-4.201889,1900383694,59498.55,31940,31940
219,-368634.1785,129314.1503,296748.0463,34329548.1438,8644.1000,1997,0.062633,3.646095,11.866645,0.025204,-4.534164,1899729523,59582.53,31884,31884
220,-367273.7858,84833.4331,291799.6078,34818430.6329,8380.6077,1997,0.062229,3.643952,11.836116,0.024934,-4.542936,1910634431,59538.01,32091,32091
221,-378611.7590,52075.3881,297444.3491,35272765.8910,8432.6914,1996,0.062264,3.714637,12.159969,0.025375,-4.700030,1907797914,59512.68,32057,32057
222,-369971.1898,-41566.9708,277276.1910,35513873.8435,7807.5456,1997,0.062148,3.612286,10.433057,0.024756,-4.573006,1912368681,59514.17,32133,32133
223,-338701.2770,87514.4261,273201.2883,33202049.0944,8228.4466,1998,0.062671,3.473681,10.353292,0.023751,-4.229501,1898916643,59562.64,31881,31881
224,-373932.2746,-99181.9016,272414.8666,35296448.2156,7717.9116,1999,0.062443,3.675762,12.071211,0.025012,-4.615647,1905986866,59537.90,32013,32013
225,-396375.9623,50972.5073,308079.5385,36433168.0606,8456.0184,1998,0.062653,3.815492,12.618119,0.026044,-4.880969,1898630437,59536.86,31890,31890
226,-343696.6536,96435.1527,277292.1887,33077627.9508,8383.0736,1996,0.062270,3.520650,9.576003,0.024147,-4.279230,1907594514,59511.90,32054,32054
227,-360680.4264,-209980.9169,247996.2830,33779426.0669,7341.6370,1995,0.062392,3.602789,11.659525,0.024566,-4.451320,1900928035,59450.45,31975,31975
228,-378525.1788,145575.7819,307108.3152,35208907.6211,8722.4608,1996,0.062574,3.748675,14.651910,0.025521,-4.665692,1901963854,59626.43,31898,31898
229,-361978.5379,-89406.0535,265158.3865,34477000.7000,7690.8774,1996,0.062245,3.598786,12.084005,0.024495,-4.475830,1911778260,59618.24,32067,32067
230,-302648.9206,-82336.0076,226845.3773,30359922.0420,7471.8696,1997,0.062179,3.290372,10.529075,0.022340,-3.826324,1909379002,59450.73,32117,32117
231,-377043.3457,171981.8809,309733.4148,35214433.4646,8795.6382,1997,0.061750,3.695321,11.380267,0.025381,-4.652080,1925156066,59528.64,32340,32340
232,-371199.4815,204073.7354,310971.3510,34556864.7750,8998.8300,1999,0.062779,3.687485,11.968711,0.025337,-4.600942,1896525344,59560.50,31842,31842
233,-331568.3851,127440.1495,272019.3642,32050471.8525,8487.2187,1998,0.062572,3.461239,10.269626,0.023687,-4.129116,1897643448,59429.50,31931,31931
234,-361298.7041,18244.1147,276669.6611,33520099.5344,8253.8437,1996,0.062408,3.594881,11.530480,0.024823,-4.441702,1902270915,59477.56,31983,31983
235,-399021.2757,101620.3999,313554.7387,36717052.3111,8539.7579,1998,0.062708,3.796258,11.215845,0.026050,-4.870542,1900198655,59638.40,31862,31862
236,-409316.9662,95820.2999,322095.7984,37239593.0073,8649.2835,1998,0.062428,3.855583,12.066476,0.026511,-5.017660,1906514310,59569.26,32005,32005
237,-371563.0833,-112106.2876,266998.1024,34249847.2082,7795.5998,1997,0.062547,3.655851,13.443618,0.025085,-4.559317,1899351405,59488.58,31928,31928
238,-384096.6115,213790.1617,319468.7960,35432600.1441,9016.2391,1999,0.062518,3.768482,11.058812,0.025768,-4.723854,1904473575,59561.33,31975,31975
239,-366251.3344,-43512.6933,274087.3549,34533106.5838,7936.9446,1997,0.062247,3.655756,10.262832,0.024873,-4.525551,1910884703,59562.52,32082,32082
240,-361720.3949,13019.6976,277497.3511,33931352.8420,8178.1989,1997,0.062826,3.627085,10.337253,0.024821,-4.463340,1891987667,59522.67,31786,31786
241,-370966.7359,26656.8754,286160.8435,34821281.3115,8217.9872,1996,0.062385,3.669405,10.591536,0.025088,-4.575465,1904462576,59523.76,31995,31995
242,-382879.9117,102203.7113,304511.2208,35733040.6840,8521.8390,1999,0.062299,3.705266,12.672986,0.025505,-4.715324,1910771015,59549.69,32087,32087
243,-384592.0418,67394.2557,302182.0519,35677524.8326,8469.8155,1998,0.062235,3.742787,11.295449,0.025585,-4.748848,1909690872,59484.52,32104,32104
244,-380147.6282,65656.7293,299221.9858,35748347.9638,8370.2326,1997,0.062793,3.674834,10.622803,0.025344,-4.702742,1894313239,59563.98,31803,31803
245,-421754.5478,142136.9455,334541.2109,38002340.0250,8803.1740,1998,0.062422,3.916064,10.901422,0.027045,-5.128644,1907779100,59603.20,32008,32008
246,-372912.5213,29605.2517,287970.0941,34887073.9963,8254.3493,1999,0.062755,3.688911,9.464219,0.025156,-4.598692,1896925472,59550.62,31854,31854
247,-357684.1825,12769.4832,275583.3271,34030890.6354,8098.0345,1997,0.062439,3.585408,10.824334,0.024535,-4.430324,1904247002,59539.35,31983,31983
248,-365734.0325,258740.1798,313322.7440,34135967.1732,9178.6690,1999,0.062728,3.679910,12.378263,0.025181,-4.525532,1894411151,59445.56,31868,31868
249,-371340.5497,136860.2647,302279.9153,35199822.3011,8587.5409,1998,0.061984,3.668223,11.456781,0.025180,-4.601955,1921881446,59622.80,32234,32234
250,-368659.9111,-24733.5196,278478.8204,34476015.2215,8077.4654,1998,0.062280,3.645181,10.868636,0.025038,-4.557088,1907693186,59464.89,32081,32081
251,-389996.2148,164355.5216,316363.2253,36023723.8856,8782.0800,1998,0.062479,3.775289,12.237490,0.025872,-4.780590,1907298165,59642.21,31979,31979
252,-366302.5926,47859.6894,285994.5779,34388095.4917,8316.6739,1998,0.062506,3.647882,10.229244,0.024986,-4.526941,1901339522,59481.92,31965,31965
253,-349858.7261,113447.9942,284973.5948,33215134.3056,8579.6310,1998,0.062233,3.551779,10.743939,0.024387,-4.366132,1907531986,59415.42,32105,32105
254,-362606.3550,266610.6003,313238.5040,34481905.0533,9084.1415,1996,0.062410,3.631883,11.231586,0.024824,-4.504564,1903522463,59518.56,31982,31982
255,-348427.6054,210721.1518,295832.8103,33343738.8549,8872.2147,1998,0.062278,3.558590,10.695508,0.024315,-4.339482,1907316066,59451.28,32082,32082
256,-370834.3976,87004.3160,294047.2022,34958308.9457,8411.3680,1994,0.062657,3.674259,12.251237,0.025182,-4.576384,1896436503,59591.39,31824,31824
257,-383488.7837,53681.1125,300440.9358,35982010.9962,8349.7539,1999,0.062453,3.734344,10.485199,0.025499,-4.747311,1906063653,59549.60,32008,32008
258,-359302.7896,48953.2633,282140.6601,34078077.0388,8279.2424,1999,0.062765,3.615513,14.159512,0.024665,-4.459104,1895407942,59512.32,31849,31849
259,-363807.8098,74152.4463,287589.8603,34266698.3679,8392.6924,1998,0.062404,3.637774,11.544903,0.024916,-4.497398,1904117076,59472.06,32017,32017
260,-329935.7612,154769.1413,276728.4777,32362430.3582,8550.9177,1996,0.062381,3.431900,9.825165,0.023527,-4.142466,1903666273,59495.15,31997,31997
261,-329563.7773,16104.0100,257742.1923,32335768.9490,7970.8076,1997,0.061976,3.406969,9.467366,0.023340,-4.126866,1916803070,59487.40,32222,32222
262,-353692.4115,55895.3848,279542.7295,33715753.1856,8291.1608,1998,0.062459,3.562500,10.861291,0.024419,-4.400825,1905166800,59556.94,31989,31989
263,-380931.1882,-65893.4044,282476.1997,35603555.7467,7933.9323,1998,0.062408,3.701201,10.061424,0.025303,-4.708120,1906549875,59551.77,32015,32015
264,-357922.0010,1678.8621,274180.8414,33974864.3744,8070.1085,1999,0.062127,3.603821,11.662665,0.024544,-4.431023,1917156310,59583.43,32176,32176
265,-387618.2746,-127263.7808,276813.5675,35533901.3312,7790.1260,1998,0.062710,3.762228,10.424727,0.025619,-4.751410,1896169261,59513.80,31861,31861
266,-381816.0404,-243785.5145,257004.1623,35034903.9886,7335.6605,1999,0.062872,3.726868,13.643421,0.025370,-4.674725,1891506500,59490.69,31795,31795
267,-370900.8297,72910.0099,293227.5349,35115127.1945,8350.4620,1998,0.062578,3.638106,10.344517,0.024975,-4.590332,1899708339,59499.76,31928,31928
268,-366419.1956,203573.2826,307682.7208,35039984.6810,8780.9034,1999,0.062019,3.618652,11.855713,0.024944,-4.548261,1919867909,59564.03,32232,32232
269,-373812.0460,235477.5970,317298.5998,34820985.2840,9112.2809,1999,0.062586,3.697165,13.217079,0.025396,-4.636945,1902233625,59556.47,31940,31940
270,-372524.5815,-47628.4014,277742.4631,35018767.2921,7931.2461,1995,0.062465,3.653911,13.292211,0.025036,-4.594594,1900293434,59499.45,31938,31938
271,-357603.6676,41341.4949,281136.0917,34095148.8690,8245.6332,1997,0.062716,3.592069,12.731537,0.024601,-4.455779,1897722777,59598.10,31842,31842
272,-376483.0735,57948.8689,292453.2138,35140895.9319,8322.3039,1999,0.062463,3.677377,12.951919,0.025303,-4.616532,1906456487,59571.18,32003,32003
273,-350412.5335,6973.2007,271561.6146,33692438.8502,8060.0165,1998,0.062525,3.544576,10.392310,0.024254,-4.371913,1902287925,59530.21,31955,31955
274,-346993.7659,57105.3846,274849.8780,33328702.8922,8246.6419,1997,0.062535,3.565376,11.595305,0.024182,-4.321515,1900360587,59509.01,31934,31934
275,-322557.2242,-82732.5882,239846.7230,31779847.3201,7547.1326,1999,0.062416,3.366704,10.401218,0.023090,-4.042539,1906654814,59532.73,32027,32027
276,-358292.9532,-85245.8168,265856.9243,34953230.0024,7606.0760,1998,0.062623,3.559940,11.091968,0.024262,-4.471740,1901688329,59604.71,31905,31905
277,-401796.1321,-28817.0377,296566.2381,36483068.7624,8128.8731,1999,0.062181,3.820272,11.493931,0.026248,-4.874744,1915079074,59570.71,32148,32148
278,-357051.6101,53624.8350,281566.5013,34298398.5984,8209.3192,1997,0.062367,3.574599,9.952489,0.024445,-4.438707,1907771835,59580.63,32020,32020
279,-365026.0397,70971.0436,289863.1854,34868942.3363,8312.9331,1999,0.062753,3.622161,14.800563,0.024722,-4.536653,1897493401,59566.58,31855,31855
280,-347624.4529,43965.3392,273171.7742,33351160.8419,8190.7726,1995,0.062400,3.534355,10.899343,0.024245,-4.322892,1900315165,59438.72,31971,31971
281,-381333.4098,73178.9842,301808.9203,36129933.8801,8353.4313,1998,0.062179,3.713910,12.050190,0.025303,-4.727305,1912854188,59529.27,32133,32133
282,-322674.3723,67469.4828,260337.7076,31839750.9747,8176.4995,1999,0.062720,3.415997,9.160517,0.023204,-4.058783,1896346460,59498.82,31872,31872
283,-343499.4428,67263.1853,272614.1412,32667791.8672,8345.0434,1997,0.062592,3.507587,10.227444,0.024107,-4.266204,1893437797,59346.11,31905,31905
284,-410085.7533,109753.0896,323665.1715,37557435.2951,8617.8720,1999,0.062364,3.863918,13.473114,0.026549,-5.015627,1908399035,59537.00,32054,32054
285,-365718.7250,-4623.4640,278827.9990,34762601.8501,8020.9186,1998,0.062131,3.627644,13.592724,0.024800,-4.520728,1916790280,59605.39,32158,32158
286,-353133.8758,186874.5439,295814.5739,33968942.2609,8708.3834,1999,0.062726,3.569903,9.949673,0.024427,-4.390175,1895076675,59464.58,31869,31869
287,-397352.9773,39746.9527,305598.5993,36556269.3927,8359.6769,1993,0.062095,3.786737,13.876867,0.026065,-4.868588,1912714877,59593.56,32096,32096
288,-394055.8748,129480.8875,313853.2475,35296654.5976,8891.8695,1997,0.062490,3.827610,11.877529,0.026232,-4.815598,1900730328,59477.75,31957,31957
289,-397983.0199,295718.6347,340194.1611,36684441.2461,9273.5271,1999,0.062346,3.801126,12.362641,0.026256,-4.887666,1912151236,59637.32,32063,32063
290,-433948.3971,66443.3645,332489.5025,38734866.2253,8583.7266,1995,0.061976,3.970360,13.701384,0.027357,-5.258571,1919519181,59630.92,32190,32190
291,-356360.3195,55690.2018,280834.0402,34227838.7648,8204.8429,1997,0.062377,3.583984,9.682349,0.024397,-4.423714,1905439981,59517.10,32015,32015
292,-338754.8803,-94588.3571,248593.5797,32459348.8226,7658.6127,1997,0.062428,3.475992,10.813563,0.023792,-4.214116,1903331405,59499.56,31989,31989
293,-348103.3196,98524.0565,279915.6323,33311022.5285,8403.0934,1996,0.062602,3.524394,11.117190,0.024243,-4.319519,1898149952,59532.99,31884,31884
294,-376956.6412,53250.9321,291758.1595,34989152.8179,8338.5317,1999,0.062490,3.685222,11.596839,0.025346,-4.616083,1903897495,59517.26,31989,31989
295,-386350.7845,118757.0535,311495.0600,36154440.2586,8615.6792,1997,0.062255,3.738329,11.349388,0.025573,-4.788621,1912512486,59620.69,32078,32078
296,-373599.8624,223875.6961,314096.7794,35303200.3439,8897.1191,1996,0.062486,3.664139,12.854684,0.025212,-4.612909,1905809515,59662.82,31943,31943
297,-374192.4230,31001.9863,287441.9541,34530026.8371,8324.4058,1997,0.062220,3.694369,12.743098,0.025261,-4.591388,1907389605,59427.64,32096,32096
298,-408080.5807,161698.4217,328052.9981,36771336.9717,8921.4324,1997,0.062467,3.888771,17.620315,0.026655,-4.979526,1904359342,59568.94,31969,31969
299,-369828.1573,67052.1456,291124.1944,34664384.4751,8398.3662,1998,0.063072,3.648173,11.024180,0.025067,-4.569801,1885886422,59533.00,31678,31678
300,-367986.7453,124480.9180,298142.0079,35025547.9395,8512.1297,1999,0.062627,3.652557,11.423791,0.024972,-4.560767,1902406323,59601.06,31919,31919
301,-389231.7973,-63442.4141,285132.6524,35645520.6997,7999.1159,1997,0.062268,3.755580,11.176722,0.025785,-4.755520,1909062929,59526.14,32071,32071
302,-389795.3700,27871.4820,300745.1783,36003967.8456,8353.1121,1997,0.061911,3.799234,11.594124,0.025770,-4.809295,1920631090,59543.37,32256,32256
303,-401608.5658,55695.3173,309174.7827,36440013.5480,8484.4859,1999,0.062443,3.839185,11.955931,0.026303,-4.897132,1906615094,59557.53,32013,32013
304,-360347.9488,178502.9683,300963.5411,34441925.6254,8738.2902,1998,0.063070,3.604186,11.409932,0.024692,-4.489253,1886081146,59537.27,31679,31679
305,-336847.3186,-29516.7873,257775.4791,33193797.1887,7765.7726,1999,0.062290,3.470734,9.357214,0.023618,-4.221832,1911426887,59560.85,32092,32092
306,-392358.5329,71490.8808,307595.0037,36190547.6241,8499.3189,1999,0.062735,3.784746,10.440758,0.025899,-4.830477,1896470967,59517.67,31864,31864
307,-315016.8803,106513.6893,259564.0318,31177108.0222,8325.4685,1996,0.061851,3.357729,11.593829,0.022915,-3.964761,1919560867,59482.53,32271,32271
308,-386260.1547,308265.1512,334150.1896,35997454.2362,9282.6061,1999,0.062358,3.739096,10.827010,0.025781,-4.760691,1909251099,59558.01,32057,32057
309,-387053.9626,-207396.9867,263987.0487,35253717.0238,7488.2047,1998,0.062486,3.745791,10.901086,0.025556,-4.715774,1904788867,59571.19,31975,31975
310,-387491.7324,153156.6170,313434.0881,35779563.0490,8760.1430,1999,0.062959,3.739627,11.839466,0.025815,-4.755528,1894280450,59660.50,31751,31751
311,-342860.8864,101209.5012,277272.7616,33246382.4962,8339.9378,1997,0.062445,3.505040,10.267769,0.024075,-4.268819,1905042762,59569.82,31980,31980
312,-387926.9100,96079.6126,309044.0813,36426092.9335,8484.1403,1998,0.062313,3.747938,10.875615,0.025679,-4.798334,1910635607,59588.19,32064,32064
313,-324605.9126,96103.2810,266685.2614,32149543.4375,8295.1493,1997,0.062451,3.401333,11.144207,0.023285,-4.098825,1898152296,59359.92,31977,31977
314,-373705.1274,49288.0351,290639.3603,34668287.3865,8383.4358,1998,0.062688,3.710900,10.015162,0.025281,-4.602008,1897825872,59545.24,31872,31872
315,-364346.2818,-129146.9577,261373.3253,34319853.2103,7615.8055,1997,0.062090,3.638184,10.659075,0.024670,-4.499157,1915383536,59552.39,32163,32163
316,-420240.5677,136662.0724,331230.2147,36914426.0093,8972.9206,1998,0.062799,3.959468,16.032288,0.027076,-5.089806,1893868693,59525.67,31816,31816
317,-356516.4778,177996.9205,296951.0317,33571610.5090,8845.3019,1996,0.062490,3.594622,11.722189,0.024639,-4.427724,1900824072,59510.47,31941,31941
318,-388802.8979,62565.7803,304100.9720,36354153.0295,8364.9582,1996,0.062465,3.762414,10.930621,0.025815,-4.791603,1902339737,59533.70,31954,31954
319,-349131.1250,30865.4197,272887.0266,33741422.7887,8087.5969,1994,0.062256,3.521020,9.467032,0.024087,-4.345174,1904819881,59471.73,32029,32029
320,-417208.1243,-53190.7114,305110.9882,37606181.4136,8113.3201,1998,0.061907,3.889300,13.760745,0.026648,-5.064271,1923104526,59586.80,32274,32274
321,-399972.8593,198733.7039,329240.9188,36998170.4099,8898.8432,1999,0.062438,3.826179,10.885729,0.026284,-4.914582,1904883729,59497.87,32016,32016
322,-383395.8975,37554.8855,294952.2232,35249228.5716,8367.6221,1998,0.062441,3.729605,12.356985,0.025605,-4.700004,1904807931,59528.97,31998,31998
323,-338203.0758,104753.6001,274355.5232,33018876.7915,8309.0508,1999,0.062500,3.457399,10.470163,0.023812,-4.214010,1901977426,59466.53,31984,31984
324,-362009.2448,9772.5126,278297.1013,34012193.2904,8182.2745,1999,0.062672,3.642393,11.117096,0.024830,-4.480913,1897551586,59491.84,31896,31896
325,-389762.2626,224949.3156,323715.1725,35705558.2746,9066.2403,1999,0.061935,3.770841,11.054833,0.026001,-4.772871,1921775495,59541.94,32276,32276
326,-433693.1698,120368.8952,341804.8449,38998653.1242,8764.5295,1999,0.062718,4.002215,11.949506,0.027386,-5.289752,1900980159,59642.34,31873,31873
327,-327733.9358,185838.0724,278488.9822,32122940.5189,8669.4735,1998,0.062395,3.440805,10.259027,0.023514,-4.107455,1906983085,59552.28,32022,32022
328,-347368.2971,51257.0060,273195.0826,33237780.9044,8219.4140,1999,0.062490,3.541730,10.590746,0.024251,-4.309895,1900872700,59422.70,31989,31989
329,-374539.2262,182157.6629,311322.8751,35095746.3333,8870.6726,1999,0.062354,3.700927,12.208075,0.025312,-4.651208,1908851593,59541.83,32059,32059
330,-381879.0888,111040.7588,306248.4967,35475957.1361,8632.5647,1998,0.062381,3.740967,12.842571,0.025506,-4.721869,1907361044,59551.06,32029,32029
331,-333409.6866,47494.6294,264672.9192,32996879.6027,8021.1500,1998,0.062673,3.436034,10.276360,0.023496,-4.173545,1896730307,59495.93,31880,31880
332,-386493.1331,-24465.2805,289728.5890,35844128.7155,8083.0139,1998,0.062661,3.764877,10.876387,0.025650,-4.744477,1899665654,59576.79,31886,31886
333,-344037.6609,-42553.3183,258763.6314,33237766.2528,7785.2293,1998,0.062334,3.507161,11.333779,0.024015,-4.271868,1907872100,59522.42,32053,32053
334,-423977.1336,116343.0881,334056.5981,38000528.2940,8790.8409,1998,0.062749,3.927870,14.028267,0.026987,-5.172205,1897985257,59608.22,31841,31841
335,-345915.9054,12128.5595,265098.7418,32614192.9810,8128.3244,1997,0.062842,3.557253,10.036692,0.024282,-4.265068,1889096973,59446.69,31778,31778
336,-388480.0537,16802.2029,297013.4169,35692129.1334,8321.5382,1998,0.062590,3.779586,14.463224,0.025788,-4.774876,1900091191,59522.94,31922,31922
337,-388034.0857,158785.3979,315685.6448,36194404.5430,8721.9461,1996,0.062266,3.749184,12.158073,0.025653,-4.777581,1910132023,59587.35,32056,32056
338,-336611.0672,298303.8898,299162.8890,32652549.9513,9162.0069,1998,0.062477,3.467135,10.692599,0.023897,-4.207263,1899584585,59399.14,31980,31980
339,-351883.3815,209556.3882,299292.8102,34105724.8770,8775.4420,1997,0.062332,3.545482,11.685161,0.024399,-4.395408,1908950876,59583.96,32038,32038
340,-364638.6506,113315.7485,294509.3095,34465153.3558,8545.1327,1998,0.062805,3.598413,11.684961,0.024914,-4.524588,1893534329,59520.77,31813,31813
341,-398480.0202,-151314.6710,280006.8415,36186162.8554,7737.9534,1998,0.062514,3.813294,11.525570,0.026041,-4.858825,1902908681,59538.46,31961,31961
342,-399424.5143,50284.0260,308170.7477,36560988.7421,8428.9500,1997,0.063017,3.805649,10.782535,0.026103,-4.889045,1888056275,59578.93,31690,31690
343,-368255.2976,-11484.3079,277875.6557,34030769.2997,8165.4239,1999,0.062747,3.657957,12.629698,0.025087,-4.524370,1898401532,59589.48,31858,31858
344,-377063.2779,13628.5860,289397.7717,35483740.4407,8155.7854,1999,0.062218,3.682399,10.704948,0.025200,-4.654628,1912291489,59519.17,32129,32129
345,-367599.5939,287191.7361,318471.4570,33679459.1989,9455.9552,1997,0.062951,3.678523,9.923236,0.025361,-4.549058,1885971097,59451.22,31723,31723
346,-396350.9015,208054.8381,325034.6978,35600925.2638,9129.9508,1998,0.062399,3.823151,11.847962,0.026350,-4.833369,1904631375,59482.55,32020,32020
347,-320542.9775,269853.3729,286211.8605,31810483.0492,8997.4069,1997,0.062301,3.403843,9.917834,0.023321,-4.051114,1904028300,59400.65,32054,32054
348,-424741.9624,136549.0404,337833.1666,37935104.8778,8905.5551,1998,0.062726,3.964188,13.356344,0.027191,-5.189560,1898660738,59606.97,31853,31853
349,-384964.8361,-5986.9173,290584.4932,35150602.5310,8266.8425,1998,0.062399,3.743187,10.527659,0.025668,-4.720382,1907853864,59583.19,32020,32020
350,-293323.8956,14889.4946,232520.0029,29938996.6195,7766.4594,1995,0.062478,3.223308,9.324584,0.022030,-3.715175,1895438910,59360.46,31931,31931
351,-373842.5281,-66409.5611,275545.6919,34924971.4235,7889.6469,1999,0.062098,3.675553,13.114180,0.025131,-4.600281,1913303536,59435.98,32191,32191
352,-411047.4580,230286.5132,341227.5140,37388582.6833,9126.5164,1998,0.062663,3.905424,11.290739,0.026674,-5.043111,1899200133,59564.06,31885,31885
353,-434442.8615,-169736.0930,300844.5160,38948592.3988,7724.1435,1996,0.062235,3.973211,10.744380,0.027175,-5.245514,1913036130,59648.17,32072,32072
354,-375571.0334,1506.3333,285603.2021,35210031.1327,8111.4158,1998,0.062079,3.684259,11.442739,0.025226,-4.621163,1917522508,59578.14,32185,32185
355,-374655.7195,11498.2802,286291.2043,34884261.4860,8206.8873,1998,0.062231,3.673945,12.495121,0.025205,-4.611072,1913939038,59613.13,32106,32106
356,-386692.8453,163639.9412,313746.7807,35510199.7303,8835.3989,1997,0.062358,3.752639,10.963239,0.025855,-4.739754,1904136938,59457.83,32025,32025
357,-381657.6717,98489.7137,302930.3690,35441664.8451,8547.2951,1998,0.062276,3.733101,11.795662,0.025608,-4.698179,1909841526,59528.15,32083,32083
358,-361985.6799,-20760.9578,275304.2691,34269286.1025,8033.5572,1997,0.062684,3.624261,11.370157,0.024712,-4.493951,1895714522,59505.13,31858,31858
359,-353180.5897,43539.0848,278396.1951,34005439.1868,8186.8137,1997,0.062132,3.561270,9.955720,0.024395,-4.406248,1914896747,59578.01,32141,32141
360,-364858.1263,18688.0096,279850.3322,34376854.2549,8140.6614,1995,0.062375,3.643437,10.783768,0.024844,-4.491595,1901251876,59443.84,31984,31984
361,-337326.3253,219609.2498,290190.9871,33073623.2828,8774.0912,1997,0.062185,3.472244,12.496487,0.023792,-4.225792,1909492574,59459.82,32114,32114
362,-367688.7227,87494.9455,293754.9765,34972457.7742,8399.6092,1999,0.062292,3.624675,10.909699,0.024939,-4.566030,1909091329,59489.93,32091,32091
363,-396967.2248,242333.3889,332948.2363,36584030.6721,9100.9173,1999,0.062404,3.836713,10.517307,0.026253,-4.881848,1908427365,59576.92,32033,32033
364,-409819.6811,13887.3276,311165.2127,37092181.8686,8388.9703,1999,0.062313,3.864339,12.182819,0.026443,-5.014205,1911626701,59589.36,32080,32080
365,-354945.6445,-60705.5212,264887.6310,33773366.3032,7843.0924,1996,0.062047,3.588590,11.643683,0.024465,-4.408517,1913611788,59486.21,32169,32169
366,-381798.0919,21943.3903,294380.0217,35712454.9284,8243.0632,1996,0.062463,3.723434,11.284136,0.025464,-4.717170,1900982710,59489.37,31955,31955
367,-384903.3290,128340.7783,310510.0189,35871300.9164,8656.2241,1997,0.062090,3.712371,10.364974,0.025652,-4.755203,1913257999,59486.30,32163,32163
368,-345741.0745,84579.4707,277060.1261,33709709.8924,8219.0006,1997,0.062661,3.493202,12.274452,0.024020,-4.300801,1898040694,59555.72,31870,31870
369,-360426.2172,137618.5181,296354.9710,34902723.9097,8490.8837,1996,0.062671,3.569072,10.189491,0.024574,-4.498961,1897892075,59590.32,31849,31849
370,-377875.3002,-14458.9180,286354.2041,35479256.1248,8071.0318,1999,0.061952,3.703291,10.650676,0.025308,-4.664413,1921194409,59540.53,32267,32267
371,-399796.8375,76732.7087,313311.4974,36723740.2352,8531.5792,1998,0.062245,3.828211,13.137974,0.026036,-4.913096,1910669783,59524.28,32099,32099
372,-350185.7531,8449.0484,271022.0868,33370948.8425,8121.4978,1996,0.062340,3.557154,11.875239,0.024394,-4.361457,1906324325,59539.14,32018,32018
373,-400035.8477,83564.2567,311384.2078,36395045.4260,8555.6758,1999,0.062655,3.801706,12.210630,0.026169,-4.874622,1900141605,59556.23,31905,31905
374,-396626.4973,-57334.8847,290787.1336,35801626.4583,8122.1766,1997,0.062494,3.815078,12.339742,0.026073,-4.836155,1904199268,59590.03,31955,31955
375,-378570.0159,106641.0236,301215.1192,34507943.4242,8728.8632,1998,0.062428,3.739555,14.314554,0.025610,-4.653901,1903653082,59479.87,32005,32005
376,-378570.6821,148645.9111,308511.2134,35918238.0950,8589.2636,1997,0.062414,3.691136,9.898186,0.025324,-4.679749,1905565425,59556.36,31996,31996
377,-395175.5745,-135666.1787,278890.5212,36050126.6739,7736.1870,1997,0.062596,3.775497,12.087462,0.025843,-4.808985,1898425643,59506.18,31903,31903
378,-308622.2732,23027.3191,243399.9324,30329267.2616,8025.2494,1997,0.063232,3.314366,10.151290,0.022749,-3.878583,1876332140,59411.44,31582,31582
379,-365069.3620,217645.4204,307066.8825,34304131.9360,8951.3089,1997,0.062051,3.641984,11.390506,0.025077,-4.511712,1913301807,59450.70,32183,32183
380,-350176.8306,185236.0700,296370.1460,33830731.5480,8760.3824,1997,0.061767,3.543737,13.183448,0.024313,-4.395513,1924557969,59526.71,32331,32331
381,-340421.4562,7509.9585,266314.8820,33664978.7178,7910.7397,1996,0.062053,3.484526,9.761458,0.023785,-4.280605,1915506328,59550.65,32166,32166
382,-406464.6128,237387.1524,338697.7313,37068209.5820,9137.1484,1998,0.062150,3.841726,12.088349,0.026578,-4.987251,1915710524,59590.35,32148,32148
383,-330926.9039,232820.2317,289045.2362,32842795.2824,8800.8720,1995,0.062663,3.445856,10.904061,0.023519,-4.174998,1893901306,59487.43,31837,31837
384,-360455.5468,53580.9344,284058.5354,34309276.5167,8279.3508,1998,0.062131,3.592110,9.885817,0.024648,-4.479261,1912607435,59475.32,32158,32158
385,-404092.8467,81009.5309,316852.0420,36967812.6037,8571.0249,1998,0.062864,3.841760,11.606399,0.026241,-4.962035,1891346133,59508.11,31783,31783
386,-360303.4597,316857.1781,318590.2799,34740459.5334,9170.5834,1999,0.062596,3.592677,10.930862,0.024853,-4.484445,1904368152,59632.63,31935,31935
387,-364033.5750,-120.9207,279264.4138,34440034.5253,8108.7147,1997,0.062194,3.621849,10.658161,0.024757,-4.515696,1912525762,59563.54,32109,32109
388,-363621.4410,-14254.1341,276530.1904,34200112.1360,8085.6516,1998,0.062013,3.615462,13.591737,0.024798,-4.502310,1914441676,59419.65,32219,32219
389,-340557.6541,75205.5843,274635.3061,33213798.4033,8268.7112,1998,0.061969,3.488942,9.877246,0.023912,-4.274838,1918464538,59502.03,32242,32242
390,-347905.9629,37520.7482,272811.4095,33374868.9765,8174.1567,1998,0.062565,3.544574,11.050341,0.024229,-4.329924,1898810923,59458.62,31935,31935
391,-420138.0438,55469.9441,323002.8175,37807931.0922,8543.2556,1999,0.062767,3.909894,11.264154,0.026962,-5.122342,1896250165,59540.64,31848,31848
392,-397483.8694,-23292.1639,297600.4473,36517437.8118,8149.5435,1999,0.062559,3.795254,14.040217,0.026012,-4.871103,1901711312,59514.03,31954,31954
393,-421845.5470,-104238.3287,302560.0173,37751918.3196,8014.4276,1998,0.062426,3.935862,13.752598,0.026923,-5.129159,1906804644,59576.47,32006,32006
394,-361955.3202,5913.3110,276903.0950,34154268.4569,8107.4228,1997,0.062512,3.617142,11.304797,0.024810,-4.468360,1905084645,59634.53,31946,31946
395,-356145.0587,58054.0060,281387.7780,33962619.9871,8285.2200,1997,0.062210,3.603305,12.402502,0.024528,-4.426777,1910057681,59501.50,32101,32101
396,-359590.7046,135061.3367,295919.6126,34691346.0177,8530.0701,1999,0.062414,3.627022,13.205967,0.024704,-4.495925,1907147648,59546.26,32028,32028
397,-357235.9446,-23815.7633,271803.6879,34024592.1245,7988.4481,1998,0.062437,3.576178,10.046102,0.024526,-4.442514,1903728439,59491.51,32000,32000
398,-382621.6726,79439.7156,302161.9343,35757417.5083,8450.3288,1998,0.062453,3.698747,13.456211,0.025508,-4.723185,1906714982,59599.74,31992,31992
399,-364779.8499,299454.7079,318804.9129,34661115.4531,9197.7684,1998,0.062678,3.635106,12.837605,0.024998,-4.526589,1895856114,59474.11,31877,31877
400,-352513.6405,50379.1623,276978.7861,33965708.0768,8154.6596,1997,0.062317,3.546944,10.182154,0.024247,-4.373092,1907718198,59530.62,32046,32046
401,-372418.9622,-202314.4633,257186.7680,34572224.6727,7439.1154,1997,0.062138,3.657122,11.682745,0.024997,-4.586258,1910623078,59450.59,32138,32138
402,-369613.3100,41731.8217,290161.8357,35347271.3640,8208.8892,1997,0.061932,3.632236,12.459589,0.024865,-4.601402,1918618684,59501.28,32245,32245
403,-371440.7459,132574.4583,301883.1735,34868993.1779,8657.6395,1999,0.062117,3.659899,13.659316,0.025155,-4.604335,1917105172,59572.58,32181,32181
404,-356499.7631,-14913.8595,271098.6015,33422958.9234,8111.1491,1999,0.062684,3.605311,11.510004,0.024622,-4.415590,1895316502,59432.94,31890,31890
405,-376913.4070,127758.0138,304003.5664,35297507.0949,8612.6073,1998,0.062457,3.731465,10.524120,0.025426,-4.651929,1905011304,59550.21,31990,31990
406,-365803.0580,-367.8857,279841.4811,34776360.6176,8046.8881,1998,0.062586,3.631228,9.152152,0.024734,-4.527032,1902058281,59580.83,31924,31924
407,-343382.2898,105928.6707,278006.2793,32973462.1364,8431.2129,1995,0.062346,3.511849,10.405260,0.024122,-4.271390,1904583401,59520.09,31999,31999
408,-385162.9485,40317.4960,298227.2235,35859127.3648,8316.6336,1997,0.062473,3.722602,11.820201,0.025536,-4.743729,1904118589,59567.00,31966,31966
409,-352038.3041,12277.8110,269985.3208,33012297.1013,8178.3258,1997,0.062198,3.565610,11.326954,0.024468,-4.343320,1909193483,59463.47,32107,32107
410,-384257.0683,146040.6904,311732.5331,35314074.8744,8827.4303,1998,0.062356,3.785996,11.304388,0.025829,-4.739228,1906798939,59509.36,32042,32042
411,-343684.1491,33271.4044,268839.9210,32761791.8434,8205.8980,1996,0.062671,3.529223,13.395714,0.024091,-4.275232,1893783495,59461.32,31849,31849
412,-353039.1146,37676.7811,276085.5451,33911819.2304,8141.2779,1998,0.062071,3.568991,9.516555,0.024421,-4.384573,1915476715,59507.18,32189,32189
413,-380408.8591,234374.1171,322976.5520,36088444.8119,8949.5836,1999,0.062050,3.707651,14.567972,0.025418,-4.728911,1919051017,59568.26,32216,32216
414,-399508.9465,11140.8529,303188.7549,36615178.4030,8280.4118,1999,0.062735,3.843557,12.063606,0.026116,-4.890348,1897751752,59557.86,31864,31864
415,-413572.4198,82154.9895,320852.2243,37334369.1463,8594.0176,1997,0.062270,3.899681,12.382877,0.026627,-5.032592,1913671665,59671.71,32070,32070
416,-364439.5770,57001.9535,286072.9761,34543384.1164,8281.5562,1997,0.062249,3.632250,10.544533,0.024807,-4.508332,1907753550,59466.77,32081,32081
417,-344825.9160,185229.2716,290347.2488,33400675.4682,8692.8556,1997,0.062608,3.536878,11.522902,0.024163,-4.302937,1897153109,59477.48,31897,31897
418,-351217.8901,12896.2541,270863.5374,33477647.5198,8090.8773,1997,0.062214,3.556988,10.771245,0.024300,-4.352967,1910470433,59518.07,32099,32099
419,-375632.6636,10174.8363,286889.2077,35122792.0663,8168.1777,1998,0.062276,3.677929,10.054889,0.025204,-4.623551,1910256030,59541.07,32083,32083
42,-342800.2598,288145.7732,306099.7378,33445274.0888,9152.2568,1999,0.062598,3.547943,10.222720,0.024125,-4.332287,1899514852,59482.52,31934,31934
420,-333440.1221,84066.4586,271435.1497,32596765.4134,8327.0578,1998,0.062389,3.455978,11.510577,0.023606,-4.201842,1903057817,59424.13,32025,32025
421,-371406.0602,232284.3373,315452.5196,35032301.8405,9004.6187,1999,0.062383,3.699410,11.170076,0.025251,-4.612569,1909216060,59581.08,32044,32044
422,-357731.3988,343735.3696,318073.8822,33565505.3167,9476.2131,1997,0.062187,3.603117,12.517835,0.024878,-4.424343,1910855666,59504.12,32113,32113
423,-353817.5547,-56743.2586,263750.8407,33641315.9660,7840.0869,1999,0.062173,3.597908,11.915004,0.024466,-4.383672,1914663356,59550.37,32152,32152
424,-406598.0579,-58411.0887,298772.5684,37015743.2732,8071.4999,1999,0.062048,3.879848,11.527960,0.026327,-4.966939,1919831716,59590.64,32217,32217
425,-332472.0081,33072.9238,263187.7157,32876777.5270,8005.2771,1998,0.062181,3.437524,13.126536,0.023418,-4.177024,1913557103,59553.00,32132,32132
426,-434253.2833,149827.2395,344115.2596,38533894.1747,8930.1968,1999,0.062547,4.008914,13.776072,0.027462,-5.269446,1905499810,59621.40,31960,31960
427,-396554.3398,75063.0418,308326.9189,36107533.0655,8539.1300,1999,0.062741,3.808699,12.359656,0.026062,-4.841254,1895984338,59508.00,31861,31861
428,-435637.3678,271808.1687,359820.9832,38274520.9160,9401.0578,1998,0.062533,4.017327,12.720011,0.027692,-5.269232,1902886840,59556.41,31951,31951
429,-364414.3195,-32002.5974,273265.4405,34159464.4334,7999.6992,1999,0.062915,3.617783,9.851386,0.024824,-4.490298,1891042328,59517.27,31773,31773
43,-404207.4211,63132.7116,313779.6284,36550682.1228,8584.7817,1999,0.063245,3.862054,17.836964,0.026422,-4.951998,1881877875,59539.91,31607,31607
430,-368248.4332,237970.8120,314348.3005,35012919.7887,8978.0659,1999,0.062133,3.651038,11.213513,0.025038,-4.581522,1916692610,59574.57,32173,32173
431,-383002.9214,67627.9639,302433.5811,36081419.4674,8381.9757,1999,0.062492,3.727956,11.240047,0.025449,-4.748838,1906119376,59588.58,31988,31988
432,-320270.4293,131009.2745,266299.0199,32226193.1283,8263.4340,1993,0.062299,3.353240,10.619831,0.023020,-4.023717,1904806887,59541.96,31991,31991
433,-322874.4080,88554.9852,263698.5713,32192972.0262,8191.1844,1996,0.062547,3.365418,10.258912,0.023065,-4.068063,1899807022,59532.68,31912,31912
434,-374687.6000,96148.6257,298678.3519,35145582.7144,8498.3184,1998,0.062570,3.686710,10.870182,0.025300,-4.630864,1903127818,59599.39,31932,31932
435,-398883.0022,37558.4894,306694.6394,36502107.5078,8402.1077,1999,0.062765,3.783887,12.003171,0.026133,-4.890354,1897311637,59572.09,31849,31849
436,-350238.5996,-40379.9378,264146.4010,33356170.2653,7918.9667,1996,0.062543,3.528908,11.907614,0.024210,-4.353524,1898734583,59495.35,31914,31914
437,-414553.8314,8259.5579,313107.5631,37321723.9056,8389.4186,1998,0.062443,3.911578,13.178170,0.026689,-5.059808,1902875353,59470.43,31997,31997
438,-370393.0339,196692.3598,308780.3644,35068313.9136,8805.1101,1997,0.062200,3.657018,10.984314,0.025107,-4.582439,1914717574,59637.38,32106,32106
439,-350732.9247,24410.6089,272149.2611,33195857.8422,8198.2897,1996,0.062677,3.548177,12.192851,0.024343,-4.349291,1895370360,59516.75,31846,31846
44,-358367.5374,180628.5471,295866.5726,33367467.6298,8866.9172,1997,0.062535,3.617699,12.982413,0.024905,-4.411450,1897821577,59429.50,31934,31934
440,-394374.0088,153674.5353,318677.3489,36307326.2507,8777.2189,1999,0.062395,3.800711,11.103871,0.025996,-4.839615,1906393234,59504.13,32038,32038
441,-367967.3561,15487.6422,283342.9122,34670452.8770,8172.4607,1997,0.061986,3.635051,11.053759,0.024966,-4.551126,1918340766,59544.36,32217,32217
442,-374366.1152,42406.9036,289140.7748,34901912.7607,8284.3819,1995,0.062592,3.696863,10.447808,0.025205,-4.594611,1896419706,59499.25,31873,31873
443,-380690.6107,160063.7275,311737.6593,35801591.7827,8707.3687,1998,0.062389,3.670012,9.630172,0.025416,-4.707730,1908099126,59581.55,32025,32025
444,-364418.0103,126088.8169,295372.9980,34290734.0657,8613.7846,1997,0.062582,3.626882,11.578659,0.024905,-4.513221,1898928712,59508.89,31910,31910
445,-343656.2283,113837.5276,280574.2628,33115992.6478,8472.4703,1993,0.062287,3.515356,10.792931,0.024119,-4.293404,1902011842,59443.44,31997,31997
446,-352336.0219,52302.7579,276538.7008,33671151.1149,8212.9268,1997,0.062284,3.579413,9.665148,0.024488,-4.363241,1909214907,59545.74,32063,32063
447,-348092.7874,-66555.1594,260926.2246,33775173.3473,7725.3852,1996,0.062250,3.523251,10.047157,0.023965,-4.351858,1908905791,59534.24,32064,32064
448,-370734.1054,21700.4445,285337.6423,34735253.3328,8214.6412,1998,0.062307,3.669008,11.666226,0.025185,-4.572774,1909620171,59550.95,32067,32067
449,-354385.6593,233335.1705,304045.3346,33965389.7145,8951.6221,1998,0.062465,3.587389,10.837829,0.024572,-4.422655,1905253533,59565.23,31986,31986
45,-413806.9215,113242.8102,325250.7192,36751680.5767,8849.9550,1997,0.062276,3.944339,12.126107,0.026871,-5.037720,1910144138,59567.29,32067,32067
450,-369630.5684,183694.5661,304526.8988,34717829.8921,8771.4843,1999,0.062945,3.693278,13.576708,0.025210,-4.545924,1889885904,59508.97,31758,31758
451,-335071.7251,188045.0702,287117.1609,33333546.1433,8613.4598,1997,0.062019,3.447641,9.424640,0.023671,-4.235637,1916894319,59530.88,32200,32200
452,-376449.2908,-6491.0539,285731.6134,35097959.9517,8140.9750,1997,0.062451,3.683997,11.033772,0.025260,-4.639026,1901144588,59453.50,31977,31977
453,-315373.4207,124253.6659,262961.4783,31594150.5949,8323.1064,1998,0.062108,3.321747,9.820634,0.022835,-3.980706,1916225303,59565.60,32170,32170
454,-322144.8377,67101.8654,260172.1666,32197862.7914,8080.4173,1999,0.062187,3.354932,9.293599,0.023074,-4.056226,1910424555,59431.47,32145,32145
455,-360181.8747,164356.1134,298061.7845,34075017.4090,8747.2232,1998,0.062295,3.599737,10.349732,0.024738,-4.474248,1909033102,59521.50,32073,32073
456,-367449.1164,11797.0065,283154.5563,34230690.7137,8271.9498,1997,0.062408,3.660123,11.561596,0.025020,-4.554445,1903087260,59473.34,31999,31999
457,-371633.3837,-49868.8792,276435.7310,34834175.6008,7935.7621,1997,0.062620,3.653261,11.208358,0.024996,-4.578770,1895762100,59445.05,31891,31891
458,-398072.7100,-28017.1922,295881.7252,36506633.3607,8104.8757,1998,0.062445,3.807863,10.444246,0.025950,-4.856777,1906167421,59575.18,31996,31996
459,-337947.6331,17217.8964,261770.2427,32313721.8123,8100.9004,1997,0.062716,3.506700,9.423903,0.023917,-4.195505,1894685205,59502.71,31842,31842
46,-312268.4869,102809.9132,258208.3039,31538458.8276,8187.0933,1997,0.062125,3.344555,9.118551,0.022811,-3.947881,1914730825,59565.43,32145,32145
460,-394195.2826,78877.0496,308081.5442,36149637.7843,8522.3964,1999,0.062367,3.796435,11.641246,0.026065,-4.827140,1908887140,59555.94,32052,32052
461,-377852.8821,133697.4090,302869.2812,34737452.8522,8718.8109,1999,0.062393,3.710840,11.460047,0.025512,-4.626973,1906458423,59504.30,32039,32039
462,-335159.3455,82804.9625,270284.3245,32764834.4494,8249.2199,1997,0.062553,3.453507,10.587146,0.023691,-4.191286,1898084943,59454.50,31925,31925
463,-318624.2328,77410.5691,258614.3074,31556318.8109,8195.3256,1999,0.062743,3.385560,10.394925,0.023127,-4.009830,1892041304,59386.10,31860,31860
464,-403450.6252,102989.6466,316153.8596,35979838.7485,8786.9727,1997,0.062005,3.889133,12.850250,0.026598,-4.912241,1916869760,59517.18,32207,32207
465,-391852.0063,221815.3861,327994.4509,36513188.9579,8982.9034,1996,0.062512,3.793460,10.469165,0.025997,-4.841262,1903894800,59627.15,31930,31930
466,-354871.0885,195259.2238,300421.6204,34630662.6924,8675.0179,1998,0.062527,3.561251,11.578890,0.024439,-4.441941,1904085190,59588.32,31954,31954
467,-316469.5116,104007.6108,260038.5108,31376191.9943,8287.7652,1998,0.062559,3.368326,10.833902,0.022930,-3.978338,1897957678,59426.32,31938,31938
468,-355523.8233,61727.4650,281364.8703,33997602.3634,8276.0210,1998,0.062340,3.572088,11.146647,0.024488,-4.418783,1907781529,59525.16,32050,32050
469,-374148.1184,-51031.9492,278193.6678,35230364.6770,7896.4175,1998,0.062520,3.653482,11.182944,0.025082,-4.609940,1903287969,59555.92,31958,31958
47,-324638.2629,-186932.5591,227187.7300,31724325.5210,7161.3100,1997,0.062231,3.405904,10.869111,0.023107,-4.056340,1906560027,59412.90,32090,32090
470,-391056.5814,-44578.3707,292078.9344,36364577.2577,8031.9629,1998,0.062173,3.751735,10.733649,0.025681,-4.821436,1914218880,59566.18,32136,32136
471,-349983.5203,197809.2544,295867.4253,33734161.0540,8770.5583,1999,0.062637,3.541680,10.877134,0.024390,-4.365782,1900643158,59555.15,31914,31914
472,-408176.5540,-24965.7160,304351.6547,37063058.0545,8211.7254,1998,0.062704,3.869517,13.183713,0.026429,-4.986877,1897635730,59554.22,31864,31864
473,-371259.1830,-32595.5852,279460.4052,35335670.9285,7908.7335,1998,0.062338,3.638654,11.964355,0.024911,-4.589318,1911089302,59626.51,32051,32051
474,-350495.0123,179901.8863,291769.8144,33386374.8414,8739.1882,1998,0.062803,3.557254,10.262751,0.024437,-4.342035,1890925453,59436.90,31814,31814
475,-395605.1088,75413.5453,311138.3092,36383442.4517,8551.6457,1996,0.062387,3.785441,12.217780,0.026006,-4.877962,1904332460,59521.55,31994,31994
476,-338872.8077,169512.1191,285511.3370,32721531.5257,8725.4882,1997,0.062288,3.521025,10.406304,0.023957,-4.253447,1904377144,59398.56,32061,32061
477,-406463.0947,179238.9324,330372.0260,36881888.7995,8957.5680,1999,0.062453,3.856798,11.677189,0.026556,-4.976883,1905641397,59536.41,32008,32008
478,-359304.8765,-32449.6791,270727.7182,34336209.3271,7884.6129,1998,0.062305,3.565632,11.485342,0.024548,-4.446752,1908890580,59526.34,32068,32068
479,-366516.8962,-114235.9574,263008.1958,33973700.3322,7741.5234,1997,0.062680,3.672602,9.930682,0.024974,-4.499120,1894665264,59468.46,31860,31860
48,-366226.5473,190742.7633,305564.9327,34269149.2475,8916.6186,1998,0.062523,3.641232,12.321294,0.025082,-4.541520,1900003274,59456.86,31956,31956
480,-343691.5590,255716.4413,301455.0591,33545644.4737,8986.4143,1999,0.062482,3.513504,10.959047,0.024088,-4.327816,1905251348,59552.13,31993,31993
481,-389516.8821,11414.3052,295496.2118,35599358.5649,8300.6049,1998,0.062328,3.791539,13.913614,0.025881,-4.765444,1909257280,59560.06,32056,32056
482,-418626.3024,26328.8669,317507.8401,37595136.1335,8445.4499,1998,0.062461,3.928596,10.442927,0.026847,-5.095473,1908484481,59662.51,31988,31988
483,-372298.3614,45948.0908,289768.3864,34587480.5785,8377.8402,1998,0.062647,3.707802,10.271502,0.025244,-4.593341,1894344909,59396.89,31893,31893
484,-352257.4644,126230.2153,287172.2288,33540256.7667,8562.0164,1998,0.062424,3.587104,10.209704,0.024458,-4.377866,1903047802,59457.24,32007,32007
485,-372827.2433,38422.2526,290367.2329,35172687.5885,8255.4747,1996,0.062311,3.666569,12.695025,0.025137,-4.616204,1906878523,59528.57,32033,32033
486,-409320.2616,89515.5260,319292.9882,36674700.1929,8706.0831,1998,0.062373,3.893257,12.013278,0.026656,-4.990207,1906655973,59521.62,32033,32033
487,-406208.6518,-108605.1303,291872.7169,36806217.8172,7929.9840,1999,0.062191,3.841709,15.675419,0.026343,-4.960548,1911475541,59467.86,32143,32143
488,-390501.0310,113250.8594,310845.8554,36039711.3084,8625.0928,1999,0.062651,3.789025,12.386712,0.025825,-4.796751,1903328370,59652.38,31907,31907
489,-378896.6665,247459.1843,320353.8831,35268859.5780,9083.1937,1996,0.062373,3.694970,12.171297,0.025546,-4.666432,1905428006,59542.76,32001,32001
49,-365491.1676,-68653.0538,269433.0000,34312387.4395,7852.3536,1998,0.062021,3.619474,10.576833,0.024791,-4.504567,1915340887,59454.94,32215,32215
490,-366384.5863,76791.6227,290187.0903,34126115.0261,8503.3732,1998,0.062356,3.675168,11.295101,0.025052,-4.533410,1902841731,59385.86,32042,32042
491,-360379.5113,258799.2997,311200.7052,34023152.0294,9146.7335,1996,0.062651,3.646790,9.920369,0.024870,-4.486553,1895884666,59508.61,31859,31859
492,-347902.9414,-67310.0034,258896.1880,33482165.6034,7732.3609,1997,0.062441,3.515148,10.461577,0.024068,-4.324624,1903759618,59525.97,31982,31982
493,-417992.9885,117682.5153,330727.6882,38101238.7376,8680.2345,1999,0.062551,3.905102,14.163020,0.026744,-5.113367,1903909866,59575.38,31958,31958
494,-338489.0035,253802.2089,294511.9783,32796869.4695,8979.8808,1996,0.062598,3.487460,10.669446,0.024003,-4.226307,1895010140,59430.79,31886,31886
495,-359063.4070,-21423.1857,273844.8050,34277085.2826,7989.1508,1997,0.062635,3.595769,11.170054,0.024561,-4.469816,1897696751,59520.65,31883,31883
496,-415190.6593,137056.9704,331546.7478,37779789.3742,8775.7701,1998,0.062133,3.865817,11.773215,0.026766,-5.084433,1916401772,59595.17,32157,32157
497,-350583.1551,26254.1806,273041.5906,33740854.7797,8092.3140,1999,0.062453,3.531866,10.156300,0.024314,-4.358292,1907713112,59601.13,32008,32008
498,-365367.3329,-80254.3426,269131.8709,34562040.1680,7786.9208,1996,0.062028,3.644692,10.017466,0.024724,-4.520819,1912775668,59441.74,32179,32179
499,-318766.5322,-67649.4501,240747.4549,31908460.1155,7544.9412,1998,0.062152,3.357861,9.755991,0.022904,-4.021639,1913266253,59516.17,32147,32147
50,-420537.5598,81626.9180,325596.3703,37525480.3136,8676.6743,1997,0.062747,3.932725,12.102564,0.027014,-5.111820,1895147896,59547.16,31826,31826
500,-370656.0938,33673.3243,289106.5473,35205879.4710,8211.8826,1997,0.062359,3.642710,11.816041,0.024953,-4.603410,1907987342,59579.92,32024,32024
501,-358602.9286,108360.7131,288913.7878,33580863.7754,8603.5246,1995,0.062344,3.614621,11.298156,0.024697,-4.444952,1905446749,59545.21,32000,32000
502,-346781.8754,64238.3597,276529.2451,33440345.6972,8269.3297,1998,0.062449,3.516904,11.275441,0.024187,-4.331946,1905958899,59572.39,31994,31994
503,-309119.1561,116965.9554,256140.2228,30579558.6155,8376.1910,1997,0.062537,3.317415,9.102848,0.022748,-3.888191,1895932890,59372.21,31933,31933
504,-373842.7024,26602.1732,288141.8747,34914574.9268,8252.7677,1999,0.062231,3.675222,11.098371,0.025205,-4.608296,1910223062,59467.75,32122,32122
505,-366457.8848,188526.6981,304825.3342,34610889.3910,8807.2089,1999,0.062443,3.649338,9.887203,0.024996,-4.535592,1905677975,59528.25,32013,32013
506,-376276.2050,52145.0361,294422.4306,35211090.5968,8361.6391,1999,0.062228,3.692678,12.965881,0.025269,-4.653775,1913153942,59555.28,32124,32124
507,-346631.0271,42558.7283,273904.4252,33431999.7355,8192.8819,1997,0.062539,3.558255,9.659460,0.024141,-4.333856,1899711220,59492.40,31932,31932
508,-342030.6075,263842.7642,300186.2420,33350162.7837,9001.0428,1996,0.061988,3.499701,9.605882,0.024077,-4.292778,1917340992,59544.75,32200,32200
509,-389281.5656,-15715.2318,292994.1704,35656243.9329,8217.1911,1998,0.062490,3.773778,11.554845,0.025732,-4.778991,1902096350,59490.71,31973,31973
51,-386756.3882,133739.9171,311589.5006,36432867.0716,8552.4288,1999,0.062156,3.722552,11.689254,0.025630,-4.763606,1916762006,59598.96,32161,32161
510,-344005.4811,56797.5282,272431.0534,32973684.7997,8262.0749,1998,0.062674,3.533876,10.365524,0.024119,-4.283459,1896969378,59505.30,31879,31879
511,-402283.6222,34904.2095,308958.0913,36449303.7691,8476.3784,1998,0.062057,3.825062,11.344437,0.026367,-4.932501,1918529049,59589.05,32196,32196
512,-362850.4224,121162.8531,292536.7341,34132742.8947,8570.5604,1997,0.062404,3.640306,10.444028,0.024909,-4.479991,1903910212,59495.33,32001,32001
513,-394559.7381,-24062.7422,294174.5641,36102234.2472,8148.3756,1999,0.062674,3.792797,11.873407,0.025954,-4.819583,1900541138,59587.43,31895,31895
514,-333169.7366,94315.3160,270481.6191,32608551.0432,8294.8064,1997,0.062418,3.468500,9.914334,0.023656,-4.169995,1902449993,59462.71,31994,31994
515,-356993.1164,3149.1756,276314.7283,34257569.6334,8065.8007,1999,0.062710,3.562289,11.037892,0.024479,-4.456225,1895865755,59474.41,31877,31877
516,-356801.3250,-15960.0711,271765.1823,33950808.7435,8004.6748,1996,0.062738,3.579441,10.387348,0.024411,-4.426968,1892984304,59499.74,31815,31815
517,-363635.0906,163642.1440,300136.7363,34113352.6827,8798.2187,1998,0.062418,3.642142,11.551321,0.024895,-4.510100,1901975103,59418.15,32010,32010
518,-375766.1371,172444.6322,308712.9361,35413523.6206,8717.3742,1995,0.062318,3.680810,11.361165,0.025273,-4.634735,1908359404,59612.01,32013,32013
519,-337921.1976,21998.8261,265272.3242,32943224.3303,8052.4092,1998,0.062303,3.487892,10.596829,0.023740,-4.235773,1907078878,59467.99,32069,32069
52,-372406.7565,132053.8740,302925.9350,35398396.5534,8557.6174,1999,0.062141,3.652329,12.220200,0.025110,-4.621257,1918357186,59633.72,32169,32169
520,-383381.5681,-148220.6910,271036.3236,35794109.6600,7572.0929,1996,0.062393,3.695910,10.896212,0.025269,-4.701313,1905534314,59564.70,31991,31991
521,-366723.7599,-78949.5230,269378.8705,34650869.1916,7774.0870,1998,0.062590,3.668782,11.515717,0.024907,-4.524652,1899594896,59507.39,31922,31922
522,-377131.0210,334821.8515,332569.9129,35333867.4887,9412.2137,1996,0.062868,3.713846,11.176282,0.025517,-4.674906,1890841238,59555.93,31749,31749
523,-399578.3495,141055.0601,321011.2774,36336428.4565,8834.4202,1996,0.062657,3.810012,11.869449,0.026309,-4.903645,1895708472,59508.68,31856,31856
524,-361935.8403,-47152.7104,271009.7342,34449541.5897,7866.8604,1999,0.062471,3.584970,10.727846,0.024569,-4.481600,1906610179,59583.43,31999,31999
525,-335470.7606,-96355.2572,248094.5695,33064555.3693,7503.3391,1998,0.062292,3.443892,11.058363,0.023527,-4.204565,1908172677,59490.96,32075,32075
526,-344248.3877,227725.1807,296732.8598,33457924.4614,8868.8364,1999,0.062531,3.517873,10.602233,0.024078,-4.314020,1902944753,59526.55,31968,31968
527,-334168.4408,-47890.6286,250440.6800,32084040.2712,7805.7713,1997,0.062461,3.450298,13.045957,0.023583,-4.148113,1903271951,59529.34,31972,31972
528,-387855.5081,89532.1672,307209.1992,36253739.4037,8473.8624,1999,0.062029,3.739148,10.362987,0.025635,-4.784248,1918654186,59535.61,32227,32227
529,-338483.2470,136061.2473,278651.0695,32342483.8236,8615.6360,1998,0.062208,3.500421,11.516874,0.023953,-4.217749,1908836854,59432.00,32118,32118
53,-391802.6613,34593.0380,299703.9819,35870063.7802,8355.2676,1999,0.062418,3.772759,10.689660,0.025851,-4.785977,1906895113,59542.09,32026,32026
530,-343087.8896,16691.4219,266519.4558,33368731.9618,7987.1017,1997,0.062500,3.508677,10.731995,0.023919,-4.271596,1901540847,59512.42,31952,31952
531,-387286.1502,109749.5676,309472.5841,35994292.5777,8597.8238,1997,0.062239,3.741385,10.994015,0.025814,-4.778526,1909006798,59496.57,32086,32086
532,-372203.2770,175516.8366,307857.3598,34885125.8772,8824.8889,1998,0.062482,3.658137,10.616289,0.025202,-4.611059,1903365969,59522.97,31977,31977
533,-403801.4779,61027.2436,312490.3106,37042988.1247,8435.8829,1999,0.062594,3.821074,12.255806,0.026204,-4.937188,1904299013,59628.60,31936,31936
534,-356767.3716,-1565.4144,273510.0776,34179975.5725,8002.0560,1998,0.062953,3.578618,12.595573,0.024484,-4.425421,1892550977,59630.44,31738,31738
535,-370377.7388,192612.5822,307625.3213,34476280.6279,8922.8106,1997,0.062777,3.692066,10.689396,0.025230,-4.573858,1891846246,59471.45,31811,31811
536,-371983.3108,-102421.1885,270171.6221,34871156.1522,7747.7105,1998,0.062088,3.677216,9.668050,0.024954,-4.586787,1913203053,59453.17,32180,32180
537,-346233.9945,14835.6999,269615.7340,33956476.5741,7940.0386,1998,0.062057,3.495868,13.662838,0.023942,-4.323473,1916388719,59522.57,32196,32196
538,-390013.1676,162914.6214,315132.4225,35786000.1284,8806.0253,1996,0.062334,3.779030,12.284263,0.025986,-4.766155,1907462277,59569.10,32021,32021
539,-405647.5555,-10932.2084,305119.2072,36772268.8582,8297.5355,1996,0.061961,3.830597,11.073404,0.026388,-4.967906,1917698233,59529.96,32214,32214
54,-408640.2905,-753.4196,308960.3909,37321959.4120,8278.2468,1998,0.062383,3.873381,12.589451,0.026507,-5.008126,1910384871,59647.34,32028,32028
540,-358409.2744,84249.9943,285559.0892,33879709.0259,8428.6169,1997,0.062400,3.606718,11.266850,0.024667,-4.441712,1905117472,59529.34,32003,32003
541,-386080.7410,38580.0443,301612.6499,36499554.9226,8263.4610,1997,0.062067,3.726153,10.496207,0.025566,-4.795462,1917512195,59596.34,32175,32175
542,-373598.2817,-17479.8804,282362.8963,35088695.0989,8047.1188,1997,0.062313,3.668571,11.616415,0.025053,-4.606873,1909761640,59590.67,32048,32048
543,-405705.5054,23551.0009,308794.2401,37028873.2629,8339.2826,1999,0.062686,3.862503,15.532602,0.026355,-4.956749,1898243217,59526.58,31889,31889
544,-377234.6539,77038.2987,299115.7303,35611682.9874,8399.3708,1997,0.061999,3.713995,11.960663,0.025323,-4.675838,1917493428,59531.00,32210,32210
545,-423789.2984,83603.8287,330598.9882,37859983.6737,8732.1482,1997,0.062533,3.941184,11.832290,0.027100,-5.183249,1902976452,59589.05,31935,31935
546,-393790.1447,154440.6274,321071.1129,36616994.3267,8768.3634,1999,0.062358,3.814639,10.472446,0.025970,-4.870114,1910165149,59586.52,32057,32057
547,-411358.7765,-28573.2858,301745.5058,36739120.9824,8213.1934,1999,0.062838,3.880264,17.069260,0.026644,-4.963002,1894863117,59564.41,31812,31812
548,-391421.3146,158864.4302,316800.4680,35829000.5736,8842.0124,1998,0.062424,3.791981,12.314983,0.025965,-4.798737,1909090724,59646.04,32007,32007
549,-332757.5772,131037.1633,275065.9989,32526392.5345,8456.7017,1998,0.062373,3.454950,10.868447,0.023624,-4.167067,1906763596,59524.98,32033,32033
55,-402258.4665,136683.1720,324258.5241,36551065.5430,8871.3836,1999,0.063042,3.852703,12.040609,0.026391,-4.961252,1888378318,59553.39,31709,31709
550,-399144.6278,81799.2323,312630.3095,36204221.1810,8635.1895,1998,0.062618,3.817467,12.207303,0.026201,-4.893268,1898795832,59508.46,31908,31908
551,-364633.8950,113851.8510,292450.5623,34461345.4637,8486.3362,1999,0.062688,3.626128,11.068928,0.024864,-4.495102,1899369865,59563.78,31888,31888
552,-344321.0931,161642.3999,288159.8202,33604396.8753,8575.0630,1998,0.062663,3.509973,12.808229,0.024003,-4.313880,1899155410,59562.66,31885,31885
553,-394927.1002,-134906.2895,281421.3378,36393243.5601,7732.7908,1999,0.062461,3.778013,10.038076,0.025822,-4.842405,1907335433,59596.78,32004,32004
554,-326664.1001,138244.5923,272123.8877,32191433.2589,8453.3014,1998,0.062876,3.426299,12.035743,0.023359,-4.102563,1889794658,59470.52,31777,31777
555,-379621.0534,59682.3087,298308.3783,35889117.0860,8311.9453,1998,0.062539,3.709226,11.110026,0.025313,-4.700049,1904354839,59607.95,31948,31948
556,-414898.2390,3369.1261,312539.9705,37542510.1029,8324.9620,1998,0.062381,3.905207,11.698908,0.026669,-5.061629,1907865380,59566.81,32029,32029
557,-388036.6231,157493.1097,314984.5078,35831539.5325,8790.7054,1997,0.062945,3.743651,11.338843,0.025864,-4.770276,1890279372,59581.40,31726,31726
558,-362241.3782,157621.5351,297626.0470,34476549.8869,8632.7097,1997,0.062241,3.616225,10.718822,0.024843,-4.483833,1910893191,59557.21,32085,32085
559,-372703.5127,47477.8732,290801.0090,34903160.0187,8331.6527,1998,0.061992,3.649960,11.941765,0.025220,-4.605706,1918709398,59531.78,32230,32230
56,-389527.4724,69716.4895,302002.8111,35535943.1550,8498.5168,1998,0.062465,3.783949,11.061553,0.025824,-4.750800,1905747711,59580.68,31986,31986
560,-377481.8653,157212.7078,309666.9715,35880287.1388,8630.5600,1998,0.062420,3.695989,11.465110,0.025325,-4.678529,1908322135,59618.30,32009,32009
561,-410497.2428,53972.1104,314343.1511,37197540.6854,8450.6434,1997,0.062352,3.876570,11.461469,0.026538,-4.987745,1907293604,59550.82,32028,32028
562,-356355.6039,-37517.1276,268463.7769,33848645.3680,7931.3005,1999,0.062939,3.616780,10.378586,0.024504,-4.419206,1891262272,59546.69,31761,31761
563,-403593.5673,202636.9325,330791.7296,36883448.0943,8968.5685,1998,0.062332,3.842048,13.297226,0.026393,-4.935071,1909618620,59575.05,32054,32054
564,-358504.3141,29319.4543,279014.3682,34076146.0633,8187.9673,1997,0.062121,3.604160,10.291513,0.024578,-4.449421,1914261156,59547.12,32147,32147
565,-370903.1677,-9822.9011,280838.6922,34607841.3034,8114.8862,1998,0.062003,3.667716,12.150104,0.025066,-4.567096,1919644581,59571.89,32224,32224
566,-399474.6620,149404.3285,322141.1354,36902583.2643,8729.5009,1999,0.062426,3.794462,11.011191,0.026172,-4.904464,1905842219,59516.65,32022,32022
567,-391204.4133,96382.7319,308983.0161,35820607.7891,8625.8452,1999,0.062490,3.795208,12.966853,0.025990,-4.802735,1907303861,59623.74,31989,31989
568,-371337.6399,153226.1120,304202.3177,35006173.0405,8689.9621,1994,0.062420,3.683400,10.012712,0.025164,-4.598847,1901797505,59533.50,31945,31945
569,-354297.8368,130883.5543,288808.5325,33434582.8063,8638.0181,1998,0.062537,3.605264,10.671313,0.024659,-4.395887,1900254844,59477.76,31949,31949
57,-327015.3130,2987.9854,255992.9207,32311110.6863,7922.7521,1999,0.062228,3.420413,10.936300,0.023383,-4.121618,1909401524,59438.47,32124,32124
570,-406671.7379,-152844.6659,288515.9686,37591111.5680,7675.1114,1999,0.062535,3.858847,11.273676,0.026151,-4.994135,1904391469,59575.53,31966,31966
571,-319563.8445,52722.8317,255695.5195,31719177.7318,8061.2279,1996,0.062612,3.356492,10.083733,0.023051,-4.015359,1898650286,59558.03,31879,31879
572,-405643.0672,109320.3071,321065.7173,37232761.2677,8623.2046,1998,0.062531,3.831546,13.197539,0.026333,-4.972456,1905478508,59635.66,31952,31952
573,-364759.3252,-110600.7475,263029.4546,34085985.7428,7716.6451,1996,0.062391,3.621495,11.056138,0.024795,-4.489416,1906249815,59585.20,31992,31992
574,-383392.0507,48420.5074,299213.1413,35720157.6572,8376.5907,1998,0.062358,3.748797,12.139221,0.025574,-4.739592,1906370088,59497.83,32041,32041
575,-410241.1776,149397.3147,329344.3739,37859178.6033,8699.1949,1997,0.062249,3.858476,13.131960,0.026487,-5.022968,1913665414,59651.05,32081,32081
576,-377352.3435,38407.2302,293130.2571,35212021.8836,8324.7210,1996,0.062752,3.699519,10.784880,0.025299,-4.662508,1894046120,59546.22,31808,31808
577,-336766.0848,66635.2151,268826.1842,32390378.6627,8299.5690,1998,0.062488,3.480849,9.736001,0.023864,-4.202982,1900633650,59443.10,31974,31974
578,-340018.3687,62146.5166,270623.6938,32927617.9607,8218.7450,1997,0.062432,3.491374,14.236829,0.023892,-4.241806,1899998577,59399.09,31987,31987
579,-374382.0631,236208.8645,316607.1018,35281128.5577,8973.8371,1997,0.062508,3.680199,11.010492,0.025263,-4.626767,1901926466,59531.94,31948,31948
58,-352100.2647,51972.5426,273590.3090,32768604.0766,8349.1597,1998,0.062377,3.592386,12.268884,0.024524,-4.322563,1905732805,59496.51,32031,32031
580,-401076.1346,113596.8801,318534.7311,36573462.8020,8709.4496,1997,0.061982,3.838773,12.075721,0.026246,-4.921553,1918618575,59549.29,32219,32219
581,-375559.1348,-27501.2496,284144.5380,35626686.4025,7975.6095,1999,0.062040,3.655954,11.512044,0.025047,-4.652970,1916704993,59486.20,32221,32221
582,-371747.6867,208014.0422,311350.3028,34924525.4162,8914.9473,1997,0.062387,3.680050,9.812819,0.025200,-4.600127,1907147841,59579.75,32010,32010
583,-374956.1521,141950.5072,304184.0478,35241761.5158,8631.3520,1998,0.062081,3.672428,11.326775,0.025226,-4.625376,1913274854,59448.01,32184,32184
584,-377064.8235,64727.1650,295584.3802,35145930.9702,8410.2020,1997,0.062408,3.693990,11.946967,0.025340,-4.648776,1904627436,59521.47,31999,31999
585,-402543.2616,18359.4569,306441.3537,36632187.1253,8365.3578,1998,0.062480,3.842061,12.612694,0.026253,-4.927716,1905750001,59595.66,31978,31978
586,-397343.0204,243066.2809,332771.7979,36552473.4295,9103.9475,1997,0.062121,3.801299,11.213594,0.026242,-4.878690,1912676768,59497.83,32147,32147
587,-389626.0651,14842.1234,297326.4635,36340546.2599,8181.6729,1999,0.062348,3.742434,11.731716,0.025613,-4.784776,1911550386,59620.43,32062,32062
588,-375909.8073,238248.6766,319650.5233,35263688.2931,9064.5800,1999,0.062201,3.728201,11.078056,0.025320,-4.667806,1910883423,59458.69,32138,32138
589,-332500.2017,-30213.2871,253787.1290,32665636.3646,7769.2388,1997,0.062588,3.416156,9.687108,0.023485,-4.160075,1900992877,59579.18,31907,31907
59,-382076.1316,-56798.0929,282604.5069,35855353.3284,7881.7939,1998,0.062214,3.710813,10.492182,0.025326,-4.695549,1913434804,59580.72,32115,32115
590,-364262.4377,79403.9954,289214.4068,34332467.8553,8423.9329,1998,0.062439,3.627653,10.828419,0.024906,-4.511474,1902259598,59447.47,31999,31999
591,-395585.6533,31479.3940,304638.2212,36416561.7498,8365.3757,1998,0.062451,3.806754,12.919047,0.025987,-4.866844,1904154626,59517.85,31993,31993
592,-369626.5861,-15462.6057,280050.9522,34922504.5737,8019.2116,1997,0.062975,3.670610,11.374321,0.025009,-4.563903,1889950413,59599.21,31711,31711
593,-414288.6414,112348.0508,325062.7848,37310977.5047,8712.2559,1999,0.062389,3.920006,11.333447,0.026832,-5.037907,1910583662,59629.34,32041,32041
594,-337422.3738,5823.2847,260884.7894,32391280.7021,8054.1672,1995,0.062649,3.500576,10.471564,0.023876,-4.202714,1891504356,59399.08,31844,31844
595,-363138.5606,169522.4975,301572.1702,34868659.2621,8648.8032,1999,0.062504,3.622878,10.728896,0.024782,-4.518902,1906336646,59606.55,31982,31982
596,-366496.8627,134245.7846,297275.0157,34105342.9787,8716.3767,1998,0.062712,3.679358,10.007201,0.025038,-4.528557,1895835657,59505.20,31860,31860
597,-392858.4896,239104.7782,328165.4372,35937728.7225,9131.5019,1998,0.062338,3.796037,11.281613,0.026117,-4.814404,1906219994,59474.59,32051,32051
598,-387398.8557,377068.8706,345054.2121,36610747.4449,9424.9431,1998,0.062541,3.742377,14.780449,0.025800,-4.789550,1904871099,59625.98,31947,31947
599,-368067.8574,121658.6302,296972.3143,35301153.1753,8412.5386,1995,0.062142,3.602978,10.243415,0.024937,-4.549530,1913921581,59616.30,32104,32104
60,-388371.3477,-137432.7313,275636.3415,35740323.5310,7712.1949,1998,0.062305,3.748010,11.727288,0.025640,-4.754854,1910072365,59563.19,32068,32068
600,-334006.6422,74839.9743,267321.5497,32364269.8795,8259.7738,1994,0.062268,3.453111,12.631958,0.023670,-4.162426,1906491083,59535.06,32023,32023
601,-304911.5176,27446.3054,244036.9356,31000348.8417,7872.0706,1998,0.062647,3.277571,9.450010,0.022404,-3.872860,1898241464,59519.06,31893,31893
602,-341508.6801,69125.7103,272277.7082,32998525.2517,8251.2084,1997,0.062354,3.500445,13.086382,0.023982,-4.254948,1903297239,59427.90,32027,32027
603,-390047.1052,88268.1055,308951.6570,36305224.6349,8509.8401,1997,0.062424,3.763260,11.491789,0.025815,-4.814855,1904479200,59531.72,31991,31991
604,-373649.7933,-157911.2480,261457.0072,34409530.2406,7598.3893,1996,0.062531,3.702692,13.510140,0.025173,-4.568583,1901905817,59583.52,31920,31920
605,-333620.4964,311874.4057,302055.9466,32728787.6528,9229.0601,1997,0.062818,3.477228,9.705444,0.023795,-4.217593,1892157640,59520.53,31790,31790
606,-416278.3499,-79215.7335,304170.8567,37532096.3640,8104.2864,1998,0.062676,3.896904,15.540135,0.026659,-5.096487,1898482868,59554.64,31878,31878
607,-375098.5423,197901.8061,312486.9510,35318941.8186,8847.5740,1998,0.062152,3.683207,11.668209,0.025331,-4.640215,1912805127,59501.82,32147,32147
608,-374976.5668,-676.9288,286550.4087,34935602.3668,8202.2461,1997,0.062572,3.691228,11.463996,0.025174,-4.637165,1898934505,59499.75,31915,31915
609,-390632.6560,34619.1358,303431.6524,36584729.1816,8293.9428,1999,0.062025,3.771357,10.856510,0.025756,-4.835679,1919663998,59563.25,32229,32229
61,-319330.5114,323925.3212,293998.2387,32230340.0388,9121.7852,1996,0.062686,3.377806,9.402919,0.023105,-4.059903,1897059685,59579.15,31841,31841
610,-343477.9577,165332.8791,288290.7720,33827708.1366,8522.3265,1997,0.062235,3.520336,9.681899,0.024033,-4.307738,1910655711,59544.24,32088,32088
611,-381682.7229,288672.9794,329154.5753,36303056.2245,9066.8558,1999,0.062286,3.704786,10.769471,0.025509,-4.718592,1912944476,59604.43,32094,32094
612,-337791.1994,298595.4156,302650.9860,33354811.7634,9073.6829,1997,0.062225,3.506524,9.816374,0.023955,-4.257286,1907418409,59434.09,32093,32093
613,-357779.2578,-67779.1392,265241.9115,34003597.2096,7800.4074,1999,0.062606,3.583317,9.797996,0.024543,-4.431116,1902543847,59584.84,31930,31930
614,-365924.5969,223759.1500,312132.7848,35050165.4073,8905.3156,1996,0.062144,3.626820,10.829326,0.024891,-4.572242,1911934632,59526.59,32119,32119
615,-347977.9897,-189611.1649,241141.5921,33171082.7056,7269.6328,1999,0.062340,3.537775,9.413466,0.023980,-4.296702,1909618109,59552.74,32066,32066
616,-371522.4296,-16308.0718,283601.9403,34969869.2997,8109.8942,1999,0.062547,3.650272,11.658423,0.025072,-4.618415,1905241968,59613.33,31960,31960
617,-373091.8295,142571.1873,304744.2364,35078890.9156,8687.3966,1997,0.062706,3.675617,10.635059,0.025223,-4.628558,1895398695,59515.77,31847,31847
618,-363529.1347,19624.8789,280190.3180,34794142.0633,8052.8015,1996,0.062190,3.601272,10.416846,0.024735,-4.492214,1914531992,59652.03,32095,32095
619,-405922.0821,160724.7875,326437.3778,37143067.5245,8788.6489,1998,0.062292,3.851666,11.459326,0.026417,-4.954709,1912910903,59638.69,32075,32075
62,-366036.0857,105646.9811,294065.6521,34389039.4320,8551.1447,1997,0.062471,3.637143,11.222054,0.025000,-4.534649,1900169906,59441.61,31967,31967
620,-368770.9547,-174695.7206,257769.2766,34651237.9305,7438.9630,1996,0.062512,3.655186,9.963729,0.024893,-4.538462,1900330044,59515.50,31930,31930
621,-397960.8289,58976.2563,308211.4164,36409429.9921,8465.1536,1998,0.062688,3.812256,12.686278,0.026163,-4.871346,1899782294,59606.62,31872,31872
622,-436333.5123,78188.0941,339440.2661,38923876.0514,8720.6183,1999,0.062649,4.017103,20.910508,0.027492,-5.337582,1902070069,59611.07,31908,31908
623,-370435.7306,82688.4792,294815.1982,35151300.2133,8387.0354,1999,0.062381,3.675075,11.705365,0.025033,-4.593964,1907354940,59521.14,32045,32045
624,-355130.7546,-22448.5330,269214.1718,33826082.4046,7958.7748,1999,0.062804,3.576941,10.500356,0.024444,-4.400700,1896229875,59575.54,31829,31829
625,-358786.7831,83744.9962,286279.8268,34130920.4578,8387.6972,1998,0.062245,3.603846,12.207150,0.024611,-4.452971,1911107509,59537.91,32099,32099
626,-399858.6397,96302.1017,313564.4369,36772639.5577,8527.1126,1999,0.063140,3.810620,13.769359,0.026154,-4.881712,1889099369,59668.33,31660,31660
627,-357646.9186,-85353.2151,263240.2386,34251299.0510,7685.5549,1998,0.061863,3.603883,9.943745,0.024475,-4.434663,1921944006,59508.44,32297,32297
628,-365062.5029,93436.8494,291340.1828,34198457.3467,8519.1031,1997,0.062307,3.633045,11.503649,0.024954,-4.516918,1908687138,59551.56,32051,32051
629,-386734.9115,27033.2825,295307.6573,35534414.8386,8310.4691,1998,0.063074,3.752513,11.087996,0.025706,-4.729633,1884401851,59488.01,31677,31677
63,-358641.1392,-2248.3009,275049.3403,34227197.4137,8035.9878,1996,0.062348,3.588730,10.005466,0.024544,-4.451300,1905459999,59519.59,32014,32014
630,-345642.8213,225053.0562,295634.6603,32995534.4159,8959.8385,1998,0.062674,3.549709,10.520116,0.024338,-4.306231,1893097000,59383.83,31879,31879
631,-388686.9432,85176.7718,305365.8014,35481494.9197,8606.3398,1994,0.062602,3.783589,11.913721,0.025853,-4.767967,1898842537,59614.55,31852,31852
632,-331426.0306,-34337.2431,250995.7480,32197703.7940,7795.4549,1997,0.062369,3.442280,9.486109,0.023508,-4.126768,1902504902,59418.00,32019,32019
633,-356469.7674,133038.1212,290073.5007,33591823.4580,8635.2413,1998,0.062655,3.592123,9.276260,0.024670,-4.413172,1897080048,59490.11,31889,31889
634,-343503.7929,28294.8452,268180.2907,33493821.6570,8006.8585,1998,0.062338,3.484518,10.340849,0.023933,-4.274650,1909856733,59588.05,32051,32051
635,-384159.7710,141071.1568,311159.9742,35566192.3917,8748.7570,1998,0.062375,3.744680,15.360371,0.025635,-4.739750,1904177126,59446.09,32032,32032
636,-374619.3045,142916.5975,303643.5583,34986953.6571,8678.7653,1998,0.062152,3.692035,15.034034,0.025283,-4.615666,1912887694,59504.39,32147,32147
637,-384949.4445,42626.9387,299383.4468,36137273.8122,8284.6163,1998,0.062214,3.743037,11.627121,0.025430,-4.755026,1914484453,59613.40,32115,32115
638,-355697.3959,19413.3935,277775.8773,34487611.6449,8054.3669,1997,0.062262,3.573566,9.997572,0.024318,-4.444994,1909647063,59538.79,32074,32074
639,-372472.7828,-29212.1270,279405.6689,34891405.0806,8007.8652,1998,0.062288,3.672334,11.340068,0.025133,-4.584906,1910784087,59568.67,32077,32077
64,-385244.0345,82616.8351,302835.5595,36198821.7478,8365.8955,1996,0.062330,3.739236,10.108433,0.025609,-4.731451,1908435643,59595.78,32023,32023
640,-361257.5945,136479.2648,295982.1286,34103656.9932,8678.8971,1999,0.062375,3.619496,12.715209,0.024737,-4.497294,1906138154,59477.60,32048,32048
641,-354467.6822,99389.1649,286909.4589,33786011.7840,8491.9599,1997,0.062173,3.572083,11.102349,0.024482,-4.426196,1910727486,59487.16,32120,32120
642,-373400.9734,24972.7507,288342.0996,35206800.2964,8189.9547,1998,0.062475,3.691574,10.764987,0.025164,-4.613107,1904599331,59554.09,31981,31981
643,-367215.7919,81488.1593,290677.6095,34554509.6669,8412.1468,1999,0.062830,3.672870,11.085882,0.025009,-4.533186,1893944545,59528.05,31816,31816
644,-334760.1634,4694.7842,258655.1526,32761957.3510,7894.9847,1997,0.062237,3.429851,9.625699,0.023575,-4.169274,1909719146,59516.91,32087,32087
645,-352849.0177,179577.4943,295445.7617,34152477.1829,8650.7857,1997,0.062492,3.568084,10.160007,0.024404,-4.397714,1902689074,59540.90,31956,31956
646,-377942.4455,9077.3164,289421.0697,35504770.8490,8151.6107,1996,0.062561,3.707940,10.186844,0.025329,-4.665010,1898206202,59495.57,31905,31905
647,-385313.1998,67597.9641,301153.1195,35427746.8436,8500.4875,1995,0.062258,3.730610,12.099743,0.025674,-4.735614,1906771876,59504.80,32044,32044
648,-374503.4693,47450.6328,291088.4429,35155660.4567,8279.9879,1998,0.062490,3.661820,10.702853,0.025199,-4.612756,1901947044,59486.04,31973,31973
649,-366229.1231,10191.4647,281558.3711,35043029.9205,8034.6469,1998,0.062319,3.601034,9.888049,0.024760,-4.532761,1910529681,59590.46,32061,32061
65,-391349.9568,-220437.9899,267382.4469,35949758.7944,7437.6701,1999,0.062641,3.776634,9.969358,0.025670,-4.794126,1897716600,59467.18,31912,31912
650,-430528.7206,114627.2720,338459.3677,38927959.8625,8694.5057,1997,0.062494,3.977077,11.688603,0.027227,-5.248064,1906468936,59661.05,31955,31955
651,-351197.8994,121549.5003,286988.9150,33775915.9008,8496.8507,1999,0.061981,3.564550,11.949869,0.024321,-4.381669,1917370665,59449.67,32252,32252
652,-365958.7455,130549.8768,297643.1367,34803351.2879,8552.1401,1999,0.062512,3.653497,9.043198,0.024884,-4.539393,1903255342,59517.65,31978,31978
653,-363569.4443,49567.6549,284766.6610,34162521.3119,8335.6453,1995,0.062285,3.636579,10.004595,0.024861,-4.502040,1907874193,59565.23,32030,32030
654,-410346.7692,192095.8694,334014.9002,37404445.4714,8929.8183,1997,0.062434,3.884509,10.624471,0.026585,-5.010935,1906439820,59602.32,31986,31986
655,-416185.6284,80449.9221,323812.1276,37345368.9106,8670.7438,1999,0.062629,3.918285,11.733019,0.026845,-5.081250,1902529561,59606.79,31918,31918
656,-388010.3153,-49259.4885,287406.7219,35480994.2570,8100.3007,1998,0.062293,3.757608,9.820839,0.025759,-4.759515,1908813526,59512.80,32074,32074
657,-353096.9847,33690.7076,275162.1693,33671623.4531,8171.9306,1998,0.062931,3.575010,12.432030,0.024407,-4.378738,1889294620,59507.22,31749,31749
658,-426232.6239,176096.7158,343810.2131,38229700.5357,8993.2751,1998,0.062216,3.966401,12.866180,0.027274,-5.203733,1911343677,59517.46,32114,32114
659,-396037.4472,214916.1022,328246.8920,36544431.3210,8982.1316,1998,0.061777,3.791272,12.394234,0.026099,-4.864604,1927123986,59585.80,32342,32342
66,-371972.7052,208275.2934,314767.8888,35457492.4903,8877.3308,1999,0.062582,3.670097,11.022301,0.025157,-4.647529,1901178246,59519.70,31942,31942
660,-415803.4370,152899.6706,333189.4104,38011102.4428,8765.5813,1999,0.062356,3.860537,12.314260,0.026714,-5.079876,1913571683,59690.93,32058,32058
661,-383991.2252,-7709.2485,289525.7247,35328573.8930,8195.2282,1997,0.062181,3.734892,12.374509,0.025590,-4.707164,1910691604,59493.45,32116,32116
662,-382714.3791,234220.1560,323718.7326,35908685.9699,9015.0537,1997,0.062490,3.727980,11.449723,0.025721,-4.743582,1902769276,59541.55,31957,31957
663,-366713.2494,217730.6042,309514.1959,34389021.2539,9000.3782,1996,0.062260,3.669212,11.773848,0.025101,-4.548302,1909267664,59554.81,32059,32059
664,-365346.2234,28620.2967,282924.9890,34140856.0524,8286.9917,1998,0.062702,3.658722,11.155731,0.024907,-4.517024,1895442908,59483.54,31865,31865
665,-355983.0982,86614.3212,283654.7945,33769998.2855,8399.6094,1998,0.062876,3.593122,11.391872,0.024547,-4.406491,1892769912,59564.15,31777,31777
666,-382854.2269,152911.6863,312400.8371,36106298.4303,8652.2532,1998,0.061701,3.695838,12.746158,0.025485,-4.733349,1928072209,59541.48,32382,32382
667,-377713.6421,147683.4249,308173.7236,35478133.0548,8686.3005,1998,0.062251,3.716496,11.290045,0.025465,-4.675186,1910698678,59530.74,32096,32096
668,-364638.6428,73659.0222,288284.1919,34239620.7008,8419.6082,1999,0.062375,3.632527,12.452146,0.024874,-4.509252,1904393969,59423.18,32048,32048
669,-397328.0759,216470.5505,330013.4336,36487666.9262,9044.5200,1999,0.062741,3.808087,10.582208,0.026149,-4.888501,1898447065,59585.29,31861,31861
67,-375649.0451,-55493.3476,278279.3143,35197254.6435,7906.2790,1998,0.062373,3.691819,11.080157,0.025173,-4.621876,1909524750,59611.17,32033,32033
670,-383984.3888,-161789.6523,269012.4463,35147004.7398,7653.9224,1999,0.062714,3.742923,11.232261,0.025546,-4.698809,1897787203,59538.42,31875,31875
671,-403770.0164,-79747.9803,292451.2878,37033732.1349,7896.8894,1997,0.062117,3.826436,13.599154,0.026180,-4.912435,1914053422,59536.95,32149,32149
672,-373552.2374,113891.5224,299879.5486,35108133.3149,8541.5976,1998,0.062094,3.689009,13.527519,0.025237,-4.613854,1914831732,59509.33,32177,32177
673,-346209.4272,241392.9531,298005.1036,33734462.3218,8833.8477,1996,0.062024,3.530701,12.516986,0.024191,-4.310482,1915599546,59525.79,32181,32181
674,-338287.7506,206289.1232,289484.6867,32756023.9407,8837.6015,1999,0.062773,3.510339,10.046176,0.023882,-4.241287,1896233247,59545.71,31845,31845
675,-382234.9090,-51598.5225,283961.7556,35478401.8981,8003.7922,1999,0.062996,3.750536,12.328536,0.025456,-4.705367,1889683642,59551.36,31732,31732
676,-377055.4092,32582.7440,291522.8288,35599333.5751,8188.9968,1996,0.061870,3.656994,10.296699,0.025208,-4.649926,1920884297,59541.99,32261,32261
677,-440425.5047,45916.6582,333533.3731,38864131.9587,8582.0358,1998,0.062781,4.022715,11.205710,0.027601,-5.321428,1897094797,59610.21,31825,31825
678,-345853.3651,-46979.6357,260690.9495,33529273.0517,7775.0254,1999,0.062391,3.497267,10.892009,0.024006,-4.309451,1908421039,59563.70,32040,32040
679,-374512.8744,88344.4307,298138.6930,34930064.0631,8535.3034,1996,0.062469,3.693247,10.619779,0.025292,-4.637078,1899533931,59449.61,31952,31952
68,-392306.6096,-239209.0409,265143.8388,36018156.0055,7361.3940,1999,0.062231,3.761558,11.732716,0.025719,-4.798410,1912608781,59542.02,32122,32122
680,-365114.2402,236815.2230,311808.8030,34887518.2797,8937.5461,1996,0.062241,3.610925,10.118597,0.024875,-4.543044,1908733309,59519.58,32069,32069
681,-454352.9612,-15815.6165,334534.3019,39459622.0470,8477.8892,1999,0.062391,4.120562,11.106726,0.028070,-5.471585,1909784821,59606.27,32040,32040
682,-391934.8748,175049.5715,320598.9205,36203426.4396,8855.4856,1999,0.062547,3.781853,11.614913,0.025940,-4.823094,1903972538,59573.61,31960,31960
683,-369744.6993,52222.9960,289853.1858,34821134.7293,8324.0592,1994,0.062120,3.646015,11.513896,0.024965,-4.578706,1911673225,59555.54,32099,32099
684,-416813.8715,18619.5855,315070.1633,37313615.3788,8443.8391,1998,0.062610,3.908475,13.540573,0.026807,-5.072645,1899064664,59509.42,31912,31912
685,-312509.6945,363165.4176,292916.9120,31234838.5458,9377.8910,1996,0.062285,3.341550,10.998355,0.022995,-3.962249,1901962801,59351.02,32046,32046
686,-338725.5019,-52503.4119,254908.4840,32859954.1736,7757.4206,1996,0.062051,3.465534,10.402014,0.023760,-4.226610,1913111981,59474.37,32167,32167
687,-358352.8546,194624.0715,299910.6588,34034692.3612,8811.9104,1996,0.062334,3.612991,10.651103,0.024737,-4.442184,1906448365,59537.44,32021,32021
688,-316619.0359,255438.7088,281185.1279,31410468.7163,8951.9558,1995,0.062219,3.392156,10.205204,0.023172,-4.000464,1903650286,59370.33,32064,32064
689,-356842.2094,285934.9310,312750.5571,33869968.1919,9233.8604,1999,0.062261,3.620005,11.176301,0.024760,-4.453096,1912324593,59560.99,32107,32107
69,-411415.9272,41100.1168,314537.0814,37198862.9171,8455.5563,1998,0.062360,3.872262,12.537871,0.026487,-5.014753,1908128160,59554.56,32040,32040
690,-329691.5955,37047.3258,260311.4902,31974920.9788,8141.1144,1997,0.062860,3.443648,10.161470,0.023554,-4.125398,1886154558,59370.91,31769,31769
691,-319358.2776,1126.5391,248417.3128,31777254.6676,7817.4567,1998,0.062852,3.371903,11.109626,0.023040,-4.006219,1891683703,59507.49,31789,31789
692,-352946.7878,77302.8811,283594.8989,33850981.3722,8377.7453,1996,0.062896,3.612431,11.226562,0.024463,-4.417269,1888626649,59512.42,31735,31735
693,-365982.5396,216967.9499,308448.6456,34306504.8296,8990.9668,1997,0.062330,3.663542,11.608878,0.025043,-4.533618,1906735892,59512.97,32039,32039
694,-360968.5278,-3245.0867,275360.3215,33515142.7616,8215.9973,1998,0.063007,3.633559,13.150177,0.024904,-4.461637,1887503235,59522.03,31711,31711
695,-379663.6956,155279.3984,308224.0290,35368317.9880,8714.6929,1998,0.062498,3.707075,11.127240,0.025518,-4.665879,1903827244,59552.29,31969,31969
696,-389202.2234,113380.7978,310498.2195,35893407.5373,8650.5640,1999,0.062810,3.777550,11.554891,0.025815,-4.789601,1895350535,59553.53,31826,31826
697,-346292.4823,154066.0503,287980.3642,33364552.7890,8631.3270,1998,0.062714,3.548818,11.385159,0.024222,-4.328435,1897155205,59548.49,31859,31859
698,-387840.4989,139107.3593,312582.0017,35789207.8620,8733.9737,1995,0.062194,3.767083,12.996608,0.025845,-4.769782,1911288067,59584.38,32077,32077
699,-401841.6275,177165.1218,324439.5482,36105321.0017,8985.9206,1998,0.062496,3.876380,13.345406,0.026466,-4.890265,1905907164,59615.49,31970,31970
70,-347405.4926,155935.6325,288534.6639,33416309.1208,8634.5462,1998,0.061992,3.538144,10.390030,0.024265,-4.334903,1917596557,59497.26,32230,32230
700,-389105.1367,156474.8775,314941.9046,35623684.4209,8840.8010,1998,0.062688,3.780056,11.311761,0.026001,-4.773337,1896260417,59496.12,31872,31872
701,-414499.3504,-49091.2001,306089.2175,37631135.9846,8133.9351,1998,0.062561,3.891756,14.851217,0.026535,-5.065528,1905717588,59671.15,31937,31937
702,-380029.9286,141914.9642,307334.4129,35828765.9004,8577.8677,1998,0.062088,3.689473,12.110463,0.025311,-4.678070,1913802324,59471.79,32180,32180
703,-400941.0555,95562.3576,316778.6794,37595915.9838,8425.8801,1997,0.062053,3.812384,10.612820,0.026086,-4.929433,1918479346,59613.43,32182,32182
704,-389466.6188,221683.2024,325383.6728,36235060.0048,8979.8022,1998,0.062253,3.758616,11.872535,0.025784,-4.800874,1912804305,59598.20,32095,32095
705,-375730.0372,74611.9249,295310.5317,35100792.8146,8413.2154,1996,0.062580,3.707233,11.261161,0.025266,-4.624697,1900054713,59572.18,31895,31895
706,-363835.0633,-1576.2226,279337.7379,34657460.6673,8059.9597,1998,0.061921,3.613497,10.925308,0.024701,-4.518750,1919899392,59500.40,32267,32267
707,-452408.1922,-30845.5441,333273.2420,39808966.0765,8371.8136,1998,0.062629,4.098372,14.714137,0.027926,-5.477789,1902121864,59623.91,31902,31902
708,-411099.4348,13564.0909,311049.4442,37773053.0227,8234.6916,1998,0.062397,3.869139,11.565434,0.026442,-5.015712,1908997541,59617.05,32021,32021
709,-322174.6410,58873.0683,258384.9248,31842875.3048,8114.3717,1999,0.062706,3.376700,10.752172,0.023191,-4.046327,1897244757,59513.94,31879,31879
71,-385465.7549,76572.8515,303882.8393,35972443.7319,8447.6563,1999,0.062278,3.743562,12.759483,0.025547,-4.757300,1910666556,59526.03,32098,32098
710,-354439.7506,55390.5071,276753.7051,33252290.7667,8322.8463,1997,0.062227,3.586921,11.146466,0.024610,-4.364447,1910645160,59536.49,32092,32092
711,-345999.0724,-15568.5886,263213.4763,33204143.6987,7927.1274,1997,0.062342,3.521752,10.831627,0.024100,-4.288755,1906473631,59515.93,32033,32033
712,-343552.2746,-125468.3309,248034.5799,33359380.3224,7435.2274,1999,0.062610,3.508854,10.857608,0.023828,-4.270169,1899800840,59502.66,31928,31928
713,-420898.7879,103986.7045,330083.8775,37956910.0271,8696.2789,1997,0.062144,3.939494,11.073119,0.026924,-5.134042,1915186919,59598.16,32135,32135
714,-363849.1575,-1381.6299,279072.1249,34470387.8522,8095.9961,1999,0.062659,3.630378,15.317381,0.024831,-4.515079,1899575352,59542.22,31903,31903
715,-345121.1623,117789.1205,282544.3620,33507912.0482,8432.1685,1995,0.062324,3.514948,10.646613,0.024059,-4.316085,1903105064,59453.45,32010,32010
716,-421197.8973,236540.0486,345990.6168,37634283.0294,9193.4956,1998,0.062393,3.946151,10.790407,0.027096,-5.115492,1906797068,59544.61,32023,32023
717,-345682.2015,250373.4642,300383.7303,33253201.1076,9033.2275,1997,0.061834,3.522382,10.192521,0.024199,-4.326229,1924542813,59590.75,32296,32296
718,-329397.3657,174936.7817,279012.1120,32296069.5746,8639.1971,1998,0.062293,3.436083,9.978852,0.023591,-4.137119,1908259975,59495.54,32074,32074
719,-381579.7093,201391.1194,315295.1537,35028135.2576,9001.1972,1999,0.062426,3.725824,12.758230,0.025713,-4.683881,1908001809,59584.09,32022,32022
72,-374385.5751,44806.2594,291081.6995,35155801.5718,8279.7628,1998,0.062321,3.665482,10.511652,0.025195,-4.617394,1912150614,59642.88,32060,32060
720,-384291.7282,204260.6393,321042.4961,35849977.6334,8955.1659,1999,0.062307,3.746755,12.029710,0.025667,-4.763202,1909116571,59505.55,32083,32083
721,-368957.8282,168741.5764,303762.1572,34964139.4793,8687.8202,1997,0.062850,3.628764,11.449343,0.025005,-4.560758,1891304480,59523.65,31774,31774
722,-347238.0957,65696.7003,277307.6958,33445182.2714,8291.4093,1997,0.062231,3.543794,10.727727,0.024232,-4.340668,1909843307,59515.22,32090,32090
723,-337107.5096,160834.7949,280487.9844,32450383.7316,8643.5953,1994,0.062318,3.490491,10.585737,0.023908,-4.196243,1902689863,59464.63,31997,31997
724,-370710.2884,173273.6481,304721.5824,35120118.0698,8676.5535,1996,0.062270,3.636396,13.392584,0.025093,-4.568972,1909639890,59575.71,32054,32054
725,-435570.6064,228816.5295,355093.6377,38742438.0442,9165.4954,1997,0.062241,4.031449,13.624539,0.027579,-5.281073,1912912764,59620.16,32085,32085
726,-406673.8980,-19870.0671,303306.4074,36943016.9236,8210.1147,1997,0.062358,3.842719,13.423928,0.026399,-4.960500,1907331814,59557.59,32025,32025
727,-353741.3156,122451.4125,289018.9210,34415932.6063,8397.8233,1997,0.062371,3.544561,9.808726,0.024343,-4.412720,1906805176,59554.16,32018,32018
728,-355165.4440,-106108.4033,256531.0023,33766697.5071,7597.1600,1998,0.062443,3.558367,10.308886,0.024423,-4.374142,1906703261,59590.06,31997,31997
729,-406932.0567,154774.6976,327960.5638,37080297.7904,8844.6044,1995,0.061997,3.854428,12.510725,0.026439,-4.988304,1917124153,59576.87,32179,32179
73,-344867.2223,-87055.2257,251800.3895,32725345.4338,7694.3539,1997,0.062424,3.512898,11.237373,0.024098,-4.256292,1901049650,59424.51,31991,31991
730,-372680.5790,78125.0416,295494.3012,35304799.5948,8369.8054,1999,0.062787,3.669925,10.898186,0.025105,-4.615776,1895868553,59547.35,31838,31838
731,-419915.0258,51372.8123,324488.0750,38106854.2312,8515.2155,1999,0.062100,3.943648,12.652420,0.026851,-5.149454,1916844324,59547.82,32190,32190
732,-376716.2596,-7517.9998,286905.7278,35507531.1778,8080.1373,1998,0.062785,3.694055,11.065646,0.025198,-4.657475,1896801269,59604.73,31823,31823
733,-395873.9885,200367.3880,327977.4759,36350564.7781,9022.6239,1998,0.062518,3.804148,12.778568,0.026139,-4.886861,1902834803,59539.87,31959,31959
734,-333236.8011,100018.0703,271877.4498,32761521.8016,8298.6820,1998,0.062569,3.453267,12.566064,0.023624,-4.179186,1899762739,59492.15,31933,31933
735,-335698.4500,160635.9057,283421.7299,33304823.8229,8509.9303,1997,0.062369,3.475427,11.401116,0.023640,-4.234655,1903894147,59461.39,32019,32019
736,-409187.0500,95741.2624,321503.7826,37032420.1957,8681.6843,1999,0.062424,3.872340,12.337960,0.026612,-5.009369,1908109651,59585.60,32023,32023
737,-445281.6714,225406.8877,361487.6727,39360988.0007,9183.9075,1999,0.062465,4.040822,12.881169,0.027822,-5.392795,1908963905,59651.39,32002,32002
738,-342236.4402,72668.1353,274208.8834,33154388.5377,8270.6663,1997,0.062383,3.488957,10.861158,0.023925,-4.276502,1904174984,59483.16,32012,32012
739,-366600.7553,21186.3486,283467.0320,34354137.6455,8251.3214,1996,0.062418,3.653773,13.959295,0.024957,-4.540202,1902141283,59482.81,31978,31978
74,-364465.0226,-25816.5662,274775.0016,34237107.0642,8025.6489,1997,0.062375,3.619409,10.680166,0.024813,-4.500218,1904664670,59491.03,32016,32016
740,-350048.1736,16586.4782,271945.0393,33609263.8603,8091.3715,1997,0.062227,3.546748,11.248072,0.024167,-4.359439,1907545190,59439.90,32092,32092
741,-380555.4281,68450.0112,297983.7696,35369562.3913,8424.8645,1994,0.062066,3.715329,11.333538,0.025462,-4.681496,1911149955,59487.35,32127,32127
742,-337403.8872,-81826.3969,250558.2817,32829555.4183,7632.0949,1997,0.062247,3.474336,10.035168,0.023702,-4.216195,1909515238,59519.83,32082,32082
743,-303079.0660,409226.0779,292862.5631,31044461.8561,9433.6492,1996,0.062463,3.263853,9.212139,0.022577,-3.862472,1899893295,59455.27,31955,31955
744,-396964.6186,92429.0640,311578.3219,36247269.6931,8595.9115,1999,0.061898,3.805621,11.236280,0.026186,-4.855962,1922556777,59531.10,32295,32295
745,-351936.2906,9255.4761,272731.9944,34058579.0179,8007.7326,1998,0.062535,3.535280,9.684313,0.024192,-4.386832,1903231471,59569.06,31950,31950
746,-428429.2159,187331.0137,347263.1548,38667343.1016,8980.7865,1999,0.062486,3.993544,12.240941,0.027314,-5.235058,1907580261,59628.65,31991,31991
747,-369354.3316,35090.0864,285597.1229,34361333.9899,8311.5843,1997,0.062643,3.687122,11.696313,0.025132,-4.549733,1898247030,59545.38,31879,31879
748,-357055.0432,106945.1519,288122.1587,34550163.6606,8339.2415,1996,0.062418,3.546812,10.580960,0.024434,-4.433933,1904230366,59548.14,31978,31978
749,-369651.7587,94191.8261,295701.8415,34876773.8021,8478.4746,1998,0.063264,3.655743,10.397559,0.025080,-4.584388,1879631153,59515.90,31582,31582
75,-343641.1766,-4362.4119,264113.9387,33224148.8778,7949.4569,1997,0.061936,3.499275,12.943254,0.023974,-4.276781,1920445176,59561.62,32243,32243
750,-396656.4362,159776.4835,321422.3895,36574171.7041,8788.2343,1999,0.062282,3.762281,11.092927,0.026043,-4.870497,1910424512,59522.20,32096,32096
751,-395475.9822,-80107.4130,288355.2915,36661729.5430,7865.2943,1997,0.062933,3.794630,12.999567,0.025862,-4.841175,1891691919,59614.65,31732,31732
752,-437252.1340,-4948.6206,324117.4460,38686042.4931,8378.1495,1997,0.062096,3.979369,15.569209,0.027464,-5.276981,1916100136,59580.23,32160,32160
753,-331494.5838,35575.1323,260129.9401,32056817.7033,8114.6526,1999,0.062295,3.468509,10.293134,0.023584,-4.128515,1909979042,59521.30,32089,32089
754,-412206.5826,-12931.5979,307239.8168,36826043.9310,8343.0036,1998,0.062475,3.916988,14.755837,0.026794,-5.012279,1904195611,59541.47,31981,31981
755,-391142.2358,103109.9023,311323.0275,35959183.2634,8657.6779,1997,0.062604,3.806066,12.747219,0.025900,-4.822958,1900535865,59579.79,31899,31899
756,-394533.5022,37510.4492,303470.8196,36275458.9236,8365.7334,1998,0.062432,3.791247,12.421089,0.025861,-4.837867,1907476696,59603.06,32003,32003
757,-383660.5293,135705.8376,308699.8240,35780209.0185,8627.6697,1999,0.062350,3.712819,10.043910,0.025598,-4.714672,1907930178,59509.38,32061,32061
758,-346914.6938,204393.1075,293621.2699,33242102.5658,8832.8128,1998,0.062363,3.555052,13.004472,0.024309,-4.317239,1905711744,59482.86,32038,32038
759,-390797.1320,208604.6702,323964.2067,35989168.3284,9001.7142,1995,0.062140,3.766200,12.516305,0.025920,-4.807509,1909748157,59484.45,32105,32105
76,-417008.7354,140510.6980,331796.8567,37413703.6963,8868.3243,1997,0.061892,3.926943,12.408612,0.026969,-5.085146,1923742892,59621.36,32266,32266
760,-375726.0703,120839.4840,302492.1347,35214717.1111,8589.9351,1998,0.062422,3.699450,11.209571,0.025285,-4.641307,1906976291,59578.11,32008,32008
761,-340106.2357,89863.4244,274771.0901,33102773.3337,8300.5459,1997,0.062488,3.483074,11.097435,0.023877,-4.249554,1902332448,59526.02,31958,31958
762,-314881.7675,17846.9546,249517.2291,31965689.2339,7805.7829,1999,0.062315,3.319438,11.190486,0.022656,-3.983638,1909011123,59509.68,32079,32079
763,-397995.2923,40865.9569,306996.8968,36507703.4766,8409.0991,1996,0.062618,3.788806,13.235038,0.026055,-4.887002,1900369025,59617.55,31876,31876
764,-352218.3577,15047.1953,273227.2537,33798673.4241,8083.9638,1997,0.062185,3.558684,10.386176,0.024380,-4.383685,1911148816,59511.39,32114,32114
765,-390725.0932,-44695.9399,288939.1527,35989825.1559,8028.3567,1999,0.062255,3.756509,11.732049,0.025809,-4.777372,1911994425,59545.14,32110,32110
766,-376238.0496,-32108.8271,282131.0375,35327494.6153,7986.1604,1999,0.062522,3.654158,13.191589,0.025109,-4.634434,1904647257,59570.49,31973,31973
767,-334307.6389,-65018.6996,248676.2857,32097999.1081,7747.4077,1998,0.062255,3.472042,11.904158,0.023702,-4.154723,1906913847,59416.52,32094,32094
768,-388916.0008,-78726.2609,284021.2534,35684942.6674,7959.1344,1999,0.062578,3.761303,12.440870,0.025693,-4.766897,1901925849,59539.38,31944,31944
769,-381134.6464,108019.2640,303969.0401,35452123.8341,8574.0714,1999,0.062722,3.743427,10.910233,0.025507,-4.694429,1898578931,59570.74,31871,31871
77,-375579.4425,-19366.9858,282672.0995,34948746.1736,8088.1900,1999,0.062148,3.689994,10.324370,0.025237,-4.617764,1915017051,59537.29,32165,32165
770,-325701.3424,-42389.2424,245552.6030,31477243.3393,7800.9564,1993,0.062551,3.403165,10.492944,0.023333,-4.055650,1894676497,59465.08,31862,31862
771,-389616.2849,72704.2030,306156.4958,35817788.0645,8547.6103,1998,0.062895,3.769852,12.771161,0.025769,-4.803249,1892470104,59573.46,31767,31767
772,-394581.0950,139695.2689,317010.4169,36526425.0283,8678.9336,1997,0.062463,3.776574,12.956464,0.025960,-4.841908,1905780783,59609.67,31971,31971
773,-391860.7310,28858.7626,300225.1373,35817951.9915,8381.9739,1998,0.062623,3.785654,10.867800,0.025871,-4.803860,1899709013,59542.67,31905,31905
774,-362436.6955,-26897.3069,272794.7484,34193523.6139,7977.9654,1997,0.062328,3.604830,9.644619,0.024727,-4.470991,1907054278,59521.04,32040,32040
775,-403697.7548,204448.2738,331250.1313,36729983.9859,9018.5210,1997,0.061999,3.842373,11.907400,0.026379,-4.938438,1919253741,59585.65,32210,32210
776,-371038.0270,-160600.7051,261821.3419,34888506.1396,7504.5157,1996,0.062949,3.634577,10.675914,0.024944,-4.573299,1889680786,59596.34,31708,31708
777,-367819.2946,156839.3196,303731.9423,35150132.1263,8640.9901,1996,0.062765,3.632315,11.612730,0.024929,-4.579763,1894361435,59569.24,31801,31801
778,-381072.4622,144109.3402,307256.5495,35244726.7676,8717.8020,1998,0.062529,3.735134,11.282423,0.025581,-4.674907,1903536889,59573.03,31953,31953
779,-347091.7091,57979.9771,276302.5315,33437875.9945,8263.1604,1998,0.062498,3.536972,11.963435,0.024210,-4.340496,1902679591,59516.39,31969,31969
78,-363118.2420,-316327.7824,234949.6454,34052607.8030,6899.6080,1999,0.062457,3.603156,13.716966,0.024546,-4.463691,1905393079,59532.37,32006,32006
780,-420806.5959,127421.9365,332758.5050,38082018.0264,8737.9431,1999,0.062492,3.973847,12.184308,0.027047,-5.128788,1907078334,59618.55,31988,31988
781,-417895.2907,115906.9857,326965.1881,37526489.7991,8712.9169,1999,0.062625,3.906701,12.362591,0.026810,-5.063807,1903296683,59627.09,31920,31920
782,-375043.7810,83916.0383,297132.9990,35222842.0339,8435.8042,1995,0.062598,3.671946,12.741193,0.025287,-4.632227,1894823270,59454.76,31870,31870
783,-408417.0766,164816.5101,329391.3536,36864458.4466,8935.2012,1997,0.062445,3.864780,11.715292,0.026637,-4.992572,1901038149,59444.60,31980,31980
784,-338901.9958,180105.8243,286187.3908,32896668.8792,8699.5857,1997,0.062498,3.522088,11.184918,0.024014,-4.244012,1902343123,59535.67,31953,31953
785,-387436.9205,221931.7924,323095.8945,35654857.2851,9061.7638,1996,0.062340,3.768696,12.568601,0.025936,-4.765521,1908538958,59608.31,32018,32018
786,-393489.4778,-53072.8482,291591.7489,36561486.5453,7975.3800,1999,0.062329,3.786334,12.058630,0.025866,-4.834361,1911415633,59597.64,32072,32072
787,-370093.8387,185607.4270,307470.0441,34739211.7166,8850.8066,1998,0.062535,3.682304,9.973670,0.025211,-4.583696,1903294412,59571.03,31950,31950
788,-342328.0105,109014.1633,277100.4360,32548836.5431,8513.3745,1996,0.062531,3.536079,9.419492,0.024141,-4.251388,1899895307,59520.53,31920,31920
789,-312511.1430,168132.9102,267523.3967,31559864.3223,8476.6967,1996,0.062218,3.321838,9.198377,0.022716,-3.960273,1908221226,59481.35,32081,32081
79,-380115.6948,249747.9671,322845.3760,35434411.2440,9111.0693,1997,0.062545,3.741722,11.750016,0.025579,-4.698883,1900586566,59525.40,31929,31929
790,-346931.5359,88379.0414,280024.0903,33737569.2195,8300.0672,1997,0.062618,3.531551,10.496614,0.024112,-4.337106,1896502489,59466.40,31892,31892
791,-380238.1151,179623.6517,313174.6484,35851351.6869,8735.3652,1998,0.062631,3.694013,12.138742,0.025523,-4.691490,1901303849,59600.13,31901,31901
792,-373770.7546,134584.9736,302697.2466,34967994.8954,8656.4085,1996,0.062586,3.671012,12.089926,0.025222,-4.615948,1900344930,59586.88,31892,31892
793,-372099.5095,10588.0633,284497.0775,34910674.1855,8149.2863,1999,0.062678,3.670803,10.010691,0.025072,-4.583479,1900485872,59589.44,31893,31893
794,-376656.6136,-91520.7064,272688.4085,34723340.2221,7853.1733,1998,0.062358,3.675715,13.006306,0.025279,-4.610765,1904644379,59443.97,32041,32041
795,-400238.4356,106999.4853,315990.1418,36601024.9736,8633.3687,1996,0.062373,3.794867,12.762342,0.026178,-4.896799,1908937614,59652.44,32001,32001
796,-356109.5363,-129572.0396,255280.1928,33978695.8026,7512.9485,1997,0.062667,3.556586,10.105652,0.024348,-4.400396,1896947654,59527.02,31867,31867
797,-403870.5058,-11822.0746,302980.9859,36993597.5527,8190.0925,1995,0.062547,3.817000,12.273034,0.026237,-4.936646,1901004498,59600.09,31896,31896
798,-376857.1007,39441.2985,293322.7884,35417851.0429,8281.7782,1997,0.062541,3.705867,11.435826,0.025219,-4.662352,1902237184,59573.37,31931,31931
799,-370501.9599,-144471.1467,263993.3341,34911897.6653,7561.7011,1998,0.062326,3.655677,10.489567,0.024881,-4.573945,1908599495,59537.68,32057,32057
80,-396929.2634,-22951.2231,294196.1916,35887004.8884,8197.8475,1995,0.062313,3.819634,11.430425,0.026132,-4.822302,1904351068,59481.23,32016,32016
800,-372502.2324,122159.3330,299862.5890,34602953.0762,8665.8092,1997,0.062592,3.680417,12.260139,0.025224,-4.596789,1897902974,59486.07,31905,31905
801,-407809.3115,231737.1385,336941.0397,37112448.7832,9078.9223,1995,0.062529,3.879201,14.960352,0.026624,-4.975475,1903180030,59651.47,31905,31905
802,-334940.0877,140935.0728,277615.9693,33019131.0183,8407.7309,1998,0.062350,3.442341,11.443380,0.023725,-4.188638,1904855462,59443.14,32045,32045
803,-424297.1163,70116.8787,328608.0641,38312982.9722,8576.9376,1998,0.062222,3.932926,11.702989,0.026984,-5.180777,1914414773,59618.66,32111,32111
804,-362423.6237,-3726.9054,276773.4176,34386585.8598,8048.8775,1994,0.062233,3.619034,11.257967,0.024727,-4.484831,1909242358,59587.48,32041,32041
805,-325333.8736,21630.2431,254306.6432,31859560.3849,7982.1140,1998,0.062363,3.416182,11.785013,0.023345,-4.061952,1903065880,59400.27,32038,32038
806,-322345.5183,104224.2684,266502.4596,32291255.4015,8253.0845,1995,0.061960,3.378121,9.654298,0.023085,-4.077954,1918889239,59596.54,32198,32198
807,-430854.2261,-76010.0570,312501.1612,38054206.0634,8212.0006,1998,0.062259,3.999418,11.923678,0.027254,-5.232279,1912809004,59603.92,32092,32092
808,-372874.5928,192283.6751,310598.6584,35484477.1012,8753.0854,1996,0.062342,3.649279,13.577595,0.025143,-4.619980,1905878767,59527.09,32017,32017
809,-394056.0064,166171.7245,320961.5826,36240084.6083,8856.5351,1998,0.062340,3.808044,12.993059,0.026053,-4.848102,1908723377,59554.55,32050,32050
81,-417515.5925,-4248.9939,312244.0051,37315128.1384,8367.7592,1998,0.062100,3.937679,12.424315,0.026852,-5.075718,1917684600,59603.55,32174,32174
810,-346422.5608,-85652.5483,256057.4549,33524334.1146,7637.9580,1997,0.062202,3.500036,11.058459,0.024052,-4.315377,1912810495,59579.83,32105,32105
811,-400076.9932,100054.6443,316019.5816,37175504.6676,8500.7476,1999,0.062722,3.813394,12.412475,0.026051,-4.909253,1900338792,59625.95,31871,31871
812,-377763.1312,65785.2213,297272.8098,35378970.1916,8402.5286,1996,0.062492,3.698358,10.693862,0.025294,-4.671377,1900364890,59497.96,31940,31940
813,-349286.7395,-25252.2291,266146.1617,34044057.3275,7817.6981,1997,0.061976,3.525787,9.078279,0.024050,-4.352465,1919663600,59576.18,32222,32222
814,-401949.5224,108876.4700,318910.1148,36928727.6067,8635.8273,1997,0.062036,3.838187,13.943916,0.026296,-4.936677,1915315676,59498.48,32191,32191
815,-400085.7311,142956.8803,321900.8329,36708718.8916,8769.0566,1998,0.062551,3.832724,13.163324,0.026258,-4.913601,1904158394,59613.00,31942,31942
816,-385941.9465,34260.4025,297511.7157,35778199.3947,8315.4469,1999,0.062755,3.749307,15.519269,0.025675,-4.746017,1894827459,59484.76,31854,31854
817,-344679.8890,208548.5007,294987.7792,33762177.6881,8737.2261,1999,0.062504,3.493859,10.058053,0.024085,-4.324901,1905078075,59567.20,31982,31982
818,-382890.5242,171989.7326,314201.5766,35770856.2124,8783.7309,1999,0.062518,3.724044,10.698150,0.025560,-4.724176,1903067977,59517.37,31975,31975
819,-351660.8821,14864.4502,271733.0599,33357098.4867,8146.1839,1998,0.062637,3.594063,11.577178,0.024387,-4.362340,1898215199,59508.91,31898,31898
82,-388142.5021,123915.3591,311375.2181,36230355.1987,8594.3187,1996,0.062610,3.725779,10.087397,0.025640,-4.780667,1900691745,59620.19,31880,31880
820,-380520.8733,307941.1165,332088.5407,35649257.0525,9315.4407,1995,0.062126,3.723569,11.894134,0.025537,-4.722591,1912703595,59563.52,32112,32112
821,-325751.6084,-1651.7432,252375.5871,32293313.4453,7815.1035,1997,0.062471,3.382507,9.094122,0.023223,-4.077414,1901281495,59476.38,31967,31967
822,-396347.4061,285645.4823,340212.6126,36805133.5994,9243.6185,1999,0.062323,3.838542,10.627020,0.026137,-4.903056,1910880200,59575.38,32075,32075
823,-359926.0520,330041.1642,323619.3993,35116128.4444,9215.6913,1996,0.062627,3.602181,10.157277,0.024691,-4.529506,1901354134,59657.81,31871,31871
824,-382163.6269,147486.0127,309901.5346,34987807.9910,8857.4150,1999,0.062641,3.755977,16.185649,0.025746,-4.707575,1899391026,59519.65,31912,31912
825,-385005.3753,7859.4129,292852.6410,35527176.4189,8243.0598,1997,0.062189,3.730299,10.459680,0.025591,-4.727204,1913845762,59599.08,32112,32112
826,-363989.9188,164312.8590,299236.9834,34044997.2134,8789.4554,1996,0.062169,3.638832,12.109721,0.024992,-4.497457,1907239509,59404.46,32106,32106
827,-370661.2955,164576.2126,305134.0110,34786021.4838,8771.7422,1998,0.062739,3.678506,10.607854,0.025163,-4.590371,1895905968,59533.57,31846,31846
828,-359762.4303,147117.0519,296435.8268,34576466.7768,8573.3406,1999,0.062498,3.611515,12.098414,0.024761,-4.481937,1904862545,59554.87,31985,31985
829,-376575.0470,50492.9806,293228.5737,35182282.6918,8334.5523,1999,0.062686,3.677190,13.239490,0.025275,-4.640879,1896337185,59466.81,31889,31889
83,-438350.0797,184773.2006,352387.2609,38503424.9282,9152.1017,1997,0.062586,4.069504,12.630439,0.027734,-5.328086,1900636751,59566.15,31908,31908
830,-388524.0305,193509.1357,321261.4190,35921390.0026,8943.4573,1999,0.062228,3.770180,12.343724,0.025870,-4.793308,1913031322,59551.47,32124,32124
831,-373034.2934,-27132.9785,280651.7899,34758732.4450,8074.2815,1998,0.062559,3.653251,11.864105,0.025112,-4.599371,1904252249,59623.40,31938,31938
832,-320350.9806,53812.1556,255801.6433,31511371.6786,8117.7565,1998,0.062769,3.389406,9.470073,0.023202,-4.016310,1892643345,59459.12,31831,31831
833,-367911.1900,105110.1775,296630.2650,35333298.4786,8395.2045,1998,0.062158,3.637754,10.967759,0.024874,-4.574264,1914379596,59556.36,32144,32144
834,-388221.2293,81595.7945,304978.6999,36121338.3823,8443.1727,1999,0.062549,3.735783,12.256264,0.025751,-4.768554,1905626990,59627.24,31959,31959
835,-387256.9710,41183.9307,298666.7076,35820581.7710,8337.8520,1999,0.062166,3.732162,12.216760,0.025681,-4.751853,1915359703,59564.61,32156,32156
836,-342579.0906,94073.7979,274408.9307,32538049.7180,8433.4781,1995,0.062103,3.526699,10.477875,0.024184,-4.241680,1911627942,59507.78,32124,32124
837,-386310.8220,60637.0970,302726.5969,35624195.4449,8497.7806,1998,0.062255,3.757490,10.904141,0.025710,-4.771533,1909148642,59486.15,32094,32094
838,-386475.2377,40485.5689,298297.5774,35848007.5083,8321.1759,1998,0.062929,3.743409,11.723566,0.025632,-4.746696,1890960664,59557.82,31750,31750
839,-369608.2518,-31122.1403,279013.5453,35473732.3555,7865.3563,1998,0.062420,3.613439,11.081991,0.024816,-4.578062,1908592797,59626.75,32009,32009
84,-353310.4952,91978.1297,282201.4616,33915945.0418,8320.6132,1999,0.062486,3.554742,10.079823,0.024431,-4.372442,1904539892,59533.62,31991,31991
840,-370845.2953,1391.2659,281319.7311,34792613.5060,8085.6165,1997,0.062498,3.647081,14.134661,0.024985,-4.553372,1902809888,59550.27,31953,31953
841,-330219.3915,-99804.7444,243576.2955,32439694.5891,7508.5878,1997,0.062935,3.428665,10.071442,0.023314,-4.138590,1887837927,59495.07,31731,31731
842,-392192.0607,94794.8216,310463.9041,36382316.1148,8533.3738,1996,0.062439,3.758374,10.838589,0.025823,-4.827807,1902809808,59524.19,31967,31967
843,-382043.7272,9855.1355,293953.9371,35839247.2012,8202.0120,1997,0.062439,3.737737,11.633708,0.025466,-4.733484,1904587015,59549.98,31983,31983
844,-404746.2545,46073.9161,312710.7310,36890356.9593,8476.7608,1998,0.062363,3.861665,12.928048,0.026351,-4.969071,1909677224,59606.63,32038,32038
845,-348245.2260,75009.9779,277679.5712,33446016.2801,8302.3212,1997,0.062894,3.540165,10.737250,0.024241,-4.331132,1888809634,59486.32,31752,31752
846,-364191.6945,271249.6732,315959.9285,34574679.1147,9138.4775,1998,0.062718,3.627991,11.870130,0.024982,-4.536870,1896825114,59541.86,31857,31857
847,-376976.6225,107022.2665,302283.4874,35428425.0984,8532.2304,1997,0.062426,3.694324,10.827821,0.025327,-4.665485,1904122496,59522.43,31990,31990
848,-385569.6462,87420.0420,304114.8364,35642301.2296,8532.4131,1995,0.061899,3.723107,14.378402,0.025668,-4.741251,1917645663,59498.78,32230,32230
849,-373652.7693,95065.8903,295733.4453,34795602.9910,8499.1614,1998,0.062391,3.699938,11.984163,0.025255,-4.590220,1904407919,59468.15,32024,32024
85,-380057.4350,16141.0177,291943.7004,35935165.7767,8124.1785,1995,0.061855,3.711747,9.975743,0.025287,-4.690938,1923324340,59632.42,32253,32253
850,-359173.6041,-41197.4703,268470.4077,33648365.0024,7978.7059,1998,0.062490,3.643568,11.165499,0.024666,-4.430766,1903275452,59527.58,31973,31973
851,-382322.2212,148985.5191,310509.7495,36193037.2698,8579.2675,1996,0.062500,3.719620,10.203928,0.025474,-4.713241,1903267686,59596.31,31936,31936
852,-385675.4748,92683.5218,306450.5359,35904844.6048,8535.0748,1999,0.062461,3.759377,11.098659,0.025603,-4.764269,1908002746,59617.63,32004,32004
853,-361955.3420,163892.3125,298655.5672,33986658.4969,8787.4354,1997,0.062121,3.616870,9.912535,0.024844,-4.486577,1914737348,59561.93,32147,32147
854,-376259.6858,104427.8476,302551.0429,36067100.1583,8388.5603,1998,0.062290,3.662850,10.880368,0.025120,-4.672617,1911258706,59585.32,32076,32076
855,-317840.4523,-22624.9799,243808.2433,31689242.1839,7693.7227,1997,0.062637,3.372462,12.185048,0.022959,-3.982072,1896560916,59486.89,31882,31882
856,-407585.9867,284773.5125,346151.9703,37249846.1093,9292.7087,1998,0.062119,3.883448,11.948255,0.026639,-5.006973,1915810688,59563.82,32164,32164
857,-363250.7180,75467.0250,288075.3509,34061227.2853,8457.5740,1996,0.062627,3.635763,13.798068,0.024884,-4.500990,1895436962,59472.15,31871,31871
858,-400775.3049,-129595.2683,285562.6945,36633596.4394,7795.1040,1998,0.061770,3.816453,13.265011,0.026059,-4.901119,1927804005,59599.46,32346,32346
859,-341771.5376,128397.6964,280609.6876,33051249.8756,8490.1385,1998,0.062779,3.506066,11.172282,0.024057,-4.264487,1893718930,59502.26,31826,31826
86,-389669.4124,92326.7951,307703.2481,35775899.0763,8600.8530,1996,0.062175,3.768274,11.863123,0.025886,-4.789235,1910631155,59515.66,32103,32103
860,-366158.8085,114172.6787,293903.3891,34184827.5988,8597.4805,1999,0.062645,3.655481,11.028519,0.025041,-4.517358,1897380649,59460.38,31910,31910
861,-362644.0538,-6104.8904,277839.1053,34407698.9408,8074.9110,1997,0.062253,3.602871,12.621320,0.024715,-4.504319,1912025119,59603.64,32079,32079
862,-419785.0119,178189.4838,342264.5499,38065019.8367,8991.5768,1998,0.062625,3.957857,13.796076,0.026953,-5.166745,1902232993,59623.65,31904,31904
863,-359669.4126,18845.7267,275053.6763,33446073.9368,8223.7956,1998,0.062702,3.612604,11.161088,0.024803,-4.415435,1896699800,59522.98,31865,31865
864,-360597.8128,-102559.8274,262367.5290,34263141.6127,7657.4277,1997,0.062488,3.597166,10.449910,0.024576,-4.458757,1902277300,59524.29,31958,31958
865,-360781.7064,32234.3916,280023.6417,34299747.2682,8164.0147,1998,0.062631,3.602905,11.423826,0.024679,-4.462508,1899753049,59551.52,31901,31901
866,-370507.9924,143558.3413,303635.7531,35389895.1316,8579.7302,1997,0.062270,3.635748,12.821229,0.025003,-4.607083,1908840920,59521.08,32070,32070
867,-395486.5866,112622.9157,312841.1044,36225956.2814,8635.8274,1997,0.062311,3.774058,10.850491,0.026024,-4.834527,1908210904,59540.42,32049,32049
868,-386903.6243,67894.2415,302776.7707,35579113.0604,8509.9584,1997,0.062398,3.769800,12.006531,0.025783,-4.760127,1903391545,59473.55,32004,32004
869,-326288.7365,173001.3793,277869.6759,32783430.0253,8475.9183,1997,0.062514,3.384218,10.021436,0.023288,-4.119134,1901644016,59528.69,31945,31945
87,-397470.6532,157365.3683,322929.8873,36350398.1898,8883.8060,1997,0.062305,3.846260,12.013609,0.026217,-4.897006,1907577267,59515.08,32052,32052
870,-402144.0577,224383.6792,333355.7694,36960937.5843,9019.1373,1999,0.062323,3.860888,12.311731,0.026297,-4.929018,1910473667,59562.70,32075,32075
871,-400463.6387,16747.6310,303329.8109,36474405.4658,8316.2373,1998,0.062354,3.810045,11.677550,0.026204,-4.883968,1905571960,59469.21,32043,32043
872,-359317.6353,-104433.0754,258205.0270,33509005.8045,7705.5413,1998,0.062781,3.628748,10.790069,0.024723,-4.401898,1895929883,59573.60,31825,31825
873,-381690.3086,180841.4963,315228.1752,35765757.4172,8813.6866,1997,0.062212,3.731842,10.974886,0.025520,-4.720341,1911452099,59546.79,32100,32100
874,-468212.4618,98262.2466,358943.1125,41126539.6218,8727.7733,1998,0.062052,4.141917,12.373488,0.028506,-5.628543,1919397632,59610.47,32199,32199
875,-404969.1965,-14738.2924,305203.0292,37721492.2417,8090.9585,1998,0.062212,3.799712,14.218944,0.026077,-4.974455,1912422704,59547.35,32116,32116
876,-372554.5821,142745.1770,303545.2567,35327920.0387,8592.2199,1999,0.062263,3.652126,10.640304,0.025083,-4.610852,1912495889,59568.18,32106,32106
877,-375784.5134,-5018.1049,283849.3613,34826836.3446,8150.3057,1997,0.062714,3.679781,11.520721,0.025320,-4.608775,1897259213,59581.67,31843,31843
878,-329831.0078,44911.9180,263988.7559,32820735.0982,8043.3529,1998,0.062494,3.420679,10.035761,0.023299,-4.162524,1903913985,59551.28,31971,31971
879,-306761.6998,56060.8929,246570.1598,30402057.0811,8110.3117,1996,0.062545,3.321305,10.372167,0.022721,-3.860345,1895483158,59395.33,31913,31913
88,-382784.0109,120139.9540,304775.5657,35327898.7357,8627.0505,1997,0.062032,3.726658,12.637680,0.025644,-4.686909,1913167611,59428.06,32193,32193
880,-412916.0710,127626.5168,326330.3666,37161583.1356,8781.3903,1998,0.063012,3.889962,12.451340,0.026802,-5.025464,1890334048,59616.94,31708,31708
881,-369993.4313,18885.7342,285819.6933,35310039.8832,8094.5729,1998,0.062305,3.653165,11.298636,0.024882,-4.583132,1907046853,59468.84,32068,32068
882,-363270.7159,42732.0127,284254.8677,34373768.7038,8269.5287,1999,0.062453,3.604829,10.890349,0.024719,-4.506776,1905984592,59547.13,32008,32008
883,-363291.5457,-15623.1646,276266.8167,34225034.3637,8072.0684,1997,0.062967,3.630846,12.083987,0.024804,-4.500566,1885951647,59465.60,31715,31715
884,-405709.7033,32759.9965,311522.6873,37236507.0578,8366.0556,1997,0.062482,3.858571,11.582888,0.026229,-4.978078,1906886445,59662.92,31961,31961
885,-384241.3480,2986.6910,291820.7584,35627493.8546,8190.8865,1998,0.062334,3.724020,10.827873,0.025549,-4.720208,1907560229,59512.69,32053,32053
886,-374502.9986,74082.8022,295758.3990,34923297.1557,8468.7994,1999,0.063310,3.722614,12.646788,0.025382,-4.629863,1877214389,59452.55,31575,31575
887,-390340.8811,40515.7179,302476.3353,35781986.2471,8453.3132,1997,0.062315,3.791750,11.572749,0.025871,-4.811317,1908741896,59560.70,32047,32047
888,-335861.7714,125398.4013,275166.4513,32210773.2303,8542.6838,1996,0.061959,3.461274,11.325875,0.023830,-4.183901,1913029416,59383.19,32215,32215
889,-361475.6727,107786.2834,291669.9932,34599491.4443,8429.8925,1999,0.062514,3.585732,13.745579,0.024725,-4.489588,1904050597,59544.38,31977,31977
89,-356283.0683,-27348.4310,269666.4136,34209800.9670,7882.7238,1997,0.062278,3.551606,10.258654,0.024374,-4.417479,1908184912,59508.04,32066,32066
890,-396955.8210,72451.6866,309101.5108,36119530.1207,8557.7390,1998,0.062412,3.820683,11.813271,0.026283,-4.857723,1906069129,59540.47,32013,32013
891,-336345.6611,87713.5318,271883.6494,33095631.1441,8215.0918,1995,0.062217,3.457889,11.873475,0.023738,-4.207104,1909215191,59542.03,32065,32065
892,-354868.2560,69153.8639,283438.0235,34292984.3858,8265.1898,1999,0.062531,3.536775,10.038481,0.024372,-4.432930,1900535330,59451.18,31968,31968
893,-370810.6880,68021.4422,292601.2612,34682093.3164,8436.6667,1997,0.062506,3.705613,10.567425,0.025137,-4.590285,1900277348,59478.46,31949,31949
894,-385676.7172,275942.1292,331593.4356,36530648.7040,9077.1297,1999,0.062299,3.709000,12.282586,0.025616,-4.782278,1909898452,59522.50,32087,32087
895,-353769.9930,175356.7320,296523.7943,34210635.7702,8667.5909,1995,0.061908,3.553599,10.910650,0.024447,-4.421887,1918193317,59525.01,32225,32225
896,-382572.1953,-13085.4295,288477.5666,35404998.2381,8147.9334,1997,0.062373,3.728095,11.114526,0.025466,-4.699799,1905912787,59528.15,32017,32017
897,-365229.6640,186815.3044,305065.1989,34984252.4020,8720.0720,1998,0.062245,3.624319,9.812767,0.024920,-4.539803,1913028513,59597.76,32099,32099
898,-394983.8689,-25456.0136,296025.7255,35741181.5816,8282.4829,1998,0.062651,3.854675,13.370741,0.026116,-4.848930,1897320908,59493.93,31891,31891
899,-369305.2716,99310.3175,295204.6361,34498193.9586,8557.1041,1999,0.062941,3.668959,10.824110,0.025145,-4.567870,1890057855,59510.64,31760,31760
90,-400972.5028,-251860.6282,268396.4597,36437440.5249,7365.9526,1993,0.062248,3.796543,9.937855,0.025971,-4.881737,1906649058,59551.15,32017,32017
900,-372736.4309,127121.3311,301077.6817,35033678.6493,8593.9500,1998,0.062400,3.690017,12.636812,0.025249,-4.605214,1905317526,59505.84,32019,32019
901,-410652.6213,67885.0989,319214.8417,37505081.6329,8511.2424,1998,0.062027,3.853021,13.595885,0.026392,-5.030238,1920869629,59632.11,32212,32212
902,-349914.4464,138295.2693,288455.0836,33842342.2628,8523.4964,1993,0.062033,3.537805,9.405979,0.024256,-4.369666,1914761822,59597.92,32128,32128
903,-373803.9835,97792.4284,298941.7962,35344440.7713,8457.9580,1997,0.062510,3.698673,10.696894,0.025169,-4.630049,1903275770,59576.04,31947,31947
904,-373420.7555,211765.6241,313286.7015,35070650.9616,8933.0164,1999,0.062710,3.674636,11.643967,0.025276,-4.623092,1898743195,59564.68,31877,31877
905,-324208.2135,152191.1528,273999.4421,32371582.2707,8464.1968,1998,0.062527,3.404539,10.161384,0.023264,-4.099281,1898749910,59421.35,31954,31954
906,-367238.4712,154465.2722,302079.7958,34999512.5370,8630.9715,1997,0.062795,3.630606,11.223872,0.024914,-4.559998,1894526888,59572.57,31802,31802
907,-365704.8577,34710.2489,282804.2063,34534416.2136,8189.0542,1999,0.062510,3.645517,10.011370,0.024856,-4.505128,1904189632,59545.00,31979,31979
908,-400661.4067,-23733.9676,299813.2021,36672800.1982,8175.3561,1999,0.062559,3.824459,12.871706,0.026158,-4.908394,1902025791,59523.87,31954,31954
909,-383785.8152,-33892.1367,289144.7438,36026055.1169,8025.9896,1999,0.063142,3.728841,10.145852,0.025418,-4.748470,1886597446,59591.19,31659,31659
91,-298907.9986,-15826.2763,232056.4715,30032882.5441,7726.7465,1998,0.062354,3.227419,12.102132,0.022079,-3.773060,1904961793,59450.17,32043,32043
910,-391234.2061,-30439.7990,291023.0797,35490981.5794,8199.9163,1999,0.062463,3.793986,16.892653,0.025987,-4.781864,1904456978,59508.70,32003,32003
911,-387625.1514,44753.8119,303702.8605,36980869.0239,8212.4317,1997,0.062100,3.753161,10.390259,0.025538,-4.815918,1917848811,59638.31,32158,32158
912,-392215.8347,249755.4962,328960.2489,36280367.2985,9067.1697,1997,0.062557,3.774057,10.534061,0.026039,-4.804910,1902602303,59599.73,31923,31923
913,-402850.0432,-48283.3225,295324.0498,36650698.1078,8057.8015,1998,0.062708,3.830209,11.022621,0.026232,-4.894281,1899633731,59620.67,31862,31862
914,-380776.4611,62013.7875,298095.9044,35092774.1331,8494.5095,1996,0.062198,3.726194,11.070879,0.025561,-4.695034,1908476680,59470.78,32091,32091
915,-389574.1288,200625.4910,321076.2137,36169929.9956,8876.8824,1997,0.062771,3.749687,16.988907,0.025857,-4.779792,1894785839,59558.24,31814,31814
916,-379615.1841,49259.7002,297266.1686,36068215.6430,8241.7764,1999,0.062678,3.698537,12.889643,0.025238,-4.704441,1899306779,59552.47,31893,31893
917,-374026.9094,96.2443,284684.1155,35425725.2853,8036.0843,1996,0.062332,3.653924,11.163069,0.025032,-4.608183,1908063386,59586.02,32022,32022
918,-325981.8250,170575.5117,277068.4174,32308449.9491,8575.7261,1997,0.062518,3.399371,10.388311,0.023393,-4.111899,1901175415,59517.75,31943,31943
919,-400785.1845,149523.8164,320232.9667,36299842.2064,8821.8832,1998,0.062549,3.809397,11.354020,0.026396,-4.879885,1902644316,59563.73,31943,31943
92,-321012.4644,-100260.3439,235670.5082,31528959.2094,7474.7316,1996,0.061939,3.370555,9.894583,0.023089,-4.013233,1914515094,59410.86,32225,32225
920,-361585.5912,85043.2918,288476.0860,34465489.8554,8369.9981,1999,0.062375,3.574701,12.051426,0.024728,-4.486479,1907921084,59533.23,32048,32048
921,-400593.2870,164578.1154,324028.9785,36816534.6720,8801.1808,1997,0.061938,3.799495,10.195169,0.026249,-4.904893,1920583440,59567.75,32242,32242
922,-355376.9932,-101387.3069,259902.9476,33989648.2574,7646.5324,1999,0.061812,3.570857,11.193928,0.024409,-4.413185,1924684938,59514.07,32340,32340
923,-361047.6321,-119445.2103,259546.4057,34122402.3315,7606.3345,1998,0.062488,3.585755,11.718030,0.024529,-4.450354,1904546241,59565.47,31974,31974
924,-367262.5429,-44458.4296,273372.7813,34321119.2818,7965.1476,1999,0.062846,3.641954,14.290833,0.024977,-4.519305,1894259248,59552.92,31808,31808
925,-345676.8651,-61973.6460,256667.6381,33150943.7149,7742.3931,1997,0.062356,3.515449,11.216232,0.024049,-4.280378,1907348598,59556.25,32026,32026
926,-393924.2656,187890.0772,322071.7520,35714853.7595,9017.8656,1999,0.062443,3.814570,11.312600,0.026219,-4.824374,1904072391,59478.10,32013,32013
927,-375829.9136,281911.6679,324632.8852,35060057.8313,9259.3368,1998,0.063104,3.697550,11.059682,0.025509,-4.658074,1882159996,59445.39,31662,31662
928,-347223.6966,48082.8433,275682.6015,33650443.4608,8192.5399,1999,0.062722,3.525206,10.598284,0.024175,-4.349754,1896812223,59515.30,31871,31871
929,-374027.5017,-38701.3545,280515.9683,35114449.8470,7988.6192,1997,0.062467,3.667861,11.134641,0.025169,-4.620338,1901572249,59481.76,31969,31969
93,-339446.2424,-75024.7937,249838.7043,32480651.8049,7691.9240,1998,0.062824,3.487234,9.982776,0.023818,-4.197404,1891990499,59490.94,31803,31803
930,-359301.5671,-19840.4771,271863.8500,34167053.9613,7956.9005,1997,0.061984,3.570326,10.090151,0.024532,-4.439664,1918481842,59546.89,32218,32218
931,-397597.2650,-94848.9084,289927.1978,36598752.7376,7921.7781,1999,0.062854,3.823604,15.070067,0.026092,-4.893722,1893378969,59532.73,31804,31804
932,-378893.2056,-32606.5440,282925.0721,35591624.5640,7949.2037,1998,0.062866,3.692342,11.051141,0.025229,-4.651155,1895446609,59639.00,31782,31782
933,-398969.4815,139349.3988,320320.2984,36342706.1520,8813.8813,1998,0.062352,3.839073,14.109139,0.026298,-4.896114,1908749403,59566.51,32044,32044
934,-375371.4804,39919.2013,292116.8484,35185825.4742,8302.1172,1998,0.062527,3.688240,12.121836,0.025204,-4.642180,1904309488,59595.34,31954,31954
935,-391709.3880,203910.5447,323209.1348,35507191.4036,9102.6387,1998,0.062635,3.825614,14.824021,0.026228,-4.807259,1895175489,59411.75,31899,31899
936,-401724.2076,-67360.9827,294206.8659,36887686.5843,7975.7473,1998,0.062048,3.813207,10.493822,0.025997,-4.910903,1919758649,59617.98,32201,32201
937,-421631.9087,225774.7572,346831.5695,37617332.8457,9219.9936,1999,0.062645,3.953007,14.977924,0.027140,-5.147630,1900779368,59566.89,31910,31910
938,-370945.2620,75803.1860,294949.4093,35109983.3870,8400.7277,1999,0.063084,3.649007,15.454533,0.025005,-4.609037,1887438174,59563.18,31688,31688
939,-373557.5405,-105025.7278,271981.7466,35082820.4186,7752.5622,1997,0.062527,3.669612,12.166607,0.025048,-4.619585,1900435646,59503.90,31938,31938
94,-377652.8522,-43532.3806,281638.6331,35330659.4216,7971.5080,1997,0.062838,3.721339,12.293706,0.025249,-4.650534,1892760985,59558.24,31780,31780
940,-383306.8950,80286.0343,302057.2805,35466504.3147,8516.6916,1998,0.062856,3.731110,10.399056,0.025537,-4.721578,1893270492,59561.16,31787,31787
941,-418790.2395,209395.6233,343101.2774,37648964.1908,9113.1665,1996,0.062437,3.935864,12.607584,0.027065,-5.120521,1903911195,59556.78,31968,31968
942,-390093.7238,86983.7742,310060.1975,36174064.5514,8571.3398,1999,0.062127,3.757833,11.464735,0.025842,-4.832435,1916545425,59564.44,32176,32176
943,-388809.8154,-57015.7360,286460.2178,36039677.7500,7948.4678,1998,0.061971,3.750356,12.671355,0.025608,-4.761612,1921655924,59602.86,32241,32241
944,-360757.4416,-220782.1131,245125.5787,33693631.8400,7275.1308,1997,0.062251,3.606484,13.645906,0.024606,-4.430992,1907493632,59460.52,32080,32080
945,-355998.1519,192459.3373,298932.0959,34222872.0543,8734.8629,1998,0.061751,3.537772,11.324654,0.024489,-4.428307,1930009156,59649.19,32356,32356
946,-406441.8939,147053.7363,326717.7154,36779245.1946,8883.2088,1997,0.062667,3.890496,12.287056,0.026503,-4.984001,1898476514,59575.00,31867,31867
947,-413754.7863,124212.3233,325859.7409,37293403.0658,8737.7315,1998,0.062506,3.882943,12.432410,0.026734,-5.026524,1903862491,59560.85,31965,31965
948,-393451.4505,-90817.3386,287168.3406,36404870.7738,7888.1846,1999,0.062812,3.792099,10.421134,0.025797,-4.840459,1898773756,59662.96,31825,31825
949,-377090.3490,282693.8475,325339.7428,35358859.1564,9201.0814,1996,0.062551,3.732412,11.770997,0.025400,-4.668579,1901432859,59587.37,31910,31910
95,-394897.7263,14378.1339,300807.8173,36150712.7882,8320.9374,1998,0.062479,3.809732,11.590040,0.025932,-4.843286,1903307137,59517.41,31979,31979
950,-337715.7908,57535.7275,268909.5583,32818905.7618,8193.7393,1997,0.062206,3.483305,9.634616,0.023903,-4.222196,1912720682,59580.75,32103,32103
951,-385395.1995,306966.0595,332880.4323,35857729.1508,9283.3662,1997,0.062220,3.736701,11.379096,0.025843,-4.744082,1910648810,59529.19,32096,32096
952,-422268.1439,143122.4653,335245.9964,37797557.8894,8869.5147,1997,0.062618,3.924451,13.240027,0.027114,-5.137789,1899953925,59574.62,31892,31892
953,-362253.0967,60876.8165,286806.2008,34471680.9588,8320.0527,1998,0.062451,3.624130,12.113134,0.024794,-4.507902,1905876218,59571.66,31993,31993
954,-374650.7998,149178.6986,306936.8204,35438737.1484,8661.0541,1999,0.062305,3.675309,11.064002,0.025223,-4.649980,1910046059,59532.67,32084,32084
955,-317708.8090,83638.8892,259570.0708,31722151.9977,8182.6123,1996,0.062317,3.385479,11.603023,0.023078,-4.010552,1901809232,59375.87,32030,32030
956,-362488.8065,9065.8594,275669.0295,34059930.1892,8093.6463,1999,0.062990,3.608621,11.159269,0.024873,-4.446665,1886927216,59458.87,31735,31735
957,-383089.0621,74967.0595,301611.9375,35499316.9880,8496.2744,1997,0.062480,3.722918,10.727818,0.025545,-4.724421,1904803906,59595.89,31962,31962
958,-363906.7388,218979.6395,307203.4291,34160136.6112,8993.0387,1997,0.062171,3.631529,11.716986,0.025035,-4.509042,1909924521,59460.31,32121,32121
959,-382970.6931,72320.1057,298162.9252,35218421.0583,8466.1071,1998,0.061850,3.715794,13.282067,0.025571,-4.681376,1924164729,59564.29,32304,32304
96,-361969.1906,-3718.1010,275551.9058,34417881.7673,8006.0681,1998,0.062406,3.604355,10.400542,0.024664,-4.467051,1906831284,59558.70,32016,32016
960,-385694.7037,58325.6778,300991.3714,35807553.8221,8405.8066,1999,0.062137,3.746382,10.833245,0.025651,-4.750657,1914116338,59498.19,32171,32171
961,-362516.2488,-2749.0207,276617.7811,34043704.7587,8125.3725,1999,0.062406,3.610920,12.887358,0.024722,-4.480918,1907403696,59546.82,32032,32032
962,-325340.6911,-101735.8627,241142.6259,32391037.1283,7444.7331,1998,0.062346,3.410052,8.756855,0.023118,-4.099644,1909110463,59572.21,32047,32047
963,-365437.4277,46674.0704,284447.7969,34763648.6139,8182.3344,1997,0.062434,3.611277,11.148047,0.024796,-4.506262,1905030945,59558.27,31986,31986
964,-383622.4587,164808.7670,316058.7206,35893302.0644,8805.5069,1996,0.062700,3.760149,9.881143,0.025628,-4.763963,1896619682,59578.43,31834,31834
965,-375226.7595,153160.2961,304136.3634,34821631.6454,8734.1216,1999,0.062545,3.693548,11.991894,0.025398,-4.605361,1903674975,59562.43,31961,31961
966,-362534.5054,93798.1096,289104.1623,33949236.3596,8515.7781,1997,0.062432,3.651932,11.959575,0.024922,-4.480918,1902965761,59491.85,31987,31987
967,-347409.3516,-82975.5991,255562.4943,33418080.3770,7647.4319,1998,0.062276,3.505971,10.085655,0.024007,-4.305634,1907344444,59450.31,32083,32083
968,-397998.8208,-30285.9205,295343.0417,36532737.1282,8084.3393,1999,0.062824,3.818733,11.227549,0.026065,-4.853415,1896559459,59604.62,31819,31819
969,-318063.1312,100405.0874,258170.0764,30643811.3002,8424.8684,1997,0.062742,3.383502,11.883554,0.023176,-3.961749,1892553395,59460.03,31829,31829
97,-352150.4885,217171.5621,299395.9142,33785546.9231,8861.6566,1996,0.062202,3.579654,9.467760,0.024502,-4.383623,1909829175,59516.63,32089,32089
970,-384085.9675,177232.6873,315399.9743,35904096.3442,8784.5123,1998,0.062426,3.726140,12.639947,0.025658,-4.733434,1905393853,59532.40,32006,32006
971,-359498.3246,195785.4053,303292.8380,34362761.7132,8826.2067,1998,0.062477,3.608723,13.703106,0.024751,-4.488820,1903796754,59530.86,31980,31980
972,-409360.7642,30792.8235,313902.6026,37455064.5868,8380.7786,1996,0.062555,3.865670,15.030136,0.026448,-5.021272,1899964833,59545.09,31908,31908
973,-370453.8316,878.4488,283147.6558,34292832.0645,8256.7592,1996,0.062443,3.707133,11.566950,0.025158,-4.579465,1897862067,59373.13,31965,31965
974,-348793.7906,116834.4543,285121.3192,33663503.7508,8469.7458,1998,0.062856,3.540788,10.065645,0.024221,-4.360216,1893005814,59552.83,31787,31787
975,-349123.2964,45269.9196,272813.2003,33186816.1900,8220.5295,1997,0.062342,3.550865,9.909200,0.024353,-4.318660,1907151336,59537.08,32033,32033
976,-402947.0110,180706.3930,330569.2069,37183022.6146,8890.3264,1999,0.062586,3.825147,10.904435,0.026283,-4.970492,1902466932,59563.77,31940,31940
977,-350689.2066,111515.1381,284256.6042,33835437.5197,8401.1505,1997,0.062767,3.529062,11.996375,0.024316,-4.361152,1892767180,59491.05,31816,31816
978,-371152.2059,132593.2712,301142.0358,34793649.7160,8655.0862,1997,0.062604,3.678637,11.113788,0.025186,-4.593366,1897308482,59478.62,31899,31899
979,-417498.5776,18211.5075,316521.5634,37787821.0936,8376.2851,1998,0.062441,3.895123,11.526080,0.026715,-5.094456,1908482782,59643.81,31998,31998
98,-390849.2408,-18644.0107,291875.2166,35811175.0760,8150.3948,1997,0.062486,3.761488,11.199933,0.025792,-4.771387,1906441038,59652.71,31959,31959
980,-344397.8673,185157.5942,293046.1018,33946562.2479,8632.5708,1997,0.062274,3.510878,12.218330,0.024019,-4.339656,1909702470,59551.65,32068,32068
981,-383073.8866,165535.6945,313388.6269,35838447.2780,8744.4812,1999,0.061656,3.723711,12.204222,0.025531,-4.724828,1930291847,59536.48,32422,32422
982,-356359.7406,113544.8674,288620.5012,33708066.3894,8562.3571,1998,0.062645,3.589240,10.942942,0.024613,-4.427812,1897232853,59485.57,31894,31894
983,-379884.7145,76334.5793,298077.6892,35603382.6117,8372.1733,1998,0.062461,3.688978,13.215828,0.025425,-4.667516,1906255788,59592.84,31988,31988
984,-397092.8649,207543.5764,327217.0626,36469070.7510,8972.4541,1996,0.062665,3.797395,11.806903,0.026142,-4.865692,1898150291,59592.81,31852,31852
985,-355103.5326,-20276.6040,270570.9363,34467575.6574,7850.0136,1999,0.062684,3.548650,9.909576,0.024360,-4.415232,1898794438,59542.00,31890,31890
986,-349184.0879,-8828.5511,264456.9798,32626596.1119,8105.5645,1993,0.061818,3.560033,11.645658,0.024380,-4.299588,1918471100,59505.93,32240,32240
987,-330870.7017,7749.9713,257776.4893,32015734.6392,8051.5563,1999,0.062488,3.452702,11.567454,0.023625,-4.144613,1899667612,59383.17,31990,31990
988,-348192.6657,-73034.4590,260299.8965,34138971.3858,7624.7141,1996,0.062943,3.517098,10.245916,0.023991,-4.354952,1889957242,59599.42,31711,31711
989,-377319.9237,-33322.6183,282918.0769,35341209.8757,8005.3308,1998,0.062592,3.672148,12.758286,0.025254,-4.649606,1900581075,59540.15,31921,31921
99,-393321.4288,200731.1446,323268.5517,35995192.2306,8980.8814,1998,0.062492,3.795220,11.459777,0.026009,-4.816424,1901713609,59480.60,31972,31972
990,-386635.9379,164710.6533,316732.3727,36002479.3446,8797.5156,1997,0.062371,3.730623,12.337968,0.025763,-4.778989,1906928758,59558.02,32018,32018
991,-316863.7555,54358.3706,254826.2342,31708053.8677,8036.6406,1997,0.062906,3.358849,10.488930,0.022884,-3.995566,1890206550,59541.57,31746,31746
992,-368463.5547,85029.3633,291903.7994,34491210.0990,8463.1359,1998,0.062284,3.651022,14.823586,0.025004,-4.545753,1909649563,59529.59,32079,32079
993,-357909.0149,182963.0416,298675.7011,33937907.9865,8800.6515,1998,0.062375,3.600408,11.529829,0.024682,-4.445424,1907825620,59559.99,32032,32032
994,-330437.2497,1073.1030,255766.8840,32233019.7647,7934.9340,1997,0.062947,3.430517,9.653214,0.023473,-4.127958,1885976226,59447.64,31725,31725
995,-333064.2947,66090.3214,267316.6508,32636842.8517,8190.6406,1999,0.062220,3.441529,11.827939,0.023566,-4.176381,1911428295,59494.16,32128,32128
996,-389093.1338,113163.7923,309795.2646,36079949.4162,8586.3553,1998,0.062348,3.732163,11.016015,0.025818,-4.779946,1909637953,59590.52,32046,32046
997,-363989.3266,-1814.4112,278544.7520,34711103.6129,8024.6585,1999,0.062365,3.612766,10.101576,0.024730,-4.508711,1910552239,59606.03,32053,32053
998,-403014.4921,163093.4721,326113.1692,36652759.6272,8897.3701,1999,0.062299,3.860912,11.306784,0.026333,-4.940816,1910786667,59550.18,32087,32087
999,-382128.7730,5738.9481,290631.2847,35429848.2636,8203.0068,1997,0.062191,3.697504,13.323359,0.025511,-4.695161,1910338258,59491.71,32111,32111
