seed,user_pnl,arb_profit,lp_profit_value,total_volume,lp_profit_per_1m_vol,arb_trade_count,intervention_rate,avg_spread_pct,max_spread_pct,rmse_price,impermanent_loss_pct,total_compute_units,avg_cu_per_swap,total_swaps,successful_swaps
100,-1478803.7823,391730.8000,1146419.2591,143007289.8417,8016.5092,1999,0.015593,6.661832,19.810151,0.046335,-17.798337,7690562788,59989.73,128198,128198
1000,-1374085.9791,238611.8605,1054534.6686,137149005.8198,7688.9706,1999,0.015658,6.329354,19.942850,0.044134,-16.632800,7660016224,60000.44,127666,127666
1001,-1394126.8432,240002.5075,1067047.2769,139459181.5661,7651.3232,1999,0.015584,6.406386,19.765656,0.044464,-16.840983,7695505498,59993.18,128273,128273
1002,-1472163.7667,172551.7781,1104725.0308,142288729.1436,7763.9672,1999,0.015613,6.629247,22.327461,0.045893,-17.639027,7683823898,60015.34,128031,128031
1003,-1434226.5652,91975.3142,1061054.3404,139942983.8838,7582.0474,1999,0.015614,6.508727,18.700310,0.045131,-17.120951,7679415636,59982.78,128027,128027
1004,-1507714.7090,365205.9575,1153249.1833,144841275.7540,7962.1584,1999,0.015591,6.688529,19.941966,0.046783,-17.999253,7695039220,60018.56,128211,128211
1005,-1444446.8348,286211.4052,1100233.6063,141291618.5484,7786.9701,1999,0.015638,6.532632,19.810281,0.045530,-17.304019,7672750448,60022.14,127832,127832
1006,-1456992.1849,268197.3822,1099572.1984,141408909.9989,7775.8339,1998,0.015566,6.574283,23.807313,0.045767,-17.353370,7710417530,60070.57,128356,128356
1007,-1491064.2523,363681.0940,1145176.6495,144858570.0642,7905.4808,1999,0.015605,6.666785,23.180805,0.046388,-17.859010,7687507810,60012.71,128098,128098
1008,-1435903.7597,463179.1788,1135824.2180,142685914.9855,7960.3107,1998,0.015604,6.542043,19.103043,0.045401,-17.431099,7682254124,59995.58,128047,128047
1009,-1458545.0436,42027.1928,1065799.6293,140543255.8928,7583.4278,1999,0.015571,6.584148,19.143637,0.045556,-17.329848,7705995364,60025.36,128379,128379
101,-1449421.1877,459482.3947,1136346.4948,140994826.1879,8059.4907,1999,0.015674,6.595500,24.123777,0.045936,-17.471522,7651292832,59992.26,127538,127538
1010,-1425407.5068,442375.1206,1124186.9019,141317473.9483,7955.0453,1999,0.015600,6.512297,20.827814,0.045260,-17.291903,7694741038,60049.02,128141,128141
1011,-1423303.6313,158373.4449,1067762.6421,139878439.0119,7633.5041,1999,0.015563,6.482882,23.460611,0.044993,-17.064850,7710505070,60031.03,128442,128442
1012,-1424016.2866,338727.3443,1098475.5186,141402868.4588,7768.4104,1999,0.015635,6.463861,19.866176,0.045039,-17.138239,7680831902,60074.08,127856,127856
1013,-1473428.7520,328776.2369,1123756.8563,142841502.5470,7867.1593,1999,0.015606,6.630006,20.619854,0.046094,-17.599068,7690621722,60039.36,128093,128093
1014,-1529424.8418,330952.5018,1163042.8000,147006652.1417,7911.4978,1999,0.015648,6.766593,20.592904,0.046983,-18.241541,7664209241,59993.34,127751,127751
1015,-1430913.3752,470445.5058,1126253.9476,140706973.2637,8004.2511,1999,0.015638,6.532723,23.557842,0.045411,-17.276496,7674977823,60042.38,127826,127826
1016,-1466072.2194,393964.1683,1138431.5414,144095676.3289,7900.5253,1999,0.015554,6.612483,19.607498,0.045829,-17.659818,7711104451,59998.79,128521,128521
1017,-1432683.5738,491194.6887,1119547.2235,139396626.7298,8031.3796,1999,0.015653,6.522255,23.833301,0.045747,-17.148651,7670595892,60064.96,127705,127705
1018,-1425849.5289,367855.3357,1111735.0753,140731496.9097,7899.6891,1999,0.015604,6.493574,22.839492,0.045211,-17.267314,7684229566,59982.90,128107,128107
1019,-1420025.5382,180622.8332,1083314.0434,140829822.4052,7692.3625,1999,0.015576,6.468431,18.458489,0.044913,-17.229131,7709345220,60069.23,128341,128341
102,-1395918.3062,410091.0916,1090535.8450,138210406.5941,7890.4033,1999,0.015571,6.453422,20.277952,0.044896,-16.838201,7698794402,59970.20,128377,128377
1020,-1500978.8120,394200.4469,1152583.7972,147105258.6517,7835.0958,1999,0.015652,6.650468,18.301519,0.046512,-17.920718,7667697100,60038.50,127713,127713
1021,-1369445.1474,216272.9177,1047047.4098,137738031.5472,7601.7306,1999,0.015637,6.314709,19.278659,0.043951,-16.564749,7672317654,60017.82,127834,127834
1022,-1412206.3342,227577.9712,1074959.2013,139705382.0629,7694.4724,1999,0.015602,6.407728,23.691582,0.044747,-17.008050,7687893832,60002.61,128126,128126
1023,-1408750.4440,403841.4491,1099616.0513,140394872.6316,7832.3092,1999,0.015623,6.440244,21.992205,0.044738,-16.998232,7670893174,59949.93,127955,127955
1024,-1489673.3586,334247.0094,1132869.3373,143530389.6305,7892.8883,1999,0.015594,6.645124,24.274658,0.046416,-17.744971,7697914672,60048.95,128194,128194
1025,-1384659.7152,323112.9536,1067171.1874,138658623.2385,7696.3925,1999,0.015626,6.362926,18.842406,0.044474,-16.664326,7683492982,60062.01,127926,127926
1026,-1457305.7746,292655.6928,1118778.2639,143489959.6870,7796.9097,1999,0.015616,6.587950,22.010825,0.045539,-17.569771,7680357831,59999.98,128006,128006
1027,-1386101.4744,372955.0328,1075573.0233,139038951.7436,7735.7676,1999,0.015605,6.364372,20.081907,0.044374,-16.685719,7697086008,60085.60,128102,128102
1028,-1503175.8552,418018.3583,1159450.8887,145552240.2845,7965.8746,1999,0.015601,6.678070,21.051857,0.046552,-17.971710,7692674550,60037.58,128131,128131
1029,-1486882.9172,130047.3966,1102749.6604,143378313.3889,7691.1887,1999,0.015640,6.629626,24.743624,0.046162,-17.722632,7675489455,60053.90,127810,127810
103,-1346608.8394,488708.7036,1075218.4306,135666400.6685,7925.4585,1999,0.015599,6.320249,17.754821,0.043925,-16.381821,7692694159,60030.23,128147,128147
1030,-1451840.3549,295708.7369,1106114.7475,143560404.6644,7704.8734,1999,0.015557,6.508641,20.491325,0.045493,-17.379643,7722106553,60096.55,128495,128495
1031,-1427067.7446,444640.5189,1122650.0738,140927088.3737,7966.1766,1999,0.015625,6.529430,22.594250,0.045279,-17.270051,7679338089,60024.84,127936,127936
1032,-1430020.0434,247086.8333,1088168.9922,140579056.9457,7740.6195,1999,0.015557,6.491024,21.569246,0.045109,-17.186054,7713991580,60032.93,128496,128496
1033,-1391350.5784,275743.5098,1067363.7442,138798058.6104,7690.0481,1999,0.015568,6.386188,18.575048,0.044330,-16.770312,7703342382,59993.94,128402,128402
1034,-1402251.6909,412906.4697,1092303.6117,139427018.9193,7834.2320,1999,0.015640,6.439337,23.006556,0.044946,-16.868758,7664079342,59961.35,127817,127817
1035,-1487602.1559,283055.0940,1129179.7908,142986154.0438,7897.1268,1999,0.015639,6.640887,22.764316,0.046348,-17.789883,7669337521,59999.20,127824,127824
1036,-1490387.5262,368656.3697,1142857.2870,145384842.2100,7860.9109,1999,0.015643,6.655513,19.181427,0.046272,-17.816809,7675456534,60063.52,127789,127789
1037,-1476034.6663,276772.9345,1123134.5246,144546707.1727,7770.0457,1999,0.015571,6.621076,22.411992,0.045870,-17.696559,7701979278,59995.48,128376,128376
1038,-1458370.0386,317759.1289,1117823.3193,141551254.1926,7896.9510,1999,0.015549,6.614256,22.265837,0.045921,-17.510416,7712566712,59991.96,128560,128560
1039,-1463201.4857,120323.9157,1087284.0336,141946783.4302,7659.8004,1999,0.015649,6.593551,21.418572,0.045600,-17.482897,7667020083,60020.51,127740,127740
104,-1470748.8835,229084.6568,1105863.1449,141884133.7250,7794.1283,1999,0.015645,6.635515,20.900016,0.045983,-17.541925,7660739807,59955.39,127774,127774
1040,-1513947.9978,405847.8111,1168838.6000,145578900.1342,8028.9012,1999,0.015596,6.700370,22.251513,0.046901,-18.144945,7694192933,60031.15,128170,128170
1041,-1467253.5666,424957.8675,1143245.0704,143453273.9858,7969.4596,1999,0.015670,6.588107,21.720933,0.046049,-17.667254,7651799782,59982.60,127567,127567
105,-1430169.2756,591537.4725,1139960.1438,140524517.6052,8112.1797,1999,0.015617,6.542342,22.182648,0.045687,-17.228646,7679440367,59995.16,128001,128001
106,-1359498.5132,270083.2423,1049248.6329,135561164.2576,7740.0385,1999,0.015556,6.328777,22.585305,0.044018,-16.472141,7711580502,60009.50,128506,128506
107,-1390417.5380,226392.7538,1053812.2384,136491738.3289,7720.7035,1999,0.015600,6.446920,18.488384,0.044574,-16.677863,7680622543,59940.71,128137,128137
108,-1524544.1947,435056.1298,1191975.8802,148462058.2435,8028.8250,1999,0.015602,6.727975,22.886827,0.046907,-18.425188,7690643523,60023.60,128127,128127
109,-1458850.7490,246856.4266,1103374.1042,142347050.7922,7751.2959,1999,0.015630,6.560261,22.108129,0.045643,-17.450128,7676485406,60020.84,127897,127897
110,-1498289.4432,296697.4223,1140852.7659,144927313.6337,7871.8962,1999,0.015626,6.694971,20.083533,0.046459,-17.944086,7684724076,60072.11,127925,127925
111,-1475213.7513,233937.4609,1109095.1008,142646461.4900,7775.1322,1999,0.015612,6.654802,19.409120,0.046042,-17.585329,7679160225,59974.23,128041,128041
112,-1434470.8671,251646.0940,1094962.2634,140231492.6781,7808.2479,1999,0.015671,6.540840,18.600222,0.045435,-17.279449,7656900209,60025.40,127561,127561
113,-1477727.1157,405999.8499,1147128.7132,143697227.7578,7982.9565,1999,0.015597,6.643036,21.199609,0.046413,-17.778468,7693455043,60028.21,128164,128164
114,-1398526.4577,543596.8475,1114147.3738,138580127.2950,8039.7341,1999,0.015598,6.412136,18.065573,0.044963,-16.907994,7685866490,59972.27,128157,128157
115,-1428844.3625,281800.5308,1093507.3851,140273924.7133,7795.5143,1999,0.015560,6.517915,21.994967,0.045289,-17.189459,7711001773,60023.21,128467,128467
116,-1398930.4779,80760.5479,1037030.1030,137518273.9708,7541.0349,1999,0.015637,6.388363,21.332720,0.044491,-16.743665,7668777579,59987.31,127840,127840
117,-1563953.8078,317256.7707,1181811.4233,147437619.7336,8015.6708,1999,0.015602,6.824339,21.526377,0.047783,-18.592228,7689505410,60015.18,128126,128126
118,-1461629.9561,248086.9163,1108626.1468,142361957.9277,7787.3764,1999,0.015661,6.575220,19.915715,0.045746,-17.525509,7658376287,59997.46,127645,127645
119,-1487696.9794,474571.4591,1168345.0987,144290006.9835,8097.2004,1999,0.015619,6.696571,22.016938,0.046416,-17.953915,7675431099,59971.80,127984,127984
120,-1530525.5531,317778.4113,1156459.1286,145295082.0249,7959.3825,1999,0.015662,6.801983,21.594887,0.047221,-18.179201,7660364612,60017.74,127635,127635
121,-1498473.4272,276429.5498,1138169.6997,145255757.9623,7835.6254,1999,0.015577,6.691481,27.775528,0.046484,-17.947667,7704226252,60035.43,128328,128328
122,-1446301.4155,287686.3133,1103944.6340,141030609.6435,7827.6953,1999,0.015597,6.538181,19.243511,0.045497,-17.354730,7693532506,60026.47,128169,128169
123,-1396339.4905,347553.7267,1081737.4186,137186111.0192,7885.1817,1999,0.015604,6.428161,20.981788,0.044795,-16.839000,7691615545,60041.49,128105,128105
124,-1411473.2474,318642.1691,1084473.5258,139270769.6936,7786.7993,1999,0.015641,6.439653,23.115543,0.044958,-16.961326,7672479045,60032.70,127805,127805
125,-1397748.5112,450480.7451,1099570.7132,137341848.5415,8006.0865,1999,0.015624,6.453923,18.894431,0.044959,-16.886898,7678193314,60011.67,127945,127945
126,-1508924.7511,484318.7810,1181148.0095,146189283.5980,8079.5800,1999,0.015628,6.712083,18.394826,0.046840,-18.151950,7677227767,60019.61,127912,127912
127,-1568053.6434,490122.7990,1215907.6982,149867453.4175,8113.2205,1999,0.015606,6.846089,23.826791,0.047842,-18.729800,7684838776,59994.21,128093,128093
128,-1416884.2330,392994.7029,1100187.1315,138245343.9536,7958.2220,1999,0.015604,6.506999,19.406346,0.045268,-17.043138,7683559208,59976.26,128110,128110
129,-1361411.4890,309450.2270,1055826.1772,134222759.0598,7866.2232,1999,0.015632,6.365272,19.972895,0.044179,-16.490604,7672926082,60000.99,127880,127880
130,-1490312.7364,225161.3283,1119642.9380,143250961.9161,7815.9541,1999,0.015624,6.637248,22.240928,0.046292,-17.776130,7677871709,60009.16,127945,127945
131,-1426434.3179,321640.8550,1093185.4777,138802223.9574,7875.8499,1998,0.015593,6.516420,21.677167,0.045334,-17.103779,7687828580,59997.41,128136,128136
132,-1397669.0634,304212.3499,1067469.7533,136860325.9025,7799.7020,1999,0.015565,6.442497,21.413618,0.044794,-16.729817,7705310328,59996.19,128430,128430
133,-1333259.2894,374130.6806,1046710.1203,132847986.0751,7879.0063,1999,0.015645,6.263269,23.335566,0.043716,-16.186785,7669014588,60019.21,127776,127776
134,-1451830.8870,436880.0691,1138032.7136,142034359.7183,8012.3761,1999,0.015591,6.531659,19.703802,0.045790,-17.543305,7692489252,59998.67,128211,128211
135,-1450668.5370,284274.4626,1104013.1474,141139617.5232,7822.1350,1999,0.015640,6.547970,24.340089,0.045644,-17.371329,7673897934,60040.51,127812,127812
136,-1535214.0074,392863.3212,1174350.1602,147852124.5707,7942.7344,1999,0.015625,6.759953,25.612839,0.047121,-18.287114,7683281754,60057.07,127933,127933
137,-1438049.3148,328646.8392,1108147.7014,141819349.0228,7813.7977,1999,0.015617,6.548356,21.174032,0.045404,-17.317476,7685532441,60041.81,128003,128003
138,-1477080.1944,385914.0811,1139302.7409,142314256.2691,8005.5419,1999,0.015563,6.653473,19.927340,0.046402,-17.709055,7710378323,60029.10,128444,128444
139,-1534781.5951,275429.9260,1151730.4390,146495551.9946,7861.8799,1999,0.015637,6.791467,21.406865,0.046971,-18.204328,7682996281,60099.47,127838,127838
140,-1421231.4599,257015.4036,1083106.8373,139420632.7675,7768.6266,1999,0.015577,6.498947,19.725634,0.044992,-17.079943,7702354282,60021.31,128327,128327
141,-1369215.2440,213968.6713,1045254.5672,135747460.5046,7699.9935,1999,0.015644,6.352714,21.182600,0.044144,-16.544241,7667685080,60005.99,127782,127782
142,-1446968.9014,308522.4293,1106804.1271,140729250.9880,7864.7766,1999,0.015676,6.587864,21.745092,0.045623,-17.354948,7651652574,60002.14,127523,127523
143,-1492210.8798,370033.1642,1145150.5044,144147220.3754,7944.3121,1999,0.015604,6.647917,21.290995,0.046329,-17.847554,7695092531,60066.29,128110,128110
144,-1430673.0856,287852.4067,1086585.7602,138435276.1600,7849.0526,1999,0.015690,6.495639,18.505535,0.045490,-17.086458,7650694580,60050.19,127405,127405
145,-1386952.5047,241648.2941,1061164.2030,138470134.6331,7663.4879,1999,0.015618,6.413516,18.676884,0.044268,-16.742477,7682022225,60020.49,127990,127990
146,-1470434.2987,346000.5937,1133596.3355,142807612.7118,7937.9265,1999,0.015604,6.610632,22.546850,0.046014,-17.694983,7687154947,60006.21,128106,128106
147,-1479825.3686,438783.6673,1154622.0194,144198242.7672,8007.1851,1999,0.015599,6.659237,18.833302,0.046299,-17.821136,7694326080,60040.62,128152,128152
148,-1469431.5040,344054.3639,1124932.7376,142897089.6788,7872.3278,1999,0.015591,6.603432,17.864952,0.046027,-17.578057,7688872949,59969.99,128212,128212
149,-1435920.8841,379919.5782,1109535.7379,141062942.9777,7865.5366,1999,0.015609,6.531713,28.462909,0.045555,-17.233320,7692006977,60060.49,128071,128071
150,-1463787.0098,272134.0861,1108392.4957,141911287.7820,7810.4604,1999,0.015611,6.642004,22.559805,0.045940,-17.480268,7690832957,60060.23,128052,128052
151,-1518056.3364,261339.0401,1135283.2576,144529966.6376,7855.0026,1999,0.015574,6.681284,22.631773,0.046961,-17.974574,7698189220,59977.17,128352,128352
152,-1362640.4010,352238.9934,1059734.7357,134928650.1670,7854.0379,1999,0.015620,6.350380,22.614704,0.044242,-16.464029,7667760908,59916.08,127975,127975
153,-1462749.9602,264894.6679,1113292.5943,142124187.0550,7833.2381,1999,0.015606,6.601695,22.975523,0.045810,-17.558839,7692458823,60055.58,128089,128089
154,-1366347.1931,515485.9810,1091506.7958,136999408.7897,7967.2373,1999,0.015627,6.317806,21.906792,0.044480,-16.591256,7678662105,60027.53,127919,127919
155,-1465050.3730,614703.1744,1170334.1296,143443708.4064,8158.8390,1999,0.015640,6.620332,25.620564,0.046320,-17.665693,7678176289,60072.58,127815,127815
156,-1483196.0971,340067.7585,1135650.0977,143818145.1905,7896.4313,1999,0.015615,6.631555,20.724589,0.046187,-17.759088,7686725504,60045.51,128015,128015
157,-1555047.3619,460832.0832,1197385.4874,146720739.1540,8160.9832,1999,0.015596,6.820561,20.845440,0.047688,-18.508007,7692750170,60018.02,128174,128174
158,-1343203.1178,405977.4609,1052837.0666,134996505.9428,7798.9949,1999,0.015587,6.286856,20.410642,0.043935,-16.228976,7697086986,60018.14,128246,128246
159,-1461778.3563,326734.1081,1111000.7293,141917410.7666,7828.5020,1999,0.015626,6.575715,22.598701,0.045845,-17.406078,7682579633,60055.81,127924,127924
160,-1508261.8276,602174.6598,1194371.9996,146045356.6755,8178.0895,1999,0.015615,6.766904,20.456105,0.047001,-18.101728,7685705878,60035.20,128020,128020
161,-1338843.6315,389830.5982,1050292.2159,133068669.4099,7892.8588,1999,0.015564,6.305388,21.452751,0.043911,-16.216024,7710146424,60030.57,128437,128437
162,-1487008.6042,386319.8837,1145203.4140,143813120.8403,7963.1358,1999,0.015630,6.627263,22.928408,0.046337,-17.807394,7678277963,60034.39,127898,127898
163,-1433374.0741,229123.1734,1081090.8661,139468969.8452,7751.4795,1999,0.015633,6.515402,20.038141,0.045394,-17.129615,7673835400,60011.38,127873,127873
164,-1511513.7252,128302.5311,1116023.8342,146115043.3285,7637.9804,1999,0.015580,6.714600,21.746202,0.046384,-17.955248,7710700690,60097.59,128303,128303
165,-1467783.9910,547100.3929,1162410.1900,144244002.2577,8058.6379,1999,0.015639,6.603006,23.280901,0.046169,-17.694095,7676197699,60052.87,127824,127824
166,-1471738.4937,375728.5963,1126841.6747,142861820.8094,7887.6334,1999,0.015623,6.623565,18.449491,0.046203,-17.547973,7671821242,59959.53,127950,127950
167,-1430902.3543,326954.1447,1105561.7902,140054877.6693,7893.7757,1999,0.015642,6.501199,18.273813,0.045279,-17.271251,7664774862,59975.70,127798,127798
168,-1394920.8798,379292.0353,1092700.4329,138887827.0402,7867.5033,1999,0.015639,6.438762,20.069975,0.044788,-16.925239,7671656385,60020.16,127818,127818
169,-1320410.2761,452044.0053,1045776.2943,132417340.5793,7897.5781,1999,0.015603,6.241910,20.075225,0.043557,-15.999674,7680567048,59949.16,128118,128118
170,-1306506.1417,215334.2751,995738.7972,130145970.7357,7650.9383,1999,0.015558,6.200166,23.033651,0.042972,-15.741053,7704769512,59963.96,128490,128490
171,-1455865.4921,348013.3573,1111045.5516,141324902.8762,7861.6403,1999,0.015625,6.617720,20.594269,0.045839,-17.354086,7686104895,60079.14,127933,127933
172,-1406718.5702,127575.6034,1048258.5969,137998644.6731,7596.1514,1998,0.015557,6.418278,21.498031,0.044516,-16.822127,7706090112,60003.19,128428,128428
173,-1426720.4053,368517.1744,1100599.5563,138468635.3444,7948.3672,1999,0.015614,6.498505,24.084891,0.045403,-17.114976,7688806927,60056.61,128026,128026
174,-1431487.7009,367894.1604,1104751.8538,140649145.3909,7854.6645,1999,0.015574,6.503946,19.473876,0.045388,-17.182089,7706555762,60039.08,128359,128359
175,-1479975.6640,379014.4725,1142071.3392,142989204.3665,7987.1158,1999,0.015621,6.631820,19.899536,0.046196,-17.765109,7673851377,59965.55,127971,127971
176,-1300057.1852,331932.1088,1014640.1773,131595532.0376,7710.2935,1999,0.015653,6.178307,19.930260,0.042927,-15.764564,7658961988,59971.04,127711,127711
177,-1421893.8939,344530.9349,1093091.6883,140095386.4287,7802.4817,1999,0.015569,6.485816,20.067304,0.045148,-17.049598,7697532191,59950.56,128398,128398
178,-1445346.6545,202241.0294,1095406.3234,143033812.3291,7658.3733,1999,0.015616,6.567823,17.126120,0.045185,-17.400765,7683480067,60023.44,128008,128008
179,-1489060.1468,272758.0418,1129213.1740,143809765.7027,7852.1314,1999,0.015584,6.665724,25.575155,0.046266,-17.812750,7697213375,60007.43,128271,128271
180,-1416373.7906,177469.5091,1074072.3641,140517686.1641,7643.6810,1999,0.015597,6.447156,21.878991,0.044752,-17.100165,7692633710,60019.92,128168,128168
181,-1478875.7293,269765.9274,1118537.4790,142701281.5871,7838.3142,1999,0.015627,6.641849,21.734996,0.046206,-17.653286,7674304245,59993.47,127919,127919
182,-1453513.6365,290723.3415,1110543.8116,142594631.4694,7788.1180,1999,0.015593,6.563400,25.349414,0.045544,-17.453397,7699082622,60055.72,128199,128199
183,-1383780.0351,316000.7830,1063960.6214,136563671.9243,7790.9491,1997,0.015542,6.402345,19.004075,0.044550,-16.632241,7711878030,60020.69,128487,128487
184,-1408490.2239,296280.5180,1078284.4685,138487856.7179,7786.1301,1999,0.015637,6.458909,21.158503,0.044953,-16.914140,7669423952,59994.24,127836,127836
185,-1410573.8239,251432.3390,1075432.3932,140413064.8856,7659.0622,1999,0.015571,6.419640,18.636596,0.044731,-16.965248,7705119638,60018.54,128379,128379
186,-1472991.8513,367524.8650,1143152.6795,142531952.6763,8020.3257,1999,0.015621,6.667114,19.312982,0.046180,-17.788807,7679911898,60012.44,127972,127972
187,-1464998.7325,341092.2727,1119073.2135,141872592.6993,7887.8746,1999,0.015626,6.640827,26.113449,0.046031,-17.495213,7678023598,60019.26,127926,127926
188,-1536062.8015,304138.7727,1164315.1125,147583201.1754,7889.2117,1999,0.015690,6.728159,19.961595,0.047088,-18.323935,7655271254,60087.06,127403,127403
189,-1450838.1430,454504.5887,1128716.6582,141450758.9935,7979.5730,1999,0.015636,6.537493,22.069060,0.045943,-17.380325,7676411589,60042.33,127850,127850
190,-1499142.9334,202105.0379,1119665.8373,143601107.2384,7797.0557,1999,0.015621,6.674535,22.249663,0.046469,-17.838725,7676221308,59985.94,127967,127967
191,-1512003.1577,214951.4375,1135458.5667,145432032.9685,7807.4860,1999,0.015574,6.717702,20.905120,0.046549,-18.055091,7705457429,60032.39,128355,128355
192,-1420161.4082,402512.2190,1109337.3201,140256204.8423,7909.3636,1999,0.015574,6.496331,22.182919,0.045168,-17.156260,7699637935,59985.18,128359,128359
193,-1510395.3722,346333.3984,1157905.3817,145372168.4907,7965.1105,1999,0.015605,6.699683,19.658474,0.046731,-18.104377,7687901927,60013.91,128102,128102
194,-1441098.0685,313155.4169,1100958.4691,139922219.0002,7868.3606,1999,0.015636,6.546140,25.067274,0.045589,-17.255001,7668285736,59979.71,127848,127848
195,-1488664.6604,597850.1553,1180126.7648,143586171.5555,8218.9444,1999,0.015578,6.684797,21.932573,0.046657,-17.876759,7699611204,60000.40,128326,128326
196,-1393655.6479,522172.2322,1106372.0711,138318309.8433,7998.7391,1999,0.015662,6.481007,18.876524,0.045023,-16.834450,7658450190,60004.62,127631,127631
197,-1476220.6610,276842.6458,1123253.4036,142397518.3104,7888.1529,1999,0.015630,6.627713,19.366473,0.046144,-17.698778,7671345757,59979.72,127899,127899
198,-1445353.5176,259045.6421,1100248.0802,140797084.4212,7814.4237,1999,0.015674,6.533232,21.446701,0.045521,-17.357801,7653763763,60013.52,127534,127534
199,-1456268.1644,231888.9863,1101555.5895,142840246.7753,7711.8012,1999,0.015632,6.564928,21.019355,0.045601,-17.448929,7672547372,59997.09,127882,127882
200,-1367743.7549,260608.2048,1048759.3445,135352357.1770,7748.3641,1999,0.015620,6.361891,22.827467,0.044271,-16.499491,7676377464,59982.48,127977,127977
201,-1516040.2949,466975.7450,1175074.5036,145607424.2825,8070.1551,1999,0.015599,6.715287,20.738904,0.047002,-18.115710,7694678521,60045.72,128147,128147
202,-1486439.9475,401150.4590,1149622.6581,145222067.7505,7916.3083,1999,0.015584,6.679788,20.931078,0.046289,-17.838444,7707361332,60085.61,128273,128273
203,-1478356.7159,277646.7359,1127717.6921,144668469.1652,7795.1865,1999,0.015613,6.639409,22.056164,0.045961,-17.762082,7680504984,59987.54,128035,128035
204,-1394683.1617,242655.8537,1064594.2688,138313576.9241,7696.9614,1998,0.015616,6.432277,19.469546,0.044594,-16.803507,7681125485,60035.06,127944,127944
205,-1474186.2567,431084.4065,1144194.3832,142844894.2111,8010.0475,1999,0.015584,6.612357,24.786606,0.046187,-17.682275,7691145521,59957.79,128276,128276
206,-1458576.5876,281687.2177,1107445.3349,142083474.8595,7794.3289,1999,0.015571,6.567579,19.351923,0.045833,-17.438796,7714043728,60086.18,128383,128383
207,-1356582.6277,235261.8737,1034668.7521,135650513.1562,7627.4592,1998,0.015589,6.280474,23.000933,0.043807,-16.333071,7693319864,60027.15,128164,128164
208,-1493079.7454,157347.9424,1108155.0203,142861613.9720,7756.8424,1999,0.015618,6.693835,21.653717,0.046332,-17.755212,7679111345,59994.93,127996,127996
209,-1431104.2511,191987.0505,1073239.9940,138803685.2813,7732.0713,1998,0.015625,6.499036,22.232303,0.045332,-17.090003,7669730665,59979.28,127873,127873
210,-1495266.4696,345624.5469,1145262.6576,146127809.1854,7837.4039,1999,0.015589,6.677383,20.700562,0.046349,-17.903251,7704684881,60084.89,128230,128230
211,-1486709.6361,226984.9843,1127194.4702,145487501.4108,7747.7066,1999,0.015588,6.651007,19.264993,0.046007,-17.869285,7697920113,60028.39,128238,128238
212,-1496084.9716,292087.0431,1138655.4601,144713067.3391,7868.3666,1999,0.015652,6.682329,22.652772,0.046304,-17.918250,7655599176,59941.43,127718,127718
213,-1488226.5209,352926.0944,1138953.7746,144383365.1924,7888.4003,1999,0.015632,6.667440,20.009071,0.046324,-17.789797,7678907322,60049.64,127876,127876
214,-1441053.2501,188124.7745,1084964.5388,142825525.1968,7596.4330,1999,0.015622,6.519297,20.016648,0.045049,-17.276879,7683191865,60041.82,127964,127964
215,-1414072.9291,535452.8897,1120716.9784,139048824.4338,8059.8810,1999,0.015636,6.497041,20.701780,0.045333,-17.042913,7675813911,60038.59,127848,127848
216,-1440788.6116,268124.3159,1100012.6563,140207825.7901,7845.5867,1999,0.015587,6.571975,19.617104,0.045533,-17.328190,7685740149,59929.20,128247,128247
217,-1464386.2648,357218.0808,1131956.7105,143593408.0066,7883.0688,1999,0.015670,6.566689,19.702099,0.045819,-17.639105,7653704952,59996.59,127569,127569
218,-1309691.4119,252786.6933,1015432.3806,132442270.3830,7666.9811,1999,0.015628,6.229875,19.388222,0.042984,-15.945599,7672869738,59987.41,127908,127908
219,-1442786.8462,385650.8523,1117222.5549,142637168.9635,7832.6187,1999,0.015624,6.512242,17.681498,0.045592,-17.341517,7681505874,60037.09,127946,127946
220,-1418777.5028,330564.1560,1098076.1805,140512377.4388,7814.8004,1999,0.015545,6.468576,20.727915,0.045027,-17.139028,7719066819,60025.71,128596,128596
221,-1547413.9662,337101.9778,1179870.6290,147629987.6156,7992.0797,1999,0.015604,6.820379,27.607058,0.047317,-18.494852,7687725367,60009.72,128108,128108
222,-1485777.6146,227476.7820,1118354.7913,144419055.8635,7743.8174,1999,0.015573,6.672426,18.902490,0.046042,-17.745161,7702340313,60003.43,128365,128365
223,-1440153.0673,352144.7401,1110910.7145,140002615.1715,7934.9283,1999,0.015604,6.585976,22.819369,0.045633,-17.313781,7685449360,59990.55,128111,128111
224,-1527286.5905,181230.4309,1137020.3464,145801244.6953,7798.4269,1999,0.015571,6.718876,20.390823,0.046843,-18.171648,7704920390,60016.52,128380,128380
225,-1521740.2540,326773.1264,1156093.4124,145882992.8487,7924.7991,1999,0.015633,6.733740,23.617148,0.046897,-18.139685,7678530280,60050.91,127867,127867
226,-1529741.1904,390740.0479,1170525.6362,146683190.0980,7979.9576,1999,0.015604,6.762398,19.969117,0.047244,-18.228851,7685261368,59990.96,128107,128107
227,-1482617.5280,54017.6676,1092551.3142,144028729.6271,7585.6485,1999,0.015581,6.646280,21.687732,0.045758,-17.720715,7693806791,59967.32,128300,128300
228,-1453480.4870,404467.9305,1126305.0888,141079789.6215,7983.4616,1999,0.015680,6.564136,24.031515,0.045901,-17.449412,7653183775,60030.15,127489,127489
229,-1527947.2039,190999.3803,1142509.5115,147081135.3356,7767.8861,1999,0.015572,6.753180,23.862217,0.046576,-18.228239,7706519171,60033.65,128370,128370
230,-1366905.6837,170655.8511,1031827.5156,135250334.0758,7629.0201,1999,0.015587,6.359901,22.222480,0.044057,-16.438409,7687699931,59944.95,128246,128246
231,-1375489.0079,401788.5144,1082278.7457,135691470.9237,7976.0263,1999,0.015584,6.403928,19.578766,0.044571,-16.701512,7697247910,60008.64,128269,128269
232,-1425727.5356,453702.4282,1121612.8241,138760120.8033,8083.1064,1999,0.015620,6.523895,19.202494,0.045599,-17.236052,7678138023,59997.17,127975,127975
233,-1429096.1588,395443.3085,1104367.9112,140094315.6152,7883.0316,1999,0.015636,6.490777,28.337457,0.045394,-17.119443,7667511778,59976.47,127842,127842
234,-1419376.9559,266098.4873,1084566.0809,140237331.7665,7733.7900,1999,0.015607,6.443728,19.961487,0.044967,-17.079452,7684904329,59998.94,128084,128084
235,-1477331.7860,363245.3583,1130567.6830,144080544.8455,7846.7755,1999,0.015628,6.635092,17.791036,0.046070,-17.632871,7680267110,60043.37,127912,127912
236,-1466489.4215,351898.9912,1123370.0551,142755053.9625,7869.2139,1998,0.015585,6.605279,19.072502,0.045917,-17.535771,7703301694,60088.63,128199,128199
237,-1515616.6909,166178.1486,1123894.0014,143813772.9355,7814.9261,1999,0.015658,6.716186,22.592664,0.046724,-17.998117,7655612515,59964.07,127670,127670
238,-1450418.4351,464642.2784,1141012.5194,141958506.0367,8037.6481,1998,0.015621,6.580978,21.958768,0.045815,-17.527727,7676467688,60017.42,127904,127904
239,-1529410.5526,235899.5172,1151934.4817,146753393.3606,7849.4572,1999,0.015597,6.786202,22.554358,0.046843,-18.273866,7691528270,60011.30,128168,128168
240,-1344680.6996,238845.4437,1032098.7394,133160216.6468,7750.8040,1999,0.015672,6.364601,19.702993,0.043874,-16.268389,7653307232,60001.94,127551,127551
241,-1507352.6337,306887.6555,1140094.9322,143598023.8182,7939.4890,1999,0.015646,6.700697,22.875367,0.046828,-17.931493,7662932248,59976.30,127766,127766
242,-1497883.4276,367240.5411,1155548.4134,144834951.1222,7978.3809,1999,0.015621,6.679595,21.945190,0.046550,-18.007364,7678959434,60006.40,127969,127969
243,-1489705.3335,329123.5181,1144869.3839,144759936.8463,7908.7447,1999,0.015653,6.664181,20.862660,0.046289,-17.919264,7665089198,60019.96,127709,127709
244,-1536739.4594,347037.8576,1173779.2804,147715600.0566,7946.2107,1999,0.015625,6.775520,23.573975,0.047065,-18.371276,7680929401,60036.81,127937,127937
245,-1536161.2956,416502.0508,1176669.0014,147001982.2834,8004.4431,1999,0.015648,6.797134,19.890995,0.047312,-18.274566,7671575719,60051.47,127750,127750
246,-1540194.8075,324000.8156,1158635.9914,147292727.2105,7866.2132,1999,0.015617,6.806306,20.661774,0.047191,-18.215755,7686183735,60045.96,128005,128005
247,-1389018.0956,257554.0805,1059206.6614,137059851.6049,7728.0593,1999,0.015605,6.375022,20.556241,0.044539,-16.689034,7686895707,60007.46,128099,128099
248,-1454375.8295,526364.3112,1142824.4132,141296773.2130,8088.1140,1999,0.015633,6.594187,23.611018,0.046037,-17.440762,7672887752,60006.79,127867,127867
249,-1434211.5117,389689.0839,1114975.7454,140786827.2024,7919.6028,1999,0.015569,6.546612,22.143884,0.045604,-17.285635,7709687142,60046.16,128396,128396
250,-1429359.9253,225847.1926,1084036.7967,140004122.6791,7742.8920,1998,0.015624,6.508900,19.191971,0.045242,-17.168761,7668717607,59969.48,127877,127877
251,-1525675.7823,441374.6266,1178827.3237,146190390.0628,8063.6444,1999,0.015681,6.812013,21.936692,0.047140,-18.235713,7655897249,60055.20,127481,127481
252,-1487985.6214,315523.9841,1138713.6485,144262872.4139,7893.3244,1999,0.015624,6.636014,19.292944,0.046350,-17.858109,7675348431,59990.84,127942,127942
253,-1393753.4196,366110.0067,1078100.2836,139017496.7796,7755.1410,1999,0.015560,6.395210,21.321265,0.044638,-16.748464,7708390637,60000.55,128472,128472
254,-1419732.8032,520864.3409,1124521.8275,140464703.0254,8005.7253,1999,0.015650,6.506969,19.871054,0.045217,-17.133760,7663103430,59995.02,127729,127729
255,-1333545.4139,439722.9444,1057772.5272,132915095.0767,7958.2573,1999,0.015628,6.314540,21.569273,0.043782,-16.212598,7671643859,59974.54,127915,127915
256,-1412559.2532,335368.8102,1087703.1811,139668506.1318,7787.7484,1999,0.015641,6.469966,21.084934,0.044993,-16.975112,7674933971,60052.85,127803,127803
257,-1424041.4628,294686.3414,1099043.2420,140214352.6300,7838.3077,1999,0.015595,6.492546,18.523311,0.045178,-17.231779,7694535594,60029.61,128179,128179
258,-1475549.0768,324983.0663,1121222.1771,142002530.6634,7895.7901,1999,0.015659,6.674951,23.754498,0.046194,-17.576114,7661621605,60014.90,127662,127662
259,-1472463.3010,343558.5624,1126944.6007,142764142.6863,7893.7510,1999,0.015603,6.576576,19.122793,0.046105,-17.612793,7683585420,59975.06,128113,128113
260,-1375773.6273,407073.7758,1074118.2812,136876512.9666,7847.3528,1998,0.015578,6.368562,18.177203,0.044396,-16.580016,7694371696,59990.42,128260,128260
261,-1383743.2893,265528.0998,1060155.5883,136774693.3810,7751.1092,1999,0.015578,6.381553,21.873057,0.044314,-16.676584,7692896529,59951.34,128319,128319
262,-1430100.9439,313315.9423,1097741.9512,139512803.8113,7868.3957,1999,0.015622,6.518252,19.319287,0.045349,-17.189226,7677969433,60003.82,127958,127958
263,-1489957.0551,201059.1960,1117745.9760,144052088.4456,7759.3181,1999,0.015618,6.643203,22.588956,0.046178,-17.796012,7680392692,60004.47,127997,127997
264,-1462794.8060,268265.1112,1109294.1850,140556385.2117,7892.1650,1999,0.015590,6.600519,25.533259,0.045929,-17.498055,7697086775,60029.38,128222,128222
265,-1456193.8806,126382.0175,1082261.4558,140359928.9666,7710.6156,1999,0.015612,6.573922,20.000245,0.045554,-17.387947,7683754299,60010.58,128040,128040
266,-1476564.7169,18445.1982,1074404.2705,143506887.5795,7486.7784,1999,0.015638,6.581742,19.187138,0.045636,-17.527524,7674031896,60033.11,127830,127830
267,-1406459.6184,321748.0386,1079840.2490,138600427.5862,7791.0312,1999,0.015621,6.465651,21.453858,0.044878,-16.882172,7681381065,60027.20,127965,127965
268,-1437168.5932,461386.1485,1126425.1054,142022284.6454,7931.3265,1999,0.015580,6.569277,20.769258,0.045590,-17.309463,7703889440,60042.16,128308,128308
269,-1449891.1529,498093.2511,1137935.5196,142121538.2426,8006.7774,1999,0.015632,6.587531,20.159121,0.045850,-17.420200,7677800436,60039.10,127880,127880
270,-1392582.2613,193171.6331,1051739.5877,136576575.7261,7700.7319,1999,0.015639,6.427329,22.527527,0.044551,-16.717840,7672292100,60022.31,127824,127824
271,-1487832.4344,315363.3827,1136131.5019,144385876.6416,7868.7163,1999,0.015673,6.681026,24.475869,0.046324,-17.823147,7655836652,60023.18,127548,127548
272,-1492239.7438,323216.9942,1141830.5356,144957927.7971,7876.9789,1999,0.015616,6.681325,20.193711,0.046362,-17.894011,7681834547,60010.58,128008,128008
273,-1511274.6854,287656.6038,1148861.3881,145633362.5033,7888.7239,1999,0.015679,6.736375,24.865771,0.046686,-18.096654,7647819432,59983.37,127499,127499
274,-1389335.5924,305887.1974,1067581.4498,136581017.8231,7816.4702,1999,0.015654,6.396391,20.923666,0.044600,-16.711151,7662513989,60005.90,127696,127696
275,-1425985.5627,184860.8710,1069131.5366,138562062.7523,7715.9037,1999,0.015556,6.499565,22.050271,0.045175,-17.036950,7704715777,59958.88,128500,128500
276,-1402392.0864,155105.1718,1062788.6214,139234267.7632,7633.0966,1997,0.015597,6.428094,19.246631,0.044450,-16.961784,7685250748,60023.67,128037,128037
277,-1506093.2725,237320.2182,1129459.8951,143699127.7984,7859.8939,1999,0.015582,6.741655,28.309166,0.046720,-17.918669,7700650061,60026.74,128287,128287
278,-1473908.8345,325338.1542,1125744.7237,143538866.1896,7842.7868,1999,0.015612,6.628282,21.235294,0.046033,-17.633949,7685750371,60026.64,128039,128039
279,-1515761.6466,352925.4353,1158322.4376,145533642.2673,7959.1387,1999,0.015619,6.729308,18.097392,0.046781,-18.107308,7681255861,60015.91,127987,127987
280,-1513684.5778,330437.4288,1151639.5424,145475451.2805,7916.3841,1999,0.015589,6.713117,17.640189,0.046861,-18.056136,7690533278,59974.52,128230,128230
281,-1525871.7581,356357.3321,1162540.8294,146655019.2090,7927.0443,1999,0.015610,6.730015,24.734878,0.046894,-18.177724,7687111203,60027.89,128059,128059
282,-1337681.5885,300641.1256,1042475.6053,133788695.6637,7791.9558,1999,0.015591,6.301916,21.112630,0.043702,-16.278631,7689785144,59975.24,128216,128216
283,-1384528.3063,311592.9992,1069038.6533,137614132.3803,7768.3784,1999,0.015683,6.339315,18.165779,0.044371,-16.711125,7644554278,59974.69,127463,127463
284,-1452195.4370,358467.4683,1118148.2030,141716805.7118,7890.0184,1999,0.015625,6.600821,17.665518,0.045811,-17.424504,7685489114,60071.51,127939,127939
285,-1485614.3503,263523.4177,1126558.0403,144971906.8996,7770.8714,1999,0.015588,6.603601,21.776437,0.046009,-17.787331,7700773111,60049.23,128241,128241
286,-1486662.2427,461201.4409,1160293.0098,143910427.0172,8062.6056,1998,0.015665,6.662318,22.504130,0.046425,-17.867707,7648360008,59964.09,127549,127549
287,-1361449.4129,261591.2065,1046077.3658,136414921.7438,7668.3500,1999,0.015577,6.326365,17.461472,0.043976,-16.448905,7711470878,60089.54,128333,128333
288,-1450895.0503,381955.9657,1120308.9264,141979287.0913,7890.6505,1999,0.015616,6.584240,24.551385,0.045743,-17.405854,7681237687,60004.04,128012,128012
289,-1455362.0188,556719.7038,1146037.8162,142334561.5788,8051.7185,1999,0.015636,6.561931,19.794969,0.046085,-17.427818,7680743972,60078.09,127846,127846
290,-1557168.0852,341413.2035,1179363.2081,149787315.5359,7873.5853,1999,0.015566,6.779267,25.002172,0.047427,-18.498950,7718087182,60100.35,128420,128420
291,-1450594.8378,315624.5760,1114113.0110,141603457.2117,7867.8376,1999,0.015571,6.560712,20.065897,0.045543,-17.448149,7701210994,59987.16,128381,128381
292,-1383510.3167,155929.6193,1035862.2312,135990339.7853,7617.1751,1999,0.015638,6.389024,22.312020,0.044410,-16.554245,7671211883,60012.45,127827,127827
293,-1455463.0557,368386.9477,1118659.6286,141184842.9946,7923.3691,1999,0.015610,6.579966,18.900276,0.045866,-17.418093,7680038243,59970.78,128063,128063
294,-1491338.3446,324779.7058,1133212.7976,143173451.5792,7914.9646,1999,0.015632,6.675740,21.069836,0.046470,-17.771025,7678452241,60043.26,127882,127882
295,-1450595.6523,378483.0553,1117659.0347,140693486.0682,7943.9288,1999,0.015613,6.612439,21.857142,0.045788,-17.375505,7691605866,60074.71,128034,128034
296,-1420595.0139,480197.0219,1111199.5086,139630205.6260,7958.1599,1999,0.015606,6.496398,19.146792,0.045403,-17.032634,7690416451,60040.10,128088,128088
297,-1507240.8378,303378.0511,1145774.2140,144338491.3082,7938.1058,1999,0.015557,6.702261,22.700806,0.046642,-18.015678,7706470156,59973.00,128499,128499
298,-1456080.0952,411504.0167,1129310.1836,142111717.6238,7946.6366,1999,0.015615,6.603950,24.936125,0.045884,-17.481747,7686907634,60046.93,128015,128015
299,-1397984.4693,312258.6875,1073706.8603,138150751.9234,7771.9943,1999,0.015657,6.421952,18.832805,0.044715,-16.800110,7667080059,60050.60,127677,127677
300,-1506230.4438,408867.7230,1154177.1222,145999518.5607,7905.3488,1999,0.015622,6.677113,20.738543,0.046669,-17.923830,7685571182,60060.89,127963,127963
301,-1532505.1788,206339.2085,1151706.8496,147142033.6965,7827.1777,1999,0.015630,6.737977,21.250746,0.046871,-18.334671,7676274244,60018.72,127898,127898
302,-1481119.9289,288592.2553,1128866.9771,144926138.2292,7789.2573,1999,0.015606,6.626958,19.232161,0.046007,-17.762312,7691107286,60044.09,128091,128091
303,-1469419.2979,310464.0269,1120720.0789,141246209.4874,7934.5144,1999,0.015589,6.602652,22.890066,0.046169,-17.585544,7701306763,60057.60,128232,128232
304,-1405223.8797,432809.6691,1096164.5296,138202817.3545,7931.5643,1999,0.015633,6.484796,20.065214,0.045021,-16.888956,7673561072,60011.58,127868,127868
305,-1343906.5639,202234.6719,1028944.0621,135754187.6661,7579.4646,1999,0.015543,6.262618,17.332649,0.043447,-16.293823,7720265286,60028.97,128609,128609
306,-1459161.7283,320968.3773,1124168.6537,142289984.5170,7900.5466,1999,0.015600,6.580789,22.987368,0.045740,-17.592400,7691755615,60023.84,128145,128145
307,-1367200.2960,355513.5808,1064678.9600,137478109.1799,7744.3527,1999,0.015568,6.322595,18.901230,0.044100,-16.533689,7703730750,59996.03,128404,128404
308,-1470167.1708,570628.9938,1166088.3996,144785822.2911,8053.8853,1999,0.015588,6.632138,18.848266,0.046173,-17.702847,7696228091,60016.13,128236,128236
309,-1459979.4345,47668.8126,1068674.3830,140804311.2845,7589.7845,1997,0.015638,6.571335,20.119179,0.045540,-17.360375,7667583550,60044.19,127699,127699
310,-1521200.4508,432109.2549,1171314.7774,146024787.8180,8021.3421,1999,0.015616,6.770324,21.446432,0.047034,-18.141783,7691341185,60085.32,128007,128007
311,-1448084.7542,368567.7770,1116655.8583,141252771.9447,7905.3731,1999,0.015626,6.568430,21.273029,0.045701,-17.376189,7676364886,60003.95,127931,127931
312,-1372560.1667,322142.1280,1068445.8404,138159102.4753,7733.4451,1999,0.015602,6.351036,18.421672,0.044213,-16.660536,7692727714,60040.80,128125,128125
313,-1380911.8590,349319.7984,1071397.5213,137039937.8420,7818.1407,1998,0.015588,6.381336,24.286470,0.044488,-16.664231,7683083938,59941.67,128176,128176
314,-1397988.5476,290089.9138,1072842.3423,138231696.4942,7761.1891,1999,0.015628,6.440357,20.133098,0.044734,-16.831034,7678216177,60029.21,127908,127908
315,-1451572.2375,132698.1763,1077385.8603,141221175.9111,7629.0673,1999,0.015564,6.528349,19.630515,0.045472,-17.300214,7708395944,60016.94,128437,128437
316,-1489562.9870,392271.4540,1146573.1158,144455571.9746,7937.2024,1999,0.015633,6.640800,20.356240,0.046259,-17.819163,7679375877,60056.12,127870,127870
317,-1494230.0810,450186.8050,1167549.0765,144881779.4515,8058.6329,1999,0.015629,6.683444,18.865589,0.046479,-18.003241,7676273394,60015.43,127905,127905
318,-1491649.7396,328866.7686,1139776.1528,144347602.7433,7896.0518,1999,0.015609,6.650108,20.337394,0.046456,-17.854017,7684088345,59998.66,128071,128071
319,-1435170.5217,289486.9036,1098274.6000,140827677.2666,7798.7127,1999,0.015636,6.522244,19.802834,0.045170,-17.251913,7668952872,59984.46,127849,127849
320,-1488818.8629,198159.2904,1119033.3847,143553587.3436,7795.2311,1999,0.015554,6.653273,20.877273,0.046238,-17.817850,7714769463,60027.77,128520,128520
321,-1457150.6930,450366.2495,1139922.6783,142814531.4214,7981.8396,1999,0.015637,6.607264,19.660181,0.045962,-17.553799,7675480150,60041.62,127836,127836
322,-1433654.7787,289762.2905,1090985.1475,139782688.6783,7804.8660,1998,0.015594,6.513594,18.908704,0.045352,-17.148883,7690443104,60023.44,128124,128124
323,-1364331.1649,349532.5544,1057465.0347,135190497.8379,7822.0367,1999,0.015630,6.367369,20.915630,0.044272,-16.441555,7673802396,60000.33,127896,127896
324,-1381337.4798,250595.0209,1054140.7620,135827375.4408,7760.8859,1999,0.015596,6.398093,21.591661,0.044544,-16.618866,7691922978,60012.51,128172,128172
325,-1466795.2902,473195.6108,1158940.7288,143880929.9310,8054.8599,1998,0.015577,6.613397,20.447904,0.046103,-17.787846,7699597757,60028.36,128266,128266
326,-1517576.1021,384979.0205,1162154.7806,146220333.4193,7947.9697,1999,0.015678,6.746081,18.815728,0.046901,-18.101521,7660964755,60083.64,127505,127505
327,-1415291.9432,452850.7376,1104514.0704,138047200.2039,8000.9886,1999,0.015611,6.513915,19.719636,0.045394,-16.983926,7680824839,59983.01,128050,128050
328,-1416278.0428,302293.5770,1090068.5377,138903136.8333,7847.6884,1999,0.015651,6.512082,19.378373,0.045184,-17.078589,7660458317,59975.25,127727,127727
329,-1401610.6113,427235.9830,1097885.6103,139327032.6045,7879.9181,1999,0.015620,6.393392,19.672954,0.044916,-16.916262,7684647576,60045.22,127981,127981
330,-1451440.2096,367403.4577,1120507.7131,140259154.5288,7988.8384,1999,0.015621,6.630542,20.356569,0.045855,-17.436988,7679952194,60014.63,127968,127968
331,-1352927.0129,283523.5641,1047233.3366,136509541.6291,7671.5028,1999,0.015645,6.283321,18.666729,0.043694,-16.405518,7666199129,59999.99,127770,127770
332,-1423718.4127,219683.2350,1078229.2822,139693190.2381,7718.5529,1999,0.015624,6.490109,20.344674,0.045076,-17.090433,7686000169,60073.63,127943,127943
333,-1417288.5659,210109.4230,1074350.2723,138811983.7633,7739.6075,1999,0.015657,6.456682,21.091351,0.045024,-17.043419,7659556375,59992.61,127675,127675
334,-1510878.0172,377498.0891,1160873.9795,145707863.1652,7967.1334,1999,0.015625,6.712488,19.881243,0.046715,-18.085404,7683875441,60062.18,127932,127932
335,-1401425.6236,264174.8410,1065693.4211,136804280.4686,7789.9128,1999,0.015592,6.457301,20.069671,0.044891,-16.789122,7691535250,59993.10,128207,128207
336,-1422702.1372,259950.1018,1085271.7980,139398561.1606,7785.3874,1999,0.015677,6.512288,19.862961,0.045091,-17.107190,7654434128,60031.01,127508,127508
337,-1442046.3975,408802.3846,1123054.7706,141284230.7477,7948.9039,1999,0.015562,6.555132,20.282004,0.045584,-17.374089,7712525008,60039.27,128458,128458
338,-1372229.6331,540624.5168,1102741.7707,136721347.7285,8065.6151,1999,0.015594,6.396739,22.529076,0.044504,-16.707146,7685313011,59953.45,128188,128188
339,-1474388.3481,481431.6167,1156492.2351,143498201.4774,8059.2803,1999,0.015581,6.628568,19.867461,0.046212,-17.753188,7702081122,60033.21,128297,128297
340,-1469303.2526,379045.0003,1135259.5530,143123336.1256,7932.0367,1999,0.015594,6.610188,19.329176,0.046077,-17.651626,7694279065,60021.52,128192,128192
341,-1410148.6736,80780.8226,1049091.5218,138108961.0454,7596.1148,1999,0.015644,6.473322,21.735519,0.044668,-16.931465,7671808132,60040.13,127778,127778
342,-1553924.6133,330538.7662,1180518.5513,148393211.7855,7955.3407,1999,0.015637,6.827688,20.646976,0.047365,-18.529087,7672609774,60017.29,127840,127840
343,-1457645.0723,245054.6640,1106668.0918,140724497.3248,7864.0756,1999,0.015614,6.546144,20.418552,0.045839,-17.496910,7680857965,59994.52,128026,128026
344,-1418096.4048,262654.8313,1078512.5292,139483535.7364,7732.1852,1998,0.015587,6.432129,17.494579,0.044989,-17.000210,7694420923,60026.84,128183,128183
345,-1387300.8277,528604.8465,1105814.7459,136643905.5220,8092.6752,1999,0.015610,6.403418,19.579589,0.044925,-16.801250,7682823685,59995.34,128057,128057
346,-1531308.0896,487748.5119,1185756.1450,145832044.1252,8130.9712,1999,0.015603,6.805398,19.047058,0.047477,-18.250746,7689446240,60018.47,128118,128118
347,-1465545.7652,551650.3824,1159374.7644,142270030.8557,8149.1145,1999,0.015656,6.621782,27.309534,0.046350,-17.639313,7657963091,59977.31,127681,127681
348,-1483718.8361,388452.3506,1146988.8296,143752423.8976,7978.9182,1999,0.015627,6.675875,18.036758,0.046439,-17.821919,7686273279,60086.56,127920,127920
349,-1408821.6062,236229.0624,1068406.9240,139204391.7682,7675.0949,1998,0.015587,6.467052,20.471613,0.044756,-16.894784,7695070785,60033.32,128180,128180
350,-1450860.6934,295284.3842,1107650.6243,142236836.1587,7787.3683,1999,0.015610,6.567861,19.970486,0.045662,-17.399917,7673164679,59920.85,128055,128055
351,-1553301.5636,220379.6854,1161097.1207,148153988.6461,7837.0966,1999,0.015590,6.809605,20.281037,0.047271,-18.476139,7688919530,59964.28,128225,128225
352,-1479583.6255,491223.5884,1155023.9063,143317309.0363,8059.2073,1999,0.015656,6.649497,21.684621,0.046421,-17.723844,7668300349,60059.21,127679,127679
353,-1480370.7689,83493.4420,1082403.8591,141332913.6571,7658.5406,1999,0.015641,6.667085,20.853050,0.046154,-17.520924,7676965242,60065.92,127809,127809
354,-1506029.7905,280158.4998,1133938.4155,145165457.6876,7811.3515,1999,0.015588,6.632384,21.679480,0.046536,-17.896527,7697033134,60022.41,128236,128236
355,-1455672.3962,266904.9529,1108820.8905,141421819.0977,7840.5220,1999,0.015591,6.548051,22.248858,0.045737,-17.480047,7693362709,60001.74,128219,128219
356,-1422654.1221,414181.5488,1102461.4801,138338835.3807,7969.2841,1998,0.015586,6.502262,21.874289,0.045508,-17.044327,7692372333,60006.18,128193,128193
357,-1435568.2108,341765.8853,1114183.9815,140372012.5645,7937.3656,1999,0.015547,6.539611,20.772185,0.045484,-17.369768,7720452270,60043.49,128581,128581
358,-1442266.5680,235084.9967,1095286.3594,140706140.3781,7784.2115,1999,0.015638,6.556903,19.999602,0.045418,-17.329796,7671489541,60011.81,127833,127833
359,-1423508.7810,295467.6057,1095493.1737,141081094.0620,7764.9892,1999,0.015605,6.472360,19.445644,0.045066,-17.180277,7689274997,60025.10,128101,128101
360,-1393216.7797,260867.4416,1063473.3900,137680184.2307,7724.2299,1999,0.015592,6.436440,22.550785,0.044644,-16.749658,7695846639,60026.26,128208,128208
361,-1457035.7190,497121.3656,1139256.7794,141528653.8408,8049.6546,1999,0.015629,6.587525,18.813462,0.046020,-17.453300,7671751376,59979.14,127907,127907
362,-1389375.5276,324048.2966,1079439.9655,138331411.9210,7803.2889,1999,0.015610,6.455617,18.892107,0.044509,-16.839553,7688909968,60041.00,128061,128061
363,-1434606.7381,481620.7728,1138343.3721,140988467.9769,8074.0176,1999,0.015603,6.546374,18.784670,0.045587,-17.427813,7689576808,60018.55,128120,128120
364,-1487211.2129,270647.5574,1128421.8379,144999785.8655,7782.2311,1999,0.015575,6.651391,26.963537,0.046100,-17.802380,7707183072,60049.11,128348,128348
365,-1424478.0053,190122.8785,1077799.2321,138912966.5868,7758.8094,1999,0.015613,6.482524,18.717678,0.045106,-17.143149,7681788832,59998.04,128034,128034
366,-1442782.5637,267296.7680,1107538.5225,141690144.2696,7816.6236,1999,0.015676,6.541711,19.088256,0.045367,-17.437042,7653676579,60020.36,127518,127518
367,-1452045.9429,383889.4075,1124490.2399,143011604.5397,7862.9300,1999,0.015585,6.576785,20.102444,0.045761,-17.461937,7700522457,60037.91,128261,128261
368,-1419204.2805,339344.6985,1096270.5165,140595743.5621,7797.3237,1998,0.015658,6.471662,20.978470,0.044951,-17.097495,7657908097,60015.42,127599,127599
369,-1395887.8534,379861.3983,1092319.8576,139554624.9245,7827.1849,1998,0.015626,6.383638,16.968568,0.044629,-16.920271,7676890565,60039.50,127864,127864
370,-1529319.2225,262185.5688,1157108.8377,146654259.5679,7890.0459,1999,0.015578,6.776033,23.625288,0.047031,-18.294714,7700667422,60008.63,128326,128326
371,-1421788.6349,316206.5025,1095600.5923,139582279.4284,7849.1381,1999,0.015618,6.551723,19.450342,0.045078,-17.138414,7684233007,60034.48,127997,127997
372,-1476739.4537,277778.9068,1125486.4415,143505482.3909,7842.8115,1999,0.015614,6.609841,23.388681,0.046121,-17.728695,7679462570,59981.74,128030,128030
373,-1469740.3859,346071.1454,1118731.5522,142427536.2613,7854.7420,1999,0.015627,6.568402,20.723196,0.046061,-17.490537,7682779083,60060.19,127918,127918
374,-1566563.0506,226082.5904,1170605.8047,148084251.1682,7904.9986,1999,0.015639,6.842764,19.377931,0.047539,-18.621798,7672454544,60023.11,127825,127825
375,-1411112.2287,347360.1439,1094216.3850,137746727.8869,7943.6833,1999,0.015630,6.507054,20.152219,0.045115,-17.038323,7675921839,60019.25,127891,127891
376,-1484220.7963,419566.0572,1146259.7847,144338730.1864,7941.4568,1999,0.015630,6.667161,21.102103,0.046323,-17.751996,7678329719,60036.20,127895,127895
377,-1533195.9539,138901.0648,1131551.8434,146372291.5154,7730.6424,1999,0.015624,6.745557,20.895229,0.046855,-18.189436,7678726314,60017.24,127942,127942
378,-1415269.7923,286663.9161,1084727.7310,139047795.0908,7801.1142,1999,0.015672,6.476544,21.666974,0.045079,-17.033886,7642658118,59919.39,127549,127549
379,-1397097.0424,462375.2866,1100479.6185,137705905.9315,7991.5209,1999,0.015627,6.433919,21.162467,0.044955,-16.874929,7675936256,60005.76,127920,127920
380,-1437211.4677,447545.6746,1126422.6583,141423121.7759,7964.9116,1999,0.015554,6.541056,21.754371,0.045521,-17.335920,7712310850,60006.78,128524,128524
381,-1456193.5718,273857.4836,1113240.5778,143519103.3635,7756.7414,1999,0.015585,6.579451,21.140470,0.045612,-17.528992,7696699185,60005.76,128266,128266
382,-1407121.6608,473238.2180,1110040.8291,138327493.1820,8024.7303,1999,0.015581,6.513851,22.515107,0.045220,-17.004587,7704598932,60052.84,128297,128297
383,-1463548.4321,512718.1310,1149672.3963,142801024.9070,8050.8694,1999,0.015662,6.624542,22.993524,0.046080,-17.578381,7657535340,59996.99,127632,127632
384,-1431897.9660,310841.1662,1097570.1899,140274150.6071,7824.4651,1997,0.015599,6.538899,19.720813,0.045327,-17.195352,7680678601,59995.46,128021,128021
385,-1479607.1507,339212.5535,1133645.8021,144372898.1865,7852.2064,1999,0.015613,6.640365,19.756224,0.045971,-17.725802,7687856533,60046.37,128032,128032
386,-1387666.1425,566261.0202,1107319.0043,138815078.5081,7976.9361,1999,0.015623,6.424715,19.968862,0.044791,-16.750393,7684854807,60058.57,127956,127956
387,-1354358.5447,226576.0803,1039464.4155,135742932.4207,7657.5951,1999,0.015608,6.276652,18.945858,0.043748,-16.411142,7686355365,60013.08,128078,128078
388,-1438889.5576,242869.0874,1090674.9805,140626743.5655,7755.8148,1999,0.015596,6.503195,20.544991,0.045407,-17.245458,7690432765,59998.54,128177,128177
389,-1349249.2403,310639.9261,1048428.7327,134568064.0367,7791.0665,1999,0.015586,6.317086,19.820653,0.044020,-16.363466,7696975974,60012.13,128257,128257
390,-1470797.2372,311995.3590,1120057.8178,141741346.5161,7902.1249,1999,0.015664,6.644712,20.768366,0.046154,-17.576687,7656204035,59992.67,127619,127619
391,-1537864.7768,319025.9187,1175539.9644,147251923.9979,7983.1892,1999,0.015556,6.782508,21.071655,0.047263,-18.452799,7713415530,60026.58,128500,128500
392,-1448614.8039,223406.3893,1097298.2758,142706801.7908,7689.1799,1999,0.015643,6.531909,19.232303,0.045404,-17.392780,7675132656,60061.45,127788,127788
393,-1442140.0170,133214.4666,1077327.9352,141693232.5976,7603.2420,1999,0.015619,6.476198,24.416719,0.045306,-17.281337,7686218682,60054.68,127987,127987
394,-1435085.8914,263767.5270,1089209.0645,140249590.7121,7766.2192,1999,0.015610,6.461848,19.861590,0.045408,-17.177885,7691601457,60064.83,128055,128055
395,-1435041.2899,319867.9775,1097530.6258,140893674.9195,7789.7793,1999,0.015609,6.520288,20.295026,0.045263,-17.182685,7685244756,60007.69,128071,128071
396,-1424620.0959,383455.8837,1115698.8542,142069414.4589,7853.1953,1999,0.015565,6.472559,19.658131,0.045167,-17.289327,7708443466,60020.12,128431,128431
397,-1378651.8836,217341.4425,1048066.3254,138020941.4361,7593.5312,1999,0.015639,6.352687,22.115264,0.044175,-16.594373,7669683187,60003.78,127820,127820
398,-1504443.3414,347342.2622,1156268.5840,145109243.1689,7968.2628,1999,0.015582,6.720577,23.208232,0.046664,-18.068844,7701297406,60032.72,128285,128285
399,-1456554.4289,563774.9254,1156657.7647,142996478.4715,8088.7150,1999,0.015639,6.612090,22.564775,0.045980,-17.561333,7672174872,60024.21,127818,127818
400,-1408130.2649,306104.7548,1075920.8882,138612995.3172,7762.0492,1999,0.015639,6.450476,18.933940,0.044915,-16.861982,7669511751,60002.91,127819,127819
401,-1471548.2913,60411.3498,1080821.0093,142036073.8951,7609.4824,1999,0.015564,6.545920,20.245233,0.045670,-17.525782,7710003485,60029.46,128437,128437
402,-1463599.3404,303325.3749,1120827.0701,142571285.9643,7861.5204,1999,0.015615,6.648636,20.419051,0.045743,-17.588942,7683756582,60021.38,128017,128017
403,-1402677.8526,372967.0458,1094885.6750,138895142.5576,7882.8219,1999,0.015605,6.423380,22.525544,0.044872,-16.981677,7690470485,60036.30,128097,128097
404,-1414707.0707,237679.5859,1072723.2866,138843365.5741,7726.1400,1999,0.015632,6.453475,24.899026,0.045013,-16.962566,7670691372,59983.51,127880,127880
405,-1350867.4936,353987.3707,1053665.0422,135560873.9183,7772.6339,1999,0.015635,6.310105,20.711450,0.043866,-16.354417,7677195424,60044.70,127858,127858
406,-1462192.4991,263450.3104,1109080.4183,142892797.8942,7761.6257,1998,0.015577,6.554900,22.297714,0.045677,-17.503072,7698709529,60022.84,128263,128263
407,-1345666.4555,332917.6387,1055152.4805,134964933.9104,7817.9750,1999,0.015615,6.277858,20.229292,0.043824,-16.405867,7680806617,59999.27,128015,128015
408,-1404310.6289,279524.0553,1076375.2961,138694980.7522,7760.7372,1999,0.015609,6.439363,17.617416,0.044754,-16.912042,7686589282,60018.19,128071,128071
409,-1513882.7602,296891.0793,1144152.5638,144231246.8445,7932.7648,1999,0.015589,6.740241,23.825199,0.046822,-18.018540,7690042560,59971.63,128228,128228
410,-1469061.7236,409257.1684,1135905.7661,142442592.1333,7974.4812,1999,0.015641,6.638432,19.145118,0.046164,-17.600776,7669276742,60006.70,127807,127807
411,-1383260.5726,276183.0950,1063934.4174,137320997.8210,7747.7912,1999,0.015658,6.466099,20.619473,0.044323,-16.707479,7658603969,59988.91,127667,127667
412,-1451875.2633,305497.0716,1105605.0779,141924482.2976,7790.0941,1999,0.015579,6.518704,20.329678,0.045765,-17.354605,7701731933,60023.01,128313,128313
413,-1470916.6170,502652.0185,1152322.6362,143180825.6003,8048.0234,1999,0.015605,6.620544,20.151632,0.046281,-17.648265,7692903709,60054.83,128098,128098
414,-1630422.5140,314732.1135,1226601.3786,153460803.4436,7992.9295,1999,0.015626,7.037124,25.198195,0.048544,-19.339751,7679248919,60029.31,127925,127925
415,-1537372.5463,353645.4075,1172568.2715,146583886.0837,7999.2986,1999,0.015623,6.789625,20.700770,0.047194,-18.343098,7681280189,60033.92,127949,127949
416,-1489958.2786,328189.9429,1139397.6211,142862002.4478,7975.5120,1999,0.015609,6.663575,19.876201,0.046482,-17.846436,7679860395,59968.46,128065,128065
417,-1429989.1072,447667.5256,1118262.9042,140807366.9407,7941.7926,1999,0.015647,6.505889,18.523158,0.045449,-17.210194,7664631249,59992.42,127760,127760
418,-1434181.5251,270076.1118,1093549.2049,141681762.0058,7718.3484,1999,0.015642,6.464788,18.458129,0.045079,-17.222319,7669115613,60008.73,127800,127800
419,-1460232.0348,272212.0547,1106160.5255,140733228.0359,7859.9812,1999,0.015619,6.556457,19.432224,0.045854,-17.441930,7682650977,60026.81,127987,127987
42,-1335643.3330,521185.2931,1075575.2934,134635459.5391,7988.7965,1999,0.015617,6.294990,18.035126,0.043804,-16.303649,7682635358,60018.71,128004,128004
420,-1377871.9134,334680.3337,1065994.7321,137082284.4966,7776.3129,1999,0.015578,6.357166,22.545362,0.044390,-16.612151,7698420069,59992.52,128323,128323
421,-1397560.3421,474930.9747,1105941.0174,139750351.5670,7913.6904,1999,0.015595,6.445958,18.981892,0.044773,-16.926710,7696934468,60045.52,128185,128185
422,-1401563.9443,593959.9815,1123507.8995,138133226.9924,8133.5094,1999,0.015617,6.452979,23.665448,0.045249,-16.943842,7681089626,60006.17,128005,128005
423,-1443096.1857,195007.6859,1095293.5377,141556140.5745,7737.5205,1999,0.015626,6.536654,21.403680,0.045352,-17.409291,7675835895,60000.75,127929,127929
424,-1405845.2329,175609.1110,1057704.6954,138825069.4713,7618.9747,1999,0.015547,6.407814,20.734178,0.044637,-16.859085,7722482588,60059.75,128580,128580
425,-1352112.6200,264302.2378,1050213.6152,135788048.6150,7734.2124,1999,0.015601,6.319818,19.599350,0.043689,-16.481947,7686806968,59991.31,128132,128132
426,-1553399.9822,420117.4351,1195181.3011,149033059.3178,8019.5717,1999,0.015574,6.807653,20.378896,0.047446,-18.553806,7710282457,60070.45,128354,128354
427,-1474896.0420,336459.3450,1124754.1875,142393002.8984,7898.9428,1999,0.015630,6.666536,20.052742,0.046099,-17.600808,7680286514,60049.62,127899,127899
428,-1536204.2446,543958.0247,1195763.7236,147811738.1569,8089.7751,1999,0.015643,6.785597,20.371950,0.047350,-18.287188,7676867218,60076.43,127785,127785
429,-1456092.7911,221326.3310,1106777.0095,142653605.7494,7758.4931,1999,0.015610,6.582709,19.947989,0.045543,-17.541461,7682834247,59996.36,128055,128055
43,-1504712.1667,332482.9097,1143754.5601,145532249.6030,7859.1141,1998,0.015639,6.680626,22.486190,0.046538,-17.926437,7671715149,60047.86,127760,127760
430,-1444054.1875,496849.9252,1138567.0958,142123492.1592,8011.1112,1999,0.015580,6.571727,19.009924,0.045599,-17.419410,7701059395,60022.91,128302,128302
431,-1440000.0202,315382.3688,1111107.9545,141502469.3865,7852.2160,1999,0.015587,6.542781,23.989642,0.045393,-17.387188,7702182907,60058.82,128244,128244
432,-1439690.1457,407502.9347,1112467.4322,142686673.7165,7796.5756,1999,0.015569,6.519261,20.756854,0.045462,-17.227682,7703645731,59998.18,128398,128398
433,-1375514.4900,338363.9675,1067517.1301,136558114.0534,7817.3101,1999,0.015621,6.380962,20.088943,0.044351,-16.621429,7678474471,60001.68,127971,127971
434,-1473282.0095,366464.9426,1127820.4998,142795994.0282,7898.1242,1999,0.015583,6.607055,19.902009,0.046209,-17.581756,7703976676,60055.48,128281,128281
435,-1500795.2327,303891.7305,1140184.2989,143848933.9644,7926.2617,1999,0.015635,6.691682,24.921491,0.046609,-17.925840,7674906035,60027.73,127856,127856
436,-1486739.9236,234969.4692,1119784.1339,142695758.5401,7847.3540,1999,0.015623,6.670142,19.848205,0.046248,-17.751911,7678131618,60006.03,127956,127956
437,-1534940.6839,278874.1243,1159118.5071,144931136.0494,7997.7190,1999,0.015645,6.786047,25.713888,0.047319,-18.299839,7666172538,59996.97,127776,127776
438,-1394266.6979,438309.5525,1096445.1283,139168739.8566,7878.5303,1999,0.015555,6.406858,18.704372,0.044716,-16.861258,7717788229,60053.60,128515,128515
439,-1472253.3998,291061.1388,1124728.1897,143239004.9153,7852.1084,1999,0.015623,6.648340,21.049631,0.045935,-17.683226,7674576979,59979.19,127954,127954
44,-1414152.8673,428301.4508,1108838.8701,139704666.0312,7937.0210,1999,0.015622,6.460668,26.526035,0.045159,-17.088467,7674845281,59976.60,127964,127964
440,-1550681.0469,438480.2364,1193107.4888,148987195.2879,8008.1210,1999,0.015580,6.798937,21.287060,0.047432,-18.484401,7703444321,60041.03,128303,128303
441,-1379027.0552,254904.7699,1052385.3993,136528502.4832,7708.1736,1999,0.015586,6.362080,20.944997,0.044373,-16.581671,7699907048,60036.39,128254,128254
442,-1555305.9442,331150.8079,1179485.7531,148300417.5316,7953.3542,1999,0.015648,6.804025,25.903314,0.047420,-18.516472,7663889459,59991.31,127750,127750
443,-1404193.0983,405450.4394,1093260.0126,138596538.3479,7888.0759,1999,0.015620,6.446958,19.618782,0.044914,-16.900017,7682761757,60032.36,127977,127977
444,-1390576.1133,370368.4127,1079153.6957,138536803.1854,7789.6535,1999,0.015601,6.417230,22.879595,0.044583,-16.747856,7689665202,60011.75,128136,128136
445,-1476219.4744,389797.1218,1139420.2248,141788291.5110,8036.0671,1999,0.015643,6.610757,22.100619,0.046436,-17.701228,7661690172,59955.79,127789,127789
446,-1385811.7401,294505.1098,1067071.3457,136911239.9983,7793.8915,1999,0.015613,6.409969,20.838750,0.044651,-16.720325,7681479044,59993.74,128038,128038
447,-1464394.8966,197378.9701,1106521.6966,144172268.8185,7674.9968,1999,0.015606,6.578321,20.612552,0.045407,-17.599184,7684443506,59990.66,128094,128094
448,-1368268.1321,261678.3276,1040329.4034,135737903.8155,7664.2513,1999,0.015594,6.289174,19.451868,0.044189,-16.382436,7695260535,60028.24,128194,128194
449,-1359637.2196,474647.2400,1074955.6033,135387468.7569,7939.8456,1999,0.015566,6.338546,19.023681,0.044316,-16.430405,7709466080,60031.35,128424,128424
45,-1455707.7620,362304.7712,1119367.6464,138945918.7226,8056.1391,1999,0.015593,6.621715,22.811936,0.046100,-17.440564,7690860937,59990.18,128202,128202
450,-1435092.9381,437047.7000,1121118.9260,140163943.4378,7998.6257,1999,0.015650,6.549621,22.234320,0.045579,-17.279316,7664699594,60006.10,127732,127732
451,-1403736.9483,437089.0282,1112570.2334,140621527.4224,7911.8059,1999,0.015602,6.429387,18.165370,0.044836,-17.102411,7687094714,59995.90,128127,128127
452,-1419332.5295,240077.4208,1078352.0497,139863466.7620,7710.0338,1999,0.015582,6.487594,17.624010,0.045086,-17.044404,7697517826,60001.85,128288,128288
453,-1452886.8520,397265.7376,1130521.7181,140315110.7901,8057.0205,1999,0.015583,6.637283,18.527703,0.046012,-17.519660,7690281623,59950.59,128277,128277
454,-1455841.4109,339355.9893,1121840.3938,141617872.2960,7921.6018,1999,0.015612,6.576997,21.130424,0.045809,-17.518633,7675685808,59947.09,128041,128041
455,-1495363.6487,442958.3551,1158534.6086,145345855.7781,7970.8816,1998,0.015561,6.681846,20.386753,0.046509,-17.895630,7705727698,60012.99,128401,128401
456,-1464831.1315,274738.8475,1114593.9626,142430841.1881,7825.5099,1999,0.015607,6.607810,19.771947,0.045858,-17.561878,7685377371,60003.10,128083,128083
457,-1502937.0835,220415.3549,1131684.9537,143625916.8292,7879.3924,1999,0.015664,6.697375,24.746592,0.046532,-17.975276,7655415863,59987.90,127616,127616
458,-1483264.3625,229329.8437,1118435.6103,144439906.6836,7743.2590,1999,0.015600,6.571482,23.537886,0.046008,-17.737882,7695555075,60053.49,128145,128145
459,-1468080.6986,292059.0686,1114677.8487,141407770.6539,7882.7199,1999,0.015683,6.631108,21.612481,0.046122,-17.535674,7647789727,60001.49,127460,127460
46,-1361617.5907,348803.4619,1063742.3037,137135106.0199,7756.8927,1998,0.015650,6.318329,17.860215,0.044090,-16.523869,7659210064,59994.13,127666,127666
460,-1339600.2862,297916.8204,1034382.8673,135560985.9217,7630.3876,1999,0.015630,6.262301,22.212141,0.043599,-16.177045,7686244561,60099.02,127893,127893
461,-1390680.9245,371746.7621,1079871.7566,136287085.5304,7923.5076,1999,0.015616,6.451786,19.448585,0.044795,-16.755423,7680806019,60002.08,128009,128009
462,-1427435.5624,344898.0932,1100998.0962,140060832.9684,7860.8564,1999,0.015609,6.529925,21.798399,0.045275,-17.167215,7680816704,59973.58,128070,128070
463,-1501811.6105,372696.0571,1147227.2246,144424228.0490,7943.4541,1999,0.015649,6.707093,20.618168,0.046758,-17.890267,7658718499,59956.93,127737,127737
464,-1494826.8858,363746.9392,1147387.5235,142653061.6977,8043.2029,1999,0.015579,6.729390,20.708107,0.046772,-17.896844,7696246484,59978.39,128317,128317
465,-1474984.3583,487515.8814,1152077.0945,144791041.3934,7956.8258,1999,0.015645,6.624138,19.590599,0.046275,-17.682810,7677746364,60090.84,127769,127769
466,-1374015.9353,433057.9175,1087199.2308,137458111.4835,7909.3130,1999,0.015597,6.380415,23.181107,0.044442,-16.705733,7693638873,60030.11,128163,128163
467,-1391767.2910,361150.0863,1080053.1802,138112467.6127,7820.0991,1999,0.015616,6.397526,21.203325,0.044575,-16.780630,7674766091,59953.49,128012,128012
468,-1407072.1674,306367.9898,1087927.2251,138899655.3618,7832.4689,1999,0.015590,6.484698,23.087854,0.044899,-17.024031,7690329251,59974.80,128226,128226
469,-1463662.8125,207679.2972,1103021.7330,143382556.3927,7692.8586,1999,0.015610,6.583475,19.480313,0.045600,-17.530383,7686379350,60021.70,128060,128060
47,-1403619.6485,65525.7229,1042325.3805,137193677.7782,7597.4739,1999,0.015598,6.433560,20.813121,0.044648,-16.855168,7685853056,59971.70,128158,128158
470,-1524971.1161,227282.8569,1148079.2457,146912753.0127,7814.7011,1998,0.015619,6.747677,22.178250,0.046708,-18.229404,7679098590,60029.54,127922,127922
471,-1351032.6701,437131.0392,1063089.4316,134944153.3036,7877.9955,1999,0.015596,6.293735,18.312795,0.044137,-16.324161,7693659713,60024.18,128176,128176
472,-1574045.6334,258429.6706,1181131.3608,150063599.1090,7870.8719,1998,0.015575,6.854385,20.815551,0.047575,-18.716819,7702710640,60043.74,128285,128285
473,-1335037.0012,188602.8877,1017645.2934,132287775.3156,7692.6631,1999,0.015621,6.283962,20.876199,0.043594,-16.148074,7685385883,60057.09,127968,127968
474,-1451698.0957,450020.8595,1127982.1587,142755039.4286,7901.5225,1999,0.015640,6.570920,21.078203,0.045734,-17.380752,7671062319,60017.86,127813,127813
475,-1477453.3058,336345.1487,1131753.3746,143943940.2187,7862.4593,1999,0.015625,6.622877,20.856016,0.046095,-17.702081,7683124530,60056.32,127932,127932
476,-1466276.5691,441761.2479,1145280.0017,143470149.2366,7982.7059,1999,0.015646,6.629471,21.300118,0.045975,-17.660626,7662694024,59975.38,127764,127764
477,-1493539.2344,446473.9161,1154331.1698,144035757.2099,8014.1986,1999,0.015671,6.677767,20.247202,0.046726,-17.828574,7659422311,60044.23,127563,127563
478,-1435054.4388,222464.0135,1086825.1485,139886123.9420,7769.3564,1999,0.015584,6.522246,20.134658,0.045362,-17.224777,7698096027,60012.91,128274,128274
479,-1524854.4212,158508.6225,1139376.2979,145211902.7774,7846.3010,1999,0.015623,6.790246,20.051986,0.046831,-18.243616,7670755309,59949.79,127953,127953
48,-1385165.4696,433630.0525,1086599.6555,137694915.4199,7891.3564,1999,0.015611,6.372517,21.412940,0.044621,-16.718056,7681831641,59990.88,128050,128050
480,-1463055.5058,529965.2904,1155249.2667,143540210.2606,8048.2623,1999,0.015622,6.636962,18.967066,0.046013,-17.619629,7682252984,60036.36,127960,127960
481,-1421728.0284,250627.7357,1085548.4375,139242130.8884,7796.1205,1999,0.015555,6.531171,20.603902,0.045161,-17.127511,7715173433,60034.19,128513,128513
482,-1544778.6871,299397.3577,1167430.4757,148120562.3334,7881.6233,1999,0.015670,6.783562,23.252260,0.047097,-18.392521,7664482028,60080.60,127570,127570
483,-1500372.8377,318036.5374,1144190.8859,145263271.1524,7876.6702,1999,0.015693,6.668577,22.666624,0.046456,-17.952085,7643432300,60004.02,127382,127382
484,-1450705.0867,391850.3180,1122145.6079,141559436.2669,7927.0279,1999,0.015615,6.563629,18.813195,0.045733,-17.410690,7681247258,60001.78,128017,128017
485,-1413945.4308,285690.8751,1082518.9546,138404075.7677,7821.4384,1999,0.015607,6.484890,20.977703,0.045125,-17.002955,7687802090,60021.56,128084,128084
486,-1495016.8094,354022.5614,1140136.2141,144235651.6964,7904.6768,1999,0.015638,6.649411,21.972750,0.046450,-17.816035,7675044747,60041.97,127828,127828
487,-1494331.1095,154993.1147,1107534.0628,143156838.9762,7736.5082,1999,0.015585,6.669168,20.822854,0.046365,-17.754016,7698013599,60017.41,128263,128263
488,-1429580.5221,357269.0376,1107285.4227,142287466.3361,7782.0306,1999,0.015653,6.504364,20.629231,0.045104,-17.233973,7672161953,60074.87,127710,127710
489,-1379123.7155,480280.6993,1094944.3003,137791323.9380,7946.3951,1999,0.015591,6.330592,19.484807,0.044519,-16.730323,7697371481,60035.34,128214,128214
49,-1466575.9932,199518.5735,1095772.3173,141703212.7924,7732.8685,1999,0.015597,6.598170,18.653925,0.045861,-17.452630,7690072682,60001.82,128164,128164
490,-1394449.2604,317578.8479,1077549.2392,138283984.7089,7792.2924,1999,0.015623,6.399532,24.281403,0.044743,-16.835854,7673506377,59972.70,127950,127950
491,-1424634.9006,513567.3814,1128723.3436,139759000.0395,8076.2122,1999,0.015612,6.563903,19.516055,0.045429,-17.214547,7684497725,60016.85,128039,128039
492,-1505782.5935,210182.8250,1132609.9526,144908940.9846,7816.0115,1999,0.015620,6.703570,21.578240,0.046437,-18.013058,7679344651,60007.54,127973,127973
493,-1469060.8989,365557.1918,1134875.1883,145242738.9796,7813.6449,1999,0.015621,6.542561,18.541586,0.045774,-17.671690,7689581907,60090.82,127966,127966
494,-1398025.9671,508978.0199,1107168.4959,138337667.7766,8003.3769,1999,0.015610,6.413401,21.499732,0.045000,-16.878490,7680625960,59975.84,128062,128062
495,-1452477.5566,240810.3646,1101109.4755,142712844.6098,7715.5597,1999,0.015647,6.532854,21.486366,0.045517,-17.419501,7663542859,59986.72,127754,127754
496,-1448437.0865,380932.7798,1123108.5540,142675453.4398,7871.7714,1999,0.015609,6.565760,22.286038,0.045612,-17.441300,7696220730,60093.39,128071,128071
497,-1431809.5202,282855.6057,1095522.3044,141238514.0265,7756.5409,1999,0.015667,6.513635,19.776674,0.045241,-17.220895,7658432272,60021.88,127594,127594
498,-1442610.9566,182652.0462,1076482.1009,139759879.5959,7702.3685,1999,0.015619,6.530767,19.512562,0.045362,-17.173877,7675594389,59970.73,127989,127989
499,-1357967.8020,174730.1778,1031961.7950,134468455.6910,7674.3783,1999,0.015628,6.343349,18.623000,0.043968,-16.415336,7668617400,59952.76,127911,127911
50,-1509008.9856,335829.3522,1159302.5323,145776390.2382,7952.6083,1999,0.015679,6.741876,18.678757,0.046702,-18.141500,7655517216,60045.16,127496,127496
500,-1409896.9126,281224.7459,1078609.4158,139034978.3210,7757.8278,1999,0.015614,6.444027,21.260073,0.044796,-16.949556,7688472868,60054.93,128024,128024
501,-1450931.0390,371208.6777,1119824.5267,140785436.1279,7954.1219,1999,0.015615,6.540545,19.705673,0.045698,-17.419321,7683139176,60016.55,128017,128017
502,-1430702.4735,318928.3271,1105564.9840,140628509.3993,7861.5992,1998,0.015564,6.467954,20.349693,0.045342,-17.287018,7702176613,59997.95,128374,128374
503,-1334671.1308,358534.4499,1042621.2972,133112655.1389,7832.6234,1999,0.015592,6.287735,16.851307,0.043753,-16.163488,7683024323,59926.71,128207,128207
504,-1432895.7914,273776.6173,1097702.3699,141854085.7943,7738.2499,1999,0.015570,6.516627,23.190986,0.045177,-17.270519,7705216594,60015.08,128388,128388
505,-1408320.5388,431621.4751,1108553.7626,139803347.0175,7929.3793,1999,0.015560,6.461564,18.421664,0.044916,-17.066601,7710194829,60014.13,128473,128473
506,-1417584.9544,298544.9396,1087867.4372,141101274.6052,7709.8342,1999,0.015582,6.475503,20.031144,0.044841,-17.057685,7704550919,60054.34,128293,128293
507,-1447005.6384,303998.8135,1111553.0785,141134210.2630,7875.8586,1999,0.015608,6.546623,20.433240,0.045537,-17.428906,7683777618,59994.83,128074,128074
508,-1384600.7366,513298.0747,1101755.2080,137771771.0437,7996.9590,1999,0.015584,6.439568,21.417924,0.044758,-16.769723,7700171417,60028.62,128275,128275
509,-1493382.2222,243194.5218,1133654.3498,143509641.9844,7899.4995,1999,0.015645,6.705046,20.197979,0.046346,-17.939547,7665750542,59996.95,127769,127769
51,-1538805.7538,419423.6816,1180737.0062,148135412.8206,7970.6600,1999,0.015583,6.745258,22.152862,0.047259,-18.330441,7701882808,60039.15,128281,128281
510,-1272602.4507,269166.2063,988116.9330,128140139.0432,7711.2210,1999,0.015650,6.091761,19.564411,0.042547,-15.468917,7659924606,59970.13,127729,127729
511,-1496688.9258,296656.1325,1139571.5489,143708765.4796,7929.7289,1999,0.015617,6.723086,20.378656,0.046626,-17.923840,7685516067,60042.16,128002,128002
512,-1355909.8391,349596.4629,1058919.7920,134872851.1841,7851.2450,1999,0.015622,6.301567,20.061480,0.044010,-16.444317,7676971247,59993.21,127964,127964
513,-1473769.3080,233096.3208,1111267.0058,141817355.3378,7835.9028,1999,0.015624,6.614725,20.730397,0.046031,-17.613885,7680543058,60030.51,127944,127944
514,-1415991.7492,355925.6743,1093011.6616,139384802.0554,7841.6846,1999,0.015644,6.479372,18.569288,0.045087,-17.015087,7666688317,59998.19,127782,127782
515,-1543875.5360,297399.4393,1165699.0057,147596088.7935,7897.8990,1999,0.015638,6.750816,21.160151,0.047262,-18.371346,7671262414,60010.97,127831,127831
516,-1488053.4972,248682.5636,1134079.5335,144780757.7093,7833.0819,1999,0.015702,6.682958,21.544507,0.046060,-17.923976,7636793516,59987.70,127306,127306
517,-1412651.3202,415980.1317,1100593.2216,140492083.4087,7833.8451,1999,0.015627,6.424652,20.161211,0.044872,-16.995784,7674768166,59998.03,127917,127917
518,-1460309.6690,429071.7218,1140922.5430,143167528.6101,7969.1432,1999,0.015629,6.584749,24.495329,0.045932,-17.614577,7674395930,60001.22,127904,127904
519,-1386983.2777,275372.4597,1058916.3118,137170649.4625,7719.7004,1998,0.015648,6.397219,18.116797,0.044506,-16.647283,7658022981,59975.43,127686,127686
52,-1451973.6089,388922.6632,1128410.4221,143393595.9095,7869.3223,1999,0.015625,6.551163,19.928977,0.045644,-17.505664,7681081038,60037.06,127939,127939
520,-1446406.4008,102468.0709,1072937.3934,141742575.1240,7569.6197,1999,0.015601,6.504935,19.034101,0.045117,-17.287078,7695363889,60057.16,128134,128134
521,-1431066.9245,173660.3741,1074215.0139,140151693.9837,7664.6595,1999,0.015652,6.507260,21.537715,0.045105,-17.138303,7664651850,60011.84,127719,127719
522,-1416431.1598,591490.9567,1126223.1603,138197876.1385,8149.3522,1998,0.015653,6.513922,19.592370,0.045617,-17.014262,7663772448,60041.62,127641,127641
523,-1551755.4767,427215.7417,1189759.8833,146393349.8049,8127.1443,1999,0.015625,6.823829,24.720833,0.047745,-18.463345,7675409193,59995.54,127933,127933
524,-1554107.8950,243588.0478,1166366.5202,146979249.3688,7935.5863,1998,0.015623,6.788987,21.646192,0.047320,-18.504711,7670663574,59980.01,127887,127887
525,-1405961.1290,156484.1389,1058562.9372,138510564.8951,7642.4707,1999,0.015597,6.447657,18.874368,0.044719,-16.908131,7688525030,59989.27,128165,128165
526,-1463670.8218,501743.0786,1149129.2153,143771017.4449,7992.7738,1999,0.015582,6.614731,17.957468,0.045925,-17.591673,7698745969,60009.56,128292,128292
527,-1355448.7567,183589.5524,1035102.2578,135755851.4672,7624.7340,1999,0.015656,6.288814,18.791104,0.043610,-16.436174,7660599921,59995.61,127686,127686
528,-1523538.5829,371558.5499,1161314.0122,146300604.1200,7937.8620,1999,0.015541,6.737998,22.162688,0.046932,-18.127612,7722732775,60037.88,128631,128631
529,-1452407.8899,412811.4060,1118663.2690,140608626.2494,7955.8651,1999,0.015633,6.584832,20.025220,0.045941,-17.325813,7670456830,59987.31,127868,127868
53,-1374885.3246,268480.7399,1046415.3339,134893831.4164,7757.3253,1999,0.015619,6.360530,21.399742,0.044264,-16.464833,7684572475,60043.70,127983,127983
530,-1380997.9651,263508.7723,1055195.3712,136164194.0323,7749.4335,1999,0.015619,6.384934,19.896990,0.044354,-16.607343,7680394036,60011.05,127983,127983
531,-1458732.3530,367756.9849,1124055.8401,142302499.0749,7899.0590,1999,0.015576,6.590955,18.131187,0.045985,-17.499471,7702567841,60018.29,128337,128337
532,-1355917.1166,406989.2711,1064227.0406,135746863.6246,7839.7910,1999,0.015624,6.324745,20.825788,0.043992,-16.406872,7680959981,60034.70,127942,127942
533,-1541159.4104,338379.1330,1171050.2970,148213767.6087,7901.0899,1999,0.015624,6.784568,22.196837,0.046988,-18.359162,7686493674,60078.42,127941,127941
534,-1434093.2197,256438.4403,1089688.1483,140437330.0548,7759.2485,1999,0.015677,6.506246,19.002989,0.045389,-17.196772,7651828964,60008.70,127512,127512
535,-1434305.9088,445800.5382,1123659.4224,141163328.0250,7959.9953,1999,0.015657,6.500661,19.648380,0.045400,-17.296070,7663761241,60024.13,127678,127678
536,-1429717.5584,148252.0173,1069084.8540,140291930.6821,7620.4301,1998,0.015587,6.475575,18.055620,0.044930,-17.113567,7690322007,59993.93,128185,128185
537,-1446280.3344,281208.8209,1100354.8265,142014905.4843,7748.1643,1999,0.015539,6.552161,22.656926,0.045342,-17.317563,7721807893,60023.23,128647,128647
538,-1517796.4012,439763.7425,1169506.8691,145488709.5726,8038.4717,1999,0.015598,6.743049,29.532737,0.047076,-18.095680,7693010498,60028.02,128157,128157
539,-1539979.1744,267285.1910,1156844.6546,147383401.5490,7849.2194,1999,0.015578,6.802501,22.416155,0.047235,-18.301574,7705111523,60043.26,128326,128326
54,-1498167.1754,260000.5942,1133997.3929,145766616.2974,7779.5412,1999,0.015613,6.643735,19.421235,0.046411,-17.921541,7690798230,60067.94,128035,128035
540,-1493445.4365,353703.5652,1151484.8463,144196294.7281,7985.5370,1999,0.015581,6.699819,22.842218,0.046474,-17.969192,7694619203,59974.12,128299,128299
541,-1424708.1382,285840.1795,1091100.4283,139782324.3835,7805.7110,1999,0.015591,6.495644,20.197065,0.045182,-17.140959,7696914381,60029.44,128219,128219
542,-1441050.1177,233013.5915,1094929.8985,140564187.4660,7789.5367,1999,0.015608,6.528199,19.841258,0.045374,-17.326939,7684915898,60003.72,128074,128074
543,-1516734.8824,293776.1705,1146485.0331,146227427.2447,7840.4240,1999,0.015607,6.719356,19.994814,0.046722,-18.062130,7691861734,60052.79,128085,128085
544,-1399276.5177,320879.7014,1077349.6165,137880299.7818,7813.6588,1999,0.015612,6.422236,18.685947,0.044871,-16.835993,7686371794,60031.49,128039,128039
545,-1418748.6057,315790.0908,1093051.4908,139708319.4124,7823.8110,1999,0.015611,6.484624,19.293688,0.045201,-17.098568,7689919684,60054.51,128049,128049
546,-1422524.1947,402692.6668,1104648.7779,139672945.7106,7908.8242,1999,0.015627,6.504601,19.345768,0.045327,-17.096421,7684479034,60072.07,127921,127921
547,-1477419.9496,229254.0041,1104325.9692,142797242.4831,7733.5245,1999,0.015625,6.615057,21.805594,0.046108,-17.533048,7682622536,60050.98,127935,127935
548,-1450549.3031,416278.1638,1121735.5783,141400469.0917,7933.0400,1999,0.015583,6.590499,18.073394,0.045767,-17.357720,7704715667,60059.83,128284,128284
549,-1512504.3637,418296.9985,1170540.5454,145736298.9134,8031.9080,1998,0.015612,6.720786,22.270128,0.046861,-18.141305,7675035330,59971.52,127978,127978
55,-1376894.6476,361982.6014,1075764.8943,134879710.8071,7975.7355,1999,0.015643,6.421809,19.591208,0.044607,-16.691773,7673517023,60047.87,127790,127790
550,-1468972.2925,339554.8592,1124633.4572,142622628.3169,7885.3789,1998,0.015616,6.603080,21.798833,0.045962,-17.581836,7679124072,60019.88,127943,127943
551,-1464097.8669,381027.7073,1126264.8502,141665259.2203,7950.1838,1999,0.015651,6.645787,24.163766,0.046023,-17.514176,7666144317,60021.64,127723,127723
552,-1465054.7160,430947.8564,1143919.7483,143387868.1693,7977.8001,1999,0.015625,6.612626,20.039369,0.045953,-17.660995,7678229549,60017.58,127933,127933
553,-1512762.4255,137020.0121,1117193.7291,145003244.2361,7704.6120,1999,0.015674,6.693772,18.504645,0.046555,-17.957038,7657922653,60044.71,127537,127537
554,-1338829.5011,372172.9082,1053283.9829,134403596.5709,7836.7247,1998,0.015688,6.279370,17.387040,0.043677,-16.290702,7635669585,59955.32,127356,127356
555,-1507421.8194,334861.2837,1150186.7646,146781292.5499,7836.0583,1999,0.015629,6.692258,22.897912,0.046588,-18.015607,7681706958,60059.32,127902,127902
556,-1573305.9838,283296.4297,1186832.4469,149491669.3079,7939.1210,1999,0.015613,6.836656,23.951075,0.047711,-18.745658,7687899929,60045.77,128034,128034
557,-1452098.7536,413634.2924,1126409.8246,142012942.6278,7931.7406,1999,0.015722,6.567530,19.304136,0.045897,-17.430507,7633459657,60035.07,127150,127150
558,-1472540.4381,417716.9168,1151851.2192,144103342.5317,7993.2304,1999,0.015598,6.656336,23.838955,0.046196,-17.809856,7689893970,60004.63,128155,128155
559,-1461167.8209,310815.0387,1114775.2655,142653673.4815,7814.5570,1999,0.015572,6.587007,24.448061,0.045930,-17.487932,7707927874,60043.22,128373,128373
56,-1504128.7622,343482.6372,1141833.7451,143054394.1957,7981.8152,1999,0.015619,6.740785,22.237169,0.046717,-17.877169,7681533713,60019.95,127983,127983
560,-1417822.7819,402011.2048,1108703.4862,141284905.2879,7847.2890,1999,0.015582,6.437530,26.299730,0.045075,-17.144419,7703114897,60044.08,128291,128291
561,-1440669.6745,295945.4009,1100651.4125,141516636.5264,7777.5408,1999,0.015584,6.507368,18.061359,0.045328,-17.282728,7705439971,60070.63,128273,128273
562,-1473121.9043,231994.7182,1110671.5425,143896688.7912,7718.5344,1999,0.015692,6.626069,23.343764,0.045815,-17.607051,7646415623,60022.26,127393,127393
563,-1519540.7646,475202.7696,1179498.3063,145937274.9958,8082.2278,1999,0.015618,6.743352,23.934043,0.047098,-18.166662,7683684785,60033.01,127991,127991
564,-1420275.1227,283453.9963,1084945.7278,139073040.7409,7801.2656,1999,0.015581,6.478304,19.959685,0.045117,-17.052937,7700331186,60019.57,128297,128297
565,-1455532.8792,246700.1576,1105066.7478,142481266.8286,7755.8740,1999,0.015572,6.550755,20.640878,0.045545,-17.467742,7705871697,60026.26,128375,128375
566,-1477999.0569,407027.3754,1145726.0761,145272513.9243,7886.7368,1999,0.015651,6.562272,20.519049,0.046120,-17.757175,7669438528,60045.55,127727,127727
567,-1475845.0818,348983.8595,1141498.0716,144617701.7870,7893.2113,1999,0.015568,6.628440,21.550993,0.046000,-17.807665,7709556383,60040.47,128406,128406
568,-1572699.0351,450028.5324,1212456.6145,150232904.2067,8070.5131,1999,0.015610,6.867668,21.072782,0.047807,-18.769415,7687935859,60035.26,128057,128057
569,-1465388.9841,394010.5924,1139409.4565,143284420.5755,7952.0820,1999,0.015577,6.602274,23.072391,0.046020,-17.671680,7696508306,59972.95,128333,128333
57,-1371372.5640,247032.7072,1053744.6127,136793250.3043,7703.1916,1999,0.015575,6.336635,18.267896,0.044178,-16.601078,7698105727,59980.25,128344,128344
570,-1517217.7274,115026.2423,1120266.3724,146277589.6429,7658.4963,1999,0.015625,6.741677,19.684538,0.046481,-18.050680,7678963364,60021.91,127936,127936
571,-1358479.2133,296175.8556,1050869.0918,135903439.7459,7732.4687,1999,0.015629,6.323236,18.669686,0.043947,-16.442349,7672938841,59990.30,127903,127903
572,-1438015.7014,349450.5433,1114058.0131,140649657.5968,7920.8015,1999,0.015629,6.547258,20.470115,0.045405,-17.357747,7684029490,60075.60,127906,127906
573,-1429394.1888,141349.9248,1067544.7459,138971172.2165,7681.7712,1999,0.015588,6.499803,19.735975,0.045178,-17.105799,7695348961,60009.27,128236,128236
574,-1564955.5804,342627.5824,1185292.7453,148739356.1252,7968.9248,1999,0.015621,6.869951,21.624764,0.047687,-18.593102,7678604301,60004.57,127967,127967
575,-1411608.1874,384277.4931,1098416.3718,139671443.3559,7864.2874,1999,0.015633,6.449337,21.144255,0.045027,-17.025656,7683992254,60093.63,127867,127867
576,-1456645.2611,289945.2085,1119128.9507,143542688.2074,7796.4887,1999,0.015651,6.578575,20.628219,0.045546,-17.578901,7667940571,60033.83,127727,127727
577,-1354621.0275,306811.3086,1046621.4086,135038756.1029,7750.5261,1999,0.015580,6.330942,20.506197,0.043991,-16.356333,7696033094,59981.86,128306,128306
578,-1358033.6717,299981.8340,1050706.5399,135360335.5662,7762.2927,1999,0.015607,6.322141,21.109167,0.044057,-16.432157,7679420439,59955.19,128086,128086
579,-1439327.4356,491053.5621,1133748.7328,140734771.9682,8055.9248,1999,0.015618,6.560165,18.212608,0.045661,-17.355647,7680264406,60003.47,127997,127997
58,-1422252.7351,305024.0978,1089465.2223,137334151.9372,7932.9519,1999,0.015647,6.534629,23.770723,0.045353,-17.076442,7657232504,59935.44,127758,127758
580,-1410596.4682,352585.2737,1090289.1596,139425049.9037,7819.8943,1999,0.015543,6.438700,21.073713,0.044992,-16.973834,7725801977,60070.62,128612,128612
581,-1416263.6305,219099.8104,1073547.2391,139329152.8573,7705.1157,1999,0.015613,6.473464,18.921301,0.044923,-17.012568,7686293585,60033.22,128034,128034
582,-1467741.8277,471157.5435,1150169.9961,143624334.5554,8008.1833,1999,0.015631,6.608334,18.451754,0.046084,-17.673598,7676355240,60024.52,127887,127887
583,-1484927.2685,416326.4414,1142803.1244,144182791.0990,7926.0716,1999,0.015573,6.649944,17.449744,0.046346,-17.712850,7704238515,60020.09,128361,128361
584,-1431832.0846,316261.5360,1098131.1356,139931984.5427,7847.6064,1999,0.015614,6.499275,21.297164,0.045332,-17.192197,7682973607,60011.51,128025,128025
585,-1423107.4854,253257.7875,1089157.4697,139060765.8772,7832.2413,1999,0.015608,6.515357,20.857629,0.045162,-17.173945,7689763082,60042.03,128073,128073
586,-1410276.9743,483168.7188,1112244.4682,140154375.4252,7935.8526,1999,0.015583,6.447712,25.524632,0.045122,-17.020803,7702933255,60048.28,128279,128279
587,-1420752.5271,256606.8081,1083663.2218,139773053.4429,7753.0196,1999,0.015574,6.473669,19.079028,0.045025,-17.087613,7708710205,60059.60,128351,128351
588,-1376974.1371,477901.3586,1087466.5644,137404711.7445,7914.3324,1999,0.015578,6.363746,21.738729,0.044419,-16.627598,7701954832,60021.00,128321,128321
589,-1393178.4778,215723.9296,1064470.9207,139386901.4745,7636.8074,1999,0.015623,6.417598,20.567326,0.044403,-16.850725,7677620629,60003.44,127953,127953
59,-1356591.0998,168303.0672,1026135.7096,135005945.0107,7600.6705,1999,0.015610,6.308655,21.097406,0.043821,-16.344362,7690417665,60054.64,128057,128057
590,-1458925.1435,343722.3431,1119790.7211,142835396.4682,7839.7284,1999,0.015606,6.539070,20.464143,0.045806,-17.488298,7688294084,60021.19,128093,128093
591,-1513131.2866,295758.3148,1155602.9065,145317678.3240,7952.2527,1999,0.015627,6.711493,25.512300,0.046736,-18.176731,7679747639,60035.55,127920,127920
592,-1405074.0904,223627.7565,1072429.9425,139414379.4190,7692.3912,1999,0.015630,6.496522,23.740702,0.044646,-16.967137,7677919920,60034.40,127892,127892
593,-1551940.0667,393908.1693,1182271.2103,147663352.2809,8006.5310,1999,0.015585,6.842679,20.459557,0.047596,-18.426537,7703799392,60060.18,128268,128268
594,-1386526.1173,257225.8216,1055820.6572,137066809.6493,7702.9637,1999,0.015683,6.375245,22.530111,0.044471,-16.638671,7643107464,59963.81,127462,127462
595,-1441830.5172,430575.2215,1123380.6487,141725836.4517,7926.4351,1999,0.015631,6.535986,19.285324,0.045590,-17.335972,7680392116,60057.49,127884,127884
596,-1534637.6558,418706.2653,1183553.6366,146975789.4647,8052.7115,1999,0.015669,6.799948,23.125894,0.047145,-18.361261,7651194372,59973.15,127577,127577
597,-1414666.6677,480701.6211,1115112.6721,140482336.5470,7937.7429,1999,0.015602,6.495927,21.440525,0.045167,-17.073824,7688398853,60007.48,128124,128124
598,-1459817.4603,638271.6046,1169570.2322,143291987.6028,8162.1468,1999,0.015630,6.660079,22.363092,0.046175,-17.599033,7682927365,60070.27,127899,127899
599,-1403225.8744,365918.4926,1090033.9735,140126320.7471,7778.9381,1999,0.015613,6.449925,21.361791,0.044786,-16.930382,7688009342,60046.62,128034,128034
60,-1528330.8061,135658.3661,1132165.9329,147633910.0211,7668.7391,1999,0.015597,6.728250,20.125358,0.046646,-18.195615,7697572444,60058.93,128167,128167
600,-1417083.6843,337011.3687,1088694.9144,138639158.5991,7852.7230,1999,0.015644,6.483763,19.905094,0.045158,-16.994602,7664455041,59981.18,127781,127781
601,-1466950.3249,306473.8886,1125660.3174,144058155.7003,7813.9298,1999,0.015657,6.614438,20.377237,0.045837,-17.656158,7655184692,59959.31,127673,127673
602,-1439972.6790,335958.9766,1103768.5706,140905391.6232,7833.4020,1998,0.015589,6.566146,19.089448,0.045535,-17.247068,7691540938,60009.99,128171,128171
603,-1447031.9783,336459.3098,1117958.4186,142323777.6100,7855.0362,1999,0.015626,6.557489,19.511100,0.045547,-17.454076,7677906268,60016.46,127930,127930
604,-1479383.0625,109139.8636,1089224.2353,142591420.9277,7638.7782,1999,0.015628,6.596020,20.055538,0.045897,-17.562504,7677539417,60022.51,127911,127911
605,-1398450.6174,567709.3388,1122149.8795,138022328.5522,8130.2054,1999,0.015636,6.463894,21.610860,0.045125,-16.970130,7666369716,59965.66,127846,127846
606,-1517004.0937,184062.8471,1133924.3758,145386622.3254,7799.3722,1999,0.015666,6.729884,21.883390,0.046663,-18.103938,7662522926,60050.65,127601,127601
607,-1551919.1445,484531.3449,1208074.7481,147318046.0106,8200.4532,1999,0.015583,6.893201,23.771496,0.047715,-18.601434,7695368629,59990.24,128277,128277
608,-1382926.2609,232537.7807,1057816.3423,137641532.7725,7685.2991,1999,0.015638,6.396708,21.290714,0.044206,-16.706630,7670684328,60005.51,127833,127833
609,-1379229.8519,263760.1932,1060861.7137,136722186.7640,7759.2506,1999,0.015583,6.391087,19.668573,0.044355,-16.681208,7705018899,60064.07,128280,128280
61,-1342052.2173,571540.9162,1080740.2073,135142181.8439,7997.0605,1999,0.015628,6.251581,19.191450,0.043937,-16.290007,7675719187,60006.87,127914,127914
610,-1430672.7145,430311.7891,1114893.6433,141059081.8056,7903.7353,1999,0.015620,6.465285,22.438064,0.045488,-17.199085,7679448276,60007.88,127974,127974
611,-1417164.8502,538849.6064,1123463.1413,139455085.2510,8056.0930,1999,0.015634,6.483396,20.500572,0.045319,-17.079561,7677376178,60044.24,127862,127862
612,-1429215.8785,567420.6651,1135944.0464,141370418.4938,8035.2315,1999,0.015611,6.559698,20.322229,0.045567,-17.218855,7682286504,59993.96,128051,128051
613,-1456627.7366,186131.8928,1103839.4551,143856919.6386,7673.1759,1999,0.015629,6.596970,17.601803,0.045454,-17.570275,7677209914,60022.75,127905,127905
614,-1487177.5985,495167.1090,1168840.1188,144882655.4859,8067.4951,1999,0.015595,6.698686,23.198628,0.046388,-17.919387,7695447101,60036.72,128179,128179
615,-1519143.9454,93798.7028,1116276.2952,145496540.4865,7672.1844,1999,0.015622,6.718382,21.559934,0.046445,-18.040372,7679586416,60013.65,127964,127964
616,-1469415.9923,244058.5472,1116945.6266,141764326.8116,7878.8906,1999,0.015631,6.624513,24.033774,0.045985,-17.662743,7673162827,59998.61,127889,127889
617,-1496992.7469,412314.6663,1161645.9072,144588996.3831,8034.1239,1999,0.015660,6.722786,19.400093,0.046577,-18.000640,7660636226,60011.88,127652,127652
618,-1348147.6661,251246.2785,1031069.9148,134912267.6470,7642.5216,1999,0.015579,6.302206,19.213925,0.043851,-16.237549,7703861390,60040.07,128312,128312
619,-1431295.7776,407400.7396,1108182.7810,140882030.5033,7866.0336,1999,0.015577,6.512383,23.725745,0.045359,-17.152528,7709172702,60073.97,128328,128328
62,-1455611.6681,367041.1216,1123771.5449,140649162.5172,7989.8915,1999,0.015613,6.648862,19.229484,0.045967,-17.491351,7680540042,59989.69,128031,128031
620,-1424239.6009,76036.5615,1051485.1929,139109414.3100,7558.6918,1999,0.015597,6.508264,18.643988,0.045010,-17.001171,7690579342,60004.83,128166,128166
621,-1406530.4942,297424.3413,1077323.2656,138162914.6644,7797.4851,1999,0.015661,6.474713,23.014868,0.045078,-16.895087,7666947466,60065.08,127644,127644
622,-1480553.8534,323298.8458,1137659.9766,144135695.2563,7892.9787,1999,0.015581,6.641216,20.693157,0.046180,-17.813771,7707240767,60072.96,128298,128298
623,-1516294.5641,360034.6751,1163654.9601,146608106.4190,7937.1802,1999,0.015562,6.715466,23.382421,0.046871,-18.167960,7712690787,60040.56,128458,128458
624,-1402738.7656,225973.9459,1063929.2562,138657322.7222,7673.0838,1998,0.015654,6.443836,21.613549,0.044689,-16.841268,7662912420,60036.76,127637,127637
625,-1467050.1097,354659.8880,1124254.9286,143010465.1449,7861.3473,1999,0.015598,6.611186,20.306334,0.045953,-17.543807,7693680286,60033.71,128156,128156
626,-1410240.1922,331944.5408,1088770.0684,138977229.5643,7834.1616,1999,0.015681,6.452426,20.347177,0.045001,-16.992253,7655447075,60052.14,127480,127480
627,-1490850.9504,184988.3967,1118829.8704,145242456.1324,7703.1875,1998,0.015562,6.673975,23.154703,0.046075,-17.844537,7705653455,60018.49,128388,128388
628,-1401835.1759,342568.3326,1079587.1667,138130673.3752,7815.6947,1999,0.015641,6.441679,19.601130,0.044811,-16.829122,7672698932,60033.95,127806,127806
629,-1408298.3916,270214.2763,1071152.9222,138059662.6624,7758.6233,1999,0.015677,6.419898,21.528957,0.044921,-16.865594,7652284092,60010.85,127515,127515
63,-1433812.7340,257907.6014,1086322.6174,139348186.5634,7795.7428,1999,0.015580,6.527410,21.565484,0.045406,-17.146120,7698928290,60005.83,128303,128303
630,-1447007.2280,487964.7828,1140956.6344,141810961.5310,8045.6167,1999,0.015579,6.532834,21.059487,0.045755,-17.474863,7696482090,59981.62,128314,128314
631,-1525882.0598,358768.4243,1169063.9113,146214341.6527,7995.5488,1999,0.015635,6.773067,21.238098,0.047023,-18.262816,7674426805,60026.33,127851,127851
632,-1370129.5473,213680.2674,1037503.7694,134069792.3313,7738.5349,1999,0.015625,6.382903,19.428293,0.044350,-16.440193,7670432584,59956.17,127934,127934
633,-1444806.6243,397245.1497,1116552.5346,141338914.6167,7899.8239,1999,0.015621,6.556768,18.584929,0.045592,-17.312178,7678757247,60003.89,127971,127971
634,-1417070.7888,283109.7299,1085015.2409,138190652.6004,7851.5820,1999,0.015607,6.453304,19.136525,0.045168,-17.048026,7683007553,59984.13,128084,128084
635,-1473264.3250,403804.3654,1140208.1318,143726820.7104,7933.1619,1999,0.015643,6.609153,18.810334,0.046033,-17.678541,7668294307,60009.35,127785,127785
636,-1444234.9339,400366.1471,1118571.6524,140986644.8081,7933.8838,1999,0.015609,6.571450,20.281130,0.045676,-17.333265,7684654240,60006.36,128064,128064
637,-1450106.2048,300824.8356,1104594.3743,141736876.0904,7793.2744,1999,0.015593,6.537622,18.936425,0.045463,-17.345721,7703667363,60093.35,128195,128195
638,-1426937.1832,272781.7029,1093379.5161,140716418.8692,7770.0920,1999,0.015585,6.474787,19.115673,0.045041,-17.201594,7696796046,60006.99,128265,128265
639,-1420475.7576,208826.5316,1084929.1939,140593186.7554,7716.7978,1999,0.015644,6.482923,21.357030,0.044920,-17.197645,7671250863,60035.77,127778,127778
64,-1477535.1297,348314.4718,1129610.1883,144734531.4662,7804.7041,1999,0.015595,6.601551,20.292995,0.046095,-17.649761,7696090178,60041.74,128179,128179
640,-1431855.1947,391363.3665,1114542.0017,139266043.1506,8002.9703,1999,0.015612,6.554790,23.835443,0.045493,-17.271715,7681528075,59993.19,128040,128040
641,-1467723.7749,369861.3569,1130677.8790,142153365.1215,7953.9297,1999,0.015589,6.635093,20.435557,0.046044,-17.602915,7694074852,60001.68,128231,128231
642,-1408225.7547,266451.1143,1079343.8306,139039376.5637,7762.8644,1999,0.015637,6.434942,20.930962,0.044813,-16.985254,7673150716,60024.33,127834,127834
643,-1408740.6030,330572.0653,1083745.6406,139542991.8843,7766.3925,1999,0.015629,6.457453,19.035709,0.044883,-16.923849,7677084953,60021.77,127905,127905
644,-1355780.8061,245921.0393,1035728.0783,134855171.0308,7680.2993,1999,0.015633,6.324780,22.468092,0.043890,-16.325951,7669113531,59974.92,127872,127872
645,-1465963.4388,449219.0250,1143981.5972,143705879.4252,7960.5762,1999,0.015631,6.584378,21.682720,0.045926,-17.628379,7675731003,60020.10,127886,127886
646,-1434286.6032,257228.2099,1094414.9639,140789113.9083,7773.4346,1999,0.015627,6.534331,22.171115,0.045330,-17.260225,7678426827,60024.29,127922,127922
647,-1430630.4443,313852.3372,1099365.2489,139154142.8156,7900.3415,1999,0.015625,6.545895,19.154162,0.045390,-17.211264,7678092352,60016.51,127933,127933
648,-1411649.3432,290108.9591,1084251.6811,139388271.0800,7778.6436,1999,0.015649,6.461958,18.401261,0.044898,-17.013578,7665869397,60012.44,127738,127738
649,-1421610.8596,254353.2613,1089965.1021,140807893.2116,7740.7955,1999,0.015627,6.463051,21.505378,0.044991,-17.180258,7680344602,60041.16,127918,127918
65,-1452714.8402,29240.3199,1065125.7496,142341095.3428,7482.9110,1999,0.015646,6.525887,19.026701,0.045163,-17.332602,7669378593,60027.23,127765,127765
650,-1547832.7026,383975.9632,1187112.0601,149766110.2110,7926.4398,1999,0.015597,6.803807,19.090826,0.047214,-18.503179,7702295569,60098.12,128162,128162
651,-1377153.3895,363606.6309,1073167.7102,135846048.7204,7899.8817,1999,0.015628,6.369784,20.339634,0.044516,-16.653658,7671966786,59977.07,127915,127915
652,-1401401.8209,375810.8232,1090052.0494,138990914.3138,7842.6137,1999,0.015579,6.439564,22.785340,0.044791,-16.907616,7702914280,60033.16,128311,128311
653,-1463419.5132,310985.8522,1122100.0508,141851957.5615,7910.3600,1999,0.015628,6.633627,19.699347,0.045953,-17.591958,7676488299,60012.89,127914,127914
654,-1515623.6715,457138.3080,1178911.7498,146657463.7156,8038.5391,1999,0.015639,6.689841,21.069192,0.046915,-18.186346,7675129259,60044.51,127824,127824
655,-1471625.0896,332185.8608,1127058.0709,142069256.0662,7933.1595,1999,0.015655,6.588243,19.872276,0.046167,-17.634558,7669154272,60059.79,127692,127692
656,-1470224.7146,206029.1684,1108341.9422,142276846.0975,7790.0373,1999,0.015635,6.596916,23.743633,0.045922,-17.619623,7674227226,60022.89,127855,127855
657,-1420482.8971,287238.0899,1087017.5243,138822418.5203,7830.2736,1999,0.015642,6.538733,19.059763,0.045158,-17.073627,7668131484,60001.03,127800,127800
658,-1624771.4082,469865.4921,1252741.2267,153555282.0394,8158.2425,1999,0.015638,7.015915,20.340697,0.048861,-19.383096,7675594511,60047.21,127826,127826
659,-1413057.8142,452086.8003,1113806.7285,139728797.0289,7971.2039,1999,0.015573,6.445306,21.614633,0.045155,-17.108123,7706504905,60035.41,128366,128366
66,-1395749.9743,445729.7144,1106656.8493,139235039.2467,7948.1204,1999,0.015645,6.436017,21.644055,0.044747,-16.988868,7670491073,60033.11,127771,127771
660,-1483616.0674,415549.5519,1141298.7412,142757564.1775,7994.6639,1999,0.015584,6.670777,22.384598,0.046477,-17.691437,7708434064,60095.85,128269,128269
661,-1534983.0632,267986.1813,1160653.1711,145956096.1050,7952.0705,1999,0.015576,6.792032,21.930578,0.047043,-18.342404,7700626021,60003.16,128337,128337
662,-1445369.2520,494705.7812,1132900.4300,141401842.6953,8011.9213,1999,0.015643,6.563761,19.934114,0.045897,-17.349194,7672869885,60042.80,127790,127790
663,-1398957.7898,466055.0907,1099566.2125,137184381.8449,8015.2434,1998,0.015621,6.482942,20.886592,0.045120,-16.858969,7678714924,60034.05,127906,127906
664,-1462375.6178,292094.0392,1114309.1777,141680511.0630,7864.9432,1999,0.015624,6.592952,19.710221,0.045797,-17.519384,7676645277,60000.51,127943,127943
665,-1465244.6638,348691.7180,1131639.3184,142571543.7800,7937.3435,1999,0.015655,6.617831,19.552968,0.045926,-17.652999,7661383348,60001.28,127687,127687
666,-1464211.7478,409972.4913,1140079.5599,143900919.1778,7922.6704,1999,0.015546,6.607371,20.842946,0.045898,-17.647590,7722591733,60055.93,128590,128590
667,-1525697.8886,432907.3164,1174667.0973,145410142.2111,8078.3024,1999,0.015597,6.736990,21.527278,0.047375,-18.196058,7691036839,60010.27,128162,128162
668,-1523512.3003,354860.5076,1165911.0670,146280479.9228,7970.3804,1999,0.015621,6.789034,18.614044,0.046939,-18.222804,7675009099,59976.00,127968,127968
669,-1515890.4570,494661.2171,1176316.3270,145529376.0328,8083.0164,1999,0.015608,6.722421,22.722672,0.047010,-18.078288,7694999895,60080.11,128079,128079
67,-1471392.5155,207012.3907,1105414.9127,143338332.3064,7711.9281,1999,0.015596,6.623877,25.772064,0.045909,-17.579776,7698103633,60061.67,128170,128170
670,-1472833.9271,103210.2577,1081803.2749,141366349.2821,7652.4808,1999,0.015622,6.621111,25.474510,0.045935,-17.459054,7684022132,60049.25,127962,127962
671,-1445237.2802,169670.9292,1077228.4432,140212510.9641,7682.8268,1999,0.015586,6.538368,19.355794,0.045503,-17.214785,7700324394,60037.77,128258,128258
672,-1531530.7001,394129.7882,1179224.9253,147664025.6409,7985.8647,1999,0.015632,6.749683,20.149272,0.047016,-18.344206,7674498453,60012.34,127882,127882
673,-1452316.0847,513770.6452,1139690.7198,142500323.3738,7997.8115,1999,0.015567,6.563739,22.775905,0.045932,-17.418360,7704897710,59999.51,128416,128416
674,-1424303.0384,465352.6248,1122771.3243,140606005.8055,7985.2302,1999,0.015661,6.506712,22.850255,0.045204,-17.226274,7656537647,59985.88,127639,127639
675,-1411005.0372,189103.4085,1066212.2441,138455387.8943,7700.7638,1999,0.015659,6.462371,20.999215,0.044777,-16.959451,7664711517,60042.39,127655,127655
676,-1453503.2475,290664.1275,1107897.6632,141504298.2806,7829.4276,1999,0.015606,6.556868,19.377685,0.045698,-17.417358,7687173715,60013.38,128091,128091
677,-1479533.3311,292251.0353,1123995.2683,143177304.8326,7850.3731,1999,0.015608,6.637781,18.709658,0.046212,-17.685305,7698258063,60106.01,128078,128078
678,-1451120.7517,214237.9737,1099561.2267,141252549.4251,7784.3638,1999,0.015604,6.543531,23.052082,0.045585,-17.446541,7685402138,59991.59,128108,128108
679,-1466573.3685,347033.0014,1132325.2887,143370689.7420,7897.8855,1999,0.015597,6.612039,19.372873,0.045929,-17.668586,7689462411,59996.12,128166,128166
68,-1498005.6899,20373.8571,1096714.3648,143582676.3386,7638.2081,1999,0.015610,6.641477,20.316553,0.046289,-17.873487,7681914757,59988.25,128057,128057
680,-1438388.7789,494386.6721,1134452.3800,141409788.9869,8022.4459,1999,0.015583,6.572133,17.947924,0.045605,-17.356529,7697479642,60004.83,128281,128281
681,-1587753.7777,262557.5204,1184107.2755,149095722.9020,7941.9265,1999,0.015596,6.940911,19.330018,0.048006,-18.777005,7699627104,60070.27,128177,128177
682,-1370952.2939,401956.6318,1076411.0125,137285883.0461,7840.6533,1999,0.015640,6.360898,20.935288,0.044223,-16.611710,7676299672,60058.36,127814,127814
683,-1517043.5609,329834.6790,1158304.8157,145975499.5446,7934.9262,1999,0.015620,6.714565,26.427573,0.046753,-18.154721,7681397793,60020.77,127979,127979
684,-1510119.7010,278492.8582,1145154.1537,146396540.1812,7822.2761,1999,0.015658,6.712499,21.092588,0.046596,-18.061209,7664949455,60037.20,127670,127670
685,-1443139.4076,642708.4307,1157943.8684,140610754.8764,8235.1017,1999,0.015588,6.572696,22.816187,0.046027,-17.398865,7684217769,59919.67,128242,128242
686,-1472578.0501,222881.6568,1107535.9818,143319487.3586,7727.7417,1999,0.015590,6.560399,19.847250,0.045813,-17.580133,7688812018,59964.37,128223,128223
687,-1460129.3270,463217.5710,1138689.8049,142236816.0271,8005.5912,1999,0.015582,6.603736,21.227474,0.046041,-17.517572,7700631236,60024.25,128292,128292
688,-1324736.2453,493758.1101,1059239.4368,132678128.4963,7983.5271,1999,0.015612,6.264382,18.454018,0.043743,-16.111790,7676421381,59951.90,128043,128043
689,-1487629.3005,554327.4927,1185056.2009,144562931.5733,8197.5109,1999,0.015596,6.721143,20.523859,0.046582,-18.026522,7691078188,60004.04,128176,128176
69,-1481941.5613,296266.5949,1127504.6939,145450239.2284,7751.8243,1999,0.015618,6.656755,23.869525,0.045875,-17.729493,7688488449,60067.72,127997,127997
690,-1412352.9337,299220.5992,1079585.9809,137808612.1239,7833.9515,1999,0.015699,6.502387,19.095951,0.045107,-16.933700,7634435367,59956.46,127333,127333
691,-1379367.2364,257063.7412,1049654.8951,134506919.1020,7803.7242,1999,0.015680,6.399681,21.692030,0.044593,-16.540584,7642447865,59945.00,127491,127491
692,-1392349.1560,322201.2655,1078653.6960,138751079.4169,7774.0202,1999,0.015598,6.407203,20.080633,0.044595,-16.838410,7691731728,60018.97,128155,128155
693,-1396456.4887,466500.2036,1095301.7791,136818011.3395,8005.5379,1999,0.015613,6.424466,18.495945,0.044965,-16.794665,7684564770,60021.13,128031,128031
694,-1450893.9630,257014.8672,1101705.9946,141623089.1751,7779.1411,1999,0.015681,6.562065,19.129421,0.045695,-17.392987,7647651367,59990.99,127480,127480
695,-1365563.9613,390337.2784,1062124.4972,135092788.7043,7862.1850,1999,0.015660,6.380346,20.714257,0.044409,-16.428702,7661913619,60022.83,127650,127650
696,-1446869.9506,363712.0052,1118948.9527,141351219.6714,7916.0898,1999,0.015617,6.578159,20.783436,0.045587,-17.414182,7687811022,60061.49,127999,127999
697,-1469743.0685,433777.3846,1135637.4623,142878970.7522,7948.2478,1999,0.015621,6.613258,21.258978,0.046155,-17.551371,7680904730,60023.48,127965,127965
698,-1419437.0092,387528.3113,1098353.1607,139401179.3236,7879.0808,1999,0.015609,6.491280,19.911009,0.045281,-17.034076,7691024139,60056.10,128064,128064
699,-1453361.4023,425112.9330,1131628.8124,140087566.4241,8078.0104,1999,0.015646,6.621326,18.835606,0.045928,-17.481098,7668851751,60024.04,127763,127763
70,-1452675.4740,426640.3629,1127206.0137,141617349.3013,7959.5192,1999,0.015593,6.600630,18.607635,0.045992,-17.417394,7691790749,59998.37,128200,128200
700,-1486041.0774,412574.0893,1159561.8100,144329194.1088,8034.1459,1999,0.015587,6.677908,25.150788,0.046469,-17.951953,7695696245,60006.83,128247,128247
701,-1577406.4108,241389.1141,1171805.0451,149334181.7593,7846.8642,1999,0.015657,6.890489,18.504466,0.047680,-18.628856,7669821336,60072.07,127677,127677
702,-1469418.2229,402402.6593,1138964.5754,144080479.4388,7905.0582,1998,0.015597,6.612383,19.238119,0.045880,-17.656913,7687733723,60013.53,128100,128100
703,-1430823.6496,336144.6106,1106579.8900,140984518.7275,7848.9461,1999,0.015597,6.533342,19.083983,0.045324,-17.267698,7695810231,60046.11,128165,128165
704,-1391237.5717,462246.0510,1092443.4631,138749059.7373,7873.5198,1999,0.015591,6.374516,19.757386,0.044639,-16.753878,7703554466,60081.69,128218,128218
705,-1475666.9304,347245.5411,1122381.3951,142291473.3105,7887.9034,1999,0.015647,6.655401,19.833498,0.046259,-17.548973,7671195506,60045.21,127757,127757
706,-1443249.8960,253882.1741,1099762.0978,141335387.9692,7781.2225,1999,0.015601,6.558970,19.758303,0.045341,-17.356809,7688082953,59999.87,128135,128135
707,-1472953.7609,205495.3074,1111960.7733,143300501.5609,7759.6433,1999,0.015614,6.610948,22.681785,0.045866,-17.676052,7692562083,60085.00,128028,128028
708,-1475997.8467,263607.2135,1122619.4978,143188052.8153,7840.1757,1999,0.015626,6.594900,19.858193,0.045991,-17.715307,7683661526,60062.39,127928,127928
709,-1455674.6543,332075.8252,1118548.2581,142191514.6536,7866.4909,1999,0.015582,6.570359,17.885436,0.045841,-17.487549,7697328629,59998.04,128293,128293
71,-1432267.0956,326814.7889,1100004.9889,140486821.4203,7829.9514,1999,0.015620,6.557372,18.421652,0.045240,-17.197793,7684980153,60048.76,127979,127979
710,-1490859.2422,335324.3822,1132275.4467,143769760.3594,7875.6162,1999,0.015599,6.648809,20.238788,0.046480,-17.737121,7688813902,59998.08,128151,128151
711,-1525361.3951,273322.2695,1149617.9990,145248879.2052,7914.8149,1999,0.015587,6.776202,20.051171,0.047026,-18.162245,7689390082,59957.66,128247,128247
712,-1420931.0310,132196.4896,1058991.5053,139696735.6819,7580.6460,1999,0.015568,6.519577,20.677819,0.044836,-16.989510,7703990361,59997.12,128406,128406
713,-1463164.1886,355273.3231,1121791.7880,143629934.7440,7810.2924,1999,0.015608,6.549510,20.337395,0.045796,-17.501712,7696798404,60096.03,128075,128075
714,-1492893.4038,274375.0844,1128943.6761,144728118.3900,7800.4446,1999,0.015643,6.695124,21.732002,0.046392,-17.813991,7667449664,60002.27,127786,127786
715,-1364696.1629,358346.2608,1063664.6258,135676506.4164,7839.7112,1999,0.015625,6.351216,20.039026,0.044192,-16.509555,7671857576,59967.78,127933,127933
716,-1433225.5531,476175.8914,1124671.1736,140370104.1852,8012.1845,1999,0.015580,6.538492,20.541753,0.045620,-17.248831,7707705840,60073.78,128304,128304
717,-1393375.9057,510007.9601,1096109.2421,137648784.2543,7963.0870,1999,0.015542,6.418858,22.452196,0.044911,-16.715824,7722187067,60037.37,128623,128623
718,-1446267.4555,448083.6191,1127885.0401,141458598.5968,7973.2519,1999,0.015621,6.548466,18.353389,0.045787,-17.372487,7677358615,59994.36,127968,127968
719,-1389980.9450,435601.9748,1094643.5747,137487333.8233,7961.7776,1999,0.015652,6.438450,19.180435,0.044781,-16.833045,7663526775,60004.91,127715,127715
72,-1425005.2400,291188.6812,1093954.0324,140269320.7812,7798.9544,1999,0.015586,6.517095,18.000213,0.045204,-17.170583,7702371007,60053.26,128259,128259
720,-1467529.5618,467782.9728,1146143.9551,143249736.9129,8001.0196,1999,0.015612,6.595258,25.018132,0.046214,-17.624343,7684413794,60014.32,128043,128043
721,-1279446.8720,373576.3178,1013107.6737,131183131.7664,7722.8502,1999,0.015645,6.064443,19.979083,0.042532,-15.624651,7672508478,60046.55,127776,127776
722,-1438759.7454,326587.1335,1107644.2964,140065869.7861,7908.0243,1999,0.015639,6.596614,21.132308,0.045545,-17.315639,7669747986,60003.82,127821,127821
723,-1398991.7929,419360.3937,1088109.3501,138555260.6470,7853.2518,1999,0.015625,6.422923,17.687498,0.044843,-16.792794,7674131172,59985.55,127933,127933
724,-1485492.9370,441848.9154,1155217.6593,143880123.1058,8029.0288,1999,0.015590,6.637846,21.718984,0.046465,-17.833579,7689561831,59969.29,128225,128225
725,-1487245.1526,477661.5135,1163644.7026,144805501.7657,8035.9150,1999,0.015640,6.635134,20.525613,0.046503,-17.882694,7678013077,60070.83,127816,127816
726,-1411899.0264,213627.8197,1070578.6875,139657142.0843,7665.7640,1999,0.015633,6.452025,25.219561,0.044790,-16.974464,7680595203,60066.59,127868,127868
727,-1428905.4742,379862.0323,1109123.5116,142908763.2851,7761.0602,1999,0.015638,6.478236,22.671176,0.045099,-17.214202,7675891455,60047.18,127831,127831
728,-1494352.7238,171320.1563,1109913.2792,145162479.3510,7646.0066,1999,0.015614,6.598673,23.044361,0.046092,-17.755142,7685992587,60035.56,128024,128024
729,-1551265.8154,438425.0639,1191620.5087,149628759.9359,7963.8467,1999,0.015629,6.817383,21.879081,0.047420,-18.465523,7683421960,60071.32,127905,127905
73,-1394638.0399,158473.5046,1048942.0075,138108194.4215,7595.0744,1999,0.015581,6.395804,18.273078,0.044463,-16.750208,7694122585,59969.78,128300,128300
730,-1417481.5723,326179.8583,1092341.6625,139633311.6032,7822.9303,1999,0.015609,6.454720,21.037157,0.045128,-17.066359,7687299708,60023.73,128071,128071
731,-1444817.5517,288364.7366,1110787.7985,141184742.7869,7867.6192,1999,0.015599,6.597046,19.371429,0.045585,-17.444663,7697438059,60064.44,128153,128153
732,-1489913.2950,261380.5459,1127163.2939,144979395.2730,7774.6447,1999,0.015647,6.613568,19.829816,0.046157,-17.808436,7674424323,60069.07,127760,127760
733,-1512700.3469,476498.8842,1173785.5466,146022535.0517,8038.3863,1999,0.015624,6.696703,20.056643,0.046949,-18.072718,7682034361,60043.57,127941,127941
734,-1398567.2401,353073.1453,1085626.5160,138493782.2910,7838.8105,1999,0.015630,6.434286,18.660161,0.044739,-16.885611,7674450819,60004.93,127897,127897
735,-1398787.8337,412527.5846,1098944.1676,140991055.7490,7794.4247,1999,0.015570,6.416371,17.339203,0.044498,-16.953544,7703862925,60005.94,128385,128385
736,-1483801.6638,350278.7993,1142021.7551,143019964.9216,7985.0513,1999,0.015622,6.690295,20.592195,0.046475,-17.828238,7680672215,60025.42,127957,127957
737,-1520979.1704,486179.8334,1182008.5791,146265643.4388,8081.2455,1999,0.015628,6.748072,20.634028,0.046985,-18.182434,7688417566,60107.09,127912,127912
738,-1390235.7553,318277.1559,1076469.8227,137383480.1145,7835.5114,1999,0.015656,6.435267,19.324022,0.044595,-16.810866,7660023096,59993.45,127681,127681
739,-1372889.5955,256330.4309,1052367.6468,136419174.7456,7714.2209,1999,0.015650,6.417377,19.171906,0.044196,-16.567047,7667097029,60025.81,127730,127730
74,-1401792.7467,215201.9930,1066605.4311,137286708.1852,7769.1821,1999,0.015640,6.439576,21.844330,0.044820,-16.897108,7672503319,60027.25,127817,127817
740,-1500245.7611,295183.2697,1140735.3965,145672485.8376,7830.8226,1999,0.015564,6.656258,22.700582,0.046295,-17.948650,7702505231,59972.48,128434,128434
741,-1495952.1103,333569.6054,1147495.0985,145479278.4458,7887.6876,1999,0.015577,6.666764,19.757316,0.046262,-17.958344,7701794178,60015.54,128330,128330
742,-1369257.0334,160880.6151,1033231.8075,136108623.0643,7591.2296,1999,0.015575,6.357203,20.906596,0.044041,-16.480918,7702867222,60017.82,128343,128343
743,-1340458.3868,654658.8491,1100070.2299,136015124.0329,8087.8523,1999,0.015591,6.297375,18.969678,0.044061,-16.389038,7689243671,59969.61,128219,128219
744,-1459881.7637,340547.5079,1126572.0429,142380810.5638,7912.3868,1999,0.015646,6.575101,19.002667,0.045901,-17.588727,7666992348,60008.55,127765,127765
745,-1427967.0910,262947.6463,1092432.4739,140678331.7812,7765.4637,1999,0.015621,6.514063,21.163716,0.045105,-17.210056,7680125519,60017.39,127965,127965
746,-1565861.5291,466422.9158,1210157.5744,150256839.7727,8053.9267,1999,0.015652,6.902372,21.635901,0.047777,-18.693366,7675731424,60099.06,127718,127718
747,-1451380.7448,289327.9041,1111343.2342,141557787.6173,7850.8096,1999,0.015644,6.565565,21.648344,0.045671,-17.462796,7668680715,60014.72,127780,127780
748,-1502537.5233,387701.4684,1154404.7629,146549771.4210,7877.2198,1999,0.015563,6.683268,21.173544,0.046472,-17.960794,7706846992,60001.61,128444,128444
749,-1456827.7309,350218.4798,1127743.5893,143180446.9615,7876.3799,1999,0.015654,6.579673,19.660481,0.045754,-17.580573,7664684555,60023.37,127695,127695
75,-1475342.7576,269126.5435,1118929.7121,143480259.9639,7798.4924,1999,0.015585,6.588017,23.530242,0.045983,-17.652518,7696494920,60006.04,128262,128262
750,-1463926.8038,417483.4366,1134242.0082,142319555.2877,7969.6849,1999,0.015608,6.621110,19.807005,0.046077,-17.552455,7686775570,60015.89,128079,128079
751,-1481319.3347,175505.9435,1111300.6528,143468632.5457,7745.9486,1999,0.015640,6.632653,25.328821,0.045974,-17.740992,7675281759,60050.87,127813,127813
752,-1523635.2122,254451.2504,1146478.6974,145764343.4349,7865.2891,1999,0.015559,6.727925,26.361641,0.046926,-18.152382,7717783930,60070.39,128479,128479
753,-1455342.0710,307005.1037,1111063.3326,141282300.1941,7864.1368,1999,0.015627,6.584471,19.742976,0.045648,-17.432524,7670911076,59967.41,127918,127918
754,-1500068.0751,247343.4961,1130303.3831,144991500.0694,7795.6527,1999,0.015606,6.650042,24.014425,0.046388,-17.898620,7689837599,60032.77,128094,128094
755,-1438145.5158,347679.5764,1114632.1859,141894357.3716,7855.3665,1999,0.015604,6.530101,27.460296,0.045371,-17.369701,7692065800,60043.13,128109,128109
756,-1541454.1698,323295.3252,1162343.5100,147297365.6733,7891.1358,1999,0.015651,6.822809,23.017566,0.047141,-18.270070,7672098546,60069.67,127720,127720
757,-1593599.4137,435357.9972,1221538.5469,152374628.9604,8016.6794,1999,0.015581,6.913154,18.132805,0.048058,-18.962978,7701376596,60025.85,128301,128301
758,-1343681.1278,430882.6101,1069673.8443,134650888.9449,7944.0533,1999,0.015642,6.328597,21.284519,0.043877,-16.411688,7663651998,59966.92,127798,127798
759,-1511869.1336,484170.3701,1175113.7329,146294632.5228,8032.5143,1998,0.015588,6.720647,24.107439,0.046833,-18.074513,7692460207,60013.42,128179,128179
76,-1557862.0948,414655.9842,1200819.7313,149748994.1044,8018.8835,1999,0.015589,6.872607,24.963686,0.047546,-18.650825,7700853790,60054.07,128232,128232
760,-1472522.8715,388989.9423,1132964.8076,143237442.7867,7909.6973,1999,0.015625,6.622256,27.241853,0.046082,-17.606894,7682024319,60044.90,127938,127938
761,-1405154.5426,341379.6721,1089376.0210,139466471.6933,7811.0245,1999,0.015633,6.444695,22.206003,0.044805,-16.972417,7674955090,60021.08,127871,127871
762,-1378257.3085,269547.5210,1059348.8360,137351513.9410,7712.6841,1999,0.015562,6.363857,20.088039,0.044291,-16.647601,7702803025,59966.86,128451,128451
763,-1490531.0354,309506.9941,1128911.8734,144133499.6386,7832.4045,1999,0.015640,6.688857,19.400333,0.046334,-17.740474,7677996388,60071.64,127814,127814
764,-1416918.9091,268812.1869,1081882.8690,139244999.9355,7769.6353,1999,0.015547,6.457183,19.171297,0.045110,-17.032805,7712395559,59983.17,128576,128576
765,-1411953.9746,196876.1573,1063159.5984,139597942.4328,7615.8687,1999,0.015569,6.443978,20.667165,0.044832,-16.904972,7712085349,60065.78,128394,128394
766,-1499331.3522,233388.6838,1134506.3188,144870615.2891,7831.1693,1999,0.015561,6.647623,24.460115,0.046322,-17.981644,7707912530,60001.03,128463,128463
767,-1389331.5431,184630.7899,1048064.7838,137111316.6310,7643.8970,1999,0.015569,6.372160,20.209532,0.044447,-16.677530,7699047901,59962.83,128397,128397
768,-1462990.2165,176778.3783,1095400.8933,141435093.1248,7744.9017,1999,0.015672,6.595215,19.893861,0.045678,-17.484650,7656593501,60027.70,127551,127551
769,-1442437.7336,360930.8695,1113294.4258,140904992.9653,7901.0289,1999,0.015629,6.550487,21.605831,0.045581,-17.333488,7683209976,60069.19,127906,127906
77,-1461363.4905,250734.6910,1094085.3556,140644226.8147,7779.0989,1999,0.015582,6.600763,19.983509,0.045876,-17.320503,7699079857,60013.09,128290,128290
770,-1454078.5007,231235.2391,1094944.1584,141849393.4672,7719.0613,1999,0.015658,6.521836,22.441389,0.045551,-17.355370,7659005109,59991.58,127668,127668
771,-1536886.9939,355699.4738,1169858.3389,146720971.2736,7973.3547,1999,0.015675,6.822102,20.042565,0.047182,-18.301108,7659335000,60060.50,127527,127527
772,-1526597.9103,418114.7715,1173279.3999,146470423.7519,8010.3503,1998,0.015636,6.760122,21.077669,0.047105,-18.206912,7672430285,60041.24,127786,127786
773,-1549287.8825,306669.0137,1176906.7067,148358506.8229,7932.8562,1999,0.015622,6.801215,22.807775,0.047265,-18.516774,7682188740,60034.45,127963,127963
774,-1476205.2987,237690.8236,1117376.0153,143140992.7239,7806.1217,1999,0.015607,6.626380,21.355321,0.046099,-17.693973,7687130452,60017.73,128081,128081
775,-1450783.2474,451788.5033,1135953.1358,141840753.5893,8008.6513,1999,0.015627,6.601403,20.408585,0.045722,-17.483549,7680043619,60037.40,127921,127921
776,-1447735.9610,93380.1205,1074032.1992,142379557.4998,7543.4439,1999,0.015634,6.492130,23.823116,0.045211,-17.322900,7674467756,60022.90,127859,127859
777,-1449723.9736,418843.4069,1127442.8105,142450030.5008,7914.6547,1999,0.015649,6.572003,17.088605,0.045724,-17.429842,7671003037,60051.22,127741,127741
778,-1387045.7124,388564.6376,1071538.0436,136177170.1898,7868.7055,1999,0.015597,6.394092,19.027956,0.044766,-16.602451,7697951824,60064.23,128162,128162
779,-1512562.0441,337048.6327,1162028.6341,146231909.1061,7946.4779,1999,0.015544,6.707177,20.469454,0.046744,-18.183054,7713485365,59978.11,128605,128605
78,-1510241.5249,-47177.8875,1094135.4908,143831097.2250,7607.0858,1999,0.015626,6.716577,22.903846,0.046233,-17.991107,7675529897,59997.89,127930,127930
780,-1499485.4324,380989.0705,1159590.2254,146719441.9021,7903.4531,1999,0.015569,6.663676,24.079649,0.046466,-18.039368,7711760917,60062.78,128395,128395
781,-1547115.0518,398437.8616,1174717.6934,147471370.5935,7965.7339,1999,0.015643,6.823124,20.083397,0.047428,-18.304266,7676442130,60072.17,127787,127787
782,-1448978.4002,345936.0097,1109521.7359,141993352.9387,7813.8991,1999,0.015643,6.528564,18.685776,0.045703,-17.324530,7668903268,60013.17,127787,127787
783,-1572662.4021,457940.7562,1204213.8533,149362207.0771,8062.3732,1999,0.015609,6.831901,24.840608,0.048033,-18.641632,7688365885,60033.47,128068,128068
784,-1319192.8026,407537.3238,1043674.4729,133871491.8728,7796.0920,1999,0.015636,6.241968,18.657345,0.043408,-16.053955,7671682912,60005.34,127850,127850
785,-1410686.3936,459421.8179,1114885.9918,139275804.2804,8004.8792,1999,0.015599,6.441467,22.315247,0.045216,-17.103929,7694766478,60045.93,128148,128148
786,-1543646.4160,230156.7611,1152093.6199,146356259.9766,7871.8438,1999,0.015588,6.770500,21.109317,0.047353,-18.315483,7696789720,60017.23,128243,128243
787,-1424926.2422,435316.0604,1117346.0246,139567278.2287,8005.7879,1999,0.015634,6.551466,22.118457,0.045502,-17.211381,7674621946,60024.10,127859,127859
788,-1356646.9167,348840.5983,1053380.4445,133783666.3021,7873.7597,1999,0.015623,6.365008,17.986647,0.044236,-16.371659,7672176206,59962.30,127950,127950
789,-1335674.5101,408306.7658,1055040.2830,133753350.8195,7887.9540,1998,0.015608,6.315294,24.597013,0.043671,-16.239265,7679494785,59989.96,128013,128013
79,-1417973.7875,501294.8255,1116836.9362,140077228.0437,7973.0085,1998,0.015650,6.493894,19.202015,0.045238,-17.064187,7666089153,60047.07,127668,127668
790,-1465546.8159,356921.1435,1130827.4981,144137175.0716,7845.4951,1999,0.015667,6.575034,20.169088,0.045801,-17.626035,7654813781,59992.11,127597,127597
791,-1386178.3599,408114.2738,1095054.5292,138928045.0031,7882.1704,1999,0.015612,6.398585,24.272852,0.044540,-16.884852,7689678595,60054.97,128044,128044
792,-1446681.9595,396008.9322,1116574.8417,140238699.9358,7961.9594,1999,0.015659,6.554451,19.455344,0.045802,-17.318979,7663376174,60030.05,127659,127659
793,-1430033.6052,260925.8396,1088911.9642,139683246.8805,7795.5803,1999,0.015599,6.516169,21.132988,0.045193,-17.169094,7693153746,60031.48,128152,128152
794,-1454792.2007,164855.3591,1086837.8192,141475835.8655,7682.1445,1999,0.015603,6.594671,18.733358,0.045587,-17.374555,7684915443,59984.04,128116,128116
795,-1470334.7711,362856.5021,1130937.3737,144273698.8045,7838.8326,1999,0.015629,6.603785,21.927225,0.045922,-17.625429,7682523499,60064.76,127904,127904
796,-1435622.7968,126675.0455,1069454.8062,139300435.3853,7677.3257,1999,0.015667,6.523225,20.580585,0.045275,-17.172232,7658739635,60023.82,127595,127595
797,-1516768.1172,253582.6686,1145687.3347,146411532.6222,7825.1167,1999,0.015632,6.730985,20.995398,0.046730,-18.129399,7684652165,60092.21,127881,127881
798,-1493175.8063,303550.2886,1143486.7733,145147446.7457,7878.1046,1999,0.015639,6.681767,21.815006,0.046163,-17.956221,7671009016,60013.68,127821,127821
799,-1377982.0640,93184.4030,1024346.6245,136229460.8768,7519.2739,1999,0.015589,6.348011,20.696339,0.044132,-16.505701,7699574679,60044.57,128231,128231
80,-1507794.0092,249597.7427,1127345.0553,143025074.8446,7882.1497,1999,0.015627,6.709826,20.440035,0.046767,-17.868317,7677243887,60016.92,127918,127918
800,-1436714.3815,379299.0725,1108533.7456,139364359.2323,7954.2126,1999,0.015592,6.576395,20.072601,0.045597,-17.221586,7690237522,59982.04,128209,128209
801,-1520088.9462,506932.8612,1180493.0952,145653942.1012,8104.7796,1999,0.015609,6.802000,19.865182,0.047214,-18.119761,7693323121,60073.58,128065,128065
802,-1415314.7963,397985.5842,1104172.7482,138887241.8499,7950.1381,1999,0.015643,6.458613,19.846405,0.045256,-17.085131,7662595589,59964.75,127785,127785
803,-1489575.0842,322599.8111,1140353.4446,145356084.5320,7845.2405,1999,0.015583,6.610338,19.300866,0.046167,-17.869882,7710121556,60101.97,128284,128284
804,-1455624.3904,256611.5196,1106446.9661,142838086.9698,7746.1620,1999,0.015572,6.571875,20.322908,0.045620,-17.468393,7703738832,60011.52,128371,128371
805,-1424527.1286,282798.6670,1090157.5427,141168096.8506,7722.4073,1999,0.015607,6.487425,20.493199,0.045084,-17.133227,7680299253,59962.52,128085,128085
806,-1360304.7190,353186.6700,1057379.0990,136258284.0937,7760.1087,1999,0.015572,6.297888,19.984817,0.044070,-16.425181,7706198672,60030.21,128372,128372
807,-1531435.9496,184275.9024,1144734.9308,146461960.7430,7815.9197,1999,0.015588,6.777275,20.079410,0.046851,-18.279258,7701193769,60054.38,128237,128237
808,-1410997.6869,436393.9634,1109676.0561,139553343.2286,7951.6265,1999,0.015606,6.495564,21.814061,0.045147,-17.077805,7690136189,60036.04,128092,128092
809,-1496837.4976,438799.3667,1154662.3495,144374781.2169,7997.6734,1999,0.015623,6.700447,20.407747,0.046649,-17.853971,7676702212,59995.33,127955,127955
81,-1414374.7583,224878.5493,1075833.0570,138423339.1597,7772.0496,1999,0.015616,6.468049,20.215748,0.044971,-17.029197,7688351515,60061.02,128009,128009
810,-1468622.9580,180350.6971,1105015.5787,144692028.3231,7637.0177,1999,0.015614,6.567134,21.344977,0.045631,-17.620459,7683404431,60013.47,128028,128028
811,-1426914.4455,340127.6492,1103132.9866,140021632.7397,7878.3040,1999,0.015624,6.511839,22.312462,0.045221,-17.204553,7686577725,60079.08,127941,127941
812,-1474177.9459,327244.3870,1131251.6455,142765019.3831,7923.8713,1999,0.015635,6.641323,20.719039,0.046025,-17.705595,7672966387,60013.03,127855,127855
813,-1405433.7295,229840.3231,1063062.9158,138231420.9242,7690.4578,1999,0.015600,6.397216,22.166786,0.044821,-16.827473,7687754171,59994.49,128141,128141
814,-1452658.1654,360293.4974,1119486.1053,141598488.6531,7906.0597,1999,0.015587,6.577572,19.584481,0.045784,-17.440161,7701425927,60050.10,128250,128250
815,-1480392.6410,404067.8809,1143856.0185,143614460.3779,7964.7691,1999,0.015621,6.644982,22.420551,0.046365,-17.742455,7686131408,60061.04,127972,127972
816,-1414887.9288,282539.1926,1076371.1460,137580378.1404,7823.5804,1999,0.015619,6.471809,18.802143,0.045283,-16.927022,7681085041,60015.04,127986,127986
817,-1470772.3273,482607.9631,1153361.5070,143500841.7562,8037.3153,1999,0.015583,6.579940,18.587579,0.046117,-17.700542,7696382771,59996.75,128280,128280
818,-1469943.2762,429506.6802,1147797.9390,143997069.6038,7970.9812,1999,0.015600,6.596518,21.588852,0.046013,-17.726123,7689979920,60011.39,128142,128142
819,-1441572.0698,273901.5037,1100254.0524,139619517.1468,7880.3743,1999,0.015596,6.572202,17.982184,0.045623,-17.322450,7690655135,60001.68,128174,128174
82,-1453375.9187,382757.4186,1119584.0451,141087963.1181,7935.3619,1999,0.015616,6.553323,21.525437,0.045776,-17.398746,7688427380,60059.74,128013,128013
820,-1395790.3650,548366.1543,1116688.3645,137840251.2332,8101.3228,1999,0.015590,6.432333,22.261833,0.044898,-16.927618,7698394412,60038.64,128224,128224
821,-1445680.9276,268596.6079,1099011.4563,141062246.8489,7790.9680,1999,0.015655,6.584405,17.985097,0.045642,-17.323159,7659746768,59987.05,127690,127690
822,-1521036.9049,551032.2222,1208681.3679,148589706.0978,8134.3547,1999,0.015621,6.726235,22.108365,0.046908,-18.419696,7682458800,60035.63,127965,127965
823,-1488382.9367,610876.0079,1183290.4857,145597692.9509,8127.1239,1999,0.015646,6.670101,18.652846,0.046629,-17.894479,7673719335,60061.20,127765,127765
824,-1482766.9406,414041.6476,1146864.1445,143270965.6130,8004.8609,1999,0.015642,6.585393,18.432184,0.046443,-17.768322,7671935386,60032.67,127796,127796
825,-1485273.4983,266583.0839,1130613.2509,143934725.9736,7855.0415,1999,0.015582,6.638117,23.169881,0.046133,-17.836162,7701657712,60032.72,128291,128291
826,-1446700.5538,427062.0682,1123250.4338,141746914.4834,7924.3378,1999,0.015583,6.586844,24.104311,0.045753,-17.350758,7697822062,60009.37,128277,128277
827,-1463342.4833,428461.4534,1137795.7069,143030618.7552,7954.9101,1999,0.015639,6.566799,21.034598,0.045941,-17.578686,7672488964,60025.73,127820,127820
828,-1456792.4596,406077.5290,1137601.6973,142395067.1724,7989.0527,1999,0.015590,6.586052,21.805574,0.045954,-17.606327,7694360829,60008.12,128222,128222
829,-1514042.7785,326800.0674,1152838.2855,146360302.2194,7876.7143,1998,0.015662,6.688985,23.106264,0.046680,-18.079881,7658013212,60031.30,127567,127567
83,-1450719.9147,429259.4450,1123889.2817,141920750.6944,7919.1329,1999,0.015667,6.582787,18.848428,0.045746,-17.362472,7671687004,60126.24,127593,127593
830,-1420973.9089,439932.8334,1112018.6343,139853254.0215,7951.3247,1999,0.015604,6.551315,21.785508,0.045328,-17.122253,7693323703,60054.83,128105,128105
831,-1531980.9417,262766.2746,1144733.8320,145110812.9734,7888.6873,1999,0.015599,6.773617,25.821458,0.047160,-18.128356,7692539969,60028.09,128149,128149
832,-1344849.6078,294712.2113,1039094.1053,134651304.5694,7716.9256,1999,0.015647,6.307583,20.566988,0.043832,-16.257539,7663599252,59987.16,127754,127754
833,-1424866.0815,348154.6993,1112206.5478,141729753.2022,7847.3752,1999,0.015576,6.487210,23.671200,0.045060,-17.310265,7703316056,60022.25,128341,128341
834,-1406759.7577,321837.0012,1083050.7373,139281509.1138,7775.9836,1999,0.015581,6.437252,23.044730,0.044871,-16.926308,7704843008,60052.87,128301,128301
835,-1429839.4907,285730.7132,1094799.7016,140707119.9159,7780.6987,1999,0.015556,6.510976,23.382969,0.045117,-17.201556,7713891799,60027.48,128506,128506
836,-1476432.2295,363098.8141,1140344.9150,143641146.8515,7938.8458,1999,0.015566,6.602145,20.567657,0.046230,-17.765967,7704649919,59995.72,128420,128420
837,-1468097.5922,319838.2480,1124357.4958,142933033.7361,7866.3236,1999,0.015589,6.605249,21.299143,0.045970,-17.614594,7697525192,60027.18,128234,128234
838,-1431686.0733,285589.8381,1096541.7301,140301677.6874,7815.5996,1999,0.015659,6.508571,19.332825,0.045225,-17.229485,7665525945,60048.30,127656,127656
839,-1523269.0042,250723.7263,1145778.0608,148177957.8213,7732.4460,1999,0.015613,6.709478,19.299508,0.046652,-18.149610,7690360757,60065.93,128032,128032
84,-1510762.3593,381344.7836,1151445.4542,144151493.0642,7987.7456,1999,0.015658,6.733779,20.885794,0.047041,-17.949572,7659340831,59994.21,127668,127668
840,-1463600.5680,265526.9665,1106504.8113,143327580.5714,7720.1109,1999,0.015637,6.584893,21.367126,0.045603,-17.466372,7674707115,60035.10,127837,127837
841,-1466585.5300,176235.8697,1096230.3308,142889086.2291,7671.8969,1999,0.015621,6.608935,19.434323,0.045654,-17.504010,7677116234,59993.88,127965,127965
842,-1467028.6398,353028.0242,1127514.5371,143518532.0690,7856.2296,1999,0.015642,6.572810,21.067882,0.045897,-17.591399,7673103564,60043.22,127793,127793
843,-1537506.5537,291616.4310,1164637.3124,148557321.6593,7839.6494,1999,0.015607,6.748334,21.047273,0.047031,-18.356180,7689598524,60034.65,128086,128086
844,-1497920.6759,314720.6688,1135342.8053,144399355.3247,7862.5199,1999,0.015648,6.645756,21.220280,0.046520,-17.832864,7677803849,60100.23,127750,127750
845,-1418118.3565,331146.0658,1091701.6212,140005325.0145,7797.5721,1999,0.015644,6.452790,20.204540,0.045066,-17.049298,7664264800,59980.16,127780,127780
846,-1429452.2401,525447.8661,1135691.6024,141612631.6335,8019.7055,1999,0.015632,6.515651,21.076818,0.045418,-17.296354,7676519614,60030.96,127876,127876
847,-1453173.3174,366243.8843,1120758.4241,140899098.9468,7954.3335,1999,0.015615,6.602899,19.017357,0.045965,-17.447111,7679708520,59989.76,128017,128017
848,-1470474.1716,347654.5302,1129071.9944,142542842.3848,7920.9308,1999,0.015613,6.593306,21.547899,0.046072,-17.629910,7685000195,60024.06,128032,128032
849,-1431205.9737,346596.1067,1102186.6989,139286913.1513,7913.0672,1999,0.015614,6.556474,20.172700,0.045436,-17.187365,7679676670,59985.76,128025,128025
85,-1524978.4080,294344.3328,1155797.4997,146300643.9890,7900.1532,1999,0.015658,6.746433,24.906894,0.046941,-18.205347,7663718308,60028.50,127668,127668
850,-1475541.3638,224426.1394,1113822.3360,143217846.0887,7777.1197,1999,0.015602,6.574474,20.779212,0.045930,-17.669297,7689145094,60011.90,128127,128127
851,-1464736.4552,405184.8017,1139652.8824,141996967.5921,8025.8959,1999,0.015630,6.667011,24.027273,0.046029,-17.651492,7678197019,60035.63,127894,127894
852,-1523506.7621,364879.7197,1172552.7878,146717748.9126,7991.8946,1999,0.015607,6.746619,23.057467,0.046921,-18.294015,7688141161,60025.62,128081,128081
853,-1389995.2979,400312.0966,1093846.1891,137972031.3009,7928.0284,1999,0.015586,6.418286,18.934107,0.044639,-16.890073,7698903019,60029.03,128253,128253
854,-1419960.4267,349626.4326,1102226.5855,141220403.7037,7805.0095,1999,0.015639,6.466451,19.039519,0.045009,-17.161016,7676635983,60056.30,127824,127824
855,-1332543.4671,214662.2023,1017617.0162,133516910.5742,7621.6339,1999,0.015700,6.276240,18.395244,0.043478,-16.092933,7638540187,59992.93,127324,127324
856,-1519927.4922,554426.7088,1197723.4072,146498586.0852,8175.6653,1999,0.015634,6.761837,22.385502,0.047163,-18.262076,7674326836,60018.51,127866,127866
857,-1489980.7867,349407.2724,1140797.6699,143330562.7980,7959.2074,1999,0.015602,6.645157,21.709227,0.046457,-17.824752,7686544218,59993.94,128122,128122
858,-1484170.8852,127632.2129,1102050.9235,143170533.6276,7697.4703,1999,0.015658,6.658091,20.932611,0.046012,-17.712386,7665024474,60038.26,127669,127669
859,-1526942.8581,420219.6333,1176835.2324,146512721.1685,8032.3075,1999,0.015691,6.764184,21.152278,0.047140,-18.251908,7642052937,59986.60,127396,127396
86,-1444483.1163,342828.2154,1112474.5611,140266180.2630,7931.1674,1999,0.015622,6.565540,17.513672,0.045678,-17.361552,7679469520,60014.61,127960,127960
860,-1496430.0441,394318.3005,1145767.5215,144235742.1283,7943.7143,1999,0.015627,6.599840,21.044429,0.046575,-17.818205,7674059147,59991.08,127920,127920
861,-1373052.9771,224851.6652,1054007.9932,135988307.6331,7750.7251,1999,0.015628,6.374260,21.713342,0.044294,-16.650914,7677446242,60021.31,127912,127912
862,-1554415.2335,447184.8867,1212138.1713,149466793.9107,8109.7489,1999,0.015654,6.838693,19.905289,0.047523,-18.735150,7671326999,60072.57,127701,127701
863,-1425083.8413,268439.6157,1088487.0346,139655581.0646,7794.0819,1999,0.015660,6.488967,20.556295,0.045195,-17.139677,7658364580,59995.49,127649,127649
864,-1489400.7419,175482.7399,1105006.4484,142801096.7016,7738.0810,1999,0.015621,6.629603,21.514893,0.046315,-17.670429,7680875454,60020.44,127971,127971
865,-1395048.6368,274140.9610,1070388.9242,139782677.2050,7657.5220,1999,0.015646,6.381155,19.160282,0.044448,-16.822276,7667722442,60015.20,127763,127763
866,-1420024.5674,392185.0471,1107490.6109,140339762.2981,7891.4956,1999,0.015618,6.485397,17.565071,0.045163,-17.150860,7683590465,60031.80,127992,127992
867,-1478764.6879,373215.8086,1136554.0699,142755433.8283,7961.5468,1999,0.015574,6.672742,21.175416,0.046235,-17.698463,7706286133,60040.72,128351,128351
868,-1482499.6529,329850.0024,1135642.2700,143866412.2186,7893.7276,1999,0.015622,6.652486,20.844428,0.046130,-17.777284,7674727245,59978.02,127959,127959
869,-1348566.0860,410232.9940,1067694.0530,135726898.3393,7866.4883,1999,0.015585,6.305594,21.787987,0.043968,-16.433814,7696927416,60008.01,128265,128265
87,-1460654.7338,412720.3283,1134362.4190,142426807.6674,7964.5289,1999,0.015550,6.615696,18.855736,0.045969,-17.557683,7718554139,60043.67,128549,128549
870,-1465249.4858,474529.9897,1152273.6236,142871300.7491,8065.1161,1999,0.015587,6.652882,21.755200,0.046010,-17.690596,7700781713,60046.95,128246,128246
871,-1436098.0286,256311.6068,1096565.5165,141339681.9858,7758.3698,1999,0.015618,6.537805,21.702448,0.045303,-17.295368,7684328439,60038.04,127991,127991
872,-1372085.7735,125729.1723,1033303.5260,136144957.1017,7589.7304,1999,0.015683,6.327682,16.527856,0.044075,-16.555588,7646756608,59992.44,127462,127462
873,-1504808.8266,462515.8840,1161017.7142,144895512.7913,8012.7927,1999,0.015635,6.709616,26.216953,0.046744,-17.909970,7676574667,60043.13,127851,127851
874,-1584805.9958,373976.9603,1199720.5421,150943583.7496,7948.1387,1999,0.015582,6.896338,20.462689,0.047997,-18.768185,7707252133,60076.80,128290,128290
875,-1406987.5224,217964.2670,1070520.2907,139420674.9113,7678.3468,1999,0.015588,6.438489,21.956549,0.044653,-16.956011,7699118425,60035.86,128242,128242
876,-1436696.1341,399511.5007,1113781.7518,141379967.1755,7877.9319,1998,0.015640,6.521260,19.944408,0.045430,-17.254837,7675288054,60082.41,127746,127746
877,-1485496.0476,260070.0882,1124806.4172,144503582.2350,7783.9345,1999,0.015623,6.607564,19.323551,0.046197,-17.770575,7684232087,60053.71,127956,127956
878,-1400957.2301,294244.8601,1084907.3529,139951803.6653,7752.0069,1999,0.015581,6.421120,19.649179,0.044543,-16.994022,7698456286,60005.89,128295,128295
879,-1370849.9706,314525.8712,1052187.5176,135313071.1946,7775.9488,1999,0.015640,6.362194,19.753053,0.044403,-16.449048,7661028090,59939.82,127812,127812
88,-1431112.1221,371800.5816,1102955.2053,139436544.1735,7910.0871,1999,0.015586,6.495413,18.650760,0.045471,-17.149512,7695945673,60002.70,128260,128260
880,-1492028.1799,383729.0864,1150912.7404,144213336.7534,7980.6262,1999,0.015636,6.668074,19.864325,0.046552,-17.900560,7679095908,60066.14,127844,127844
881,-1460455.7498,278674.1872,1113602.9481,143366292.4618,7767.5368,1999,0.015567,6.571143,20.403460,0.045600,-17.531756,7707510741,60022.67,128410,128410
882,-1520717.0811,320506.4137,1162151.0316,146324812.1332,7942.2691,1999,0.015596,6.756633,21.523551,0.046819,-18.232479,7691857172,60010.59,128175,128175
883,-1392498.0392,224470.4612,1061241.2486,137830347.5557,7699.6196,1999,0.015661,6.417447,21.710148,0.044601,-16.787414,7659652355,60009.81,127640,127640
884,-1551573.7102,318060.7552,1169371.8115,147836051.3320,7909.9232,1999,0.015657,6.803482,23.783063,0.047292,-18.396099,7669668904,60072.28,127674,127674
885,-1446958.4474,261050.6466,1093216.0840,141107743.7868,7747.3855,1999,0.015650,6.556633,18.699464,0.045504,-17.261232,7664514670,60005.13,127731,127731
886,-1540300.6405,355105.0549,1180372.6702,147525713.2551,8001.1318,1999,0.015669,6.807375,20.613168,0.047286,-18.453102,7652723436,59984.66,127578,127578
887,-1524249.7152,312934.7945,1162076.1095,147982740.8796,7852.7814,1999,0.015609,6.729238,22.357281,0.046770,-18.253481,7685459199,60010.77,128068,128068
888,-1374888.3632,367213.7419,1074867.7189,137124821.7078,7838.6080,1999,0.015522,6.347832,22.830364,0.044296,-16.665387,7725149342,59985.32,128784,128784
889,-1507878.8020,387504.3053,1159798.3511,145540462.7591,7968.9066,1999,0.015608,6.746766,22.461719,0.046763,-18.045303,7685412222,60007.59,128074,128074
89,-1413302.0219,229152.1658,1065834.7528,138219837.3694,7711.1562,1999,0.015647,6.443571,20.125452,0.045009,-16.881954,7665590605,60000.87,127758,127758
890,-1412905.7138,315797.1464,1081351.0729,139362003.0565,7759.2963,1999,0.015621,6.466110,22.203293,0.045154,-16.927346,7686011856,60061.51,127969,127969
891,-1393578.7076,339839.5718,1077847.5280,136889814.4434,7873.8329,1999,0.015564,6.400212,20.527150,0.044872,-16.795327,7702486850,59970.00,128439,128439
892,-1484244.4337,341710.1965,1140084.9962,143997714.1954,7917.3826,1999,0.015635,6.669531,19.940953,0.046227,-17.818579,7671097202,59999.35,127853,127853
893,-1402855.3176,310908.9956,1081360.4936,139276352.0120,7764.1357,1999,0.015619,6.467609,18.471560,0.044700,-16.916815,7681187516,60016.31,127985,127985
894,-1467249.1185,535712.6620,1162111.6084,144040740.9000,8067.9369,1999,0.015580,6.589673,21.592681,0.046110,-17.709914,7703515952,60039.72,128307,128307
895,-1348373.4206,408739.2445,1062040.6981,135459936.6665,7840.2569,1999,0.015630,6.315574,18.782900,0.043985,-16.358934,7672526891,59992.23,127892,127892
896,-1437733.3581,239489.3144,1086580.7474,140215681.4067,7749.3525,1999,0.015588,6.526183,21.810909,0.045330,-17.193112,7700619345,60050.37,128236,128236
897,-1424760.7837,441526.4659,1114859.0493,140673035.5338,7925.1794,1998,0.015638,6.492461,18.054662,0.045360,-17.165436,7670510221,60034.67,127768,127768
898,-1435898.0921,220880.4486,1085723.5894,141114218.1340,7693.9348,1999,0.015645,6.507332,16.890325,0.045194,-17.214321,7670243525,60030.24,127773,127773
899,-1432780.3595,355631.2122,1103627.2193,140711199.9688,7843.2081,1999,0.015668,6.504100,20.820243,0.045486,-17.194075,7659964224,60037.65,127586,127586
90,-1416597.9106,-18071.7502,1035402.0585,138801034.4680,7459.6134,1999,0.015624,6.472126,19.204383,0.044579,-16.945339,7685539720,60069.56,127944,127944
900,-1433463.1805,379051.6261,1112134.1344,141356852.9017,7867.5643,1999,0.015582,6.498847,18.525599,0.045398,-17.265974,7701208676,60028.75,128292,128292
901,-1505125.7356,327397.2107,1152968.6503,146195759.0630,7886.4712,1999,0.015599,6.671272,20.863389,0.046416,-18.062916,7697403735,60066.05,128149,128149
902,-1445396.2248,403150.7116,1122116.0585,140659794.6341,7977.5181,1999,0.015674,6.599372,18.366022,0.045726,-17.378487,7652880985,60007.54,127532,127532
903,-1393418.5964,338561.5214,1078627.9588,139052408.3210,7756.9887,1999,0.015596,6.399799,19.369537,0.044584,-16.807883,7696168892,60042.82,128178,128178
904,-1487253.4949,484279.4856,1160599.4749,145131659.0645,7996.8732,1999,0.015632,6.679134,20.868986,0.046412,-17.828022,7673999948,60008.44,127882,127882
905,-1434441.7561,419234.8567,1121470.7546,140489596.8489,7982.5893,1999,0.015642,6.560852,22.731727,0.045549,-17.317915,7661489445,59949.06,127800,127800
906,-1426895.6442,406616.1552,1112833.4580,140004946.8953,7948.5296,1999,0.015657,6.492688,24.774723,0.045309,-17.208669,7663845922,60028.09,127671,127671
907,-1508520.1098,310554.7309,1147716.0617,145151480.9980,7907.0227,1999,0.015609,6.715705,19.951335,0.046663,-18.030546,7684816433,60005.75,128068,128068
908,-1473161.8487,236698.5330,1106950.0103,142320932.9326,7777.8440,1999,0.015629,6.647533,23.515929,0.046087,-17.546870,7682050238,60061.06,127904,127904
909,-1495431.1738,230299.0613,1131179.4294,145921388.1018,7751.9783,1999,0.015650,6.659120,19.584639,0.046175,-17.934288,7671676955,60062.14,127729,127729
91,-1457666.9445,265541.6363,1105426.7307,140743607.2710,7854.1879,1999,0.015605,6.611889,20.480045,0.045688,-17.438852,7673694047,59903.00,128102,128102
910,-1432857.3859,217184.6562,1080227.1215,139680323.1664,7733.5669,1999,0.015616,6.527620,20.173159,0.045366,-17.140851,7684079487,60027.65,128009,128009
911,-1485144.1415,307993.5942,1136492.7598,143894915.1083,7898.0745,1999,0.015603,6.643455,19.823488,0.046348,-17.837026,7692292285,60042.09,128115,128115
912,-1424734.0505,492380.6433,1126062.5773,140977169.9465,7987.5527,1999,0.015644,6.535261,19.755613,0.045403,-17.219939,7671262236,60036.33,127777,127777
913,-1457973.9001,202202.3574,1093831.3385,141062118.9509,7754.2529,1999,0.015644,6.558960,24.998874,0.045681,-17.404333,7670743915,60029.93,127782,127782
914,-1488004.2858,329686.3316,1137119.9458,143867687.8420,7903.9287,1999,0.015585,6.641643,22.050670,0.046334,-17.809455,7697644415,60013.13,128266,128266
915,-1385598.7193,429124.9931,1093625.8280,139005304.2827,7867.5115,1998,0.015603,6.421509,19.515361,0.044491,-16.823635,7687164023,60032.52,128050,128050
916,-1537702.6407,336576.4634,1166491.2015,148659917.5175,7846.7096,1999,0.015672,6.787592,23.762242,0.047064,-18.293825,7659349950,60048.84,127552,127552
917,-1502280.7111,272079.0640,1137266.2656,144878058.4214,7849.8171,1999,0.015614,6.691295,22.011144,0.046460,-17.950185,7686811842,60040.55,128027,128027
918,-1347083.7092,406154.9827,1067289.8274,134664688.4661,7925.5359,1999,0.015592,6.339953,19.748393,0.044000,-16.433392,7691141263,59991.43,128204,128204
919,-1414576.0876,387426.1356,1098884.4535,140648099.3754,7813.0061,1999,0.015615,6.446333,17.666486,0.045004,-17.031975,7688256674,60056.06,128018,128018
92,-1422527.2277,160176.5603,1069320.7350,138871599.7464,7700.0678,1999,0.015611,6.448458,22.728685,0.045048,-17.080587,7679006517,59966.94,128054,128054
920,-1544275.7041,376478.6435,1180186.9063,148462259.5727,7949.4069,1999,0.015632,6.772428,22.189519,0.047398,-18.416666,7671580903,59991.41,127878,127878
921,-1480815.5612,422134.2365,1150090.5029,145232788.0026,7918.9453,1999,0.015598,6.617956,20.187069,0.046194,-17.792686,7699012325,60075.32,128156,128156
922,-1410402.3054,144540.5013,1061544.7632,139230793.9642,7624.3533,1999,0.015602,6.472785,17.936336,0.044759,-16.981233,7685631369,59987.29,128121,128121
923,-1538773.4497,167516.1797,1140965.0617,147803989.2046,7719.4470,1999,0.015586,6.722630,22.115958,0.046856,-18.274792,7696360696,60007.33,128257,128257
924,-1441164.7746,211593.2163,1085713.6087,141773937.3783,7658.0620,1999,0.015597,6.499084,20.405995,0.045279,-17.242301,7694874620,60037.41,128168,128168
925,-1424491.1637,198572.9497,1068984.2616,138898564.5002,7696.1505,1999,0.015623,6.449137,22.988274,0.045169,-17.005767,7680069214,60021.17,127956,127956
926,-1379059.2796,423424.9695,1075821.0483,137152212.5157,7843.9934,1999,0.015635,6.378542,19.705114,0.044575,-16.578384,7679094329,60060.02,127857,127857
927,-1462821.6581,550533.7566,1152045.9590,141013554.2599,8169.7534,1999,0.015652,6.641724,19.490456,0.046313,-17.535426,7662337518,59994.66,127717,127717
928,-1470093.0617,321052.0678,1124660.0747,142435987.1133,7895.8983,1999,0.015636,6.655343,22.680413,0.046055,-17.620396,7672310586,60013.54,127843,127843
929,-1529444.0912,240700.8338,1151213.1710,146951200.8385,7833.9827,1999,0.015601,6.740843,21.354815,0.047012,-18.255907,7689364176,60010.33,128134,128134
93,-1339050.3855,157405.5450,1010967.8920,132257750.7342,7643.9217,1998,0.015657,6.264275,20.597392,0.043635,-16.123661,7655228305,59988.31,127612,127612
930,-1425613.1828,227796.7272,1086387.6418,141091811.5660,7699.8632,1999,0.015603,6.488779,19.497639,0.045017,-17.190012,7687970636,60008.83,128114,128114
931,-1488566.6753,158099.2724,1120018.2603,144541547.7219,7748.7634,1999,0.015597,6.677762,24.405468,0.046181,-17.909012,7694372590,60033.02,128169,128169
932,-1408004.2980,210044.0438,1064127.2860,139454571.0275,7630.6375,1999,0.015599,6.454373,19.539964,0.044647,-16.884378,7695793053,60053.01,128150,128150
933,-1432246.6880,385571.9627,1109859.5804,139673164.4435,7946.1190,1999,0.015629,6.505778,24.623831,0.045586,-17.219873,7683357985,60070.82,127905,127905
934,-1410771.0960,286129.3244,1079626.0979,139593278.8030,7734.0837,1999,0.015566,6.414405,18.483186,0.044825,-16.956173,7715223177,60077.58,128421,128421
935,-1495460.8538,477563.5362,1158795.2844,143556321.2631,8072.0603,1999,0.015625,6.715114,24.456404,0.046924,-17.833106,7678541966,60020.03,127933,127933
936,-1532433.9345,203997.9982,1146229.1577,147958169.2983,7746.9812,1999,0.015534,6.733433,18.540943,0.046716,-18.263706,7730595659,60073.79,128685,128685
937,-1492104.1258,478343.7679,1170674.9082,144883302.5870,8080.1230,1998,0.015604,6.691408,22.986255,0.046553,-17.987016,7689464204,60052.36,128046,128046
938,-1483128.1146,342713.2470,1140274.4992,143635446.3150,7938.6706,1999,0.015640,6.627902,21.569006,0.046269,-17.817298,7671384856,60019.91,127814,127814
939,-1415085.6932,139168.4689,1061455.9793,139068980.9822,7632.5862,1999,0.015656,6.432031,18.409623,0.044855,-16.998885,7663229804,60019.50,127679,127679
94,-1459590.2282,219798.3605,1094610.4305,141753925.2878,7721.9056,1999,0.015663,6.535348,24.504940,0.045718,-17.383628,7667881154,60079.46,127629,127629
940,-1482357.1698,346528.9169,1134695.9977,142148102.0056,7982.4914,1999,0.015694,6.653862,19.665548,0.046325,-17.731798,7647884592,60041.80,127376,127376
941,-1472188.2082,460571.1360,1150614.7582,144871450.3269,7942.3154,1999,0.015618,6.602715,22.075717,0.046120,-17.709126,7689436600,60078.42,127990,127990
942,-1541838.3131,366543.5869,1182646.7153,147797686.3092,8001.7945,1999,0.015589,6.778395,19.205885,0.047292,-18.465006,7700770853,60054.83,128229,128229
943,-1420602.9449,183509.1764,1071728.7195,139792000.3254,7666.5955,1999,0.015636,6.470421,18.781528,0.044906,-17.064982,7674823331,60032.25,127845,127845
944,-1443685.2095,29785.2713,1064080.0473,140056433.8992,7597.5092,1999,0.015621,6.551350,20.905016,0.045220,-17.301211,7677563647,59994.56,127971,127971
945,-1426698.9322,450107.4865,1117490.5389,140686579.6547,7943.1211,1999,0.015552,6.531326,18.841514,0.045408,-17.188650,7719745162,60057.61,128539,128539
946,-1393929.4956,380662.1285,1083040.4289,137483752.7833,7877.5885,1998,0.015609,6.438930,20.855160,0.044737,-16.787943,7689385201,60071.91,128003,128003
947,-1498205.4372,385961.0983,1149961.5145,143419994.0861,8018.1395,1999,0.015602,6.633940,22.918144,0.046707,-17.895146,7693861130,60051.52,128121,128121
948,-1519116.4756,180003.3074,1134123.4648,145264906.3419,7807.2777,1999,0.015597,6.733221,19.512741,0.046723,-18.118899,7696799284,60051.96,128169,128169
949,-1462452.8901,546433.3078,1156201.9826,143466809.0533,8059.0207,1999,0.015669,6.612265,18.561928,0.045956,-17.599550,7659615954,60038.69,127578,127578
95,-1421885.0115,254771.6653,1084505.4669,140424818.8932,7723.0327,1999,0.015603,6.504225,21.672533,0.044902,-17.105306,7686997205,60001.70,128113,128113
950,-1421765.6440,315577.8482,1094624.3060,140322603.3265,7800.7697,1999,0.015588,6.472014,23.705734,0.045204,-17.126525,7696812983,60019.28,128239,128239
951,-1505453.5784,578383.4690,1192111.4732,146868606.5388,8116.8570,1999,0.015629,6.648261,22.068065,0.046898,-18.111224,7675391091,60008.06,127906,127906
952,-1523444.3840,411144.8783,1170747.9529,146228248.5794,8006.3050,1999,0.015632,6.760222,20.115171,0.047198,-18.180049,7681007070,60064.65,127879,127879
953,-1433589.1883,322793.3852,1096019.3100,140106008.4226,7822.7859,1999,0.015609,6.494606,20.231717,0.045487,-17.155071,7687580931,60026.87,128069,128069
954,-1549040.8891,438764.3110,1195027.1008,149712870.7205,7982.1267,1999,0.015595,6.835907,25.517042,0.047324,-18.507070,7696452544,60042.22,128184,128184
955,-1417038.1889,343013.7361,1100614.0027,139837373.9567,7870.6713,1999,0.015612,6.458616,24.010570,0.045113,-17.146151,7675485525,59944.12,128044,128044
956,-1451871.7833,278719.6901,1092541.5576,140096514.2179,7798.4921,1999,0.015638,6.555557,19.839845,0.045948,-17.227349,7669268990,59994.44,127833,127833
957,-1421007.4756,323457.8705,1090743.0724,138697512.0352,7864.1863,1999,0.015614,6.515838,20.572069,0.045180,-17.055976,7687039724,60040.93,128030,128030
958,-1447065.3086,478093.3809,1137666.7302,139766169.4057,8139.7862,1999,0.015608,6.542555,25.355625,0.045946,-17.448999,7682146721,59983.03,128072,128072
959,-1513477.3394,352000.1707,1148631.0627,144610382.9707,7942.9363,1999,0.015596,6.737008,22.328646,0.046919,-17.972807,7693536563,60025.10,128172,128172
96,-1476607.3856,266212.4323,1116329.5733,142338870.5743,7842.7598,1999,0.015593,6.666137,21.333672,0.046151,-17.624550,7694998978,60022.46,128202,128202
960,-1481152.4456,328378.8834,1125077.5679,143787658.6043,7824.5767,1999,0.015614,6.606466,23.651022,0.046230,-17.632866,7684765847,60025.98,128024,128024
961,-1462247.2127,260207.7435,1110120.1899,141407599.6764,7850.4988,1999,0.015565,6.602926,21.603954,0.045874,-17.524213,7707189859,60009.42,128433,128433
962,-1398257.3437,148107.1592,1057111.3488,138490061.3384,7633.1207,1999,0.015635,6.368884,20.048419,0.044511,-16.889921,7671944290,60006.45,127852,127852
963,-1451212.2293,307349.0283,1107963.4728,142153714.4092,7794.1226,1999,0.015589,6.564970,20.730116,0.045632,-17.381303,7697479181,60028.22,128231,128231
964,-1460639.1984,420999.0573,1140642.6257,143975155.9946,7922.4962,1999,0.015637,6.613910,19.922846,0.045828,-17.626668,7675630908,60041.39,127839,127839
965,-1499859.2555,424108.1504,1161121.7363,146370525.8284,7932.7565,1998,0.015636,6.660752,21.125513,0.046495,-17.976996,7671728011,60039.51,127778,127778
966,-1420497.1519,345235.2645,1096401.5508,139462763.5195,7861.6078,1999,0.015600,6.505435,21.620707,0.045138,-17.090555,7686033862,59982.00,128139,128139
967,-1399848.6834,165630.9077,1052841.7488,138328616.1507,7611.1637,1999,0.015623,6.426657,18.127822,0.044564,-16.800554,7677181060,60000.95,127951,127951
968,-1451239.7718,225720.2199,1087569.6616,140362439.2307,7748.2955,1999,0.015642,6.568357,23.398135,0.045658,-17.260198,7676016897,60062.26,127801,127801
969,-1443920.4982,367526.9996,1118440.1253,140233007.3447,7975.5840,1999,0.015625,6.554498,20.692595,0.045635,-17.394145,7666676559,59927.28,127933,127933
97,-1379566.2977,464594.4664,1085999.8702,136572523.3629,7951.8182,1999,0.015620,6.389542,20.546562,0.044676,-16.639739,7682423943,60028.79,127979,127979
970,-1409841.0554,418563.0087,1103943.3971,140366810.6635,7864.7039,1999,0.015638,6.469700,21.328401,0.045001,-17.031564,7673468071,60029.16,127829,127829
971,-1407422.7253,456691.1448,1095666.0038,138746734.5534,7896.8778,1999,0.015606,6.437255,20.185578,0.045111,-16.840083,7687698694,60017.95,128090,128090
972,-1492957.5909,287408.3754,1138163.4205,145483030.3586,7823.3414,1999,0.015634,6.632266,17.365670,0.046230,-17.914656,7675704893,60029.29,127866,127866
973,-1508069.5633,277284.3494,1140466.9479,144001205.6037,7919.8431,1999,0.015605,6.713957,22.168198,0.046730,-17.994999,7683695029,59981.54,128101,128101
974,-1316883.3272,337956.6936,1034068.4187,133658377.2331,7736.6525,1999,0.015642,6.209263,20.115484,0.043238,-16.051894,7670598924,60021.28,127798,127798
975,-1554253.0043,347578.7854,1174216.7268,147948475.4060,7936.6599,1999,0.015593,6.849318,22.632727,0.047554,-18.410648,7691386715,59994.28,128202,128202
976,-1478383.1610,444144.7925,1146782.7357,143518508.9867,7990.4867,1999,0.015645,6.625768,22.072013,0.046278,-17.700223,7674871188,60065.04,127776,127776
977,-1420800.6380,362194.5991,1105276.2023,141681258.3511,7801.1461,1999,0.015659,6.497059,18.356615,0.044974,-17.179713,7661173757,60014.21,127656,127656
978,-1420893.4290,379772.6424,1106150.0062,138998850.5864,7957.9795,1999,0.015676,6.551784,21.286868,0.045287,-17.158164,7651932453,60005.27,127521,127521
979,-1539709.7849,293022.0036,1160719.8207,147669416.5339,7860.2587,1999,0.015566,6.750591,21.294215,0.047145,-18.303757,7716587073,60088.67,128420,128420
98,-1536627.9575,261158.4453,1152800.4894,146213915.9399,7884.3418,1999,0.015591,6.748430,19.512375,0.047132,-18.250469,7697153290,60031.30,128219,128219
980,-1446144.2390,446273.1617,1138970.1074,142989111.0557,7965.4325,1999,0.015593,6.588072,22.127089,0.045686,-17.526988,7694650767,60021.61,128198,128198
981,-1488684.1441,431631.6905,1156670.1656,143603387.8028,8054.6161,1999,0.015556,6.660118,21.088946,0.046494,-17.879513,7712680150,60018.52,128505,128505
982,-1485223.0184,383084.7854,1149653.0394,144867239.7796,7935.9077,1999,0.015614,6.646325,21.916024,0.046196,-17.870904,7683328005,60014.28,128025,128025
983,-1479689.2981,342908.7802,1131405.3379,144767291.7340,7815.3381,1999,0.015605,6.592019,20.493832,0.046189,-17.689512,7691246114,60041.42,128099,128099
984,-1560969.4433,492011.4221,1212297.0504,149147276.7303,8128.1876,1999,0.015614,6.857572,23.665436,0.047732,-18.662560,7684985139,60026.75,128026,128026
985,-1500697.1324,264009.0466,1127813.3717,145280172.5146,7763.0234,1999,0.015656,6.686742,18.904286,0.046505,-17.833749,7664697232,60028.64,127684,127684
986,-1377322.0764,232481.6303,1047950.2252,135410303.8306,7739.0730,1999,0.015596,6.382430,19.039652,0.044443,-16.561355,7688099834,59982.68,128172,128172
987,-1434941.9389,268110.7480,1099157.4043,139491724.4668,7879.7320,1999,0.015626,6.523433,21.533415,0.045527,-17.305957,7670453094,59959.61,127927,127927
988,-1403255.5639,175472.5401,1060722.6813,140356144.6772,7557.3655,1999,0.015667,6.410168,18.926825,0.044494,-16.896141,7659598358,60031.96,127592,127592
989,-1492413.3318,235731.0589,1123779.4773,144593507.1748,7771.9913,1999,0.015659,6.669681,22.443632,0.046259,-17.816880,7661227345,60011.81,127662,127662
99,-1437991.5552,449244.9884,1124557.2579,140503317.0530,8003.7773,1999,0.015635,6.540292,21.408304,0.045598,-17.308594,7674377752,60025.95,127851,127851
990,-1546195.0078,447947.4483,1197117.3592,147860151.2540,8096.2812,1999,0.015620,6.790621,19.872312,0.047503,-18.512728,7678783839,60000.81,127978,127978
991,-1364787.6459,306485.3189,1050141.7127,136770770.8892,7678.1150,1999,0.015644,6.311267,19.056643,0.043989,-16.424032,7668461491,60013.00,127780,127780
992,-1380018.0228,320725.1430,1068181.3879,136620402.7681,7818.6081,1999,0.015569,6.370852,24.863332,0.044356,-16.673322,7706819133,60025.23,128393,128393
993,-1408586.9720,437134.2308,1099985.8399,140397459.9618,7834.7987,1999,0.015609,6.422372,20.004118,0.044934,-16.939413,7686343032,60017.67,128068,128068
994,-1488155.1441,281815.4069,1129745.9119,143937032.6941,7848.8898,1999,0.015677,6.643523,23.005050,0.046300,-17.801161,7647547022,59974.18,127514,127514
995,-1449715.3158,335857.6841,1114077.0738,141979493.4141,7846.7464,1999,0.015649,6.542319,21.605145,0.045674,-17.406956,7661922166,59980.13,127741,127741
996,-1513052.0582,387324.1996,1161075.0791,145482701.7128,7980.8463,1999,0.015590,6.750476,20.196451,0.046900,-18.073504,7699830404,60049.37,128225,128225
997,-1485873.7179,265760.0775,1129396.3455,144802196.0673,7799.5802,1999,0.015641,6.630259,21.553229,0.046092,-17.823199,7672004709,60027.58,127808,127808
998,-1382844.8828,390136.5026,1081964.9649,137963139.3923,7842.4206,1999,0.015594,6.331201,20.884383,0.044446,-16.733615,7698733302,60057.21,128190,128190
999,-1521025.7604,283408.3784,1148406.7307,147312213.3781,7795.7333,1999,0.015550,6.709287,22.067004,0.046729,-18.117652,7717408846,60031.96,128555,128555
