seed,user_pnl,arb_profit,lp_profit_value,total_volume,lp_profit_per_1m_vol,arb_trade_count,intervention_rate,avg_spread_pct,max_spread_pct,rmse_price,impermanent_loss_pct,total_compute_units,avg_cu_per_swap,total_swaps,successful_swaps
100,-5215071.6888,1255575.0199,4027635.5586,582302782.2859,6916.7376,1999,0.003894,10.953903,36.855018,0.076330,-62.773639,31091541194,60570.10,513315,513315
1000,-5354098.9577,1188696.5533,4072453.4501,588240772.9504,6923.1064,1999,0.003910,11.239075,39.240856,0.077429,-63.850814,30953698453,60546.55,511238,511238
1001,-5246654.9773,1155433.4757,3991543.8899,582968261.0080,6846.9317,1999,0.003898,11.054723,37.633271,0.076459,-62.602186,31056537559,60554.52,512869,512869
1002,-5454026.0337,1124604.8090,4103964.0587,596345775.4110,6881.8532,1999,0.003910,11.227121,41.871798,0.077924,-64.653083,30968854367,60570.39,511287,511287
1003,-5400586.4118,1036132.8344,4040508.3121,590429132.5366,6843.3417,1999,0.003908,11.208130,43.333399,0.077472,-63.891349,30979885633,60559.51,511561,511561
1004,-5366749.5951,1280183.7485,4098769.2526,592077762.3557,6922.6874,1998,0.003899,11.163097,35.753340,0.077581,-64.015101,31043992706,60580.85,512439,512439
1005,-5556376.7889,1239484.2058,4249989.0617,608740130.9744,6981.6147,1999,0.003913,11.442115,45.409135,0.078638,-66.566348,30932985354,60554.96,510825,510825
1006,-5211466.4265,1169186.2236,3939570.8015,575736965.2708,6842.6574,1999,0.003897,10.926881,44.143236,0.076312,-61.793693,31076572417,60584.96,512942,512942
1007,-5407765.5057,1291784.0922,4136573.9156,595300146.2799,6948.7198,1999,0.003902,11.233183,38.773045,0.077867,-64.585963,31029667528,60572.88,512270,512270
1008,-5308106.5489,1358524.2273,4137226.9508,588870389.3273,7025.7004,1999,0.003901,11.097122,35.059210,0.077354,-64.202097,31033580427,60564.55,512405,512405
1009,-5327532.2808,921537.0618,4002253.4542,587096501.5292,6817.0283,1999,0.003902,11.092295,40.338789,0.076405,-63.478111,31026848640,60568.79,512258,512258
101,-5259383.1490,1383870.3470,4043843.7839,575484007.6106,7026.8569,1999,0.003908,11.132261,39.098643,0.077704,-62.791642,30981887945,60562.48,511569,511569
1010,-5340193.3972,1382022.7765,4120758.2563,593478753.4864,6943.3964,1999,0.003904,11.153560,34.267191,0.077372,-64.004399,31019267793,60575.52,512076,512076
1011,-5438968.2380,1118694.2975,4092761.7153,595003399.1520,6878.5518,1999,0.003905,11.207433,34.644081,0.077845,-64.484817,31004701012,60566.23,511914,511914
1012,-5280239.4447,1246391.5971,4048693.8296,585398569.3343,6916.1321,1999,0.003907,11.158190,37.397763,0.076830,-63.225390,30993680786,60581.74,511601,511601
1013,-5401018.6716,1249351.5015,4127752.4838,593596929.3140,6953.7969,1999,0.003905,11.158689,42.050508,0.077859,-64.552617,31011811001,60581.42,511903,511903
1014,-5484941.6516,1271978.9210,4171412.3034,603954957.0654,6906.8268,1999,0.003898,11.208921,40.955508,0.078153,-65.274760,31065507025,60576.85,512828,512828
1015,-5343093.6918,1413829.3921,4119984.6322,586064086.9898,7029.9217,1999,0.003909,11.240229,35.574883,0.077695,-63.925765,30977447409,60572.75,511409,511409
1016,-5468435.0260,1351068.2695,4192883.6390,603149677.9220,6951.6470,1999,0.003897,11.260124,39.625834,0.078105,-65.333698,31058993812,60553.88,512915,512915
1017,-5263841.6064,1407576.4240,4061028.7928,588618191.4855,6899.2580,1999,0.003905,10.988258,35.951802,0.076990,-62.974628,31012208122,60574.98,511964,511964
1018,-5205632.2789,1245371.6559,4021854.3796,579043164.8857,6945.6901,1999,0.003907,11.044420,38.517175,0.076291,-62.697814,30976674924,60548.74,511599,511599
1019,-5358426.2802,1108636.1826,4070363.4570,591522814.9429,6881.1605,1999,0.003901,11.094900,40.044345,0.077131,-64.022464,31040722371,60576.72,512420,512420
102,-5316867.4022,1350984.6596,4087060.6572,585762869.7937,6977.3297,1999,0.003905,11.220241,37.559917,0.077643,-63.578325,30993934569,60548.86,511883,511883
1020,-5388518.4709,1317402.5116,4124109.9720,599065241.6285,6884.2418,1999,0.003902,11.151865,35.623553,0.077651,-64.316032,31034415368,60580.84,512281,512281
1021,-5372044.9277,1177528.4535,4071916.1871,589840896.8957,6903.4145,1999,0.003907,11.261683,38.576023,0.077522,-63.911442,30989479510,60562.64,511693,511693
1022,-5238595.5264,1135445.0148,3976303.1971,580396354.7907,6851.0134,1999,0.003907,10.967309,41.950589,0.076392,-62.423763,30983294501,60560.97,511605,511605
1023,-5179771.7082,1296241.6690,3991658.4637,577582898.6599,6910.9707,1999,0.003903,10.994922,38.693748,0.076058,-62.115722,31010675602,60552.35,512130,512130
1024,-5375185.1148,1242877.7521,4106253.0929,595406378.4993,6896.5554,1999,0.003902,11.161428,42.202223,0.077441,-64.221415,31032649328,60580.00,512259,512259
1025,-5356887.1111,1302941.3163,4060929.7875,587633037.4548,6910.6560,1999,0.003904,11.135510,48.384509,0.077976,-63.437705,31010461320,60563.29,512034,512034
1026,-5284649.8108,1211282.1744,4020488.0860,584450418.4163,6879.0918,1999,0.003905,11.112567,44.043260,0.076841,-62.943281,31008069074,60574.58,511899,511899
1027,-5305542.0333,1328014.9838,4049113.9640,590017671.5880,6862.6995,1999,0.003903,11.118250,34.516893,0.076993,-63.099520,31028707148,60583.06,512168,512168
1028,-5277866.9520,1306093.3612,4056324.3065,582307708.7852,6965.9464,1999,0.003897,11.049790,40.830767,0.077048,-63.179902,31073967169,60577.17,512965,512965
1029,-5295258.7020,992571.9511,4011625.9792,588086200.3723,6821.4931,1999,0.003907,11.026456,38.967091,0.076333,-63.364642,30991495528,60574.51,511626,511626
103,-5079251.0465,1373739.5287,3955756.0401,569774352.6473,6942.6713,1999,0.003905,10.895402,35.162546,0.075699,-61.228968,31000846636,60559.88,511904,511904
1030,-5248983.1005,1178966.3229,4013236.1115,583422007.6364,6878.7877,1999,0.003890,11.105689,40.504906,0.076345,-62.840827,31133581188,60581.42,513913,513913
1031,-5394740.3692,1414126.1142,4142031.8941,595702401.4363,6953.1899,1999,0.003906,11.138124,47.787083,0.077900,-64.338976,30994506792,60565.01,511756,511756
1032,-5305684.0724,1153182.7999,4043260.9243,589335489.1205,6860.7118,1999,0.003903,11.030159,37.276333,0.076614,-63.431746,31021589900,60574.14,512126,512126
1033,-5381597.2093,1235459.9018,4090013.7576,589721063.7344,6935.5056,1999,0.003903,11.230744,44.575066,0.077574,-64.036763,31008539007,60545.81,512150,512150
1034,-5310734.6873,1332948.8567,4096991.4457,591573814.0163,6925.5794,1999,0.003908,11.232836,39.455188,0.077250,-63.737405,30975747962,60555.92,511523,511523
1035,-5449024.2926,1222636.3918,4140116.8371,597937971.9533,6923.9905,1999,0.003906,11.278639,35.756793,0.077971,-64.894340,30993152446,60564.14,511741,511741
1036,-5276771.4883,1280584.5368,4019764.2568,584609281.6030,6875.9843,1999,0.003904,11.080231,38.498624,0.076954,-62.753096,31026919354,60598.62,512007,512007
1037,-5477925.4024,1238098.4510,4150988.1152,599639681.7334,6922.4707,1999,0.003903,11.344744,40.320766,0.078248,-65.066170,31019939452,60562.87,512194,512194
1038,-5399044.8490,1259966.0809,4113242.1438,593293238.0506,6932.8991,1999,0.003898,11.171775,37.623019,0.077761,-64.331536,31055858253,60556.39,512842,512842
1039,-5406874.1733,1037310.3124,4075017.3022,591420887.4728,6890.2154,1999,0.003904,11.250454,42.953274,0.077276,-64.363390,31018659858,60571.61,512099,512099
104,-5356958.5860,1148257.7065,4052005.5223,589276516.6635,6876.2379,1999,0.003910,11.161043,37.193451,0.077353,-63.678557,30958284481,60555.05,511242,511242
1040,-5293212.9080,1288309.7498,4074869.9084,587620354.5381,6934.5282,1999,0.003902,11.156995,35.722004,0.076846,-63.506318,31037131634,60582.95,512308,512308
1041,-5372560.3767,1344555.7207,4144191.3898,595754868.8053,6956.2023,1999,0.003905,11.179652,37.701267,0.077498,-64.479085,31001002651,60558.18,511921,511921
105,-5439236.5630,1601809.3323,4186696.9539,596094607.0855,7023.5444,1999,0.003899,11.289391,41.884552,0.079054,-64.598237,31049125314,60567.59,512636,512636
106,-5311857.8379,1209750.8266,4056074.0423,586337760.4438,6917.6408,1999,0.003903,11.107863,39.602248,0.077174,-63.485123,31014699799,60553.35,512188,512188
107,-5253837.5573,1132129.1300,3994442.0910,577659623.6574,6914.8715,1999,0.003899,11.079300,35.844116,0.076460,-62.708860,31036493517,60537.51,512682,512682
108,-5413316.9738,1347820.1942,4183777.4888,601000834.8553,6961.3505,1999,0.003905,11.211618,40.058006,0.077786,-65.093497,31023103354,60598.98,511941,511941
109,-5366856.1758,1169861.0828,4071327.3427,595108897.9274,6841.3149,1999,0.003912,11.212998,39.129304,0.077038,-63.907426,30950356887,60575.44,510939,510939
110,-5490491.4529,1266990.3185,4153526.9516,595764926.5751,6971.7547,1999,0.003904,11.265013,45.023240,0.078695,-65.064368,31017094992,60580.03,512002,512002
111,-5488704.0180,1205246.1255,4129932.2025,599688997.2971,6886.7900,1999,0.003907,11.205538,42.586530,0.078428,-64.888781,30986115612,60565.54,511613,511613
112,-5250667.7919,1168954.8891,3980824.6911,579186312.1076,6873.1332,1999,0.003913,11.009920,37.355642,0.076801,-62.436762,30945891785,60568.25,510926,510926
113,-5146491.8609,1272335.5839,3961981.7428,572584236.0125,6919.4740,1999,0.003902,10.911865,45.855281,0.076350,-61.706310,31031090153,60574.35,512281,512281
114,-5263200.4025,1461454.8339,4100929.4152,581113091.6304,7057.0247,1999,0.003905,11.118191,38.620353,0.077363,-63.377497,30994347084,60545.41,511919,511919
115,-5428937.0000,1239440.1528,4127867.1707,592903218.6836,6962.1264,1999,0.003899,11.244206,35.989911,0.078164,-64.643203,31054176188,60565.15,512740,512740
116,-5385677.7001,1019193.0778,4040987.3248,590421104.4343,6844.2461,1999,0.003911,11.162479,45.105040,0.077261,-63.898640,30948010025,60547.74,511134,511134
117,-5521869.3619,1261223.6988,4185882.0397,603328012.1962,6937.9872,1999,0.003912,11.348399,41.119360,0.078714,-65.580923,30958891933,60578.40,511055,511055
118,-5334458.8734,1146314.5481,4066336.1769,589131018.1989,6902.2612,1999,0.003907,11.173669,39.539656,0.077010,-63.819780,30980289207,60555.57,511601,511601
119,-5388897.3230,1394950.8365,4172634.3035,595961727.0146,7001.5139,1999,0.003904,11.200878,37.267117,0.077760,-64.776261,31009241211,60565.28,511997,511997
120,-5338242.0807,1222152.0379,4051340.6185,589805133.3833,6868.9477,1999,0.003911,11.152606,41.080907,0.077304,-63.453684,30966945165,60590.00,511090,511090
121,-5368255.5214,1211177.9511,4060608.9659,590300555.4196,6878.8839,1999,0.003902,11.185237,38.716610,0.077637,-63.674270,31037427187,60589.80,512255,512255
122,-5386087.3064,1219473.4474,4102824.7461,597189663.3503,6870.2206,1999,0.003903,11.114362,35.645601,0.077219,-64.254432,31020853185,60573.76,512117,512117
123,-5272227.5436,1253844.9051,4056244.4541,581155720.0534,6979.6172,1999,0.003902,11.112419,40.345387,0.077077,-63.290568,31026716782,60561.91,512314,512314
124,-5127747.9178,1191609.8530,3926461.9493,575091480.3597,6827.5432,1999,0.003900,10.859330,40.432176,0.075600,-61.373633,31045330376,60562.19,512619,512619
125,-5308111.9636,1401996.9240,4082062.5242,588265798.9748,6939.1464,1999,0.003904,11.098670,35.824832,0.077386,-63.371454,31007240632,60557.11,512033,512033
126,-5214004.4449,1380746.6457,4013053.2699,576480195.3681,6961.3029,1999,0.003907,11.058489,36.576763,0.077026,-62.287103,31002943815,60586.82,511711,511711
127,-5371029.1898,1394952.6768,4134984.3790,594055862.8871,6960.5986,1999,0.003900,11.170494,34.902137,0.077753,-64.237361,31056716550,60588.07,512588,512588
128,-5284453.2483,1331432.7616,4041207.9844,580203580.2100,6965.1552,1999,0.003900,11.168569,35.628229,0.077472,-62.938833,31034033512,60544.88,512579,512579
129,-5202262.1360,1226545.9817,3980162.3187,577617846.3978,6890.6498,1999,0.003899,10.980360,42.947893,0.076407,-62.180737,31048016037,60555.74,512718,512718
130,-5574084.6212,1211322.7415,4192980.4747,605626066.8352,6923.3818,1999,0.003901,11.406152,60.889818,0.078937,-65.912165,31038843569,60576.01,512395,512395
131,-5282142.7995,1252965.6980,4015613.5058,583205770.7503,6885.4146,1999,0.003908,11.081223,37.458234,0.076964,-62.775592,30978795954,60559.63,511542,511542
132,-5300462.5360,1244942.3513,4025245.9255,584677574.1419,6884.5567,1999,0.003904,11.100837,34.454170,0.077141,-62.965113,31009815861,60554.22,512100,512100
133,-5339089.0323,1337151.4302,4103491.5492,587923608.4317,6979.6339,1999,0.003904,11.128066,36.477370,0.077483,-63.880008,31002334736,60549.31,512018,512018
134,-5302149.0660,1342141.7441,4102132.8802,586094401.4791,6999.0992,1999,0.003898,11.118445,39.570030,0.077241,-63.763604,31055626438,60560.30,512805,512805
135,-5370422.7426,1200641.2646,4097533.0093,591439655.4788,6928.0661,1999,0.003902,11.094296,35.678779,0.077501,-64.193395,31030863887,60573.56,512284,512284
136,-5402983.6478,1328594.0179,4110438.9939,592490500.9373,6937.5610,1999,0.003904,11.247044,34.295069,0.077916,-64.139427,31024702924,60596.31,511990,511990
137,-5353756.7491,1256876.5561,4095493.6260,589974765.3140,6941.8115,1999,0.003901,11.177288,39.168398,0.077578,-63.995818,31033259626,60563.57,512408,512408
138,-5342901.4056,1304401.1935,4094260.1966,584629593.6068,7003.1696,1999,0.003900,11.130301,34.820705,0.077815,-63.843991,31046637884,60578.45,512503,512503
139,-5422742.5301,1188014.9134,4109905.9652,593506947.0939,6924.7816,1999,0.003901,11.242053,41.522317,0.077727,-64.507510,31049305770,60598.67,512376,512376
140,-5399262.5356,1201195.7456,4103710.0253,594989320.1367,6897.1154,1999,0.003901,11.158180,38.867489,0.077437,-64.339999,31033670946,60566.03,512394,512394
141,-5397279.9446,1185448.7211,4084698.5846,592585939.7542,6893.0062,1999,0.003905,11.217983,43.690286,0.077718,-64.122156,30996322628,60554.48,511875,511875
142,-5290070.4045,1233478.6704,4019374.3808,584698703.1425,6874.2659,1999,0.003908,11.122850,33.548844,0.076848,-62.887577,30982017015,60570.90,511500,511500
143,-5216898.4080,1235186.8428,4007621.9550,577929082.5770,6934.4528,1999,0.003908,11.019279,37.957911,0.076340,-62.556437,30993128325,60584.22,511571,511571
144,-5328174.8446,1221142.0482,4041788.6475,584192210.5746,6918.5939,1999,0.003913,11.165684,43.261475,0.077400,-63.304354,30944966963,60574.74,510856,510856
145,-5196894.3305,1155335.3564,3944623.9241,577469071.1851,6830.8835,1999,0.003902,10.895529,34.220793,0.076141,-61.859060,31025545290,60565.66,512263,512263
146,-5301418.1809,1251614.3544,4059933.6991,587759234.6767,6907.4775,1999,0.003900,11.077554,39.517072,0.077037,-63.412222,31047486709,60572.78,512565,512565
147,-5354137.5074,1350799.9277,4133917.3161,591600581.3931,6987.6830,1999,0.003905,11.195486,41.593516,0.077663,-64.285931,31007478131,60576.39,511874,511874
148,-5253509.4252,1243603.0524,4009445.0550,578775663.8054,6927.4596,1999,0.003895,11.101575,39.928505,0.076786,-62.648939,31081523366,60562.15,513217,513217
149,-5372907.2771,1287216.7862,4148186.2666,596188916.3187,6957.8386,1999,0.003902,11.183911,41.595963,0.077591,-64.670486,31026609633,60569.04,512252,512252
150,-5231753.5378,1162481.9796,3973393.3422,575068840.6196,6909.4221,1999,0.003901,11.110874,36.441767,0.076876,-62.307582,31045775298,60582.80,512452,512452
151,-5514371.9623,1214213.6442,4159600.4514,592396351.6903,7021.6510,1999,0.003904,11.381303,37.032019,0.079164,-65.324158,31011931366,60558.71,512097,512097
152,-5248165.5376,1286479.3845,4018645.4381,581097514.7445,6915.6128,1999,0.003906,11.071514,38.922346,0.076871,-62.659594,30980467095,60534.03,511786,511786
153,-5300245.3726,1161125.5660,4041803.4051,587874546.0105,6875.2822,1999,0.003904,11.054471,37.182026,0.076753,-63.380604,31018387067,60572.26,512089,512089
154,-5285845.6670,1473454.6981,4090374.0697,586110857.9020,6978.8403,1999,0.003899,11.076794,38.313954,0.077720,-63.263002,31043735833,60548.33,512710,512710
155,-5454014.5780,1586078.0104,4238837.9829,603357758.4707,7025.4139,1999,0.003909,11.304160,44.764013,0.078799,-65.359444,30985361894,60587.63,511414,511414
156,-5444176.2968,1278413.1410,4156226.4935,594049174.4914,6996.4351,1999,0.003902,11.309427,39.382930,0.078155,-64.961428,31032656208,60573.27,512316,512316
157,-5402219.9057,1370920.8631,4149642.3873,594924061.2610,6975.0791,1999,0.003900,11.151175,40.310182,0.078061,-64.558859,31045716473,60576.18,512507,512507
158,-5194510.9594,1328456.3081,4000460.2611,580320217.5240,6893.5394,1999,0.003900,10.991379,46.115139,0.076502,-62.197943,31039246640,60555.99,512571,512571
159,-5417472.1035,1273786.8339,4115314.5859,592898245.4145,6941.0133,1999,0.003908,11.253186,39.409459,0.077900,-64.367158,30987953700,60579.90,511522,511522
160,-5390855.8546,1544186.6142,4179579.9309,597088357.3333,6999.9354,1999,0.003906,11.159833,43.884301,0.078288,-64.525344,31009592457,60586.32,511825,511825
161,-5187042.9163,1316346.5088,3987173.9478,574644656.7036,6938.5035,1999,0.003907,10.916541,39.645661,0.076595,-62.028015,30982542913,60562.10,511583,511583
162,-5229887.6831,1276748.5199,4004440.2285,574690332.7240,6967.9965,1999,0.003903,11.074898,43.494056,0.076961,-62.450224,31030172344,60592.43,512113,512113
163,-5339051.3624,1164355.2802,4032951.4235,585091592.6536,6892.8549,1999,0.003906,11.150487,34.464407,0.077421,-63.346176,30993962897,60553.89,511841,511841
164,-5287064.5655,1018318.0812,3962019.2558,578607684.0797,6847.5054,1999,0.003905,11.042833,34.206185,0.076676,-62.619835,31019196453,60592.06,511935,511935
165,-5294794.0881,1443218.4827,4130157.9876,589782328.5151,7002.8514,1999,0.003909,11.167167,39.551777,0.077255,-63.881274,30974205541,60571.62,511365,511365
166,-5246952.8125,1266018.3490,4016384.7183,582241121.3181,6898.1468,1999,0.003905,11.024681,38.173962,0.076899,-62.674460,30998188884,60557.06,511884,511884
167,-5500985.1403,1284678.5073,4218408.3430,604339921.0437,6980.1914,1999,0.003906,11.316294,40.414097,0.078340,-65.908172,30985124246,60537.68,511832,511832
168,-5306537.7258,1347789.3603,4048297.8709,586754953.9464,6899.4694,1999,0.003909,11.115341,45.312039,0.077645,-63.047988,30969928080,60560.53,511388,511388
169,-5212467.3190,1376145.1428,4040961.5956,579504580.0688,6973.1314,1999,0.003906,11.016804,35.158325,0.076790,-62.662440,30977417112,60532.56,511748,511748
170,-5332853.6320,1193898.5046,4027809.7647,586584617.1050,6866.5452,1999,0.003904,11.129621,37.770630,0.077008,-63.192037,30993012159,60524.83,512071,512071
171,-5275871.5133,1248612.5987,4030593.4020,583253023.3914,6910.5401,1999,0.003902,11.078727,34.751325,0.077001,-62.969689,31047028921,60595.41,512366,512366
172,-5215791.1063,1022994.3350,3925287.6210,575167681.0923,6824.5970,1999,0.003905,11.001966,36.083013,0.075876,-61.946856,31006749430,60565.38,511955,511955
173,-5220670.2952,1270112.7566,3998856.1511,582033255.2753,6870.4943,1999,0.003904,11.049366,36.848765,0.076422,-62.368592,31016723032,60576.93,512022,512022
174,-5325200.3771,1297417.2845,4075161.1583,587691191.1908,6934.1879,1999,0.003901,11.147382,35.179660,0.077554,-63.563205,31035794247,60569.35,512401,512401
175,-5338859.0762,1295071.6690,4090511.7275,581306908.2156,7036.7506,1999,0.003902,11.248934,46.750822,0.077759,-63.803311,31026097044,60560.94,512312,512312
176,-5031319.4574,1220346.8761,3864316.3597,563760541.6425,6854.5350,1999,0.003902,10.880284,38.637770,0.075106,-60.256477,31007998296,60533.18,512248,512248
177,-5264049.1013,1283550.6165,3998761.7720,583960906.2164,6847.6532,1999,0.003906,11.066084,41.600915,0.076919,-62.439075,30988527138,60556.64,511728,511728
178,-5529553.7024,1184379.6804,4173514.0675,606051867.7767,6886.3975,1999,0.003902,11.311867,37.599505,0.078261,-65.613255,31029967542,60568.73,512310,512310
179,-5279219.1414,1179566.7334,3999315.9420,579492740.4155,6901.4082,1999,0.003905,11.102788,38.637538,0.076901,-62.722450,31007844166,60572.96,511909,511909
180,-5227189.7460,1087774.4246,3949508.8628,574675029.2253,6872.5952,1999,0.003897,11.016648,35.197520,0.076447,-62.151119,31065614963,60568.68,512899,512899
181,-5422833.9477,1221562.8081,4096514.3777,590260081.2368,6940.1854,1999,0.003904,11.289148,41.060287,0.078219,-64.253941,31009996559,60559.42,512059,512059
182,-5298967.9335,1206483.0100,4031664.9159,586881206.3309,6869.6439,1999,0.003900,11.109131,42.585868,0.076796,-63.135255,31051150419,60576.03,512598,512598
183,-5043143.0816,1157441.9434,3881432.0669,563584101.9406,6887.0503,1999,0.003897,10.831031,43.085766,0.075173,-60.658199,31070320288,60568.76,512976,512976
184,-5347762.9272,1236366.2614,4072594.6123,588276683.4277,6922.9237,1999,0.003910,11.173948,45.116609,0.077522,-63.726641,30958040599,60553.15,511254,511254
185,-5243745.2615,1160924.9814,3986631.5891,578047065.4252,6896.7249,1999,0.003902,11.080219,38.023917,0.076669,-62.515674,31025131814,60564.73,512264,512264
186,-5344580.4600,1272285.6674,4116010.1322,592383356.3895,6948.2204,1999,0.003910,11.191131,44.790478,0.077271,-64.210953,30968041391,60573.30,511249,511249
187,-5378792.4721,1309164.2055,4064032.4875,591482774.2839,6870.9228,1999,0.003908,11.144145,37.099189,0.077753,-63.513998,30990861543,60581.33,511558,511558
188,-5439540.1790,1248809.4098,4112922.5433,596434736.1682,6895.8468,1999,0.003915,11.255722,36.552132,0.077962,-64.447189,30937150616,60596.21,510546,510546
189,-5316486.5458,1401179.5508,4068502.0210,581796938.0361,6992.9932,1999,0.003908,11.138999,40.771813,0.077974,-63.214559,30983048942,60570.55,511520,511520
190,-5322451.4988,1083961.8470,4032946.3922,586638368.5398,6874.6720,1999,0.003901,11.071513,37.275485,0.076866,-63.491985,31033732001,60559.53,512450,512450
191,-5538040.8305,1188250.0841,4163080.6846,600691108.6060,6930.4849,1999,0.003902,11.369605,38.630872,0.078727,-65.487666,31034102408,60582.72,512260,512260
192,-5283890.6683,1330221.0930,4059429.1313,583464843.7514,6957.4528,1999,0.003903,11.070440,41.840050,0.077351,-63.181856,31021961514,60569.42,512172,512172
193,-5489889.5839,1304533.3102,4178716.9763,600277741.7866,6961.3059,1999,0.003904,11.404861,42.813876,0.078492,-65.309396,31017537080,60573.20,512067,512067
194,-5268037.5118,1216710.5568,4019809.0555,581215546.8285,6916.2105,1999,0.003909,11.032695,36.088801,0.077011,-62.882480,30964550845,60554.87,511347,511347
195,-5370805.2001,1549556.8248,4154880.1847,589382066.4269,7049.5531,1999,0.003905,11.277526,38.071960,0.078261,-64.136446,31008680524,60567.50,511969,511969
196,-5322415.1666,1478752.0349,4115977.4494,591236528.3900,6961.6427,1999,0.003903,11.180005,45.105916,0.077995,-63.678063,31016952885,60564.84,512128,512128
197,-5486055.6464,1231612.2564,4166582.9052,596923839.4348,6980.0913,1999,0.003907,11.361723,41.280072,0.078429,-65.310648,30981296099,60556.12,511613,511613
198,-5389023.6820,1195326.7252,4093779.3266,594520396.4992,6885.8518,1999,0.003908,11.176032,40.156063,0.077496,-64.198151,30982560907,60568.06,511533,511533
199,-5362336.4503,1132118.9786,4089113.1618,591532224.2769,6912.7479,1999,0.003902,11.153536,38.899353,0.077331,-64.223953,31023491580,60557.16,512301,512301
200,-5299734.6274,1209153.5842,4023456.6905,581990007.7623,6913.2745,1999,0.003911,11.105083,41.398992,0.077290,-63.024115,30945864512,60543.78,511132,511132
201,-5243024.9893,1324836.2268,4063042.3634,579352251.9417,7013.0777,1999,0.003906,11.038653,47.347294,0.077036,-63.146868,31005526753,60577.31,511834,511834
202,-5540568.0059,1387232.2118,4227845.0882,603796404.2864,7002.1038,1999,0.003905,11.345186,48.746483,0.079215,-65.884943,31019944560,60591.04,511956,511956
203,-5469306.2147,1229710.4788,4155464.0070,603608864.9838,6884.3654,1999,0.003902,11.260186,41.444504,0.078018,-65.127528,31034080020,60573.21,512340,512340
204,-5364787.6082,1188347.7773,4075308.9629,590366452.9789,6903.0158,1999,0.003901,11.196700,37.594387,0.077420,-63.914176,31030963564,60557.79,512419,512419
205,-5392623.6943,1347814.3701,4161175.6306,599716782.4316,6938.5679,1999,0.003899,11.191309,40.030482,0.077423,-64.744319,31043840982,60553.14,512671,512671
206,-5350835.6606,1229656.2762,4041074.4275,585664481.1626,6899.9821,1999,0.003903,11.151019,39.470102,0.077695,-63.329489,31036076024,60593.31,512203,512203
207,-5295844.2057,1203436.7485,3992152.2945,584200786.3439,6833.5278,1999,0.003901,11.041996,44.458731,0.076954,-62.609934,31036487844,60564.20,512456,512456
208,-5431921.8966,1079485.0211,4088871.8178,595079291.1315,6871.1378,1999,0.003900,11.221997,39.661493,0.077641,-64.503706,31040012736,60564.70,512510,512510
209,-5258160.6580,1085381.6309,3981826.1173,575755417.5002,6915.8292,1999,0.003903,11.081922,42.009362,0.076822,-62.661449,31018335199,60556.67,512220,512220
210,-5346690.2623,1273742.2132,4068379.6680,585682652.7953,6946.3892,1999,0.003904,11.242234,35.673397,0.077754,-63.580256,31022717533,60588.41,512024,512024
211,-5348182.0692,1136357.1632,4059431.9827,590710475.7724,6872.1178,1999,0.003904,11.058407,45.604868,0.077118,-63.785562,31014490495,60576.00,511993,511993
212,-5365999.6948,1192085.0800,4098482.2574,591206527.0414,6932.4036,1999,0.003910,11.197421,41.259487,0.077312,-64.215312,30964756866,60571.86,511207,511207
213,-5503530.5606,1329056.4055,4178617.6831,603997690.6087,6918.2676,1999,0.003895,11.348331,42.037999,0.078550,-65.281983,31087747114,60574.86,513212,513212
214,-5316425.4618,1087716.5489,4034556.4945,588268387.5238,6858.3602,1999,0.003905,11.155823,36.930955,0.076637,-63.492053,31001057137,60564.91,511865,511865
215,-5330846.9276,1491671.6591,4118916.7967,588417161.4862,6999.9943,1999,0.003908,11.180096,44.908766,0.077728,-63.703097,30981939866,60574.31,511470,511470
216,-5332968.1262,1188302.0948,4061433.5832,584368872.4559,6950.1196,1999,0.003903,11.134208,43.688712,0.077464,-63.655867,31008491209,60541.23,512188,512188
217,-5239336.0255,1244290.1101,4023623.9739,580060909.0248,6936.5543,1999,0.003909,11.046961,38.593677,0.076591,-62.803086,30971001423,60564.52,511372,511372
218,-5345479.9055,1241884.9351,4055182.3239,582010495.8823,6967.5416,1999,0.003902,11.182980,37.824684,0.077724,-63.474268,31014045059,60537.77,512309,512309
219,-5172627.3604,1261198.8473,3981227.7471,578639170.3471,6880.3288,1999,0.003903,10.994942,42.948476,0.076311,-62.047752,31023169630,60567.05,512212,512212
220,-5383533.8892,1278835.4923,4116251.9413,590119366.3792,6975.2870,1999,0.003895,11.231965,38.524598,0.077857,-64.290612,31076453419,60558.64,513163,513163
221,-5437002.7127,1247185.5990,4154558.8491,599006393.5614,6935.7504,1999,0.003895,11.245748,36.463087,0.077856,-64.997657,31085626394,60571.20,513208,513208
222,-5422128.7813,1151250.3965,4109731.1792,598632403.1866,6865.2000,1999,0.003897,11.239148,37.923170,0.077531,-64.593189,31074739656,60572.30,513019,513019
223,-5331546.7834,1277537.2530,4080048.3350,585411578.1047,6969.5382,1999,0.003905,11.130332,39.192809,0.077540,-63.689084,31001188505,60554.87,511952,511952
224,-5472254.3061,1118500.2606,4112583.8386,595891503.4183,6901.5648,1999,0.003900,11.247957,36.601145,0.078139,-64.824997,31043882221,60572.25,512510,512510
225,-5309133.2028,1210894.4078,4053139.9834,589106188.6894,6880.1518,1999,0.003909,11.026256,41.148823,0.076812,-63.435071,30982363836,60582.12,511411,511411
226,-5328740.0006,1284805.2666,4080574.1791,590468043.9921,6910.7452,1999,0.003900,11.072020,40.001093,0.077502,-63.675061,31055680214,60588.41,512568,512568
227,-5468338.9357,973892.0042,4105446.0103,599510493.8234,6847.9969,1999,0.003898,11.278959,37.488516,0.077547,-65.058411,31054358618,60560.07,512786,512786
228,-5408039.5731,1354557.0533,4142644.5546,591373516.3858,7005.1236,1999,0.003907,11.255255,44.772351,0.078266,-64.519959,30996259342,60577.90,511676,511676
229,-5422189.8284,1102029.7044,4095184.2394,592427390.2378,6912.5505,1999,0.003903,11.209497,43.274491,0.077386,-64.511182,31028422032,60587.95,512122,512122
230,-5317753.3317,1093993.0169,4033339.4003,584575544.8322,6899.6034,1999,0.003905,11.109795,37.367867,0.076931,-63.464698,30986877562,60528.69,511937,511937
231,-5254324.9284,1329212.1529,4050241.3676,581384910.0470,6966.5402,1999,0.003899,11.035009,38.046460,0.077037,-62.992988,31042572796,60550.43,512673,512673
232,-5285280.5765,1378706.0727,4079869.3179,582229690.2998,7007.3193,1999,0.003909,11.113821,52.798371,0.077695,-63.345088,30972524166,60558.62,511447,511447
233,-5361985.9442,1354959.6316,4088916.2752,591732050.3741,6910.0808,1999,0.003904,11.159786,34.853083,0.077794,-63.698802,31003857006,60550.86,512030,512030
234,-5280860.5997,1198505.8456,4002908.9920,582952428.3110,6866.6135,1999,0.003904,11.073773,37.154940,0.077014,-62.730460,31009892281,60565.01,512010,512010
235,-5407633.4087,1299829.9934,4127294.7143,596420932.2298,6920.1037,1999,0.003903,11.216558,45.812239,0.077650,-64.443897,31031561925,60582.37,512221,512221
236,-5367745.9863,1270712.2944,4107409.5483,590143022.1557,6960.0239,1999,0.003900,11.169140,35.852432,0.077624,-64.154691,31055519338,60590.22,512550,512550
237,-5352835.0846,1068402.8361,4024166.6029,586059936.1504,6866.4762,1999,0.003905,11.149921,45.583441,0.077254,-63.483434,31007041458,60570.09,511920,511920
238,-5358569.7391,1386776.5490,4151343.6089,596463254.1297,6959.9319,1999,0.003908,11.168447,41.781334,0.077399,-64.444155,30989321197,60577.49,511565,511565
239,-5297425.5764,1133511.2803,4000573.2628,588063769.8479,6802.9582,1999,0.003902,11.005445,37.475767,0.076443,-62.887537,31041095294,60585.13,512355,512355
240,-5099155.5573,1113189.8273,3900963.4606,570645221.0139,6836.0574,1999,0.003901,10.840876,41.841702,0.075322,-61.149154,31032166820,60551.99,512488,512488
241,-5362982.7341,1227852.4363,4065585.5588,587883892.0078,6915.6267,1999,0.003907,11.203197,40.286965,0.077694,-63.687877,30994380098,60574.82,511671,511671
242,-5282533.8636,1257552.2131,4053986.8549,581018462.8269,6977.3804,1999,0.003904,11.109934,41.490111,0.077107,-63.277020,31015623664,60579.76,511980,511980
243,-5358410.2492,1271430.6930,4069098.1436,589021220.5045,6908.2369,1999,0.003905,11.165603,34.905800,0.077499,-63.622230,31019297159,60594.98,511912,511912
244,-5375708.9928,1248792.7191,4108667.0143,591488615.8993,6946.3163,1999,0.003906,11.158690,44.553598,0.077611,-64.240900,31007441841,60580.58,511838,511838
245,-5424685.2669,1324549.5924,4165823.8978,597338623.3533,6973.9738,1999,0.003905,11.205072,38.187062,0.078127,-64.936363,31020972983,60592.69,511959,511959
246,-5378570.0691,1242134.7253,4069193.1889,587261744.8279,6929.0963,1999,0.003905,11.076857,42.921309,0.077896,-63.736365,31018327179,60585.87,511973,511973
247,-5307033.2285,1203861.9015,4019532.3452,582620092.5055,6899.0624,1999,0.003904,11.139932,45.216549,0.077261,-62.999259,31004940516,60557.71,511990,511990
248,-5393151.4736,1503425.2598,4136967.2198,586940216.7481,7048.3622,1999,0.003903,11.212727,47.988485,0.078629,-64.059163,31016708956,60561.89,512149,512149
249,-5226988.9758,1267690.3892,4041807.6535,581987421.4470,6944.8368,1999,0.003898,10.979398,38.146906,0.076952,-62.964470,31060238328,60572.96,512774,512774
250,-5209349.0789,1093216.4452,3979155.4413,576561614.8887,6901.5268,1999,0.003907,11.020572,35.595315,0.076344,-62.494229,30982989888,60554.46,511655,511655
251,-5336951.1050,1361980.8147,4083304.9324,591159184.5975,6907.2849,1999,0.003910,11.088673,40.955129,0.077438,-63.547866,30970050473,60583.40,511197,511197
252,-5273304.3023,1210908.7872,4023809.9985,584871764.6746,6879.8158,1999,0.003906,11.081591,34.585157,0.076871,-62.962886,31003706990,60582.99,511756,511756
253,-5128309.5091,1213795.8734,3973034.7118,573823929.2625,6923.7871,1999,0.003902,10.943822,46.115846,0.075714,-61.944321,31021518453,60549.17,512336,512336
254,-5242846.1385,1436795.7183,4065831.0778,587829934.1541,6916.6792,1999,0.003908,11.111252,42.835763,0.076704,-62.920937,30979063657,60565.13,511500,511500
255,-5115132.5503,1326129.9535,3977542.7261,574228606.5098,6926.7582,1999,0.003905,10.857373,37.168447,0.075759,-61.710644,30989231248,60542.63,511858,511858
256,-5352106.0030,1283369.0670,4081552.4141,590318416.1772,6914.1540,1999,0.003905,11.126405,37.691818,0.077559,-63.745910,31005550822,60568.13,511912,511912
257,-5359209.2384,1248762.7994,4075722.6488,591329727.0326,6892.4704,1999,0.003897,11.127046,37.885236,0.077620,-63.765905,31070294369,60578.04,512897,512897
258,-5515662.1306,1292062.3319,4189775.0068,594547093.7142,7047.0028,1999,0.003907,11.449232,34.980011,0.078992,-65.545514,30985373900,60558.29,511662,511662
259,-5349187.2895,1274499.9967,4072076.0621,586449501.7740,6943.6090,1999,0.003903,11.133497,40.711572,0.077649,-63.632149,31015696630,60563.81,512116,512116
260,-5307407.0239,1369389.8983,4059505.0071,586068030.9557,6926.6788,1999,0.003902,11.157676,37.657937,0.077395,-63.145566,31027741089,60558.12,512363,512363
261,-5186770.4192,1171824.2879,3947419.0213,575807523.6765,6855.4488,1999,0.003896,10.951378,36.368358,0.075895,-61.833288,31066231918,60553.83,513035,513035
262,-5351103.2338,1262888.4013,4066338.5171,586336267.6317,6935.1646,1999,0.003909,11.185844,36.816963,0.077740,-63.588201,30971948736,60562.47,511405,511405
263,-5379658.3875,1109038.7858,4073132.1672,590593237.5963,6896.6793,1999,0.003902,11.193833,36.191632,0.077354,-64.104136,31032715397,60568.54,512357,512357
264,-5320868.9778,1163390.4158,4058148.9323,586030198.7032,6924.8120,1999,0.003907,11.109264,42.855335,0.076896,-63.638836,30986601095,60561.39,511656,511656
265,-5343897.6896,1047308.6926,4010844.7879,581887791.4314,6892.8148,1999,0.003901,11.147965,39.438378,0.077205,-63.334000,31035573287,60560.52,512472,512472
266,-5507339.0811,959834.1900,4102861.1115,595908736.2372,6885.0494,1999,0.003906,11.303534,37.116795,0.078141,-65.146975,30989500877,60559.96,511716,511716
267,-5188308.5279,1225877.6105,3956504.9337,577206630.0015,6854.5729,1999,0.003900,10.986113,34.880436,0.076269,-61.833776,31046079099,60565.90,512600,512600
268,-5454200.8858,1438099.2093,4190481.4167,603038155.7870,6948.9490,1999,0.003904,11.273535,41.474626,0.078419,-65.066904,31018308122,60581.21,512012,512012
269,-5325304.3542,1413294.3841,4127054.8484,592673796.7135,6963.4508,1999,0.003905,11.185153,36.859172,0.077433,-63.982417,31008212648,60574.15,511905,511905
270,-5309292.3010,1118707.9660,4019750.3261,587291223.9463,6844.5605,1999,0.003908,11.056217,36.075052,0.076785,-63.206288,30975797039,60564.19,511454,511454
271,-5336129.3145,1235208.6977,4059531.6615,587377480.6694,6911.2824,1999,0.003906,11.128247,36.422760,0.077525,-63.528853,31003755709,60580.36,511779,511779
272,-5232535.7668,1198704.0749,4002578.9460,582578831.5422,6870.4504,1999,0.003909,11.035555,36.939050,0.076385,-62.613274,30977832413,60572.55,511417,511417
273,-5242114.5874,1157785.0948,3998056.1745,581041311.2449,6880.8467,1999,0.003912,10.990525,38.651561,0.076504,-62.670313,30956898404,60581.49,510996,510996
274,-5278774.9654,1229677.9411,4030100.6336,583501822.0023,6906.7490,1999,0.003909,11.050845,38.093417,0.076896,-63.012491,30965247663,60545.46,511438,511438
275,-5463267.9122,1147124.5857,4116850.6537,593073898.2189,6941.5475,1999,0.003901,11.315796,47.283056,0.078267,-64.792937,31030973477,60551.31,512474,512474
276,-5244830.4585,1070918.6634,3961582.8214,576710693.3970,6869.2724,1999,0.003901,10.976932,41.203487,0.076343,-62.393613,31042205898,60576.54,512446,512446
277,-5323986.0583,1132192.0949,4031658.3096,587281120.7864,6864.9547,1999,0.003899,11.092124,42.959873,0.077115,-63.369921,31056648871,60574.46,512702,512702
278,-5398059.6503,1251845.7268,4119647.6445,593247504.4907,6944.2309,1999,0.003901,11.171508,49.211955,0.077813,-64.431261,31042364333,60573.30,512476,512476
279,-5487046.2133,1299961.0532,4181510.1094,602732960.4803,6937.5833,1999,0.003907,11.309139,43.351547,0.078327,-65.348023,30993323528,60580.10,511609,511609
280,-5439311.5396,1274496.2117,4128815.1427,597660664.4209,6908.2933,1999,0.003902,11.239902,37.518107,0.078219,-64.598856,31031236561,60574.76,512280,512280
281,-5347309.9432,1248213.4432,4090127.1054,597386438.9491,6846.7023,1999,0.003901,11.106617,42.479121,0.076758,-63.926301,31045433930,60590.76,512379,512379
282,-5273599.9699,1241300.4581,4038391.8185,583976053.8514,6915.3380,1999,0.003905,11.123672,36.988838,0.076722,-63.085776,30991197954,60541.51,511900,511900
283,-5263691.7014,1239535.3761,4019319.0896,585398626.7995,6865.9524,1999,0.003907,11.017492,35.501090,0.076464,-62.812179,30978358902,60551.80,511601,511601
284,-5303358.0965,1262378.4361,4069621.8581,589664370.7164,6901.5902,1999,0.003905,11.120030,35.450450,0.077112,-63.523001,31021853945,60593.82,511964,511964
285,-5340247.8358,1195373.5828,4034669.4686,588023676.7185,6861.4065,1999,0.003901,11.086241,38.683675,0.077210,-63.297999,31049713626,60588.59,512468,512468
286,-5257976.9937,1348919.1036,4063447.1526,584851390.8814,6947.8285,1999,0.003911,11.051223,40.941235,0.076797,-63.128932,30949843079,60552.04,511128,511128
287,-5232906.9704,1192300.3812,3978712.3949,580840102.2136,6849.9272,1999,0.003901,11.055894,42.073240,0.076497,-62.312267,31041550633,60570.65,512485,512485
288,-5344380.9059,1342123.3876,4061934.3299,582627338.6323,6971.7537,1999,0.003905,11.179378,41.564315,0.078053,-63.330037,31004513773,60570.72,511873,511873
289,-5230542.8293,1460108.5554,4055776.7345,581723429.8923,6972.0017,1999,0.003905,10.970662,56.974728,0.077179,-62.707779,31016408186,60587.44,511928,511928
290,-5481624.2718,1272102.9226,4167630.6643,601448543.7646,6929.3221,1999,0.003901,11.275417,38.820863,0.078421,-65.218780,31053719974,60605.16,512394,512394
291,-5146185.7848,1169743.8938,3951160.1178,574364034.8384,6879.1914,1999,0.003907,10.870108,46.530877,0.075650,-61.792163,30993594975,60576.13,511647,511647
292,-5240068.6098,1069129.3142,3949547.4909,573712523.6440,6884.1926,1999,0.003910,11.006499,41.925927,0.076641,-62.225127,30954374637,60544.80,511264,511264
293,-5375250.3089,1300446.4030,4110946.2548,593532751.1253,6926.2332,1999,0.003900,11.125881,42.705703,0.077636,-64.148309,31041522491,60554.53,512621,512621
294,-5345352.9523,1236732.4998,4070445.6977,585653541.2880,6950.2622,1999,0.003907,11.264506,35.702373,0.077578,-63.690467,30990951753,60572.74,511632,511632
295,-5362739.8093,1326647.3080,4088215.4446,585246484.3093,6985.4592,1999,0.003904,11.233861,37.136928,0.077820,-63.755708,31013285252,60575.78,511975,511975
296,-5379061.8380,1422928.1411,4153716.2874,594646134.2792,6985.1901,1999,0.003904,11.268593,38.923275,0.077824,-64.438345,31016314170,60570.46,512070,512070
297,-5281180.3593,1182142.4310,4031992.3023,584703593.7789,6895.7885,1999,0.003897,11.044001,38.291276,0.076632,-63.156041,31066851075,60565.42,512947,512947
298,-5202835.5904,1275396.4748,4025034.7856,582414197.4788,6910.9489,1999,0.003904,11.011029,35.680165,0.076216,-62.664476,31020645803,60575.49,512099,512099
299,-5341838.3366,1259047.3109,4068816.0742,588332099.4444,6915.8492,1999,0.003906,11.182683,37.625654,0.077425,-63.608085,30997334594,60563.08,511819,511819
300,-5290835.0878,1303854.2540,4052453.1724,589372220.0573,6875.8809,1999,0.003905,11.089369,38.508702,0.076894,-63.167118,31012146935,60584.80,511880,511880
301,-5504615.8591,1120985.7456,4181951.2443,598625490.5126,6985.9224,1999,0.003908,11.302430,41.334767,0.078318,-65.818370,30976531244,60563.26,511474,511474
302,-5348008.3517,1187281.5563,4087326.1847,592843962.3909,6894.4384,1999,0.003903,11.063440,36.116358,0.077144,-64.036870,31028465412,60581.76,512175,512175
303,-5277238.7483,1209483.5724,4022951.7613,580304072.7891,6932.4893,1999,0.003901,11.060445,43.804888,0.077099,-62.961583,31042958899,60583.21,512402,512402
304,-5277429.2776,1364897.4275,4055053.5091,587919386.1209,6897.2951,1999,0.003904,11.078811,36.953301,0.076834,-63.027411,31012927986,60570.11,512017,512017
305,-5346582.1278,1162606.4211,4053131.2496,588368202.2176,6888.7667,1999,0.003902,11.106634,38.061389,0.077149,-63.634910,31027158739,60557.69,512357,512357
306,-5317084.0043,1247832.0790,4053101.5109,584661925.8121,6932.3849,1999,0.003904,11.089610,40.672659,0.077335,-63.367589,31025669599,60584.70,512104,512104
307,-5167635.2559,1245817.8033,3983111.8062,579009306.4642,6879.1844,1999,0.003902,10.945434,37.789355,0.075916,-62.094354,31024725873,60558.74,512308,512308
308,-5354178.0813,1505873.6977,4155896.1220,595050047.3612,6984.1119,1999,0.003899,11.276424,40.908212,0.077854,-64.214183,31053630893,60575.67,512642,512642
309,-5141477.1034,919344.1299,3827693.0143,563218468.6229,6796.1071,1999,0.003904,10.818521,40.756909,0.075695,-60.714717,31023714895,60590.59,512022,512022
310,-5304674.1074,1327060.2009,4072569.4544,589623450.0372,6907.0683,1999,0.003903,11.024751,39.069954,0.077126,-63.412573,31034757481,60600.32,512122,512122
311,-5324945.0254,1310452.9991,4057679.3466,583449686.2786,6954.6346,1999,0.003903,11.143538,37.709326,0.077678,-63.301683,31016420094,60563.21,512133,512133
312,-5290230.9471,1280379.3807,4031165.3792,584828752.9428,6892.8987,1999,0.003902,11.081905,39.156101,0.077265,-62.939569,31025242638,60562.47,512285,512285
313,-5097024.2901,1238431.5086,3904308.4504,569727948.3543,6852.9347,1999,0.003901,10.906582,38.603989,0.075764,-60.899512,31030212161,60550.42,512469,512469
314,-5294649.6785,1221388.4757,4032741.0251,588364184.2290,6854.1579,1999,0.003905,11.018986,41.849659,0.076983,-63.106334,31004584574,60568.25,511895,511895
315,-5323169.9465,1038065.2561,4007014.3547,584262668.2198,6858.2413,1999,0.003900,11.086878,41.140888,0.076778,-63.258261,31042052041,60564.66,512544,512544
316,-5358663.5165,1326504.9673,4088510.2561,592315491.8759,6902.5888,1999,0.003900,11.122008,34.168405,0.077344,-63.749489,31051268291,60583.94,512533,512533
317,-5255139.3804,1320640.0157,4076305.9290,587191336.0356,6942.0403,1998,0.003903,11.087586,36.490248,0.076572,-63.360427,31011288283,60573.18,511964,511964
318,-5306708.9692,1248872.1097,4031290.8639,586406558.8499,6874.5665,1999,0.003899,11.155662,38.724462,0.077283,-63.051197,31052477291,60566.80,512698,512698
319,-5295648.6944,1209872.1827,4030838.7973,586601440.8175,6871.5119,1999,0.003901,11.094500,33.429768,0.076620,-63.108963,31027591742,60548.02,512446,512446
320,-5279258.7884,1102707.2190,3978774.3897,579044137.4034,6871.2800,1999,0.003904,11.079108,35.375036,0.076816,-62.627936,31018369315,60583.58,511993,511993
321,-5355036.0988,1379032.7537,4129889.2955,590783231.8252,6990.5324,1999,0.003906,11.214712,36.134896,0.077904,-64.169919,31001964267,60575.32,511792,511792
322,-5166465.9848,1162403.7223,3943041.6371,574707578.2854,6860.9529,1999,0.003907,10.889511,36.247178,0.075943,-61.751192,30993738758,60578.42,511630,511630
323,-5160393.0506,1254745.8934,3954823.7110,574208210.5212,6887.4385,1999,0.003904,10.951605,35.451133,0.076330,-61.681184,31012603521,60560.96,512089,512089
324,-5289965.8434,1189968.9473,4011126.4472,579812401.6972,6917.9728,1999,0.003902,11.068443,44.151340,0.077239,-62.880444,31021037479,60558.87,512246,512246
325,-5211644.0499,1362659.6322,4039289.2181,582928659.6660,6929.3028,1999,0.003909,10.946986,36.515811,0.076641,-62.671124,30986615691,60587.12,511439,511439
326,-5419445.7705,1306659.0040,4146906.0546,596321177.4434,6954.1486,1999,0.003902,11.286702,34.624712,0.078132,-64.715703,31050289028,60602.48,512360,512360
327,-5302305.5482,1413143.6786,4052374.5229,579492867.9093,6992.9670,1999,0.003902,11.201218,43.583920,0.077890,-62.936574,31015451497,60544.42,512276,512276
328,-5320452.9987,1223300.1391,4069974.4919,592102206.5276,6873.7702,1999,0.003904,11.062133,38.118574,0.077093,-63.658027,31012693406,60560.78,512092,512092
329,-5279666.1900,1376283.0188,4046302.3636,586373788.4146,6900.5512,1999,0.003908,11.084902,38.218688,0.077200,-62.891606,30986137589,60570.31,511573,511573
330,-5229956.5638,1248398.7463,4023197.4560,579564924.2956,6941.7546,1999,0.003905,11.100248,35.908189,0.076640,-62.764132,31002183606,60563.09,511899,511899
331,-5259756.8970,1202185.2461,4032086.7934,587588851.2715,6862.0887,1999,0.003906,11.047535,35.814931,0.076256,-63.060885,30990364818,60553.13,511788,511788
332,-5378491.2030,1172649.8332,4060978.3456,587099461.7229,6917.0194,1999,0.003906,11.233725,36.110267,0.077757,-63.792850,30998317139,60575.30,511732,511732
333,-5492130.3372,1201760.1795,4136768.4947,596539226.6115,6934.6127,1999,0.003911,11.359929,51.023948,0.078493,-64.998878,30959329580,60571.90,511117,511117
334,-5255857.3881,1244788.6478,4042081.2745,585072872.5940,6908.6800,1999,0.003911,11.066207,42.276086,0.076565,-63.083975,30968629127,60583.10,511176,511176
335,-5279040.1615,1200673.6009,3995726.3725,580178792.1724,6887.0604,1999,0.003902,10.980601,39.101565,0.077178,-62.624915,31020830579,60555.15,512274,512274
336,-5255191.7228,1178014.7901,3987291.2532,583095077.4116,6838.1494,1999,0.003913,11.034186,37.298618,0.076384,-62.509328,30944464830,60577.07,510828,510828
337,-5299473.4834,1347502.1776,4055490.1450,586852770.3781,6910.5751,1999,0.003900,10.996065,42.006252,0.077281,-63.125707,31053155212,60582.18,512579,512579
338,-5264037.3258,1465676.6827,4111139.4495,584863553.2787,7029.2283,1999,0.003905,11.101896,45.655382,0.077209,-63.503573,30996700704,60544.10,511969,511969
339,-5327560.9275,1415075.7362,4100955.4118,586809377.4749,6988.5649,1999,0.003901,11.119292,41.160005,0.077670,-63.636902,31041141932,60575.41,512438,512438
340,-5259354.6711,1272098.2274,4038890.0845,586034059.6316,6891.9033,1999,0.003901,11.117537,35.476486,0.076562,-62.987403,31042460410,60576.56,512450,512450
341,-5113407.4335,947108.5839,3843806.1745,567939408.6408,6767.9864,1999,0.003905,10.881187,37.971850,0.075121,-60.801255,31010702111,60572.63,511959,511959
342,-5403453.4452,1243409.3790,4110361.9707,594738090.5008,6911.2136,1999,0.003904,11.147073,34.606376,0.077560,-64.340157,31024597112,60583.68,512095,512095
343,-5271233.4281,1148341.3074,4000792.7251,581477129.2349,6880.3957,1999,0.003902,11.054227,36.026977,0.076746,-62.796729,31031550322,60570.99,512317,512317
344,-5263594.7836,1143804.3214,4030923.9659,586115842.3514,6877.3503,1999,0.003898,11.047815,39.342441,0.076334,-63.190245,31058883627,60567.36,512799,512799
345,-5219133.5870,1464929.2352,4038635.7890,576674839.6598,7003.3154,1999,0.003905,11.045032,40.568552,0.077274,-62.440154,31004132827,60564.17,511922,511922
346,-5393802.3270,1396334.7722,4162053.9869,593883957.3627,7008.1940,1999,0.003901,11.160654,43.438634,0.078242,-64.646838,31044457288,60579.40,512459,512459
347,-5315858.3754,1493830.2452,4105055.0576,589850220.8626,6959.4872,1999,0.003906,11.115112,35.782229,0.077751,-63.480115,30995153067,60566.27,511756,511756
348,-5447823.0906,1342903.6382,4165271.2073,597355604.2220,6972.8503,1999,0.003907,11.283388,38.143072,0.078473,-64.942675,31008374846,60597.67,511709,511709
349,-5263428.5247,1134846.3507,4008712.3569,584846014.0417,6854.3040,1999,0.003895,11.069378,37.660352,0.076392,-62.916160,31083120624,60565.38,513216,513216
350,-5514151.3896,1282726.1563,4176915.7064,601531359.6856,6943.8037,1999,0.003907,11.306828,39.900733,0.078790,-65.395154,30979632651,60551.44,511625,511625
351,-5614935.4683,1178694.2007,4237337.6819,607543122.3424,6974.5464,1999,0.003900,11.488839,40.695489,0.079140,-66.678285,31039368885,60556.59,512568,512568
352,-5347849.9781,1427538.1800,4112518.6232,587057755.4894,7005.3050,1999,0.003908,11.164631,40.001482,0.077880,-63.808099,30986883082,60586.10,511452,511452
353,-5364753.0141,1019801.6390,3982300.6132,587047926.8682,6783.6039,1999,0.003904,11.094857,36.898172,0.077313,-63.067590,31026939550,60587.54,512101,512101
354,-5213256.8115,1155173.5983,3952508.6114,578181735.7868,6836.1008,1999,0.003902,11.006361,43.639983,0.076244,-62.003556,31039398710,60582.77,512347,512347
355,-5300205.1169,1184759.6376,4023902.3614,585075219.6622,6877.5813,1999,0.003903,11.054434,38.747009,0.077045,-63.088261,31021555100,60568.98,512169,512169
356,-5272518.0790,1330228.0862,4050617.6374,579962215.5221,6984.2785,1999,0.003903,11.133769,43.199821,0.077299,-63.037892,31014831218,60556.33,512165,512165
357,-5231840.3504,1226679.2189,4029240.1756,577478077.3739,6977.3041,1999,0.003897,10.968696,35.206947,0.076732,-62.902252,31064913403,60555.86,512996,512996
358,-5401609.8673,1164384.2960,4107821.3518,594320907.2982,6911.7901,1999,0.003909,11.155964,35.689903,0.077588,-64.487450,30960101845,60548.06,511331,511331
359,-5146199.0289,1160333.2327,3948770.0516,578297523.0223,6828.2673,1999,0.003901,10.877058,34.685273,0.075559,-61.786785,31038489691,60573.31,512412,512412
360,-5265891.8341,1177672.1413,4009216.3268,579817830.0534,6914.6137,1999,0.003902,11.063783,38.346534,0.076971,-62.829339,31023494520,60564.61,512238,512238
361,-5439091.6854,1455681.4318,4190793.3253,595842377.2925,7033.3925,1999,0.003904,11.285041,40.790407,0.078555,-64.992872,31003096584,60546.77,512052,512052
362,-5336175.7219,1253776.4588,4098710.5290,591664653.7478,6927.4216,1999,0.003912,11.139712,37.208710,0.077223,-64.004879,30941297930,60556.53,510949,510949
363,-5148573.0738,1346283.2071,4015658.3700,580096642.0543,6922.3955,1999,0.003906,10.890051,40.400218,0.075921,-62.248908,30997622446,60573.70,511734,511734
364,-5482151.8835,1204368.6006,4175393.8423,599521964.6906,6964.5386,1999,0.003900,11.231298,42.948306,0.078145,-65.480441,31051513148,60576.38,512601,512601
365,-5331286.3851,1118165.4465,4032433.3412,581038075.7294,6940.0501,1999,0.003900,11.112758,42.912735,0.077398,-63.428846,31042746351,60559.75,512597,512597
366,-5373447.8252,1152321.5882,4142338.7339,596121639.6043,6948.8146,1999,0.003905,11.152021,33.889620,0.077052,-64.909054,30998119936,60557.63,511878,511878
367,-5315743.2435,1318274.9422,4062874.7747,589780917.4374,6888.7864,1999,0.003899,11.144260,36.814039,0.077291,-63.331933,31057470115,60579.85,512670,512670
368,-5293555.5342,1261725.9053,4050358.3846,585678610.1054,6915.6673,1999,0.003912,11.077329,38.884874,0.077015,-63.242614,30948791200,60560.17,511042,511042
369,-5260645.0362,1300115.7939,4047638.0222,587004402.5799,6895.4134,1999,0.003896,11.100929,35.661506,0.076662,-63.039045,31079764007,60580.79,513030,513030
370,-5272189.7314,1140303.4082,4005655.3413,583234967.0864,6867.9959,1999,0.003900,11.055951,39.043978,0.076942,-62.884253,31056840814,60584.65,512619,512619
371,-5339844.4729,1272598.9782,4054720.1776,589763097.2574,6875.1677,1999,0.003905,11.145879,40.061726,0.077316,-63.382417,31005371153,60575.11,511850,511850
372,-5407017.8743,1205527.4042,4117022.4926,595875166.0013,6909.2030,1999,0.003904,11.174877,45.230720,0.077790,-64.528279,31014594615,60565.09,512087,512087
373,-5352215.6176,1265386.3347,4080847.2288,591441844.4476,6899.8284,1999,0.003899,11.143122,48.368648,0.077432,-63.777674,31060454092,60587.91,512651,512651
374,-5456437.1485,1118446.6005,4141810.8783,599893565.1029,6904.2429,1999,0.003903,11.146818,46.732427,0.077721,-65.176816,31026657044,60584.39,512123,512123
375,-5338040.3783,1292271.8724,4080232.4886,584835887.3824,6976.7136,1999,0.003907,11.201754,39.010962,0.077619,-63.671393,30987952466,60561.43,511678,511678
376,-5257783.6987,1307423.3414,4044466.4950,586580336.7839,6894.9916,1999,0.003907,11.036462,42.078797,0.076784,-62.975674,31000464300,60584.82,511687,511687
377,-5483967.7376,1089068.1974,4090885.5336,599749487.8351,6820.9905,1999,0.003904,11.236296,42.827935,0.078034,-64.628999,31025222622,60593.06,512026,512026
378,-5226035.7422,1184116.6743,3991290.0728,578673618.6152,6897.3078,1999,0.003909,11.079799,36.244460,0.076394,-62.481937,30957465027,60544.09,511321,511321
379,-5208926.8337,1377616.7915,4021623.5926,575497798.6958,6988.0782,1999,0.003900,11.102191,39.370562,0.076836,-62.393150,31036440622,60558.79,512501,512501
380,-5229956.1357,1328609.3825,4058905.0218,583704766.0164,6953.6952,1999,0.003898,11.001584,39.937567,0.076662,-63.052927,31055050144,60562.96,512773,512773
381,-5351909.2337,1179662.8586,4092888.3769,588876148.6782,6950.3382,1999,0.003901,11.145154,40.711044,0.077329,-64.139373,31036386094,60559.04,512498,512498
382,-5402192.5275,1465893.7049,4139990.5366,589826554.3006,7018.9965,1999,0.003898,11.229408,40.920072,0.078534,-64.210457,31060693226,60563.45,512862,512862
383,-5315544.0732,1443954.6090,4100177.0174,587013873.5263,6984.8043,1999,0.003905,11.185988,37.601383,0.077578,-63.529455,31004885911,60569.67,511888,511888
384,-5446461.5996,1262153.5200,4156847.6692,598214323.9140,6948.7598,1999,0.003905,11.239499,46.658601,0.078090,-65.015258,30997111009,60554.72,511886,511886
385,-5362447.9399,1271981.2116,4082294.8373,587672044.4863,6946.5527,1999,0.003898,11.220507,40.289726,0.077426,-63.803370,31064032580,60574.45,512824,512824
386,-5112551.9730,1456842.2459,3984713.2772,576786227.5989,6908.4751,1999,0.003906,10.887746,42.289098,0.075952,-61.498314,30995136018,60568.61,511736,511736
387,-5266773.6923,1157150.0163,4008136.7439,578104775.8693,6933.2358,1999,0.003908,11.051230,37.287881,0.076884,-62.864290,30974520987,60552.22,511534,511534
388,-5339772.5692,1160922.2603,4057926.9138,589076538.4383,6888.6242,1999,0.003903,11.025547,36.453608,0.077173,-63.689445,31018799175,60566.08,512148,512148
389,-5243500.8530,1259857.1440,3995633.6774,580411650.8366,6884.1376,1999,0.003902,11.098891,40.932626,0.076988,-62.406329,31019282284,60550.95,512284,512284
390,-5404460.9820,1271786.1314,4087611.6173,590107688.3635,6926.8910,1999,0.003912,11.211462,48.532846,0.078107,-63.974621,30952852307,60579.02,510950,510950
391,-5414420.7517,1239373.1985,4125630.5676,593896642.4242,6946.7148,1999,0.003905,11.227186,38.161534,0.078114,-64.581060,31020431758,60594.59,511934,511934
392,-5366881.5408,1179506.9531,4039912.5248,591001426.6458,6835.7069,1999,0.003908,11.148256,39.013248,0.077381,-63.468267,30989011153,60582.56,511517,511517
393,-5258048.3233,1035102.9785,3956310.9946,575708308.1460,6872.0756,1999,0.003900,10.982524,35.093526,0.076743,-62.437973,31047088227,60575.55,512535,512535
394,-5453390.8743,1218363.8222,4140119.9542,597421916.9645,6929.9767,1999,0.003902,11.235060,50.668417,0.078135,-64.913138,31028110517,60570.66,512263,512263
395,-5255016.9929,1205338.3717,4029355.6342,586485335.2535,6870.3434,1999,0.003900,11.081321,33.562917,0.076400,-63.005655,31040680947,60565.65,512513,512513
396,-5431443.3541,1366179.8856,4151541.2068,591668540.8153,7016.6671,1999,0.003904,11.256356,42.668676,0.078527,-64.666413,31012097916,60560.80,512082,512082
397,-5241276.6574,1109579.4426,4001439.9861,587015139.0447,6816.5874,1999,0.003906,10.979290,32.912609,0.076076,-62.827413,30989477108,60559.68,511718,511718
398,-5274311.0017,1231200.1865,4042225.3664,583913850.2688,6922.6400,1999,0.003905,11.092901,36.219910,0.076892,-63.162739,31012290510,60581.77,511908,511908
399,-5401066.6177,1491147.7011,4214787.8707,597979487.6432,7048.3820,1999,0.003904,11.241021,40.214086,0.078128,-65.137637,31012052435,60563.32,512060,512060
400,-5263172.5004,1224910.7323,4007566.7140,585052204.6007,6849.9301,1999,0.003901,11.037314,35.787924,0.076759,-62.688837,31029163962,60557.24,512394,512394
401,-5373473.0371,948186.3258,4043455.0524,591054366.6171,6841.0882,1999,0.003895,11.129975,39.674189,0.076661,-64.069588,31082694807,60565.26,513210,513210
402,-5460910.8646,1272992.8167,4142166.3003,593038093.1793,6984.6547,1999,0.003904,11.339429,41.693504,0.078330,-64.827907,31014469809,60573.48,512014,512014
403,-5310823.9326,1310659.1521,4075559.2127,590521437.0726,6901.6279,1999,0.003907,11.112981,33.858852,0.077080,-63.504627,30990418027,60564.00,511697,511697
404,-5497211.3017,1230137.8282,4146526.6233,596321492.6424,6953.5086,1999,0.003904,11.318588,41.986983,0.078761,-65.073531,31002784045,60550.18,512018,512018
405,-5204949.1246,1260981.7552,4009441.1871,579649502.7303,6917.0096,1999,0.003908,10.995134,41.134658,0.076400,-62.495156,30974029437,60556.23,511492,511492
406,-5341769.5003,1188328.0865,4050041.7568,589619519.2105,6868.9072,1999,0.003898,11.140431,42.689590,0.077133,-63.523619,31067245999,60579.06,512838,512838
407,-5190064.6172,1219020.0890,4020017.2018,582780271.4843,6897.9981,1999,0.003905,11.031190,36.620863,0.075808,-62.699708,30990390600,60538.16,511915,511915
408,-5193702.5494,1181722.5341,3955494.7454,578396637.2824,6838.7236,1999,0.003909,11.013552,35.478370,0.075941,-61.934359,30975869673,60567.41,511428,511428
409,-5446440.6044,1231876.3630,4130398.5217,596606993.5929,6923.1480,1999,0.003906,11.258510,37.236220,0.078125,-64.734507,30993767028,60557.17,511810,511810
410,-5512788.6846,1389358.4410,4212255.9288,603849448.8740,6975.6724,1999,0.003910,11.342146,38.467946,0.078804,-65.608432,30960512362,60565.21,511193,511193
411,-5377699.6450,1260215.2305,4067587.3511,587076407.5675,6928.5485,1999,0.003908,11.249858,41.397980,0.077762,-63.673160,30973158061,60548.14,511546,511546
412,-5273772.3792,1218754.5026,4008830.8621,586146760.5008,6839.2954,1999,0.003898,10.975000,42.735418,0.076993,-62.748269,31063742364,60573.89,512824,512824
413,-5263822.3278,1382796.9873,4093139.2330,586328011.1511,6980.9717,1999,0.003898,11.039231,35.977877,0.077058,-63.459598,31069779842,60582.47,512851,512851
414,-5486279.3819,1226249.0512,4156704.4945,597767711.7101,6953.7120,1999,0.003907,11.296643,37.015513,0.078359,-65.189502,30992703423,60581.25,511589,511589
415,-5392493.6618,1285918.0630,4093963.1989,591093525.7700,6926.0836,1999,0.003899,11.205754,38.300511,0.077684,-63.998273,31073982442,60603.54,512742,512742
416,-5425549.8641,1276509.5976,4123868.4568,593318724.9838,6950.5112,1999,0.003904,11.262398,40.003133,0.078201,-64.495953,31007336097,60559.31,512016,512016
417,-5294640.4228,1354526.0455,4097229.3713,587535512.8432,6973.5859,1999,0.003910,11.212594,39.658950,0.077229,-63.652470,30963962202,60558.93,511303,511303
418,-5286635.0962,1168133.6304,4037111.6301,587197540.2959,6875.2189,1999,0.003906,11.088236,37.142902,0.076440,-63.268752,30990592930,60560.79,511727,511727
419,-5204640.6517,1162583.2152,3947520.1416,580246499.4040,6803.1779,1999,0.003902,10.925777,40.563454,0.076127,-61.898047,31043099445,60588.22,512362,512362
42,-5224639.1290,1475441.5715,4050902.2361,577566541.6611,7013.7412,1999,0.003903,11.065474,40.010420,0.077269,-62.593248,31008526609,60541.06,512190,512190
420,-5319563.1194,1263001.8014,4082820.3249,590640810.4306,6912.5266,1999,0.003902,11.078232,41.279151,0.077170,-63.732265,31017144732,60542.64,512319,512319
421,-5324706.2853,1413991.2434,4122662.7074,592209752.8879,6961.4907,1999,0.003903,11.117440,39.322869,0.077503,-63.920863,31028695353,60575.83,512229,512229
422,-5249633.6729,1507097.9178,4107059.4785,584487028.6228,7026.7761,1999,0.003904,11.070214,35.938278,0.077298,-63.319548,31009714713,60557.33,512072,512072
423,-5246553.6009,1073186.4717,3997343.3465,583141981.6686,6854.8372,1999,0.003904,11.036870,36.097804,0.076263,-62.868166,31013232439,60562.67,512085,512085
424,-5368137.7380,1134129.4216,4034006.7775,591681587.8376,6817.8677,1999,0.003902,11.088591,41.099795,0.077198,-63.496483,31034098549,60577.62,512303,512303
425,-5261947.5007,1194966.2737,4023108.2671,583752974.0353,6891.7992,1999,0.003905,11.076520,38.116950,0.076487,-62.962300,30997622741,60559.15,511857,511857
426,-5455780.9098,1351737.5210,4175718.9427,598614097.1643,6975.6442,1999,0.003901,11.263174,44.870618,0.078324,-65.077262,31049948090,60599.81,512377,512377
427,-5264477.0345,1216452.3150,4031747.2325,579861649.9904,6952.9468,1999,0.003910,11.049321,44.722702,0.076823,-63.032821,30973356496,60578.84,511290,511290
428,-5464923.4725,1488336.8488,4210973.1324,599999638.2213,7018.2928,1999,0.003904,11.289013,43.842663,0.078635,-65.242392,31029344276,60596.61,512064,512064
429,-5263963.4018,1117360.7384,3999635.5221,582459268.4183,6866.8072,1999,0.003903,11.116886,32.964704,0.076560,-62.837973,31023727086,60567.31,512219,512219
43,-5463577.8761,1285689.3475,4144839.0667,596913734.9072,6943.7824,1999,0.003908,11.362915,37.983897,0.078348,-64.840372,30993190619,60587.89,511541,511541
430,-5365989.5051,1436010.4784,4150779.2746,593012646.6359,6999.4785,1999,0.003900,11.224382,33.816019,0.077730,-64.337104,31038448822,60561.53,512511,512511
431,-5244664.0397,1198118.8470,4030791.8259,583523348.4282,6907.6787,1999,0.003902,11.047242,36.914812,0.076441,-63.017405,31025671164,60566.85,512255,512255
432,-5210799.6379,1278996.6824,4024358.3024,582795094.2476,6905.2714,1999,0.003895,11.042077,37.624382,0.076332,-62.666045,31073084429,60551.60,513167,513167
433,-5357037.7515,1282367.0266,4110097.5991,590753498.4573,6957.3817,1999,0.003903,11.222725,49.972135,0.077534,-64.137902,31012464115,60546.74,512207,512207
434,-5401160.7199,1326555.8990,4098886.9002,591608660.9969,6928.3754,1999,0.003900,11.180667,39.687139,0.078203,-63.988708,31051954508,60581.02,512569,512569
435,-5506515.5608,1232308.2260,4208385.3299,604128188.6019,6966.0470,1999,0.003906,11.350771,37.124142,0.078281,-65.911429,30996369485,60565.69,511781,511781
436,-5398138.4106,1151804.9378,4093621.9006,592720507.2128,6906.4961,1999,0.003905,11.173085,36.942067,0.077425,-64.319082,31004011493,60563.58,511925,511925
437,-5394118.7797,1179186.1003,4102934.1026,591778782.2866,6933.2227,1999,0.003908,11.221623,35.857260,0.077693,-64.370410,30986530150,60579.96,511498,511498
438,-5241411.5898,1340655.1765,4063383.4502,588886782.5365,6900.1098,1999,0.003902,11.005066,40.239650,0.076476,-63.112533,31029227921,60566.93,512313,512313
439,-5368653.9689,1215105.8999,4088434.6371,595512912.8283,6865.4005,1999,0.003895,11.108629,37.934755,0.077215,-64.034207,31086866532,60565.71,513275,513275
44,-5160266.5718,1322933.7913,3978903.7518,579464171.3996,6866.5225,1999,0.003901,10.899828,36.083648,0.076080,-61.842590,31034871790,60570.86,512373,512373
440,-5512578.4772,1389666.1009,4216529.2718,606004308.3573,6957.9196,1999,0.003900,11.290099,39.656325,0.078688,-65.662493,31050999956,60578.33,512576,512576
441,-5171301.4826,1146493.1753,3942768.7538,572072400.5576,6892.0800,1999,0.003904,10.986945,40.888554,0.076190,-61.797492,31006412813,60561.41,511983,511983
442,-5450528.3757,1254166.0316,4144702.2373,602011055.9636,6884.7610,1999,0.003905,11.176460,38.051595,0.077764,-64.882018,31011183254,60579.37,511910,511910
443,-5273540.4330,1284969.8639,4097334.9150,585368298.1924,6999.5846,1999,0.003901,11.073049,43.942412,0.076821,-63.765655,31034069833,60555.23,512492,512492
444,-5200545.4432,1254292.2238,4013782.6389,584272061.4079,6869.7152,1999,0.003898,10.944830,39.185371,0.076058,-62.556733,31064126109,60567.43,512885,512885
445,-5485439.3014,1373018.6810,4174005.8267,601622431.7647,6937.9159,1999,0.003902,11.253549,45.445075,0.078746,-65.075488,31027721529,60560.92,512339,512339
446,-5265285.6065,1219566.9635,4018160.4981,580657306.6995,6920.0206,1999,0.003905,11.055160,41.981367,0.077118,-62.849801,30989418673,60544.06,511849,511849
447,-5346231.2294,1113888.0397,4046958.0555,583764762.4188,6932.5151,1999,0.003905,11.212797,38.620928,0.077012,-63.664849,31002476300,60569.10,511853,511853
448,-5388005.4290,1214592.4194,4097556.0175,589984402.6342,6945.1938,1999,0.003906,11.184438,51.739225,0.077939,-64.203905,30989890765,60553.86,511774,511774
449,-5152027.2176,1379055.9728,3991162.0366,576062846.5516,6928.3448,1999,0.003906,10.929838,36.005430,0.076305,-61.853430,30994035576,60555.33,511830,511830
45,-5292431.8891,1259590.4988,4063387.4643,582523897.4943,6975.4863,1999,0.003903,11.103134,37.015907,0.077106,-63.421471,31018068974,60563.71,512156,512156
450,-5285070.5170,1377568.5192,4049512.0962,586164013.8717,6908.4966,1999,0.003913,11.032012,39.452487,0.077201,-62.942728,30946508108,60576.33,510868,510868
451,-5256387.6987,1373442.7136,4051197.0784,583521035.2416,6942.6753,1999,0.003904,11.050446,38.198518,0.077126,-62.908344,31008715367,60563.90,512000,512000
452,-5356370.3395,1145749.7348,4094656.2243,592276149.5765,6913.4241,1999,0.003900,11.144572,38.788035,0.077267,-64.252870,31035786775,60547.95,512582,512582
453,-5438074.8658,1349638.4457,4175420.6525,594138963.7496,7027.6836,1999,0.003908,11.293271,35.824806,0.078549,-65.037680,30970681634,60550.87,511482,511482
454,-5338166.7703,1285928.7103,4058533.8291,588068661.6261,6901.4625,1999,0.003900,11.146579,34.781236,0.077390,-63.400515,31038804968,60553.72,512583,512583
455,-5376630.9312,1356750.8061,4142672.7147,597766513.7287,6930.2522,1999,0.003902,11.177796,38.137406,0.077501,-64.441272,31028421836,60573.64,512243,512243
456,-5440351.0333,1218019.1453,4135382.3192,597220246.8254,6924.3840,1999,0.003899,11.267205,37.312533,0.077969,-64.820526,31055336696,60569.42,512723,512723
457,-5354547.1597,1150277.8682,4030052.2071,586260300.8715,6874.1687,1999,0.003907,11.130978,41.862476,0.077497,-63.374902,30998883194,60585.40,511656,511656
458,-5391403.2307,1157499.9956,4076928.3755,591746413.4453,6889.6546,1999,0.003904,11.186743,41.181330,0.077452,-64.067556,31021785052,60584.57,512041,512041
459,-5351493.3775,1204854.2173,4075886.8412,588907417.5409,6921.0995,1999,0.003907,11.158225,38.244582,0.077570,-63.851391,30989618750,60565.40,511672,511672
46,-5148214.5723,1236688.8536,3971223.8271,579045355.7787,6858.2258,1999,0.003914,10.896044,33.451738,0.075753,-61.915442,30923385197,60548.13,510724,510724
460,-5233388.5207,1214886.5616,4010103.2804,579810440.4420,6916.2316,1999,0.003904,11.033627,37.081651,0.076714,-62.678605,31014558278,60573.06,512019,512019
461,-5207750.3035,1282904.0564,3994083.2952,573767089.7771,6961.1579,1999,0.003903,11.048675,40.162249,0.076655,-62.244171,31011980722,60556.67,512115,512115
462,-5212771.2000,1230556.6766,4003453.2140,578286360.5404,6922.9598,1999,0.003901,10.999743,43.380474,0.076462,-62.504192,31022294666,60541.47,512414,512414
463,-5425622.5150,1312053.2570,4135309.7700,592999025.6017,6973.5524,1999,0.003910,11.227859,52.258800,0.078293,-64.565137,30966141833,60562.60,511308,511308
464,-5299234.3622,1255725.3799,4062406.9153,585551990.1668,6937.7391,1999,0.003896,11.165964,35.882736,0.077276,-63.432015,31079864958,60574.26,513087,513087
465,-5259913.3486,1362074.0259,4088223.7465,592076633.8349,6904.8895,1999,0.003904,11.045891,34.952934,0.076785,-63.436314,31022892478,60585.67,512050,512050
466,-5236172.4626,1373204.5964,4032691.7359,578026402.4389,6976.6566,1999,0.003906,11.163183,41.143714,0.077229,-62.618210,30994980080,60558.83,511816,511816
467,-5150837.9769,1243494.2641,3963871.0129,571548899.6118,6935.3139,1999,0.003906,11.023296,37.793845,0.076129,-61.803581,30991743818,60552.98,511812,511812
468,-5219361.4298,1201952.5883,4002774.2753,578812153.3717,6915.4980,1999,0.003902,10.999117,37.365752,0.076500,-62.578314,31017302397,60552.52,512238,512238
469,-5327796.4252,1127407.5615,4024825.5756,581903325.0428,6916.6568,1999,0.003902,11.189703,39.061144,0.077271,-63.298706,31031899175,60573.92,512298,512298
47,-5447205.1601,1009551.4531,4094552.0041,595714137.7430,6873.3504,1999,0.003898,11.203426,34.557322,0.077548,-64.779498,31043043486,60538.13,512785,512785
470,-5547653.9018,1184082.8869,4190574.3393,603217811.2420,6947.0335,1999,0.003905,11.309376,35.605824,0.078692,-65.885552,31008210773,60576.52,511885,511885
471,-5101773.0283,1330052.9213,3943253.8245,569240085.8099,6927.2244,1999,0.003904,10.929902,33.999491,0.076146,-61.216120,31004708437,60553.82,512019,512019
472,-5394318.3176,1163945.4273,4075600.0760,591962838.2199,6884.8918,1999,0.003904,11.150235,38.644423,0.077678,-64.042787,31022656552,60591.24,511999,511999
473,-5324045.9844,1139763.1283,4034875.6320,589618460.0870,6843.1976,1999,0.003901,11.132161,39.976790,0.076889,-63.392918,31029705840,60555.34,512419,512419
474,-5163217.6576,1322759.1018,3985406.8358,576267398.5623,6915.8985,1999,0.003904,10.975800,39.918082,0.076260,-61.935409,31017325872,60570.30,512088,512088
475,-5326524.8955,1246168.1162,4069590.1998,591828683.7296,6876.2977,1999,0.003897,11.071134,41.244170,0.076974,-63.612973,31075466717,60584.46,512928,512928
476,-5296987.3291,1352383.8814,4084294.5554,590813484.1983,6913.0016,1999,0.003907,11.125827,35.872607,0.076912,-63.491436,30990951480,60567.77,511674,511674
477,-5469226.0663,1409455.4511,4184211.0533,599230463.6630,6982.6407,1999,0.003904,11.339238,45.827497,0.078804,-65.087083,31010657708,60570.77,511974,511974
478,-5331801.2646,1132680.2441,4054347.5044,586585053.3505,6911.7811,1999,0.003897,11.195767,38.553723,0.077186,-63.688684,31065178102,60567.95,512898,512898
479,-5433739.1113,1044415.2517,4127627.8121,596378836.4795,6921.1507,1999,0.003901,11.244361,36.955872,0.077593,-65.109783,31037921932,60562.39,512495,512495
48,-5171653.4768,1328984.6647,3998328.2090,572147448.2112,6988.2829,1999,0.003909,10.962658,45.087353,0.076508,-62.112670,30962384367,60551.58,511339,511339
480,-5339589.2611,1447355.5123,4148310.1840,589551716.8992,7036.3805,1999,0.003908,11.188242,41.575840,0.077781,-64.215406,30977292854,60567.35,511452,511452
481,-5342570.8672,1185531.0089,4058841.8445,586698499.6267,6918.1050,1999,0.003899,11.189014,37.729296,0.077398,-63.651084,31060464672,60575.76,512754,512754
482,-5458629.0453,1227899.9688,4139778.3402,600621973.6068,6892.4857,1999,0.003907,11.228333,41.504560,0.077659,-64.894931,31011863467,60606.15,511695,511695
483,-5347899.2634,1220388.6875,4083852.9927,594935936.3995,6864.3576,1999,0.003911,11.116321,39.695910,0.077171,-63.913180,30967157264,60581.88,511162,511162
484,-5451991.1231,1364954.6193,4159334.1930,598145866.0973,6953.7122,1999,0.003905,11.345380,38.367705,0.078359,-64.817165,31007439797,60564.72,511972,511972
485,-5267223.1881,1196047.5106,4018549.2248,577659450.8424,6956.6060,1999,0.003901,11.135631,41.012536,0.077107,-62.913191,31035076531,60557.78,512487,512487
486,-5319555.1503,1250578.5488,4067879.0062,589538713.1800,6900.1050,1999,0.003912,11.207188,40.876686,0.076894,-63.562563,30957900192,60579.42,511030,511030
487,-5361716.7612,1057405.5745,4037254.3630,588091772.0534,6865.0074,1999,0.003901,11.111979,41.668900,0.077249,-63.706033,31041139225,60574.34,512447,512447
488,-5326951.5496,1291525.8817,4075192.3274,592052475.6075,6883.1607,1999,0.003909,11.074327,48.255953,0.077131,-63.580888,30980563562,60582.99,511374,511374
489,-5217141.6493,1413064.1647,4029359.3644,579249338.1780,6956.1743,1999,0.003905,11.087124,39.875830,0.076895,-62.432493,31005305693,60568.24,511907,511907
49,-5240122.4965,1070664.8035,3972161.8367,580578615.6190,6841.7295,1999,0.003904,10.990703,35.909939,0.076255,-62.523304,31018972363,60575.18,512074,512074
490,-5490078.9123,1293610.0810,4197622.2046,598197506.1570,7017.1175,1999,0.003905,11.296097,40.220469,0.078731,-65.586638,30989017131,60535.24,511917,511917
491,-5226810.9007,1410231.0268,4066918.9706,582621210.0523,6980.3826,1999,0.003904,11.062439,38.487783,0.076793,-62.959257,31009191158,60562.34,512021,512021
492,-5449225.0156,1145782.2174,4115218.6126,596818990.2729,6895.2541,1999,0.003906,11.237626,40.526227,0.077798,-64.741453,30995336946,60559.89,511813,511813
493,-5451678.1504,1324886.3469,4163196.0550,597029783.5303,6973.1798,1999,0.003902,11.249392,40.115254,0.078290,-64.964794,31042972519,60593.76,512313,512313
494,-5450130.1102,1490415.2557,4212623.7929,607349358.6335,6936.0801,1999,0.003902,11.275101,35.685671,0.078092,-65.227068,31021167497,60554.87,512282,512282
495,-5391829.9252,1161035.9035,4103452.9763,595131274.0969,6895.0384,1999,0.003906,11.167576,38.875979,0.077493,-64.417039,30991495204,60560.66,511743,511743
496,-5407713.3242,1345148.7635,4126894.1702,598789758.1619,6892.0587,1999,0.003903,11.221421,38.217784,0.077800,-64.332619,31034206484,60593.33,512172,512172
497,-5274724.7827,1198821.8415,4014753.6179,584699740.5851,6866.3509,1999,0.003905,11.040659,39.773080,0.076747,-62.874139,31010169445,60571.35,511961,511961
498,-5338624.0425,1102081.8034,4024017.5571,583864319.0272,6892.0423,1999,0.003902,11.141290,36.752168,0.077104,-63.368618,31024548843,60553.90,512346,512346
499,-5314968.9542,1128374.6900,4012362.7208,582974921.5193,6882.5649,1999,0.003902,11.068664,40.952036,0.077087,-63.100772,31011086590,60527.27,512349,512349
50,-5223363.9848,1230811.5540,3977051.4054,573807933.1898,6930.9802,1999,0.003908,11.032077,36.810034,0.076894,-62.179039,30986017104,60581.09,511480,511480
500,-5338174.2799,1224918.8711,4055331.0235,587594119.2324,6901.5854,1999,0.003903,11.199755,38.673362,0.077266,-63.499156,31023367398,60572.88,512166,512166
501,-5331077.2825,1315710.4622,4061261.3437,588873862.8337,6896.6575,1999,0.003908,11.105740,39.552113,0.077185,-63.348785,30984155309,60581.01,511450,511450
502,-5407502.3133,1283652.9642,4117026.9603,595167785.0945,6917.4224,1999,0.003897,11.195285,41.137627,0.078029,-64.346153,31064754561,60556.14,512991,512991
503,-5297468.9708,1312015.1784,4061873.5545,584538346.4517,6948.8573,1999,0.003899,11.094823,42.625640,0.077215,-63.287593,31026729799,60521.07,512660,512660
504,-5272482.2470,1178651.1191,4023033.1749,588321491.2854,6838.1544,1999,0.003900,11.040676,39.395857,0.076420,-63.025211,31048638692,60577.98,512540,512540
505,-5386569.0627,1378762.7505,4160238.0321,598690516.5447,6948.8958,1999,0.003898,11.148600,38.842843,0.077554,-64.645711,31052906345,60551.46,512835,512835
506,-5178370.2731,1170332.9615,3971823.7802,579016453.2229,6859.6043,1999,0.003903,10.925369,37.561613,0.075837,-62.142518,31019002421,60564.71,512163,512163
507,-5359831.7268,1232644.4197,4090642.5796,594395601.5651,6882.0203,1999,0.003902,11.091617,40.415146,0.077086,-64.001328,31028033956,60568.39,512281,512281
508,-5265033.8864,1470442.9631,4060199.6770,580817318.8885,6990.4935,1999,0.003902,11.142265,47.933038,0.077627,-62.819845,31019908850,60557.37,512240,512240
509,-5283154.5626,1126881.3464,4022174.9519,584334161.5273,6883.3473,1999,0.003907,11.130683,44.226320,0.076693,-63.159409,30991840083,60576.84,511612,511612
51,-5453810.9237,1346296.4955,4177659.1548,602632658.1093,6932.3478,1999,0.003899,11.192902,39.356951,0.078347,-65.110474,31065925532,60587.83,512742,512742
510,-5024165.0905,1145124.6209,3861531.1768,560206167.3476,6893.0537,1999,0.003905,10.840057,37.109079,0.075040,-60.377522,30992773999,60537.14,511963,511963
511,-5457214.7642,1252668.2469,4135510.4035,600497572.8767,6886.8062,1999,0.003903,11.264631,38.408041,0.078190,-64.782287,31033563364,60587.93,512207,512207
512,-5235527.4020,1265557.8266,4030981.0959,582724295.4208,6917.4756,1999,0.003911,11.020603,33.194795,0.076495,-62.842409,30948695262,60548.85,511136,511136
513,-5249766.4520,1126250.5754,3974738.8845,573989864.9916,6924.7545,1999,0.003903,11.003363,39.658381,0.076814,-62.451068,31019728432,60569.91,512131,512131
514,-5313625.9258,1304629.9496,4047244.0697,584562493.8037,6923.5439,1999,0.003907,11.129421,37.656918,0.077551,-63.150043,30991245277,60570.12,511659,511659
515,-5294283.0502,1172434.4245,4028958.2286,583201993.6085,6908.3410,1999,0.003905,11.075909,37.999762,0.077058,-63.169301,31014854240,60580.15,511964,511964
516,-5427279.9343,1194231.0828,4110944.5182,598354406.4429,6870.4174,1999,0.003905,11.253749,38.506691,0.077651,-64.518090,31012241128,60577.76,511941,511941
517,-5323258.5636,1360814.8062,4081853.7909,592814258.6712,6885.5527,1999,0.003909,11.065327,36.033527,0.077139,-63.498094,30967354086,60549.58,511438,511438
518,-5344993.4229,1342741.9652,4129037.7336,595344297.9203,6935.5459,1999,0.003902,11.203037,47.372930,0.077363,-64.219738,31021361737,60559.50,512246,512246
519,-5431790.6753,1256990.2256,4113664.1710,595311892.2821,6910.0991,1999,0.003910,11.234611,35.325080,0.078045,-64.419375,30945356583,60536.04,511189,511189
52,-5373719.6746,1343512.2579,4105812.7545,592242595.2264,6932.6536,1999,0.003906,11.167572,45.704835,0.077722,-63.977843,31001349155,60572.93,511802,511802
520,-5381343.0001,1017258.4887,4050695.9636,592280566.7951,6839.1505,1999,0.003901,11.145798,38.884037,0.076841,-64.022730,31047780983,60582.93,512484,512484
521,-5225532.9519,1053730.0084,3960783.8647,582681256.4505,6797.5138,1999,0.003907,10.989272,37.105226,0.075940,-62.377539,30986214085,60566.08,511610,511610
522,-5276845.5614,1511067.4028,4113330.0777,582250849.0960,7064.5326,1999,0.003905,11.139387,46.916438,0.077727,-63.456429,31002193327,60556.48,511955,511955
523,-5382800.0444,1346161.4465,4111838.4792,591507404.9653,6951.4573,1999,0.003907,11.167322,36.098317,0.078044,-64.072061,30991269161,60576.32,511607,511607
524,-5442885.1805,1166708.4616,4109706.4905,589645090.8397,6969.7968,1999,0.003906,11.231056,42.015509,0.078034,-64.603410,31000125822,60580.13,511721,511721
525,-5279965.2186,1067439.2197,3992970.9534,584593359.3290,6830.3392,1999,0.003908,11.053656,40.021277,0.076506,-62.903071,30976438254,60565.68,511452,511452
526,-5378946.9560,1426539.9804,4168541.2444,598749292.8028,6962.0813,1999,0.003902,11.175435,34.418327,0.077548,-64.624608,31028842262,60571.38,512269,512269
527,-5305672.2768,1125144.6037,4021974.9652,584475802.7230,6881.3370,1999,0.003913,11.140090,37.978410,0.076647,-63.211594,30934022399,60549.28,510890,510890
528,-5448423.7121,1300852.1883,4157898.6534,601806872.0491,6909.0249,1999,0.003900,11.287101,36.907499,0.078008,-64.942146,31051582936,60580.18,512570,512570
529,-5363924.6495,1356158.0763,4098987.4829,586246545.4454,6991.9175,1999,0.003905,11.267979,41.064403,0.078038,-63.832611,31000241537,60555.51,511931,511931
53,-5295049.4281,1192771.7612,4031957.8882,585004736.9408,6892.1799,1999,0.003908,11.057469,40.054368,0.076719,-63.159880,30971639248,60553.46,511476,511476
530,-5324946.7986,1208765.7002,4044079.4445,582752461.9786,6939.6179,1999,0.003902,11.126560,34.614290,0.077271,-63.356732,31022352628,60552.10,512325,512325
531,-5476939.5781,1329986.3214,4185429.5448,603358698.0364,6936.8844,1999,0.003899,11.254279,40.445149,0.078472,-65.307435,31056831154,60570.57,512738,512738
532,-5317847.0168,1329087.7936,4121586.1297,591935263.8063,6962.9001,1999,0.003906,11.142072,36.107979,0.077089,-64.087309,30991281383,60552.79,511806,511806
533,-5282214.6045,1206293.4871,4038409.7985,580462170.8260,6957.2317,1999,0.003914,11.093593,41.245203,0.076735,-63.184947,30947061415,60592.48,510741,510741
534,-5392184.5718,1184448.4670,4106110.8382,594036548.7276,6912.2192,1999,0.003909,11.159080,38.077890,0.077540,-64.397002,30970237906,60562.44,511377,511377
535,-5445613.4515,1417469.2843,4183753.4081,596657540.3811,7011.9845,1999,0.003911,11.320229,37.553864,0.078424,-65.003839,30959231417,60567.21,511155,511155
536,-5331122.6165,1099900.2882,3986317.4713,576994213.7776,6908.7651,1999,0.003905,11.207511,44.952959,0.077335,-62.855117,31004290060,60563.89,511927,511927
537,-5286028.0064,1173572.7756,4037745.6636,585825180.1412,6892.4072,1999,0.003902,11.082047,41.407350,0.076652,-63.263061,31035425711,60573.83,512357,512357
538,-5271395.5701,1319126.7456,4057269.3621,584873063.0490,6937.0084,1999,0.003900,11.140577,41.677325,0.076990,-63.149113,31053737034,60586.16,512555,512555
539,-5310944.3112,1167197.3169,4011372.7057,582392918.3354,6887.7429,1999,0.003905,11.152459,38.260662,0.077332,-62.988898,31016647411,60587.67,511930,511930
54,-5510175.7334,1233202.5729,4156696.7317,600484220.6427,6922.2414,1999,0.003906,11.395133,36.081023,0.078670,-65.232596,31003872657,60581.65,511770,511770
540,-5458479.0295,1328057.4451,4143706.0119,594440644.4656,6970.7650,1999,0.003906,11.315746,44.439450,0.078478,-64.713630,30998822270,60564.09,511835,511835
541,-5391182.5885,1251283.2997,4084391.0572,595006723.4590,6864.4452,1999,0.003908,11.138131,35.063766,0.077670,-63.948092,30980788097,60567.79,511506,511506
542,-5297039.0661,1157665.9565,4008440.4687,584108198.7872,6862.4965,1999,0.003902,11.053247,43.621347,0.076836,-62.935541,31023124005,60558.92,512280,512280
543,-5466914.9867,1229380.0349,4149326.6237,595087298.8188,6972.6352,1999,0.003905,11.309029,37.714540,0.078354,-65.040541,31012722685,60583.08,511904,511904
544,-5392935.2641,1279393.9113,4112172.9026,592240233.2090,6943.4204,1999,0.003902,11.196344,46.525397,0.077912,-64.256083,31032494683,60568.11,512357,512357
545,-5250111.3119,1226814.8634,4013085.7893,580233672.9746,6916.3269,1999,0.003906,11.041502,46.788475,0.076936,-62.731757,31002859178,60572.93,511827,511827
546,-5363281.3759,1362703.3447,4098388.8994,587719751.5900,6973.3727,1999,0.003902,11.203349,47.318710,0.078018,-63.808301,31036247917,60585.72,512270,512270
547,-5372603.4373,1143753.4229,4063552.6602,592579119.3062,6857.4010,1999,0.003908,11.165625,33.398885,0.077374,-63.880573,30983146752,60573.59,511496,511496
548,-5397107.5280,1339972.5052,4158005.1932,600722506.1177,6921.6737,1999,0.003897,11.081998,36.592229,0.077497,-64.731052,31075729641,60577.06,512995,512995
549,-5303294.5360,1325339.8447,4065996.9408,587720551.9104,6918.2487,1999,0.003905,11.103901,36.316670,0.077220,-63.326057,31002778017,60569.10,511858,511858
55,-5384727.0612,1339736.2918,4115827.8557,588770211.4935,6990.5504,1999,0.003901,11.202062,37.802763,0.078063,-64.145156,31034269268,60566.96,512396,512396
550,-5175260.9845,1196225.6666,3973882.4190,577684769.6013,6878.9808,1999,0.003906,10.967066,39.136245,0.075997,-62.104925,31002123949,60575.63,511792,511792
551,-5486356.1067,1353106.7205,4183108.1872,597314098.5497,7003.1968,1999,0.003902,11.310769,46.756183,0.078581,-65.243354,31025999027,60563.59,512288,512288
552,-5318314.7771,1340756.9156,4103822.4323,589537746.9381,6961.0851,1999,0.003901,11.159655,38.793063,0.077201,-63.826000,31044102337,60577.64,512468,512468
553,-5498835.1762,1063009.1884,4137276.9458,598446429.3257,6913.3622,1999,0.003914,11.301621,36.414790,0.078141,-65.347073,30940647729,60585.26,510696,510696
554,-5230735.5872,1288652.9100,4042295.0210,580956241.6647,6958.0026,1999,0.003906,11.043075,36.454079,0.076591,-62.927082,30980473176,60535.10,511777,511777
555,-5370870.9128,1255728.9348,4089366.5048,592229434.8943,6905.0376,1999,0.003903,11.124943,35.363917,0.077633,-63.957395,31039804850,60596.92,512234,512234
556,-5460258.0866,1195749.4251,4145739.8058,597741925.9826,6935.6684,1999,0.003903,11.243585,38.243606,0.078114,-65.057134,31032281583,60586.26,512200,512200
557,-5438226.1881,1365487.1918,4174759.2619,598400871.0779,6976.5260,1999,0.003910,11.275908,41.322403,0.078426,-64.992256,30968723367,60570.14,511287,511287
558,-5313662.7655,1327374.5947,4098147.5803,590047605.3891,6945.4524,1999,0.003904,11.107608,48.133936,0.077376,-63.772460,31015855724,60570.27,512064,512064
559,-5483892.6462,1299430.8898,4143463.2630,599080350.7135,6916.3732,1999,0.003898,11.268595,36.542303,0.078807,-64.839220,31065983972,60575.66,512846,512846
56,-5495087.7099,1301559.9609,4171141.6267,596972547.5653,6987.1582,1999,0.003903,11.336728,40.937908,0.078589,-65.224571,31022060423,60567.84,512187,512187
560,-5197358.2877,1284197.3811,4020441.8633,583063379.6940,6895.3771,1999,0.003897,11.036093,40.257379,0.076295,-62.570890,31074933850,60572.44,513021,513021
561,-5338931.0908,1223299.4873,4064506.1799,591861559.7971,6867.3258,1999,0.003903,11.082304,42.284551,0.077014,-63.626565,31029829621,60580.64,512207,512207
562,-5406041.8435,1160853.8055,4095017.0481,593456828.6294,6900.2779,1999,0.003906,11.198106,37.980835,0.077561,-64.337903,30996755690,60563.01,511810,511810
563,-5419259.2290,1414583.5069,4160879.8469,596606423.4520,6974.2458,1999,0.003906,11.219428,36.664441,0.078271,-64.647299,31010107742,60588.63,511814,511814
564,-5273901.0137,1150771.1491,4063441.8001,585055019.6138,6945.4011,1999,0.003907,11.093219,42.949440,0.076520,-63.631994,30977868323,60543.97,511659,511659
565,-5386716.3342,1181126.9060,4085765.3570,593775995.6747,6880.9878,1999,0.003899,11.160669,39.482031,0.077488,-64.121016,31063096152,60581.60,512748,512748
566,-5394614.0272,1344116.3116,4136821.2803,597384266.1888,6924.8916,1999,0.003908,11.229466,38.120261,0.077821,-64.435641,30987796489,60575.45,511557,511557
567,-5305017.5187,1261422.6744,4060627.1338,585122140.3529,6939.7940,1999,0.003903,11.170029,36.050385,0.077157,-63.408124,31032200858,60584.33,512215,512215
568,-5557844.0320,1417657.9128,4243893.4958,610375535.4729,6952.9220,1999,0.003902,11.352345,40.723831,0.078916,-66.065840,31041625441,60591.72,512308,512308
569,-5303392.2387,1319407.4407,4062857.5445,588442036.0997,6904.4312,1999,0.003903,11.043128,38.432099,0.077336,-63.299531,31023114832,60567.18,512210,512210
57,-5397322.6928,1205851.6524,4110216.2499,592710753.4932,6934.6072,1999,0.003898,11.178243,41.799488,0.077798,-64.414346,31039717264,60533.88,512766,512766
570,-5365896.0850,1006732.6586,4035509.3181,589324785.5888,6847.6830,1999,0.003903,11.088491,39.310636,0.077082,-63.813210,31029968283,60581.39,512203,512203
571,-5320020.3243,1234165.6945,4072461.7558,589891059.4182,6903.7523,1999,0.003906,11.192455,39.152160,0.077008,-63.663867,30985227318,60543.33,511786,511786
572,-5487326.3913,1317113.4289,4199146.8269,602211368.0036,6972.8787,1999,0.003911,11.268319,36.006406,0.078174,-65.541973,30960744858,60578.47,511085,511085
573,-5381837.3106,1055678.8397,4071791.4129,585302976.6153,6956.7243,1999,0.003901,11.178141,46.312817,0.077621,-64.218300,31024843654,60550.34,512381,512381
574,-5370308.6443,1221967.9003,4105871.2581,593421499.2455,6918.9796,1999,0.003903,11.188520,36.812923,0.077430,-64.255211,31030448833,60579.13,512230,512230
575,-5117565.4101,1240700.7284,3957748.2146,575960775.5944,6871.5586,1999,0.003905,10.873111,36.506493,0.075565,-61.650437,31016712264,60588.04,511928,511928
576,-5432634.9567,1230223.7840,4147076.3732,595720212.4090,6961.4498,1999,0.003909,11.268999,36.685402,0.077948,-64.927833,30977848989,60574.60,511400,511400
577,-5244189.3020,1211011.4536,4031365.2577,584055898.7983,6902.3620,1999,0.003901,11.007823,39.917152,0.076441,-62.994107,31012919548,60528.01,512373,512373
578,-5271937.5401,1216666.8532,4046482.7051,584766187.5235,6919.8302,1999,0.003901,11.086685,37.329841,0.076849,-63.247137,31028443411,60543.54,512498,512498
579,-5356449.2738,1434826.4903,4135161.3266,592312992.9453,6981.3787,1999,0.003912,11.140690,36.329906,0.077753,-64.109625,30943083004,60560.02,510949,510949
58,-5427429.6254,1278833.5165,4115901.4438,586986309.0086,7011.9207,1999,0.003902,11.316167,40.568953,0.078236,-64.386146,31007405475,60533.08,512239,512239
580,-5298715.6942,1283629.0867,4052326.5999,582575772.3377,6955.8790,1999,0.003901,11.138655,38.204978,0.077405,-63.231177,31040426365,60572.12,512454,512454
581,-5477881.5472,1167626.2350,4167669.2190,593696932.2265,7019.8598,1999,0.003903,11.288804,42.321824,0.078465,-65.456920,31012626348,60555.92,512132,512132
582,-5433079.0040,1433726.0376,4176815.4328,598655260.5351,6976.9961,1999,0.003908,11.310504,39.859519,0.078252,-64.845551,30984649163,60579.84,511468,511468
583,-5384627.5458,1346433.0892,4123979.3880,592519943.6578,6960.0685,1999,0.003898,11.244113,42.612441,0.077792,-64.237033,31065418574,60576.33,512831,512831
584,-5343648.3183,1251523.2427,4072026.4990,591915074.8899,6879.4100,1999,0.003904,11.141841,41.469285,0.077095,-63.672757,31009920372,60560.69,512047,512047
585,-5313692.4796,1162964.5998,4057413.3943,584751977.9266,6938.6912,1999,0.003905,11.126616,41.791526,0.077033,-63.614717,31001022421,60555.02,511948,511948
586,-5221326.6674,1391950.4562,4043126.6824,583960076.7831,6923.6354,1999,0.003905,10.989319,35.995582,0.076687,-62.676158,31009219371,60574.23,511921,511921
587,-5147121.7088,1116732.7060,3937747.1944,573366405.8927,6867.7675,1999,0.003901,10.920834,41.136917,0.075561,-61.741932,31040666673,60570.46,512472,512472
588,-5227895.6552,1403212.3999,4041541.6764,585705317.2554,6900.2988,1999,0.003907,11.000050,35.465857,0.076431,-62.641384,30982819757,60560.63,511600,511600
589,-5466189.6372,1172640.4916,4162755.3788,597808461.4555,6963.3598,1999,0.003906,11.308746,44.011590,0.078163,-65.352057,30987073858,60547.05,511785,511785
59,-5263154.7529,1110055.1106,3966192.9751,579477826.1825,6844.4258,1999,0.003906,11.091205,36.388604,0.076602,-62.405880,30990971516,60555.97,511774,511774
590,-5314162.2148,1223404.8471,4096158.5044,586784525.6076,6980.6860,1999,0.003905,11.131909,46.601205,0.077253,-63.990707,31008776171,60567.56,511970,511970
591,-5302172.2685,1193009.4624,4038064.0681,586270877.2184,6887.7105,1999,0.003908,11.077873,39.957533,0.077011,-63.261133,30987846824,60587.28,511458,511458
592,-5361969.9640,1163930.0986,4072264.0896,589104227.7113,6912.6377,1999,0.003910,11.252990,39.545433,0.077474,-63.924020,30963783577,60564.98,511249,511249
593,-5364452.9488,1297425.0843,4095407.4671,589626124.8426,6945.7700,1999,0.003902,11.180129,38.552798,0.077761,-63.926444,31035733316,60587.32,512248,512248
594,-5412523.1866,1230081.8108,4097169.1615,593563079.5455,6902.6685,1999,0.003908,11.245001,36.677971,0.077799,-64.217451,30968776519,60540.88,511535,511535
595,-5226964.5626,1302350.7537,4053553.0833,584166653.5962,6939.0354,1999,0.003902,11.050727,38.390177,0.076412,-63.035458,31029010789,60573.37,512255,512255
596,-5573658.6392,1389674.2069,4261784.2225,607067166.8593,7020.2845,1999,0.003905,11.347604,40.588386,0.079019,-66.405130,31009593194,60578.74,511889,511889
597,-5429628.1225,1480349.5523,4158944.3284,591325252.0754,7033.2601,1999,0.003902,11.250381,42.217997,0.079013,-64.492011,31028093639,60559.28,512359,512359
598,-5074848.4829,1486353.2234,3986857.1633,570272717.7121,6991.1413,1999,0.003909,10.891889,38.578525,0.075990,-61.367730,30985399597,60583.79,511447,511447
599,-5338336.4443,1307017.1873,4092590.2680,592570583.3228,6906.5026,1999,0.003897,11.174164,35.558462,0.077343,-63.804676,31061666512,60558.62,512919,512919
60,-5453426.1140,1068584.6247,4083192.3141,601243045.5289,6791.2508,1999,0.003904,11.160160,38.263740,0.077508,-64.503461,31026638044,60588.13,512091,512091
600,-5447902.6333,1309657.7679,4147831.2697,595852967.8858,6961.1657,1999,0.003905,11.361591,40.749508,0.078199,-64.786967,30999275276,60553.86,511929,511929
601,-5331277.9347,1214883.7352,4076861.2584,592167434.8290,6884.6428,1999,0.003911,11.077732,41.360475,0.077067,-63.795228,30947752838,60545.23,511151,511151
602,-5424876.0775,1290438.5207,4134766.9992,596608365.8857,6930.4543,1999,0.003904,11.202189,44.594928,0.078182,-64.606695,31015732837,60569.20,512071,512071
603,-5353338.8343,1261061.5238,4101518.6117,591376729.2684,6935.5428,1999,0.003908,11.128291,37.988976,0.077432,-64.066639,30983218617,60566.74,511555,511555
604,-5372149.9983,1014147.3101,4033898.7257,588672565.4073,6852.5339,1999,0.003903,11.165186,38.871339,0.077121,-63.786691,31022245831,60568.68,512183,512183
605,-5427406.2211,1545040.6534,4219104.0647,595433840.4244,7085.7647,1999,0.003905,11.285488,37.107656,0.078729,-65.128055,30994402283,60540.55,511961,511961
606,-5451922.3216,1108860.1494,4113255.4863,600339675.9808,6851.5470,1999,0.003903,11.220446,47.267438,0.077561,-64.808779,31035471065,60592.72,512198,512198
607,-5400759.6087,1387808.9137,4175855.5301,598269511.0226,6979.8903,1999,0.003903,11.250690,43.647979,0.077800,-64.865840,31029268772,60582.86,512179,512179
608,-5207089.5104,1130288.8991,3969986.3616,578438736.6281,6863.2789,1999,0.003900,10.953021,38.042162,0.075942,-62.278890,31044381916,60570.62,512532,512532
609,-5290654.6206,1209515.1501,4018243.3363,583040693.4310,6891.8746,1999,0.003901,11.158974,37.104557,0.077063,-62.932013,31040145212,60566.49,512497,512497
61,-5044634.0568,1465106.2666,3935856.5289,569470648.7206,6911.4300,1999,0.003905,10.824836,34.776264,0.075448,-60.673516,30992635529,60545.62,511889,511889
610,-5226987.2147,1328431.1365,4030270.1727,582803229.5094,6915.3189,1999,0.003906,11.037668,39.910931,0.076834,-62.666057,30998782987,60573.13,511758,511758
611,-5294703.6675,1471561.8481,4105805.1526,587371779.5133,6990.1301,1999,0.003902,11.046978,37.518614,0.077493,-63.490541,31029494882,60563.67,512345,512345
612,-5247574.0022,1493372.7829,4070004.5723,584196986.9776,6966.8360,1999,0.003903,11.072541,37.710043,0.077213,-62.857094,31013649069,60559.34,512120,512120
613,-5186299.7305,1039583.5729,3955754.2727,575442087.7311,6874.2874,1999,0.003910,11.018489,38.992945,0.075883,-62.254122,30968732357,60569.21,511295,511295
614,-5365738.4261,1425004.0476,4144395.1192,590621739.4281,7017.0040,1999,0.003903,11.217781,41.126906,0.078005,-64.277298,31021795933,60575.01,512122,512122
615,-5474543.1627,1010416.2991,4106916.9574,599931561.5023,6845.6424,1999,0.003900,11.186131,34.046743,0.077515,-65.007291,31047587190,60569.55,512594,512594
616,-5527646.9875,1219099.3589,4183135.6148,598896902.9519,6984.7341,1999,0.003911,11.319365,38.378031,0.078791,-65.657812,30954342059,60557.05,511160,511160
617,-5429754.6642,1319535.0269,4199081.3963,595300054.1814,7053.7225,1999,0.003908,11.323161,42.709996,0.078075,-65.400285,30978694270,60561.21,511527,511527
618,-5373102.8465,1206569.8952,4091053.5359,589537657.0224,6939.4270,1999,0.003904,11.184642,39.301269,0.077725,-64.102122,31010692956,60555.70,512102,512102
619,-5379275.6460,1348986.2159,4127158.2619,590811597.0492,6985.5742,1999,0.003905,11.228675,41.983594,0.077947,-64.258548,31012360085,60577.29,511947,511947
62,-5369635.9722,1297408.3493,4112892.0296,593938972.7224,6924.7721,1999,0.003899,11.195197,40.488455,0.077485,-64.169510,31049139487,60565.84,512651,512651
620,-5385569.6051,1014801.0207,4029117.6591,588006447.8480,6852.1658,1999,0.003900,11.117753,45.603290,0.077501,-63.755137,31045947540,60573.79,512531,512531
621,-5202321.2199,1186391.1082,3979850.2221,580241784.3283,6858.9514,1999,0.003912,10.948006,47.505667,0.076312,-62.271103,30949219742,60574.05,510932,510932
622,-5285414.0003,1199294.0103,4064035.2161,587385565.5680,6918.8544,1999,0.003897,11.085437,35.087653,0.076749,-63.553073,31077348255,60586.48,512942,512942
623,-5152031.3314,1200985.6098,3959693.4682,575280240.3650,6883.0688,1999,0.003909,10.862588,33.754809,0.076008,-61.850831,30975364564,60572.46,511377,511377
624,-5411734.3276,1173407.2037,4108130.6212,598388995.9944,6865.3178,1999,0.003905,11.190377,37.358906,0.077598,-64.495571,30998693485,60558.87,511877,511877
625,-5351043.3579,1309330.4620,4055170.8315,590605136.1833,6866.1286,1999,0.003906,11.112981,37.323547,0.077535,-63.330535,31002443263,60574.36,511808,511808
626,-5171832.7899,1220821.8680,3962826.7729,580507766.3556,6826.4836,1999,0.003908,10.918989,41.782314,0.075978,-61.891798,30988003452,60582.49,511501,511501
627,-5372016.8629,1088185.2715,4068281.0077,594553440.8429,6842.5826,1999,0.003904,11.154712,40.409013,0.076959,-64.072037,31017853081,60583.52,511985,511985
628,-5433833.5418,1313760.6182,4143865.4529,595965785.0296,6953.1936,1999,0.003911,11.300076,44.430294,0.078065,-64.692317,30950194720,60547.40,511173,511173
629,-5310363.0310,1223639.3396,4009659.4365,584323628.3063,6862.0525,1999,0.003908,11.115938,39.754159,0.077256,-62.830428,30986284078,60579.48,511498,511498
63,-5336323.1680,1169455.3607,4064258.6742,583970406.6509,6959.6997,1999,0.003903,11.164620,40.576095,0.077487,-63.744920,31014583411,60551.11,512205,512205
630,-5279753.3794,1408457.4454,4080826.6812,585133786.0085,6974.1772,1999,0.003902,11.101397,36.288521,0.077265,-63.272877,31026137570,60561.14,512311,512311
631,-5537620.7704,1333252.5451,4206610.1736,602051076.3220,6987.1317,1999,0.003905,11.315671,37.517796,0.079068,-65.722948,31017444082,60587.57,511944,511944
632,-5379997.8755,1182664.6191,4060127.7089,585022625.0776,6940.1208,1999,0.003904,11.200347,39.713433,0.077895,-63.761839,31001752067,60541.07,512078,512078
633,-5214060.0920,1276952.2464,4016815.8924,585080219.4304,6865.4105,1999,0.003898,10.960053,37.924881,0.076118,-62.577106,31060391612,60567.59,512822,512822
634,-5299251.8121,1202052.4698,4040924.6911,587497234.9317,6878.2021,1999,0.003904,11.027900,42.524878,0.076949,-63.271495,31013892140,60563.01,512093,512093
635,-5347810.2652,1319187.6888,4110099.2740,593819288.5841,6921.4648,1999,0.003908,11.108532,37.235213,0.077362,-64.029046,30981867316,60567.77,511524,511524
636,-5112768.8222,1261685.2541,3936647.9862,569506301.4645,6912.3871,1999,0.003902,10.897912,37.818978,0.075890,-61.311578,31035822113,60573.78,512364,512364
637,-5472680.7907,1251197.7354,4169721.1084,597168089.1214,6982.4915,1999,0.003901,11.285994,37.483251,0.078080,-65.273629,31043907718,60579.74,512447,512447
638,-5413382.5567,1216328.6184,4126110.6490,592212959.6873,6967.2752,1999,0.003900,11.210676,37.605289,0.077695,-64.635588,31044257470,60564.71,512580,512580
639,-5408291.8675,1139801.9484,4121877.6089,600648767.9977,6862.3759,1999,0.003907,11.174829,37.870563,0.077303,-64.749625,30988923258,60560.84,511699,511699
64,-5339044.4994,1264516.0118,4074691.9831,592998214.6608,6871.3394,1999,0.003902,11.147715,39.706758,0.077178,-63.666509,31041558260,60593.60,512291,512291
640,-5347816.1374,1311987.8373,4120462.5529,589396090.6122,6990.9906,1999,0.003909,11.101603,36.267211,0.077410,-64.182020,30962559199,60549.44,511360,511360
641,-5372970.2818,1314229.4974,4095503.4167,589562214.8285,6946.6857,1999,0.003904,11.098183,38.736479,0.077855,-63.903147,31014834180,60567.21,512073,512073
642,-5318919.5572,1186166.5170,4060984.6453,587872493.3747,6907.9344,1999,0.003902,11.110129,40.381183,0.076993,-63.621432,31029386558,60567.60,512310,512310
643,-5173894.6548,1216696.2811,3963484.0289,578621417.9918,6849.8744,1999,0.003904,10.993514,32.240706,0.075970,-61.916038,31011632650,60571.96,511980,511980
644,-5341019.1914,1203498.8527,4051386.5272,593356452.0720,6827.9135,1999,0.003910,11.111230,40.389549,0.076952,-63.503489,30958512294,60548.03,511305,511305
645,-5293112.3569,1358537.9743,4080408.3854,585519150.5877,6968.8726,1999,0.003905,11.043180,45.228081,0.077139,-63.414164,30998704096,60562.32,511848,511848
646,-5385794.5225,1199105.7222,4091789.9637,592895483.0084,6901.3681,1999,0.003901,11.164551,39.582899,0.077545,-64.158197,31034746270,60568.60,512390,512390
647,-5416205.1108,1238903.2576,4157324.5607,594635781.3103,6991.3798,1999,0.003903,11.282958,39.247970,0.077707,-65.005612,31016368146,60557.08,512184,512184
648,-5395400.4635,1248089.7402,4104848.1829,592309938.8442,6930.2369,1999,0.003913,11.198602,36.911524,0.077844,-64.239515,30938386350,60554.74,510916,510916
649,-5300282.8949,1163408.2066,4047932.8009,591455317.6414,6844.0213,1999,0.003900,11.062801,35.509963,0.076627,-63.457566,31047179973,60571.47,512571,512571
65,-5267642.6080,917564.4900,3937073.8957,580045440.4696,6787.5267,1999,0.003906,10.941750,36.375414,0.076133,-62.472250,30997355498,60570.58,511756,511756
650,-5535181.1969,1341797.2413,4219573.0329,603265124.9530,6994.5582,1999,0.003898,11.360775,40.543760,0.078947,-65.867217,31079187785,60605.54,512811,512811
651,-5392087.2103,1353163.7091,4107575.0005,593202585.1327,6924.4051,1999,0.003908,11.178687,37.114988,0.078092,-64.019745,30975550241,60553.17,511543,511543
652,-5340021.3517,1343770.2102,4070533.9480,586733345.4428,6937.6216,1999,0.003900,11.146241,36.738852,0.077696,-63.428125,31042634824,60564.02,512559,512559
653,-5396049.0263,1240933.8058,4120859.3645,595587980.5808,6918.9767,1999,0.003903,11.142835,39.563171,0.077608,-64.471151,31021746194,60566.28,512195,512195
654,-5299975.3865,1347189.4053,4091351.4039,584665036.8460,6997.7699,1999,0.003908,11.195021,43.086306,0.077342,-63.603235,30988650427,60585.77,511484,511484
655,-5429015.8342,1284663.3459,4130324.3829,594605043.2764,6946.3326,1999,0.003904,11.241754,35.715503,0.078202,-64.570281,31017891303,60582.29,511996,511996
656,-5384591.3834,1131689.7965,4073050.5963,591074311.4055,6890.9281,1999,0.003908,11.125886,40.378416,0.077598,-64.062355,30984930923,60573.05,511530,511530
657,-5257036.8808,1185694.8730,4018293.7002,585210790.4755,6866.4040,1999,0.003907,11.052619,35.247732,0.076502,-62.909653,30988451760,60562.88,511674,511674
658,-5522384.5175,1397996.6628,4237824.5700,607111575.5682,6980.3060,1999,0.003906,11.296095,45.594172,0.078861,-65.950526,31015510299,60596.93,511833,511833
659,-5413696.1494,1418496.4468,4171832.6657,598339878.1740,6972.3460,1999,0.003905,11.236556,45.851795,0.078059,-64.769673,30999412079,60564.30,511843,511843
66,-5245062.7878,1371694.9212,4054200.8079,581791737.7431,6968.4744,1999,0.003903,11.072255,40.305070,0.076950,-62.925406,31022297444,60573.74,512141,512141
660,-5388765.0351,1343503.3818,4129483.7039,593241074.3982,6960.8864,1999,0.003903,11.237989,40.549310,0.077968,-64.325816,31030227380,60579.76,512221,512221
661,-5486332.7607,1208812.3757,4154528.6348,598093391.6547,6946.2875,1999,0.003906,11.313825,49.856923,0.078192,-65.203754,30996733969,60574.10,511716,511716
662,-5444600.9352,1460831.6911,4195400.9723,604075573.5134,6945.1591,1999,0.003911,11.258535,35.319124,0.078556,-65.057507,30953811905,60557.20,511150,511150
663,-5220787.5343,1375992.8657,4036916.8048,582652492.1246,6928.5155,1999,0.003909,10.986632,36.190332,0.076817,-62.629051,30972449965,60562.38,511414,511414
664,-5363673.4160,1218080.7543,4080823.9159,595162366.1815,6856.6565,1999,0.003905,11.125568,38.104764,0.077006,-63.913934,31006818353,60574.39,511880,511880
665,-5381747.8126,1278163.7507,4121042.8337,594826355.6036,6928.1443,1999,0.003908,11.134984,42.344748,0.077596,-64.350972,30980889343,60567.40,511511,511511
666,-5374160.6640,1346650.1008,4126941.3720,593331152.6383,6955.5447,1999,0.003900,11.217025,43.299859,0.077723,-64.251488,31052390998,60584.71,512545,512545
667,-5320588.5550,1321078.5370,4094231.7705,588503817.3561,6957.0182,1999,0.003900,11.139889,36.767459,0.077581,-63.753312,31047124244,60573.02,512557,512557
668,-5451476.7386,1278552.6553,4169402.4213,597886678.9690,6973.5663,1999,0.003908,11.275832,35.613644,0.077960,-65.154517,30980944652,60560.40,511571,511571
669,-5391141.4142,1405522.5996,4164023.7572,594673072.8386,7002.2067,1999,0.003905,11.171109,40.130878,0.077804,-64.642260,31012846947,60578.24,511947,511947
67,-5426899.7001,1133865.7994,4109177.8176,594416851.0389,6912.9565,1999,0.003902,11.275273,42.594393,0.077876,-64.636704,31036065283,60577.21,512339,512339
670,-5358104.9098,1007039.9981,4020228.9327,583798016.7721,6886.3354,1999,0.003902,11.199649,38.547109,0.077257,-63.590273,31029806065,60571.61,512283,512283
671,-5371270.3608,1100116.6817,4042409.9500,590768919.7635,6842.6246,1999,0.003905,11.101912,41.392276,0.077354,-63.697666,31015521221,60584.88,511935,511935
672,-5381463.1216,1294738.8706,4134950.8491,594802632.5197,6951.8032,1999,0.003906,11.179001,42.394295,0.077622,-64.495764,31004734509,60577.54,511819,511819
673,-5350115.8614,1454169.5004,4127533.8055,593373758.1346,6956.0437,1999,0.003896,11.149822,34.039418,0.077844,-63.949132,31073963006,60566.77,513053,513053
674,-5424053.9517,1428585.7891,4184342.5831,598522505.3565,6991.1199,1999,0.003910,11.239303,49.015870,0.077922,-64.934303,30964893747,60564.78,511269,511269
675,-5289385.4551,1077250.5810,4032690.5261,585455827.7327,6888.1209,1999,0.003909,11.064538,39.489365,0.076384,-63.429824,30977332187,60569.68,511433,511433
676,-5425111.2478,1237348.9983,4124183.8699,593748225.9620,6946.0146,1999,0.003907,11.292296,37.975711,0.078046,-64.589599,30986084373,60558.49,511672,511672
677,-5494322.8795,1269812.1158,4151305.5512,600312029.5446,6915.2463,1999,0.003907,11.306742,42.413484,0.078613,-65.036469,31004813762,60592.14,511697,511697
678,-5354990.1735,1140384.9563,4056517.4532,588296920.4157,6895.3573,1999,0.003906,11.172824,39.341002,0.077388,-63.753821,30992154101,60559.35,511765,511765
679,-5176097.3698,1214542.2132,3975846.3501,577105826.8042,6889.2847,1999,0.003905,10.920109,33.575496,0.076094,-62.089543,31004178251,60562.01,511941,511941
68,-5306767.0254,881382.8784,3986810.0533,586287657.9082,6800.0921,1999,0.003908,11.045139,38.248278,0.076339,-63.315481,30987285867,60573.03,511569,511569
680,-5213484.3400,1399323.3794,4033625.6915,579072704.9131,6965.6637,1999,0.003900,11.083726,43.062549,0.076798,-62.514014,31049711076,60570.62,512620,512620
681,-5497017.5208,1189503.6112,4144405.9655,599741810.9853,6910.3169,1999,0.003904,11.348710,42.389276,0.078442,-65.139141,31031780079,60601.25,512065,512065
682,-5314865.7926,1363771.5267,4074920.7521,584421266.0812,6972.5744,1999,0.003907,11.181305,36.474813,0.077422,-63.380320,30987088880,60564.24,511640,511640
683,-5460675.3509,1266479.7392,4160896.9088,598018352.7727,6957.8080,1999,0.003906,11.249158,38.351952,0.078166,-65.092551,31003923691,60575.36,511824,511824
684,-5575850.3810,1223392.5336,4253200.8435,607327996.0313,7003.1365,1999,0.003907,11.416547,40.021388,0.079001,-66.693714,30997913659,60579.12,511693,511693
685,-5259493.7138,1569786.4271,4101026.4664,582220625.4235,7043.7671,1999,0.003900,11.145994,36.480905,0.077554,-63.114282,31027189047,60538.49,512520,512520
686,-5437346.6400,1142794.0706,4129860.2345,600339249.2642,6879.2108,1999,0.003895,11.157257,40.580149,0.077436,-64.914610,31070760002,60544.24,513191,513191
687,-5195491.8868,1351707.8021,4006198.7956,579003555.9905,6919.1264,1999,0.003899,10.989113,44.793705,0.076619,-62.218004,31062635929,60582.24,512735,512735
688,-5237416.2539,1456689.6794,4044427.7565,584148942.4735,6923.6242,1999,0.003906,11.092478,34.833085,0.077130,-62.579739,30977998641,60531.10,511770,511770
689,-5167135.9569,1423185.4264,4032506.4686,578442517.4561,6971.3175,1999,0.003908,10.941054,40.140116,0.076430,-62.333992,30984748723,60570.09,511552,511552
69,-5209679.9740,1180410.1971,3962185.0508,577034946.8424,6866.4560,1999,0.003904,11.001501,36.329376,0.076170,-62.063638,31023558269,60592.41,512004,512004
690,-5255862.9885,1212406.1687,4004932.2592,577864578.3884,6930.5723,1999,0.003907,10.965952,35.680221,0.076891,-62.667724,30979378025,60550.47,511629,511629
691,-5366349.3268,1193778.2123,4089276.3818,589430965.6522,6937.6681,1998,0.003910,11.090247,41.317227,0.077534,-64.091681,30934071232,60536.34,511000,511000
692,-5299526.2971,1261230.7532,4048528.6885,591483318.9035,6844.7048,1999,0.003900,11.096072,37.737864,0.076800,-63.236529,31045392264,60569.52,512558,512558
693,-5274000.8997,1410914.2085,4053064.3333,579788604.8108,6990.5898,1999,0.003904,11.179004,37.686817,0.077444,-62.883655,31009327775,60560.13,512042,512042
694,-5335898.8808,1180213.0671,4050038.5781,585840157.7278,6913.2143,1999,0.003905,11.196386,35.350015,0.077399,-63.530969,31006345655,60563.05,511968,511968
695,-5230686.5336,1301259.1454,4029625.0187,583468260.2162,6906.3311,1999,0.003904,10.987218,48.911520,0.076609,-62.729489,31006248400,60555.53,512030,512030
696,-5397153.9806,1300871.8512,4137342.1995,595750584.0128,6944.7556,1999,0.003902,11.142047,37.751545,0.077495,-64.548719,31030587175,60572.54,512288,512288
697,-5266545.0616,1333143.4441,4048171.2886,582631464.4980,6948.0822,1999,0.003908,11.048363,39.167049,0.077150,-62.985131,30986248797,60569.82,511579,511579
698,-5149153.2863,1277936.0215,3947805.1620,572930643.1169,6890.5464,1999,0.003903,11.003534,47.799522,0.076251,-61.508238,31029721260,60578.89,512220,512220
699,-5278093.9400,1330842.0601,4066014.2954,584081674.8863,6961.3797,1999,0.003909,11.131637,39.998003,0.076941,-63.252715,30973984359,60573.91,511342,511342
70,-5348448.5202,1368118.1068,4097368.5694,592826224.0952,6911.5845,1999,0.003904,11.163394,48.742119,0.077785,-63.749160,31011464150,60571.99,511977,511977
700,-5358882.1331,1324961.7650,4133397.0072,591353561.9575,6989.7220,1999,0.003907,11.147646,38.461398,0.077807,-64.352747,30995449303,60573.01,511704,511704
701,-5514222.6531,1145395.3622,4178893.4168,603064058.9010,6929.4354,1999,0.003903,11.311602,33.146547,0.078156,-65.741460,31037197805,60598.10,512181,512181
702,-5246734.6946,1276198.3161,4052887.2146,586154696.8556,6914.3645,1999,0.003902,10.983454,43.971697,0.076306,-63.133071,31032041339,60567.93,512351,512351
703,-5253656.2710,1241360.3993,4025787.4839,582968358.2554,6905.6707,1999,0.003901,11.074113,37.377568,0.076758,-62.871523,31041591417,60573.21,512464,512464
704,-5346362.4006,1414166.5012,4120782.4251,589577107.5094,6989.3868,1999,0.003903,11.152933,36.162478,0.077778,-63.944133,31023475818,60572.02,512175,512175
705,-5488301.8274,1325746.1222,4155324.2446,601247181.4323,6911.1746,1999,0.003902,11.322665,43.236000,0.078500,-64.943448,31044007312,60589.51,512366,512366
706,-5381498.7657,1218588.0025,4058467.0552,587888963.2662,6903.4585,1999,0.003901,11.261378,36.053953,0.077640,-63.654834,31036399055,60564.26,512454,512454
707,-5286551.1587,1131245.9167,3976441.4290,576850575.2431,6893.3648,1999,0.003900,11.063661,39.744127,0.077076,-62.548594,31059075353,60602.72,512503,512503
708,-5420611.3858,1194350.7888,4122602.0352,594502012.0354,6934.5468,1999,0.003907,11.190655,44.654259,0.077835,-64.659575,30999799542,60588.14,511648,511648
709,-5527683.8280,1310931.0577,4211018.1452,602669460.4454,6987.2765,1999,0.003907,11.412342,37.093053,0.078993,-65.811600,30983462687,60561.77,511601,511601
71,-5406092.6814,1279169.7612,4120576.6041,594355090.1026,6932.8532,1999,0.003903,11.252845,41.434796,0.077686,-64.398338,31017756378,60557.55,512203,512203
710,-5422642.8139,1267948.0597,4128323.8767,594043544.5716,6949.5307,1999,0.003900,11.236020,34.827093,0.078081,-64.568404,31034320057,60554.89,512499,512499
711,-5356270.2069,1169948.7808,4067912.3650,592633090.9724,6864.1330,1999,0.003903,11.127964,34.265469,0.077145,-63.837696,31021010849,60566.26,512183,512183
712,-5329865.3291,1051653.7379,4013283.6377,586796768.5207,6839.3077,1999,0.003903,11.099983,38.048011,0.076876,-63.325692,31017571988,60560.50,512175,512175
713,-5410206.9563,1276410.6912,4148957.7771,594111121.0552,6983.4710,1999,0.003905,11.251895,39.521389,0.077840,-64.790602,31011802165,60574.42,511962,511962
714,-5398513.6144,1169055.2711,4126862.5465,593572567.4871,6952.5830,1999,0.003906,11.221822,36.847186,0.077686,-64.725856,30997907638,60567.04,511795,511795
715,-5469669.2598,1342507.9850,4192878.2726,599508983.1181,6993.8540,1999,0.003908,11.295734,40.417182,0.078372,-65.357314,30963929098,60538.38,511476,511476
716,-5215268.4294,1384943.1688,4023617.6932,582790257.0848,6904.0579,1999,0.003900,10.995482,41.680607,0.076711,-62.419986,31054328745,60587.07,512557,512557
717,-5263758.8026,1419516.6549,4089468.7382,584102502.5149,7001.2861,1999,0.003896,11.127193,54.599393,0.077078,-63.322992,31066325478,60554.48,513031,513031
718,-5315821.8232,1372560.3306,4092655.3121,589894034.7479,6937.9500,1999,0.003904,11.098796,36.677825,0.077332,-63.598280,31012156081,60568.13,512021,512021
719,-5179950.5811,1321035.3360,4020204.9387,579979611.9639,6931.6315,1999,0.003904,10.996265,39.678275,0.076239,-62.439249,31007909651,60561.14,512010,512010
72,-5227900.5409,1193429.7474,3989043.0855,581086320.1689,6864.8030,1999,0.003906,11.007269,38.298254,0.076549,-62.436309,31000204499,60568.80,511818,511818
720,-5295743.2270,1385455.7288,4079430.6853,587510307.0759,6943.5900,1999,0.003907,11.083023,35.329868,0.077431,-63.346492,30992925165,60571.03,511679,511679
721,-5310495.2276,1362237.5708,4072112.1602,585440739.9605,6955.6351,1999,0.003905,11.165039,38.920288,0.077421,-63.336939,30998245893,60556.93,511886,511886
722,-5364274.9498,1271442.4213,4087573.1773,588459340.9744,6946.2287,1999,0.003904,11.193934,37.048708,0.077672,-63.880480,31011872268,60570.89,511993,511993
723,-5238808.5368,1318993.9296,4044048.5432,585860203.1559,6902.7535,1999,0.003901,11.025018,40.642447,0.076559,-62.896875,31031812415,60555.79,512450,512450
724,-5332481.1329,1347784.2555,4113332.8832,591503459.4597,6954.0301,1999,0.003898,11.182303,34.231425,0.077461,-63.969286,31058231959,60560.19,512849,512849
725,-5268867.8600,1364648.1171,4081811.4967,589636891.9190,6922.5850,1999,0.003907,11.095706,38.094885,0.076858,-63.363593,31004565114,60592.36,511691,511691
726,-5346442.1217,1148618.7234,4049948.5477,590929057.0546,6853.5275,1999,0.003907,11.153721,43.806393,0.077154,-63.625494,30997334197,60584.15,511641,511641
727,-5312320.9524,1317351.3482,4064136.4028,590465563.4553,6882.9355,1999,0.003912,11.152598,35.744643,0.077113,-63.340687,30952557633,60566.95,511047,511047
728,-5339656.0646,1060073.0539,4034527.2104,592545063.3442,6808.8108,1999,0.003906,11.041872,35.679453,0.076532,-63.612973,30995002663,60569.88,511723,511723
729,-5379947.4933,1338160.2209,4132665.0648,598579557.8069,6904.1199,1999,0.003910,11.109647,36.444911,0.077452,-64.359858,30976126815,60594.22,511206,511206
73,-5266699.5814,1077204.6831,3973991.2970,579623549.1934,6856.1591,1999,0.003903,11.003403,39.738317,0.076652,-62.595659,31010673361,60551.52,512137,512137
730,-5227589.0953,1221725.2074,4006911.6774,580423228.1855,6903.4309,1999,0.003906,11.058084,35.219254,0.076508,-62.605939,30993313902,60561.61,511765,511765
731,-5195509.0854,1152880.7216,3990482.5453,575770786.5483,6930.6791,1999,0.003902,11.010778,43.430438,0.076239,-62.473865,31031457846,60578.38,512253,512253
732,-5330879.1741,1162547.7413,4051779.6756,588603667.0056,6883.7146,1999,0.003905,11.090790,37.202840,0.077017,-63.581918,31018540805,60589.48,511946,511946
733,-5586447.3450,1477181.2102,4268832.3606,609781436.3147,7000.5942,1999,0.003902,11.397898,39.622293,0.079566,-66.323436,31034758251,60585.42,512248,512248
734,-5328985.6923,1267198.1432,4107897.9469,591296898.1371,6947.2679,1999,0.003900,11.121464,44.283858,0.077097,-64.077392,31031270765,60537.95,512592,512592
735,-5321807.5991,1345896.5538,4105280.8963,592169170.7797,6932.6150,1999,0.003902,11.168982,36.077066,0.077000,-63.840376,31022876541,60560.21,512265,512265
736,-5401602.6904,1264372.6462,4147320.0289,594570859.9112,6975.3167,1999,0.003907,11.189643,41.145122,0.077944,-64.779707,30987669238,60570.23,511599,511599
737,-5210815.3980,1364063.8508,4015039.7233,580580156.6572,6915.5648,1999,0.003904,11.043267,37.022092,0.076391,-62.341514,31037335116,60610.92,512075,512075
738,-5200619.2478,1220855.3201,3985562.5462,576544621.6942,6912.8432,1999,0.003906,11.016593,40.546418,0.076313,-62.261948,30990623303,60560.14,511733,511733
739,-5334940.1774,1212435.6803,4048359.3957,586966166.2629,6897.0916,1999,0.003909,11.076772,33.695385,0.077291,-63.429189,30968898491,60558.99,511384,511384
74,-5328028.4271,1134484.3108,4055311.0967,586938200.2333,6909.2642,1999,0.003906,11.129035,38.683453,0.077199,-63.688258,30992579856,60552.25,511832,511832
740,-5380340.8962,1218819.5813,4086948.4952,590604248.2270,6919.9443,1999,0.003900,11.195936,40.181049,0.077476,-64.031936,31046403960,60569.96,512571,512571
741,-5424334.8797,1261989.8567,4145341.1351,595194742.7742,6964.6804,1999,0.003900,11.194549,39.366201,0.077898,-64.811101,31042766260,60560.62,512590,512590
742,-5369210.5435,1109724.6229,4057322.9313,591746453.1609,6856.5226,1999,0.003899,11.209919,37.624146,0.077094,-63.869312,31037923670,60541.01,512676,512676
743,-5181236.7162,1583645.9982,4075264.5329,585294818.8422,6962.7552,1999,0.003898,10.985256,42.942297,0.076689,-62.559272,31050917049,60544.51,512861,512861
744,-5365838.5760,1289936.5153,4084631.7643,590075729.3249,6922.2162,1999,0.003904,11.178888,35.055397,0.077748,-63.802923,31018297790,60582.97,511997,511997
745,-5079638.4809,1107420.1196,3888942.1328,570275998.7554,6819.4035,1999,0.003910,10.833310,32.924801,0.075031,-60.958072,30967449258,60568.12,511283,511283
746,-5424891.9199,1381550.9166,4171241.6124,597410568.5449,6982.2026,1999,0.003909,11.280179,38.324001,0.078274,-64.876514,30987252156,60599.86,511342,511342
747,-5283342.6693,1212966.5180,4011926.0367,584727887.4658,6861.1847,1999,0.003909,11.047705,45.583608,0.076870,-62.822269,30979474117,60576.35,511412,511412
748,-5335300.0596,1274133.8471,4106312.5367,589835489.3467,6961.7929,1999,0.003897,11.155290,39.282138,0.077275,-64.054351,31074819461,60572.22,513021,513021
749,-5298319.8429,1256037.2192,4067109.9022,587898166.5182,6918.0517,1999,0.003914,11.111757,39.270496,0.077044,-63.492388,30934354001,60575.19,510677,510677
75,-5352412.9120,1174645.4235,4076910.9593,586703120.7627,6948.8483,1999,0.003901,11.177160,36.795091,0.077411,-63.937555,31032580373,60556.34,512458,512458
750,-5397842.4118,1350277.3130,4148946.2237,598084719.7608,6937.0544,1999,0.003907,11.217840,43.842459,0.077851,-64.589155,30993864903,60569.79,511705,511705
751,-5335767.6559,1074940.5047,4036727.8664,587188004.4423,6874.6770,1999,0.003907,11.136282,41.430011,0.076822,-63.597590,30997004312,60580.66,511665,511665
752,-5331495.6379,1132110.9859,4057839.6670,588634630.6612,6893.6475,1999,0.003900,11.043660,41.224260,0.077109,-63.734467,31051510996,60586.19,512518,512518
753,-5315153.4748,1226237.8641,4045089.9864,585210339.7354,6912.1984,1999,0.003907,11.150138,42.504539,0.076931,-63.304878,30989094553,60565.56,511662,511662
754,-5246285.0814,1104524.9006,4000805.7856,585640269.9544,6831.5073,1999,0.003903,11.006823,36.643850,0.076088,-62.840803,31034179230,60588.19,512215,512215
755,-5303494.5771,1238332.5893,4092704.2582,589471746.2891,6943.0033,1999,0.003899,11.079776,37.031857,0.077030,-63.883677,31050886683,60562.16,512711,512711
756,-5480288.0113,1232951.2174,4182826.0330,603786838.4029,6927.6535,1999,0.003910,11.283895,34.353179,0.077971,-65.508426,30970278478,60584.79,511189,511189
757,-5409109.4831,1321404.5560,4160206.5368,599033636.4664,6944.8630,1999,0.003905,11.191142,36.340645,0.077759,-64.832023,31019230844,60602.19,511850,511850
758,-5227118.9146,1378716.2802,4029019.3374,576697041.3569,6986.3707,1999,0.003908,11.071252,40.611373,0.077048,-62.531828,30970218060,60553.64,511451,511451
759,-5388657.2758,1404425.2485,4153961.6772,597310036.9560,6954.4481,1999,0.003905,11.225715,39.366165,0.077747,-64.506294,31013152350,60578.12,511953,511953
76,-5378393.2213,1343535.9361,4101187.3421,589874288.1705,6952.6464,1999,0.003899,11.186671,37.330519,0.077881,-63.926338,31066658683,60596.71,512679,512679
760,-5356158.8183,1282192.1983,4130661.7227,595423911.5760,6937.3461,1999,0.003908,11.154280,35.837238,0.077342,-64.407832,30978360607,60566.60,511476,511476
761,-5347460.6078,1268601.7708,4108427.9262,598482833.2945,6864.7381,1999,0.003898,11.096618,36.175872,0.077042,-64.125317,31060249808,60559.87,512885,512885
762,-5314594.8768,1191419.7516,4066181.0252,587800745.7436,6917.6180,1999,0.003899,11.084812,54.588833,0.076976,-63.667758,31039030075,60538.21,512718,512718
763,-5362880.0940,1206192.6487,4096911.0067,597472223.0327,6857.0736,1999,0.003906,11.095146,39.718807,0.077036,-64.155365,31005007025,60587.07,511743,511743
764,-5297682.9965,1172166.0376,4049317.8042,585573597.6580,6915.1304,1999,0.003892,11.093785,37.902036,0.077037,-63.449895,31094832202,60545.49,513578,513578
765,-5375227.7816,1129881.5278,4069522.5063,591452462.1954,6880.5572,1999,0.003901,11.183175,36.219738,0.077361,-63.997463,31032885914,60566.86,512374,512374
766,-5493349.5503,1207808.3669,4133860.3956,598747281.1203,6904.1823,1999,0.003903,11.317470,40.420179,0.078364,-64.948055,31029543913,60581.15,512198,512198
767,-5232744.5335,1114822.3007,3938139.5836,577433332.8404,6820.0766,1999,0.003895,10.971235,40.030272,0.076543,-61.951946,31079551355,60564.68,513163,513163
768,-5354050.1935,1083336.7751,4050302.6877,589370191.2230,6872.2558,1999,0.003911,11.174104,33.828981,0.076911,-63.800465,30965924459,60578.88,511167,511167
769,-5296696.1652,1277977.5508,4055525.4087,588304652.0596,6893.5804,1999,0.003904,11.088416,41.944935,0.076940,-63.281671,31021159767,60586.31,512016,512016
77,-5327443.1073,1138687.7935,4054044.8264,590602996.1638,6864.2470,1999,0.003900,11.215654,37.744367,0.076730,-63.658904,31042562531,60565.30,512547,512547
770,-5294284.1373,1140512.6626,4006383.1661,584676496.6318,6852.3075,1999,0.003908,11.093238,37.488040,0.076638,-62.942502,30977993432,60565.05,511483,511483
771,-5336770.7784,1232121.1673,4091678.7006,588146865.2123,6956.8996,1999,0.003907,11.188396,45.867275,0.077243,-63.963071,30998119094,60589.23,511611,511611
772,-5502114.4489,1377272.7345,4199506.6285,605505466.9364,6935.5387,1999,0.003908,11.345621,33.494100,0.078560,-65.441532,30993257626,60587.43,511546,511546
773,-5495848.5156,1245969.3708,4174229.1446,602566422.1309,6927.4174,1999,0.003908,11.221433,38.603004,0.078235,-65.400416,30988627749,60588.45,511461,511461
774,-5291886.0338,1126039.6368,4026365.7288,585862293.6834,6872.5463,1999,0.003905,11.113552,36.182179,0.076749,-63.237864,31012921462,60578.86,511943,511943
775,-5221842.0431,1334950.9776,4043693.3314,583308366.3389,6932.3424,1999,0.003908,11.044204,41.192643,0.076466,-62.814462,30988190575,60579.89,511526,511526
776,-5372205.2388,985418.6419,4063061.6500,594030927.8579,6839.8150,1999,0.003900,11.097148,33.776608,0.076798,-64.242902,31045217822,60565.04,512593,512593
777,-5259533.9337,1306211.3491,4064575.3048,587106034.7223,6923.0685,1999,0.003906,11.099443,38.395951,0.076747,-63.249785,30999568332,60576.79,511740,511740
778,-5309519.2645,1322686.6185,4070305.8304,586984386.4932,6934.2659,1999,0.003903,11.096663,43.299203,0.077228,-63.401874,31021565448,60562.14,512227,512227
779,-5473181.0746,1299002.8111,4159231.3098,600602916.5460,6925.0934,1999,0.003892,11.260752,40.108080,0.078328,-65.024792,31108816476,60565.64,513638,513638
78,-5391507.5119,849018.5933,4007162.4520,592145725.3431,6767.1897,1999,0.003904,11.067108,37.529403,0.076482,-63.855140,31019604746,60578.54,512056,512056
780,-5304785.7451,1283347.4106,4068362.9384,592262399.1329,6869.1900,1999,0.003898,11.106331,37.355897,0.076975,-63.458456,31076996930,60595.71,512858,512858
781,-5207409.8952,1248532.9155,3988514.4451,581519067.4199,6858.7853,1999,0.003904,10.982458,38.562274,0.076219,-62.251008,31033402137,60601.82,512087,512087
782,-5421139.9687,1292911.9632,4135492.8528,599336143.7373,6900.1226,1999,0.003912,11.206292,35.298446,0.077760,-64.600595,30945145024,60557.66,511003,511003
783,-5359546.0013,1343354.8277,4119228.8961,595312730.6915,6919.4369,1999,0.003904,11.154870,40.561379,0.077621,-64.121960,31018288823,60582.71,511999,511999
784,-5110148.5295,1300778.4439,3961799.7855,573231857.8293,6911.3392,1999,0.003907,10.938377,40.893107,0.075887,-61.550300,30980863624,60551.01,511649,511649
785,-5250897.1184,1377590.2303,4061909.5255,584578660.1696,6948.4396,1999,0.003903,11.019141,38.541147,0.077041,-63.027186,31026877131,60575.94,512198,512198
786,-5480203.3002,1131734.2726,4162647.8809,599125344.1877,6947.8748,1999,0.003902,11.270741,39.912104,0.078157,-65.480574,31028829301,60570.29,512278,512278
787,-5079853.1450,1275744.6985,3950764.7777,571288706.5189,6915.5310,1999,0.003911,10.956197,37.314442,0.075580,-61.390394,30963338708,60571.69,511185,511185
788,-5299802.8115,1298964.9438,4053440.7503,581930062.0062,6965.5119,1999,0.003904,11.161324,36.404903,0.077377,-63.212417,30997472258,60530.12,512100,512100
789,-5174128.2752,1318875.4814,4002333.4651,579450569.3374,6907.1180,1999,0.003902,10.924245,47.084182,0.076151,-62.193570,31015525848,60543.26,512287,512287
79,-5242416.3574,1428084.9538,4045288.9199,582143489.2725,6948.9550,1999,0.003909,11.097560,36.880773,0.077012,-62.670718,30966254891,60558.79,511342,511342
790,-5367326.1567,1272224.7966,4120525.8710,596971720.8208,6902.3803,1999,0.003909,11.225320,33.178527,0.077137,-64.322944,30977953241,60574.09,511406,511406
791,-5349989.5788,1356470.5858,4128841.7502,595495500.3921,6933.4558,1999,0.003906,11.167417,38.521054,0.077497,-64.196552,30999641589,60565.69,511835,511835
792,-5397723.9947,1353233.5678,4120558.3808,592072820.9633,6959.5466,1999,0.003912,11.205538,46.986514,0.078135,-64.205266,30953106092,60575.73,510982,510982
793,-5311605.5747,1152914.9327,4065469.6720,589848025.6957,6892.4019,1999,0.003903,11.093759,35.841439,0.076568,-63.739353,31017701550,60563.11,512155,512155
794,-5397066.0427,1090862.6249,4072492.8878,590996363.0086,6890.8933,1999,0.003903,11.152755,39.437371,0.077592,-64.182025,31013473135,60546.46,512226,512226
795,-5346206.8625,1274313.4351,4098865.4110,591592874.1274,6928.5240,1999,0.003901,11.080486,38.141727,0.077396,-63.981386,31049639011,60585.13,512496,512496
796,-5463113.0315,1076268.4947,4110065.7850,594136108.8357,6917.7175,1999,0.003905,11.282435,37.833180,0.077961,-64.869847,31002182709,60561.19,511915,511915
797,-5421774.6981,1190035.3689,4096491.2466,594800161.5062,6887.1724,1999,0.003909,11.236056,37.733080,0.077902,-64.324885,30979925802,60587.31,511327,511327
798,-5369433.8717,1209053.4816,4106501.4934,593773763.2092,6915.9363,1999,0.003897,11.253728,39.231998,0.077110,-64.288379,31082893353,60588.31,513018,513018
799,-5266717.0087,1004905.1155,3961878.1714,584641593.1625,6776.5931,1999,0.003903,10.994580,39.543653,0.076150,-62.602576,31022607013,60568.79,512188,512188
80,-5475835.0319,1202379.2600,4121766.0087,594964638.3312,6927.7496,1999,0.003910,11.253470,41.077795,0.078479,-64.757008,30966112104,60567.87,511263,511263
800,-5204522.9331,1272375.3995,3991002.1857,580545457.9564,6874.5731,1999,0.003902,10.994199,35.590790,0.076341,-62.222053,31035499558,60576.34,512337,512337
801,-5418589.4503,1438932.0099,4173220.1592,592587820.2137,7042.3657,1999,0.003906,11.302337,44.400206,0.078661,-64.752638,31002419942,60585.33,511715,511715
802,-5340311.2911,1324799.9859,4115884.5827,591389431.9856,6959.6857,1999,0.003900,11.210617,41.660613,0.077456,-64.075877,31032434520,60550.15,512508,512508
803,-5389175.1497,1235249.3165,4122722.9359,598211943.4503,6891.7429,1999,0.003907,11.081004,34.826882,0.077321,-64.489917,31002902501,60598.58,511611,511611
804,-5402189.8833,1196227.3988,4099107.1779,594138558.2722,6899.2445,1999,0.003902,11.243947,39.399161,0.077638,-64.300534,31032270351,60568.38,512351,512351
805,-5291981.0982,1203585.1392,4029759.1092,581763352.1330,6926.8012,1999,0.003897,11.174525,39.115502,0.077249,-63.103558,31065242159,60554.14,513016,513016
806,-5393953.2947,1336855.3386,4115298.1620,594857720.6594,6918.1218,1999,0.003902,11.231327,42.362988,0.077846,-64.165651,31023204323,60551.16,512347,512347
807,-5423334.8991,1112039.1317,4078222.2567,592622828.7545,6881.6489,1999,0.003900,11.258664,55.669311,0.077781,-64.267713,31055513129,60593.17,512525,512525
808,-5327104.7558,1395060.6274,4088590.4412,591939494.1960,6907.1087,1999,0.003902,11.154394,40.840748,0.077500,-63.519856,31035090441,60573.88,512351,512351
809,-5357704.6743,1352980.6504,4115984.2165,591502857.8135,6958.5196,1999,0.003903,11.187617,45.858614,0.077560,-64.051077,31025389130,60573.16,512197,512197
81,-5243814.7519,1114165.9496,3998829.4160,574759833.6334,6957.3919,1999,0.003909,11.154999,47.468101,0.076742,-62.786762,30973009923,60564.66,511404,511404
810,-5314276.2711,1103120.5529,4000354.0677,589158615.3166,6789.9441,1999,0.003901,11.050866,44.898002,0.076745,-62.996919,31040284121,60572.67,512447,512447
811,-5453715.7274,1294245.2449,4178441.0753,602036987.8873,6940.5056,1999,0.003907,11.222848,44.580611,0.077970,-65.243167,30986168690,60568.48,511589,511589
812,-5256957.0918,1222079.1757,4016822.3236,584045479.8806,6877.5848,1999,0.003903,11.014317,36.547722,0.076526,-62.804050,31032651853,60584.97,512217,512217
813,-5272846.6193,1142242.5205,4001018.5271,587443317.4463,6810.9014,1999,0.003904,10.972231,37.921322,0.076505,-62.818500,31011678682,60564.24,512046,512046
814,-5303093.9333,1266662.3270,4067570.8487,589688237.3391,6897.8328,1999,0.003900,11.039031,37.541560,0.076867,-63.483673,31055103289,60586.93,512571,512571
815,-5280200.6919,1294557.3544,4063286.4510,586338170.2909,6929.9368,1999,0.003905,11.087271,44.912637,0.077021,-63.308131,31017238675,60584.33,511968,511968
816,-5211307.7970,1201979.9043,3945340.0995,574718910.3133,6864.8169,1999,0.003906,10.989971,36.881856,0.076728,-61.796383,31001526741,60571.27,511819,511819
817,-5372517.9107,1415629.3424,4147047.5129,594101027.1129,6980.3743,1999,0.003902,11.219098,38.488649,0.077711,-64.349767,31032475181,60567.01,512366,512366
818,-5524199.4491,1425024.8033,4223287.6117,605120310.6934,6979.2528,1999,0.003902,11.364283,39.858098,0.078982,-65.695806,31031228793,60569.66,512323,512323
819,-5476049.5922,1247542.4932,4150771.4269,597234813.4595,6949.9824,1999,0.003905,11.326564,33.866588,0.078408,-65.040056,31004091351,60558.89,511966,511966
82,-5272010.0523,1301469.9566,4026079.6378,581261168.8039,6926.4555,1999,0.003899,11.073053,43.333809,0.076983,-62.776115,31054152394,60573.38,512670,512670
820,-5143588.8098,1427724.0846,4025315.0795,579370338.9440,6947.7410,1999,0.003907,10.960582,35.017644,0.075934,-62.173447,30997113256,60575.43,511711,511711
821,-5316844.2646,1186063.8150,4041727.8227,584825442.7648,6910.9986,1999,0.003905,11.153007,42.626144,0.077304,-63.362398,30997677704,60560.08,511850,511850
822,-5346989.9261,1475980.6369,4145582.5185,594714901.4420,6970.7056,1999,0.003910,11.200607,41.662110,0.077578,-64.128922,30985147670,60602.50,511285,511285
823,-5292266.8162,1506648.9093,4137652.8109,592641283.9039,6981.7155,1999,0.003903,11.156984,39.586678,0.077477,-63.824805,31032256276,60592.48,512147,512147
824,-5470552.4969,1374418.8716,4186303.5475,600593373.9485,6970.2793,1999,0.003904,11.256679,40.440017,0.078655,-65.198575,31017357570,60577.94,512024,512024
825,-5379814.9279,1179242.1813,4098830.3810,590714777.5677,6938.7639,1999,0.003904,11.142854,36.577219,0.077376,-64.281691,31009379911,60568.15,511975,511975
826,-5421697.4727,1374368.8568,4166833.9183,596453177.8347,6986.0201,1999,0.003897,11.236770,39.971904,0.078255,-64.825827,31063581655,60563.53,512909,512909
827,-5250450.4277,1360421.5607,4008033.9304,580489483.6168,6904.5763,1999,0.003902,11.048616,40.942269,0.077174,-62.350242,31040208091,60588.60,512311,512311
828,-5480196.1051,1383354.2056,4197330.3038,600410635.3641,6990.7661,1999,0.003907,11.325284,46.246562,0.078779,-65.346107,30989566304,60562.46,511696,511696
829,-5498837.7230,1279384.5387,4179970.4294,603241255.2206,6929.1853,1999,0.003905,11.278566,37.449308,0.078421,-65.405587,31013542533,60589.89,511860,511860
83,-5226376.1353,1294025.4616,4050020.8473,582774018.9612,6949.5563,1999,0.003909,11.049553,36.096852,0.076446,-63.006157,30988963574,60595.38,511408,511408
830,-5254251.1866,1358586.5884,4046444.4940,585426302.1247,6911.9622,1999,0.003907,11.052734,37.041865,0.076921,-62.873812,30991367115,60572.13,511644,511644
831,-5466197.4984,1209200.8117,4113636.6463,593541661.2902,6930.6620,1999,0.003900,11.285271,37.522782,0.078495,-64.612648,31051352479,60580.91,512560,512560
832,-5288701.9094,1239718.2441,4036722.3001,586766049.3504,6879.6112,1999,0.003910,11.051296,38.502287,0.077001,-63.104222,30963064922,60555.99,511313,511313
833,-5361148.4303,1276907.8071,4124646.9132,597607198.4806,6901.9365,1999,0.003902,11.111054,39.464313,0.077211,-64.352393,31026434028,60559.59,512329,512329
834,-5329912.1449,1242523.0622,4085523.3808,590436380.1520,6919.4980,1999,0.003902,11.107707,49.338880,0.077126,-63.841403,31033345997,60572.96,512330,512330
835,-5338987.2638,1233194.2676,4048769.3421,589054956.8955,6873.3304,1999,0.003899,11.043605,37.269112,0.077113,-63.394897,31055146142,60573.19,512688,512688
836,-5402326.0429,1292332.2752,4141536.7545,599580883.8270,6907.3863,1999,0.003901,11.194386,43.767175,0.077894,-64.638923,31032370830,60564.91,512382,512382
837,-5281587.5328,1218819.8434,4035044.9366,586297139.0769,6882.2525,1999,0.003909,11.049119,45.022337,0.076747,-63.112076,30983381640,60582.57,511424,511424
838,-5359093.8315,1223441.2109,4078323.0619,587980040.5521,6936.1590,1999,0.003908,11.138407,38.359127,0.077479,-63.858012,30983347002,60565.69,511566,511566
839,-5430242.6789,1188530.9532,4095620.4329,597302595.3981,6856.8603,1999,0.003906,11.151984,38.092620,0.077791,-64.337388,31007793820,60589.20,511771,511771
84,-5513893.0161,1347759.7609,4192037.3154,604279238.3102,6937.2519,1999,0.003906,11.311174,40.160519,0.078859,-65.442004,31000541893,60567.45,511835,511835
840,-5349010.6101,1190036.5555,4053101.9375,589452289.0955,6876.0475,1999,0.003899,11.139873,43.561064,0.077034,-63.576523,31056620465,60575.35,512694,512694
841,-5323841.4942,1062337.1617,4037820.2534,588919598.2714,6856.3184,1999,0.003905,11.074228,38.356512,0.076646,-63.613667,30997710517,60553.76,511904,511904
842,-5463923.2159,1313461.6167,4165935.0601,600614670.3611,6936.1194,1999,0.003900,11.281879,37.007344,0.078153,-65.056219,31045345741,60572.50,512532,512532
843,-5438158.4495,1206143.5284,4138133.6557,600810965.3133,6887.5801,1999,0.003902,11.182051,38.519593,0.077678,-64.879451,31036599114,60587.83,512258,512258
844,-5361806.0338,1230805.1887,4075765.5337,590185564.7794,6905.9052,1999,0.003906,11.183989,37.105288,0.077423,-63.813312,31001372980,60583.16,511716,511716
845,-5242999.9474,1235900.6286,4012517.1696,584166580.5786,6868.7893,1999,0.003904,11.058890,46.774774,0.076662,-62.683712,31009423330,60563.51,512015,512015
846,-5261237.5861,1449632.0175,4077724.6588,584737528.1296,6973.5983,1999,0.003907,11.098651,38.759353,0.077080,-63.090393,30988072065,60561.31,511681,511681
847,-5435814.7701,1325764.1752,4149542.3805,597231303.4367,6947.9653,1999,0.003903,11.302075,37.275499,0.078267,-64.745788,31019233746,60565.99,512156,512156
848,-5315641.5332,1255416.9009,4067094.1753,580623152.5636,7004.7055,1999,0.003901,11.121523,41.286015,0.077550,-63.531886,31038779323,60578.13,512376,512376
849,-5331226.0258,1270727.6921,4080213.0935,583647716.8849,6990.8833,1999,0.003906,11.199228,42.727663,0.077636,-63.705411,30994194195,60555.76,511829,511829
85,-5400748.4775,1188868.7767,4125130.2249,593848665.9717,6946.4334,1999,0.003909,11.200989,40.630586,0.077635,-64.658551,30980473969,60578.31,511412,511412
850,-5422185.7974,1160549.3206,4102782.5215,597420295.6221,6867.4977,1999,0.003905,11.157609,36.846890,0.077582,-64.477543,31013662490,60583.62,511915,511915
851,-5335034.7288,1305875.8068,4121233.3920,594156731.6870,6936.2732,1999,0.003911,11.140301,44.312108,0.077146,-64.177162,30955188286,60570.56,511060,511060
852,-5459617.8068,1279468.3596,4195813.8119,608947561.7819,6890.2711,1999,0.003900,11.193770,45.093276,0.077600,-65.521640,31049549825,60583.07,512512,512512
853,-5260003.0550,1329607.2984,4050457.0147,582148737.5810,6957.7700,1999,0.003904,11.033569,39.492380,0.077026,-63.007707,31011873944,60559.42,512090,512090
854,-5273940.5977,1287395.2776,4023108.7346,583901051.4410,6890.0522,1999,0.003908,11.060338,52.606769,0.076903,-62.775944,30985420166,60582.65,511457,511457
855,-5272373.3111,1128822.5043,4027696.9711,584108861.7125,6895.4560,1999,0.003911,11.076229,41.824882,0.076641,-63.203618,30943225315,60539.45,511125,511125
856,-5385572.2224,1477689.8856,4175638.1229,597284774.5400,6991.0339,1999,0.003911,11.142635,41.094840,0.078044,-64.614695,30967718745,60586.78,511130,511130
857,-5433612.6968,1291867.9775,4141862.6489,598919848.9825,6915.5542,1999,0.003907,11.184403,39.975605,0.077976,-64.716308,30984521055,60560.29,511631,511631
858,-5358323.6193,1028914.5133,4036610.4688,587486053.1436,6870.9894,1999,0.003906,11.176594,40.645530,0.076969,-63.757662,31006721693,60580.35,511828,511828
859,-5332054.0603,1304503.2627,4108478.5829,590750125.4014,6954.6808,1999,0.003917,11.205008,43.292636,0.077320,-64.006159,30912160246,60575.61,510307,510307
86,-5386599.2571,1288024.3687,4111204.3665,590553070.9133,6961.6171,1999,0.003899,11.218416,46.257116,0.077902,-64.208378,31047150230,60563.62,512637,512637
860,-5341802.3869,1287321.1884,4104798.0746,596376468.5028,6882.8975,1999,0.003899,11.098781,42.839539,0.077012,-64.019956,31057004987,60568.31,512760,512760
861,-5335389.6319,1190510.8554,4036709.8743,583382420.8339,6919.4918,1999,0.003906,11.162175,41.234672,0.077546,-63.328473,30991984629,60561.50,511744,511744
862,-5317191.8520,1321830.0529,4115675.8593,589569129.8419,6980.8198,1999,0.003908,11.068341,39.835025,0.077313,-64.024920,31001112202,60605.15,511526,511526
863,-5221910.7169,1170830.9575,3972822.7203,580450504.2112,6844.3781,1999,0.003910,11.001825,37.076441,0.076199,-62.258290,30960024539,60563.90,511196,511196
864,-5350895.6680,1079438.1649,4032143.0055,587073703.1845,6868.2058,1999,0.003901,11.105639,46.665829,0.077275,-63.564782,31039207486,60571.63,512438,512438
865,-5278892.1006,1156439.3257,4064205.4205,589312269.0936,6896.5227,1999,0.003908,11.057033,34.898944,0.076343,-63.639712,30978481041,60562.81,511510,511510
866,-5347452.6964,1353836.6430,4084892.2523,592591633.8603,6893.2668,1999,0.003900,11.090809,39.458766,0.077455,-63.611813,31046613232,60578.76,512500,512500
867,-5417296.7244,1304077.2894,4148804.4838,600425496.6798,6909.7740,1999,0.003902,11.217581,41.538110,0.077586,-64.740817,31041170205,60587.05,512340,512340
868,-5479034.1447,1310446.0307,4148451.0177,598796092.6082,6927.9861,1999,0.003904,11.251534,50.969011,0.078381,-64.865563,31016434414,60577.08,512016,512016
869,-5113798.0227,1311691.0595,3951577.0668,571327477.6823,6916.4835,1999,0.003905,10.947882,51.190700,0.076018,-61.398364,31004486140,60561.43,511951,511951
87,-5436696.1156,1341436.5383,4195147.0422,594511168.8361,7056.4646,1999,0.003897,11.349799,43.623780,0.078515,-65.314709,31061228117,60557.41,512922,512922
870,-5366534.5622,1402702.5544,4149492.0229,590395705.8474,7028.3235,1999,0.003905,11.244314,40.639305,0.077763,-64.397646,31007598703,60579.70,511848,511848
871,-5294385.8588,1157526.7110,4040961.6744,587127180.6081,6882.6002,1999,0.003900,11.126300,36.107336,0.076742,-63.365002,31048277562,60571.84,512586,512586
872,-5382044.2355,1073629.7567,4061940.5166,595686485.2412,6818.9234,1999,0.003907,11.138002,40.529654,0.077043,-64.045181,30981251313,60558.63,511591,511591
873,-5264016.7321,1327900.0970,4072581.5804,582733477.9550,6988.7551,1999,0.003901,11.043818,40.840191,0.077002,-63.314229,31046466734,60580.13,512486,512486
874,-5535937.0029,1331218.4057,4192186.0076,603365348.9945,6948.0059,1999,0.003901,11.362393,51.669823,0.078979,-65.534338,31056436513,60599.70,512485,512485
875,-5350011.6146,1169177.8123,4043880.8401,590664430.1130,6846.3253,1999,0.003906,11.064155,44.486844,0.077053,-63.505967,30999593277,60567.73,511817,511817
876,-5408260.5668,1355998.3165,4140889.4593,595125175.9199,6958.0143,1999,0.003909,11.291756,39.579065,0.078114,-64.493769,30983565190,60588.26,511379,511379
877,-5366128.3342,1159297.9795,4091476.7580,593407609.5644,6894.8842,1999,0.003904,11.184160,40.405336,0.077397,-64.201866,31015926868,60568.75,512078,512078
878,-5329820.3474,1218497.8814,4086006.2389,594320951.1574,6875.0836,1999,0.003901,11.162022,41.740431,0.076841,-63.903170,31036321055,60559.62,512492,512492
879,-5202956.4193,1229658.9264,3968404.8691,586450663.3230,6766.8179,1999,0.003906,10.898979,38.176784,0.075980,-62.018316,30981578777,60544.83,511713,511713
88,-5309941.6667,1317017.1590,4043340.4309,583780934.3349,6926.1262,1999,0.003901,11.167424,34.976061,0.077446,-63.060048,31042943001,60575.14,512470,512470
880,-5475885.4460,1350104.2098,4175114.2255,599484334.0944,6964.5093,1999,0.003898,11.280261,38.717384,0.078722,-65.120685,31069706938,60591.07,512777,512777
881,-5413505.2115,1201198.9344,4133295.9895,597014783.1820,6923.2724,1999,0.003903,11.188332,35.014575,0.077486,-64.767393,31023455142,60569.26,512198,512198
882,-5398292.9745,1227645.1451,4126870.2922,594374021.6313,6943.2212,1999,0.003908,11.194709,44.039164,0.077460,-64.585178,30987784172,60574.60,511564,511564
883,-5289488.5233,1131741.2982,4035089.8402,586079171.1258,6884.8887,1999,0.003905,11.102437,35.039448,0.076704,-63.335712,30999475730,60563.48,511851,511851
884,-5491890.8214,1272545.1250,4144838.5313,594080899.4615,6976.8924,1999,0.003909,11.327381,39.952718,0.078603,-64.936771,30987679809,60590.15,511431,511431
885,-5223867.2064,1128182.6718,3989408.0103,576212592.5783,6923.5002,1999,0.003908,11.050895,35.575286,0.076360,-62.583698,30975169591,60558.11,511495,511495
886,-5617849.4150,1331679.8915,4281113.2705,613523035.5550,6977.9177,1999,0.003914,11.419087,34.401514,0.079336,-66.906175,30936199196,60576.54,510696,510696
887,-5320101.2452,1205902.5034,4057496.4024,591269557.4113,6862.3462,1999,0.003897,11.137895,44.440503,0.077040,-63.531196,31074527152,60581.80,512935,512935
888,-5326765.6333,1313731.6630,4090677.5213,588394675.0530,6952.2681,1999,0.003891,11.157405,39.656700,0.077264,-63.735199,31105327816,60550.25,513711,513711
889,-5441299.1882,1314086.4352,4172628.9562,600154390.6567,6952.5926,1999,0.003902,11.244391,37.285908,0.078118,-65.090276,31031067361,60574.78,512277,512277
89,-5278381.7034,1137614.8387,4004229.9665,580077648.6669,6902.9206,1999,0.003906,11.102558,40.329754,0.076880,-62.884228,30986204177,60548.79,511756,511756
890,-5370199.1548,1237001.7007,4116194.5076,593232222.1374,6938.5889,1999,0.003905,11.225801,44.722982,0.077718,-64.359446,31003425002,60567.88,511879,511879
891,-5235788.9567,1238661.7112,4025427.5689,583050281.9907,6904.0830,1999,0.003900,11.030753,43.040167,0.076661,-62.833117,31032587841,60543.83,512564,512564
892,-5243171.0573,1221663.8985,4018675.2972,579247997.4882,6937.7457,1999,0.003906,11.035630,38.389300,0.076575,-62.798366,31001138301,60577.02,511764,511764
893,-5284548.3804,1237166.6610,4034885.9718,586928144.6905,6874.5825,1999,0.003909,11.110080,37.323535,0.076780,-63.073767,30972613232,60566.49,511382,511382
894,-5380449.3899,1475760.6428,4170226.0008,598129389.2173,6972.1135,1999,0.003899,11.142910,42.246053,0.077941,-64.533460,31065191606,60586.40,512742,512742
895,-5372536.1089,1391833.3675,4122567.9641,593391642.0147,6947.4655,1999,0.003907,11.195421,45.249938,0.077962,-64.083102,30979479658,60545.46,511673,511673
896,-5378763.8037,1160024.7803,4090109.4429,588744666.4707,6947.1703,1999,0.003904,11.194860,38.538759,0.077379,-64.209619,31009350210,60558.87,512053,512053
897,-5360449.4835,1388753.8961,4123913.7675,592963063.1608,6954.7566,1999,0.003907,11.147248,43.573299,0.077919,-64.080116,30995575475,60572.42,511711,511711
898,-5390664.4540,1168300.6274,4073325.6431,588816505.9709,6917.8184,1999,0.003902,11.207808,36.881077,0.077713,-63.995335,31022152731,60561.16,512245,512245
899,-5278320.8262,1262624.9351,4046137.5089,583027011.7460,6939.8800,1999,0.003909,11.052438,38.881571,0.077224,-63.151152,30972580907,60559.20,511443,511443
90,-5351121.6485,896376.5908,3992666.4267,587665417.7404,6794.1150,1999,0.003902,11.177125,43.790597,0.076581,-63.457724,31032804501,60572.38,512326,512326
900,-5256379.6274,1271028.9329,4051401.9596,583643615.9374,6941.5682,1999,0.003896,11.095045,36.874547,0.076901,-63.148555,31075969405,60569.03,513067,513067
901,-5416606.7534,1249106.3295,4138776.4892,594575016.2733,6960.8988,1999,0.003906,11.290135,39.160283,0.077701,-64.735052,31012543306,60594.93,511801,511801
902,-5250883.3233,1327881.3445,4015118.9348,582729176.6876,6890.1972,1999,0.003907,11.052335,40.371344,0.076947,-62.522207,30992617781,60571.85,511667,511667
903,-5104042.2880,1194038.3181,3936936.5368,577427966.6771,6818.0566,1999,0.003898,10.853968,33.875168,0.075202,-61.451497,31069323611,60581.34,512853,512853
904,-5330218.1129,1388637.9552,4122534.4422,593422534.4346,6947.0473,1999,0.003899,11.175473,43.781099,0.077199,-63.988243,31055445999,60579.56,512639,512639
905,-5372682.9073,1367756.7524,4127051.3352,595707260.3159,6927.9856,1999,0.003900,11.198771,34.399774,0.077739,-64.198167,31036767794,60549.27,512587,512587
906,-5259665.9514,1312333.4960,4053603.1905,583150762.7313,6951.2096,1999,0.003911,11.061445,47.450433,0.076939,-63.087991,30950890519,60559.54,511082,511082
907,-5432077.2713,1248205.1967,4126075.8310,597519770.1824,6905.3378,1999,0.003903,11.278351,42.895194,0.077795,-64.605885,31028823789,60581.05,512187,512187
908,-5439300.4628,1198282.1922,4092086.3375,594882982.7647,6878.8089,1999,0.003903,11.234535,37.669650,0.078119,-64.289346,31028440246,60586.09,512138,512138
909,-5183222.2603,1088384.7200,3941190.9199,579303115.1112,6803.3311,1999,0.003900,10.939222,40.369544,0.075691,-61.937582,31056980408,60596.98,512517,512517
91,-5404659.0061,1198986.7249,4104978.7121,590390695.7101,6952.9868,1999,0.003903,11.261236,43.187648,0.077670,-64.373417,30995260821,60524.85,512108,512108
910,-5500262.0110,1177843.4070,4165756.5195,601837330.5653,6921.7317,1999,0.003910,11.375680,37.362364,0.078379,-65.460446,30950642894,60543.77,511211,511211
911,-5380050.6261,1235411.7650,4097943.2299,591020164.7206,6933.6775,1999,0.003897,11.160724,33.997109,0.077764,-64.140861,31077482987,60583.08,512973,512973
912,-5136014.8337,1353730.9647,4004770.1797,577206351.4305,6938.1949,1999,0.003908,10.980685,43.880914,0.076011,-62.056390,30985944268,60577.28,511511,511511
913,-5320135.6754,1112731.1792,4021352.4933,579625162.1940,6937.8501,1999,0.003905,11.203867,37.333808,0.077175,-63.269212,31011552190,60574.64,511956,511956
914,-5360198.3771,1270520.7900,4064774.0003,587103455.3602,6923.4374,1999,0.003896,11.127251,41.292685,0.077752,-63.570347,31083366958,60581.56,513083,513083
915,-5424173.2270,1404926.0685,4178178.3235,600999237.5605,6952.0526,1999,0.003909,11.149252,35.626684,0.078052,-64.910989,30970119611,60563.98,511362,511362
916,-5464302.9274,1274842.7788,4150055.6790,595637804.7979,6967.4148,1999,0.003910,11.312330,38.314884,0.078445,-64.938597,30974881279,60589.17,511228,511228
917,-5365080.9171,1161479.6085,4096085.3803,592676463.8577,6911.1659,1999,0.003901,11.139781,38.803372,0.077173,-64.252551,31048061964,60588.32,512443,512443
918,-5147124.8808,1297054.9630,3995168.5076,576635738.8854,6928.4095,1999,0.003903,10.954182,37.725192,0.076034,-62.086214,31015349823,60550.60,512222,512222
919,-5208445.8748,1289930.2008,4000769.2884,578835629.1917,6911.7537,1999,0.003907,10.985281,43.565307,0.076485,-62.320486,30991994933,60576.08,511621,511621
92,-5302800.8618,1082998.4080,3997031.3855,578330613.8653,6911.3260,1999,0.003905,11.114893,41.363866,0.077148,-62.972054,30989627400,60541.87,511871,511871
920,-5564246.1834,1357345.0090,4221581.0205,611134008.1942,6907.7828,1999,0.003909,11.391625,40.784020,0.079144,-65.928918,30977165693,60582.74,511320,511320
921,-5329929.7578,1349537.0632,4085754.7512,593279783.0368,6886.7251,1999,0.003903,11.106802,39.287860,0.077273,-63.593433,31034956987,60597.16,512152,512152
922,-5192719.2472,1013166.3602,3945241.5713,576472531.2106,6843.7633,1999,0.003900,10.933592,41.808371,0.075827,-62.191497,31039280079,60557.48,512559,512559
923,-5536931.4027,1102644.2817,4168953.2286,604507466.9020,6896.4462,1999,0.003899,11.314267,38.343681,0.078215,-65.766681,31052346960,60573.40,512640,512640
924,-5412438.3311,1141409.3952,4105070.7391,593968412.8712,6911.2610,1999,0.003903,11.168032,37.852412,0.077640,-64.531898,31022162993,60562.84,512231,512231
925,-5321352.8691,1106784.8921,4034189.2503,590878281.0362,6827.4455,1999,0.003902,10.986646,38.178769,0.076883,-63.457342,31028810266,60574.28,512244,512244
926,-5216961.2028,1353212.4765,4002510.7376,581240942.2284,6886.1473,1999,0.003908,10.992850,40.102015,0.076780,-62.217351,30985327182,60578.44,511491,511491
927,-5304034.6244,1445613.6702,4134320.7857,586672273.8599,7047.0703,1999,0.003909,11.179895,36.262047,0.077621,-63.949727,30965492499,60555.05,511361,511361
928,-5362113.9352,1254395.6099,4079553.2681,587312897.2403,6946.1326,1999,0.003901,11.173212,41.837831,0.077832,-63.809287,31031924071,60563.45,512387,512387
929,-5474592.5916,1190615.2404,4125881.1666,595873557.2033,6924.0884,1999,0.003906,11.298244,41.088763,0.078479,-64.840747,31010253605,60590.45,511801,511801
93,-5199114.5392,1058503.9686,3943551.1395,570498092.0256,6912.4703,1999,0.003906,10.988251,39.457589,0.076209,-62.074785,30984001088,60540.10,511793,511793
930,-5292542.6358,1135496.9451,4029047.9349,582016533.0709,6922.5661,1999,0.003905,11.129569,40.524536,0.076913,-63.253670,31008246206,60568.19,511956,511956
931,-5354350.7016,1060095.4908,4053341.6640,593531809.2625,6829.1903,1999,0.003902,11.129163,39.874620,0.076878,-63.901622,31031585341,60577.33,512264,512264
932,-5293896.3805,1126632.9301,4012675.4344,584119945.1387,6869.6087,1999,0.003902,11.022044,38.724070,0.076727,-63.057119,31025654775,60561.38,512301,512301
933,-5319087.2594,1328731.2996,4062721.0618,588016984.8128,6909.1900,1999,0.003903,11.121179,45.683662,0.077522,-63.310488,31034968914,60589.26,512219,512219
934,-5386984.9475,1237949.2321,4096696.2787,593090054.1130,6907.3765,1999,0.003897,11.143510,40.967429,0.077644,-64.132994,31071002918,60566.31,513008,513008
935,-5318832.5860,1368173.8242,4112890.4896,587202750.5561,7004.2085,1999,0.003905,11.214352,41.366267,0.077751,-63.884124,31011071735,60573.59,511957,511957
936,-5522787.8334,1169125.9691,4143185.0270,604148823.7120,6857.8881,1999,0.003901,11.258570,39.322393,0.078168,-65.231682,31046226659,60593.02,512373,512373
937,-5405861.0370,1419733.1675,4167004.7344,598496301.9637,6962.4569,1999,0.003900,11.196427,34.793971,0.078007,-64.684044,31053356522,60590.26,512514,512514
938,-5315354.5408,1237322.1718,4077656.1313,589890802.2247,6912.5610,1999,0.003908,11.096215,41.902643,0.076902,-63.714085,30990262838,60577.67,511579,511579
939,-5326506.8161,1057645.1278,4021658.7835,586164563.2617,6860.9722,1999,0.003907,11.089074,44.927771,0.076994,-63.416156,30986746532,60566.18,511618,511618
94,-5334182.7455,1147559.4019,4019109.3207,581145314.8147,6915.8422,1999,0.003914,11.137563,39.412330,0.077473,-63.188316,30944790766,60585.54,510762,510762
940,-5426114.8223,1288088.9525,4136418.8538,594917740.8668,6952.9257,1999,0.003907,11.228423,37.103430,0.077988,-64.634584,30994717434,60578.92,511642,511642
941,-5462097.8259,1423112.1465,4199958.1378,603900412.9932,6954.7198,1999,0.003902,11.288199,36.074535,0.078626,-65.246387,31046667953,60596.48,512351,512351
942,-5414197.0465,1275136.7995,4147438.2652,593359393.2371,6989.7575,1999,0.003901,11.233654,37.984491,0.078086,-64.784459,31049788977,60591.57,512444,512444
943,-5265902.0356,1100587.8954,3975339.0300,577966999.8162,6878.1419,1999,0.003904,11.061320,36.199093,0.076596,-62.557946,31017128842,60577.25,512026,512026
944,-5371654.7866,939119.7796,4030481.8723,585313781.9525,6886.0191,1999,0.003906,11.118336,39.856487,0.077124,-63.919485,30988064835,60556.21,511724,511724
945,-5310848.9458,1363807.3716,4109618.6394,591131155.8085,6952.1266,1999,0.003905,11.137185,41.062101,0.077222,-63.832334,31004991874,60566.56,511916,511916
946,-5276690.2682,1304246.3303,4052569.0949,585723339.3838,6918.9135,1999,0.003906,11.101185,40.162405,0.076906,-63.133429,30999175015,60577.56,511727,511727
947,-5414984.5689,1317235.5049,4141454.2146,595815552.0406,6950.8998,1999,0.003903,11.160873,44.679674,0.078098,-64.608294,31033221240,60587.15,512208,512208
948,-5350488.5794,1065270.4023,4049595.3977,587651374.2244,6891.1528,1999,0.003898,11.213892,39.075329,0.077159,-63.827247,31076049780,60594.69,512851,512851
949,-5258273.4822,1447562.1451,4085613.6611,588085684.2063,6947.3102,1999,0.003916,11.111922,39.363542,0.076651,-63.190906,30923437918,60576.82,510483,510483
95,-5126421.6332,1103853.7195,3927203.6024,572789229.5534,6856.2805,1999,0.003908,10.901450,33.791625,0.075254,-61.583199,30977409381,60560.71,511510,511510
950,-5451550.0297,1284127.2834,4154285.2872,601956835.4387,6901.3010,1999,0.003897,11.287749,38.822284,0.078191,-64.943125,31059141311,60555.70,512902,512902
951,-5194917.0505,1456824.4168,4042291.5230,583666963.7635,6925.6816,1999,0.003908,11.006962,39.359933,0.076614,-62.451754,30990422128,60581.77,511547,511547
952,-5484467.7513,1354929.1948,4197937.6733,605765783.3415,6929.9683,1999,0.003904,11.329873,48.337789,0.078570,-65.434750,31027574984,60596.71,512034,512034
953,-5337223.1896,1247778.8497,4071674.6795,589592588.0386,6905.9123,1999,0.003907,11.131555,45.310209,0.077292,-63.661503,30986698744,60565.49,511623,511623
954,-5382119.2608,1347094.0476,4131629.6568,594029831.8509,6955.2562,1999,0.003904,11.227955,34.247265,0.077688,-64.327600,31026896219,60596.68,512023,512023
955,-5216337.9556,1222041.1094,4025006.9814,578387789.5824,6959.0110,1999,0.003905,10.986549,32.371379,0.076607,-62.819929,30993047145,60546.18,511891,511891
956,-5414680.0240,1233812.9464,4088351.3519,588900126.2331,6942.3510,1999,0.003903,11.259538,40.877539,0.078486,-64.099406,31014311414,60559.69,512128,512128
957,-5329600.0825,1255447.2394,4066193.2096,585471945.4584,6945.1547,1999,0.003901,11.158658,39.579339,0.077302,-63.552595,31042717270,60573.16,512483,512483
958,-5261220.0706,1378405.5283,4076612.3065,583081510.9709,6991.4964,1999,0.003904,11.130111,41.851610,0.077061,-63.242509,31009059922,60563.98,512005,512005
959,-5446919.1735,1276561.6385,4155443.8463,599544930.3446,6930.9966,1999,0.003906,11.281945,37.256853,0.078073,-64.964393,31001702233,60580.02,511748,511748
96,-5456181.2154,1171029.2037,4176678.5411,597058791.3092,6995.4226,1999,0.003892,11.266715,37.187318,0.077975,-65.516565,31098727131,60553.19,513577,513577
960,-5275950.6154,1194854.5381,4049202.3497,590181805.1862,6860.9407,1999,0.003903,10.980520,36.168532,0.076569,-63.343116,31026982344,60579.58,512169,512169
961,-5433284.4370,1194390.7048,4132304.5449,592465524.4913,6974.7595,1999,0.003903,11.271492,40.352231,0.077961,-64.817709,31015449233,60560.37,512141,512141
962,-5179823.0989,1012894.9500,3944718.6356,575398471.9077,6855.6293,1999,0.003902,10.902060,37.062288,0.075726,-62.153050,31024375083,60552.85,512352,512352
963,-5366062.0942,1229750.6599,4094785.5084,590196269.3631,6938.0064,1999,0.003905,11.157187,43.243527,0.077522,-64.077996,31004280067,60568.60,511887,511887
964,-5206688.9797,1293669.7446,4028584.0047,580828367.8835,6935.9285,1999,0.003906,11.050051,41.789813,0.076413,-62.675736,31002639475,60585.87,511714,511714
965,-5287377.3504,1316718.1790,4068881.5677,586203831.0227,6941.0696,1999,0.003910,11.052388,39.065434,0.077091,-63.347085,30974132317,60580.24,511291,511291
966,-5230270.5016,1255306.8161,3998843.1193,583145334.4783,6857.3697,1999,0.003904,10.995666,38.204236,0.076370,-62.425439,31014019266,60568.46,512049,512049
967,-5400584.6075,1118641.3581,4072071.4236,593842910.4241,6857.1525,1999,0.003907,11.203985,35.736855,0.077417,-64.117767,30984960129,60556.53,511670,511670
968,-5346496.6076,1146376.1469,4041057.6240,588404116.4387,6867.8269,1999,0.003910,11.123420,40.419476,0.077286,-63.513735,30970035534,60582.30,511206,511206
969,-5344214.7763,1301667.4594,4090026.4102,590329851.8635,6928.3747,1999,0.003902,11.141887,39.766945,0.077277,-63.792976,31020158022,60549.23,512313,512313
97,-5170920.8355,1388537.4972,3979352.2236,575270086.4104,6917.3634,1999,0.003901,11.024459,45.737759,0.076659,-61.721207,31038763461,60568.64,512456,512456
970,-5196072.7148,1308003.6389,4017117.3437,579905602.0308,6927.1918,1999,0.003905,11.007910,33.195030,0.076422,-62.465449,31003108602,60565.13,511897,511897
971,-5341507.6868,1411083.2689,4097622.1910,591933269.3636,6922.4394,1999,0.003900,11.166491,41.298793,0.077713,-63.633632,31039591662,60561.87,512527,512527
972,-5485980.6807,1220003.2061,4188029.7434,603650556.3322,6937.8380,1999,0.003909,11.212202,38.340313,0.078059,-65.621758,30983205649,60581.75,511428,511428
973,-5407249.9295,1205900.0405,4098064.9839,595863437.2765,6877.5238,1999,0.003899,11.133982,40.051251,0.077734,-64.276188,31053246500,60572.55,512662,512662
974,-5346923.7725,1309370.7128,4101291.0243,590723460.7095,6942.8274,1999,0.003905,11.198311,38.650049,0.077432,-63.933749,30993764287,60538.83,511965,511965
975,-5492863.6293,1251300.0078,4204404.3104,606453584.1724,6932.7718,1999,0.003903,11.339135,40.476846,0.078223,-65.782738,31015509306,60564.63,512106,512106
976,-5251616.1770,1335698.4929,4044624.0477,585118327.5962,6912.4891,1999,0.003899,11.014596,31.393001,0.076711,-62.895186,31068054042,60596.59,512703,512703
977,-5404087.0044,1300204.0264,4157753.4658,599884795.1473,6930.9199,1999,0.003905,11.170294,37.042110,0.077579,-64.837974,30998484792,60560.24,511862,511862
978,-5379224.8943,1334794.0881,4119841.0614,594068465.3751,6934.9600,1999,0.003904,11.204990,37.775564,0.077805,-64.196727,31007936353,60559.54,512024,512024
979,-5433658.0094,1206095.2773,4128035.7508,599126782.3097,6890.0872,1999,0.003904,11.214487,37.993750,0.077694,-64.733810,31032289233,60601.42,512072,512072
98,-5518298.8772,1210981.3835,4165654.6403,597784133.7941,6968.4931,1999,0.003899,11.394436,42.367283,0.078757,-65.421239,31066433637,60586.69,512760,512760
980,-5219788.3600,1315056.1244,4064700.5861,583694420.2174,6963.7475,1999,0.003903,11.125118,45.373165,0.076524,-63.136970,31020910535,60570.09,512149,512149
981,-5241134.0398,1326097.2871,4028939.6899,578625372.7474,6962.9503,1999,0.003900,11.107832,37.320911,0.076976,-62.685192,31051764578,60579.00,512583,512583
982,-5245282.5340,1268784.7839,4031140.7238,586417390.5066,6874.1835,1999,0.003898,10.956996,34.363919,0.076382,-62.858874,31062019639,60575.96,512778,512778
983,-5577452.6158,1309011.2946,4261798.3620,610423072.3060,6981.7124,1999,0.003899,11.366070,39.020708,0.079021,-66.606601,31055077243,60568.56,512726,512726
984,-5444647.1800,1407623.4448,4201775.5152,595493658.7294,7055.9534,1999,0.003908,11.241959,44.266121,0.078434,-65.263365,30989784770,60583.84,511519,511519
985,-5446626.1084,1208853.3816,4112032.2833,594581545.4620,6915.8424,1999,0.003903,11.233616,38.009824,0.078323,-64.546079,31025292516,60574.98,512180,512180
986,-5303929.3139,1150566.1902,4041549.9209,584352488.4950,6916.2877,1999,0.003906,11.046279,46.096073,0.077070,-63.411566,30982783786,60540.09,511773,511773
987,-5281248.8731,1172333.1193,4031539.3962,584259427.3396,6900.2556,1999,0.003905,11.179679,46.603611,0.076880,-63.175894,31000332293,60556.99,511920,511920
988,-5317744.5820,1096460.2284,4029894.7644,585534948.8414,6882.4154,1999,0.003908,11.111551,35.712723,0.076930,-63.417741,30976558498,60554.90,511545,511545
989,-5431418.3044,1170042.8419,4108080.4695,593414340.1742,6922.7860,1999,0.003910,11.247352,44.095855,0.077947,-64.548849,30964372042,60563.05,511275,511275
99,-5357280.0790,1377223.6661,4136747.9264,589807371.4330,7013.7271,1999,0.003907,11.312334,38.185298,0.077634,-64.268945,30985302948,60562.53,511625,511625
990,-5466527.4701,1392869.1852,4187175.6054,598544901.4900,6995.5915,1999,0.003908,11.310660,36.784251,0.078623,-65.156730,30992059117,60582.48,511568,511568
991,-5182993.6541,1187988.2131,3985253.0805,581371246.5720,6854.9195,1999,0.003907,10.941310,36.688132,0.075812,-62.291281,30976817547,60544.52,511637,511637
992,-5143361.2155,1210825.1501,3942148.1042,573556825.1593,6873.1605,1999,0.003897,10.979095,48.949647,0.075678,-61.572506,31063164995,60559.06,512940,512940
993,-5387981.8019,1399645.5454,4136426.2339,591824926.7824,6989.2734,1999,0.003904,11.216571,40.033711,0.078028,-64.283443,31005028521,60554.57,512018,512018
994,-5381395.4219,1220504.5508,4072944.2516,589357333.1633,6910.8231,1999,0.003915,11.131155,48.473531,0.077884,-63.846829,30927209921,60570.33,510600,510600
995,-5518525.3901,1315258.1658,4203939.1691,608080956.2627,6913.4531,1999,0.003908,11.302320,36.474215,0.078569,-65.685847,30973958119,60559.77,511461,511461
996,-5358404.2635,1282724.7630,4116511.4248,595974849.3507,6907.1898,1999,0.003899,11.122511,40.512076,0.077495,-64.225502,31066211518,60587.68,512748,512748
997,-5494726.9316,1222849.5626,4166938.5175,599048657.7381,6955.9266,1999,0.003903,11.323561,40.993367,0.078561,-65.355951,31024700372,60576.31,512159,512159
998,-5429398.2416,1364242.4674,4168184.2306,595747982.6428,6996.5562,1999,0.003898,11.297131,34.964932,0.078249,-64.884807,31055600305,60563.80,512775,512775
999,-5242603.8209,1140486.5608,3999923.5395,586011974.1937,6825.6686,1999,0.003899,10.979894,38.438427,0.076061,-62.738257,31064736303,60594.73,512664,512664
