seed,user_pnl,arb_profit,lp_profit_value,total_volume,lp_profit_per_1m_vol,arb_trade_count,intervention_rate,avg_spread_pct,max_spread_pct,rmse_price,impermanent_loss_pct,total_compute_units,avg_cu_per_swap,total_swaps,successful_swaps
100,-4679578.6381,0.0000,4679578.6381,631454017.7957,7410.7987,0,0.000000,15.697826,56.235880,0.303467,-73.118416,30763815774,59931.65,513315,513315
1000,-4762663.0505,0.0000,4762663.0505,636174037.6675,7486.4153,0,0.000000,15.790967,48.882963,0.247557,-74.416610,30600636707,59855.95,511238,511238
1001,-4690505.9065,0.0000,4690505.9065,630256291.1797,7442.2199,0,0.000000,15.741365,47.976882,0.279630,-73.289155,30703982568,59867.11,512869,512869
1002,-4845540.7970,0.0000,4845540.7970,649700044.9489,7458.1198,0,0.000000,16.051167,55.717756,0.311156,-75.711575,30633507680,59914.51,511287,511287
1003,-4804251.3864,0.0000,4804251.3864,646568403.4230,7430.3838,0,0.000000,15.978720,62.527013,0.384775,-75.066428,30634887055,59885.11,511561,511561
1004,-4809089.6735,0.0000,4809089.6735,643458488.0701,7473.8150,0,0.000000,16.081383,51.229173,0.331454,-75.142026,30709774363,59928.64,512439,512439
1005,-4970918.8151,0.0000,4970918.8151,657181507.7153,7563.9968,0,0.000000,16.297791,45.878289,0.263169,-77.670606,30592427736,59888.27,510825,510825
1006,-4634691.8626,0.0000,4634691.8626,631263194.6505,7341.9327,0,0.000000,15.838567,65.770179,0.375331,-72.417060,30746679054,59941.82,512942,512942
1007,-4817318.8044,0.0000,4817318.8044,643864280.1473,7481.8855,0,0.000000,15.776695,54.952770,0.253579,-75.270606,30695827752,59921.19,512270,512270
1008,-4772247.5695,0.0000,4772247.5695,635037213.8978,7514.9101,0,0.000000,15.697227,51.926158,0.258719,-74.566368,30689780121,59893.60,512405,512405
1009,-4748199.0560,0.0000,4748199.0560,636924590.7322,7454.8842,0,0.000000,15.793586,46.619000,0.301943,-74.190610,30688596689,59908.48,512258,512258
101,-4714272.0768,0.0000,4714272.0768,629756504.9040,7485.8648,0,0.000000,15.854361,52.772863,0.347920,-73.660501,30647924316,59909.66,511569,511569
1010,-4785936.7474,0.0000,4785936.7474,642519536.1706,7448.7023,0,0.000000,16.014641,48.472013,0.274194,-74.780262,30673021957,59899.35,512076,512076
1011,-4807386.8127,0.0000,4807386.8127,649531426.6132,7401.3152,0,0.000000,15.792929,58.091717,0.298161,-75.115419,30662785679,59898.31,511914,511914
1012,-4729975.1285,0.0000,4729975.1285,636345656.1985,7433.0281,0,0.000000,15.892722,53.726046,0.329982,-73.905861,30655799479,59921.30,511601,511601
1013,-4827208.7018,0.0000,4827208.7018,637996881.8470,7566.1948,0,0.000000,15.997222,50.620100,0.204000,-75.425136,30670723996,59915.11,511903,511903
1014,-4889728.1487,0.0000,4889728.1487,659507241.3526,7414.2145,0,0.000000,15.893764,47.947452,0.323036,-76.402002,30739333075,59940.82,512828,512828
1015,-4799171.8771,0.0000,4799171.8771,638952754.5192,7510.9965,0,0.000000,15.987751,58.681770,0.345094,-74.987061,30632545220,59898.33,511409,511409
1016,-4855986.9082,0.0000,4855986.9082,651481740.9049,7453.7575,0,0.000000,16.050506,58.110742,0.229067,-75.874795,30723797372,59900.37,512915,512915
1017,-4704125.6349,0.0000,4704125.6349,640685467.0476,7342.3324,0,0.000000,15.504544,63.499351,0.311929,-73.501963,30681411909,59928.85,511964,511964
1018,-4666735.4013,0.0000,4666735.4013,627356267.9780,7438.7324,0,0.000000,15.726850,55.586755,0.292408,-72.917741,30642423350,59895.39,511599,511599
1019,-4751765.3960,0.0000,4751765.3960,639813825.6778,7426.7939,0,0.000000,15.709446,72.885626,0.248115,-74.246334,30696061166,59904.10,512420,512420
102,-4788177.1041,0.0000,4788177.1041,639968881.6729,7481.8905,0,0.000000,15.898870,51.785550,0.372820,-74.815267,30634911222,59847.49,511883,511883
1020,-4782732.8455,0.0000,4782732.8455,654400944.0748,7308.5665,0,0.000000,15.756358,48.447103,0.328210,-74.730201,30708915985,59945.45,512281,512281
1021,-4777814.5086,0.0000,4777814.5086,640255190.7714,7462.3597,0,0.000000,15.993771,55.151890,0.279673,-74.653352,30639592712,59878.86,511693,511693
1022,-4684763.3787,0.0000,4684763.3787,630258225.3749,7433.0857,0,0.000000,15.873198,58.846877,0.307712,-73.199428,30641028959,59891.97,511605,511605
1023,-4657684.3247,0.0000,4657684.3247,630277860.7894,7389.8904,0,0.000000,15.745614,47.646650,0.355083,-72.776318,30659268027,59866.18,512130,512130
1024,-4815771.3473,0.0000,4815771.3473,643800677.6049,7480.2210,0,0.000000,16.071061,53.684604,0.268515,-75.246427,30704687355,59939.77,512259,512259
1025,-4778748.5838,0.0000,4778748.5838,638633774.9908,7482.7683,0,0.000000,16.086882,56.146437,0.284704,-74.667947,30659386651,59877.64,512034,512034
1026,-4707495.8758,0.0000,4707495.8758,636518756.8968,7395.6907,0,0.000000,15.731380,50.835612,0.310127,-73.554623,30669003355,59912.22,511899,511899
1027,-4741894.1308,0.0000,4741894.1308,642383008.6202,7381.7241,0,0.000000,15.861792,54.667749,0.318839,-74.092096,30687414489,59916.70,512168,512168
1028,-4727220.4186,0.0000,4727220.4186,633967929.4274,7456.5608,0,0.000000,15.776854,50.523648,0.318025,-73.862819,30745606225,59937.04,512965,512965
1029,-4730342.3546,0.0000,4730342.3546,637128067.0057,7424.4765,0,0.000000,15.710652,49.154323,0.297563,-73.911599,30657089262,59920.90,511626,511626
103,-4582118.7604,0.0000,4582118.7604,621838403.4782,7368.6648,0,0.000000,15.469843,53.601465,0.382129,-71.595606,30654039617,59882.40,511904,511904
1030,-4688216.2322,0.0000,4688216.2322,627935152.6316,7466.0834,0,0.000000,15.936569,49.917856,0.224291,-73.253379,30801111825,59934.49,513913,513913
1031,-4805332.4159,0.0000,4805332.4159,646510533.3882,7432.7210,0,0.000000,15.818549,71.848259,0.280675,-75.083319,30647707977,59887.34,511756,511756
1032,-4728992.6166,0.0000,4728992.6166,640316619.9929,7385.3973,0,0.000000,15.666813,64.290490,0.302477,-73.890510,30688106048,59922.96,512126,512126
1033,-4804657.5968,0.0000,4804657.5968,634031921.6240,7577.9427,0,0.000000,16.079166,56.249975,0.207041,-75.072775,30659713717,59864.71,512150,512150
1034,-4760943.5380,0.0000,4760943.5380,639654362.5710,7442.9939,0,0.000000,15.772393,53.096210,0.281801,-74.389743,30625654378,59871.51,511523,511523
1035,-4839014.0866,0.0000,4839014.0866,644503875.5387,7508.1226,0,0.000000,16.164344,58.986691,0.216187,-75.609595,30647542935,59888.78,511741,511741
1036,-4703141.2652,0.0000,4703141.2652,638521542.7344,7365.6736,0,0.000000,15.967151,55.786698,0.329273,-73.486582,30695328206,59950.99,512007,512007
1037,-4874933.2348,0.0000,4874933.2348,648288125.6583,7519.7016,0,0.000000,16.167974,52.691806,0.235642,-76.170832,30679231914,59897.68,512194,512194
1038,-4802168.3990,0.0000,4802168.3990,643748055.9674,7459.7016,0,0.000000,15.781450,54.158555,0.272030,-75.033881,30723567539,59908.45,512842,512842
1039,-4801802.8345,0.0000,4801802.8345,642548556.2129,7473.0583,0,0.000000,16.016422,55.993753,0.293792,-75.028169,30678705290,59907.76,512099,512099
104,-4790322.2851,0.0000,4790322.2851,646190327.9267,7413.1755,0,0.000000,15.854860,61.575894,0.392813,-74.848786,30616487238,59886.49,511242,511242
1040,-4746478.8666,0.0000,4746478.8666,635627865.4748,7467.3864,0,0.000000,15.913909,50.192588,0.296217,-74.163732,30705162822,59934.97,512308,512308
1041,-4825600.4796,0.0000,4825600.4796,641790340.7185,7518.9671,0,0.000000,16.032556,59.206294,0.254604,-75.400007,30642648364,59858.16,511921,511921
105,-4869154.8176,0.0000,4869154.8176,659971760.3705,7377.8230,0,0.000000,15.981184,62.513100,0.419684,-76.080544,30700476092,59887.48,512636,512636
106,-4732372.2012,0.0000,4732372.2012,641560258.6781,7376.3487,0,0.000000,15.670256,50.928372,0.349055,-73.943316,30663599167,59867.86,512188,512188
107,-4706850.7056,0.0000,4706850.7056,630719764.2347,7462.6656,0,0.000000,15.859902,49.405678,0.358701,-73.544542,30676798870,59835.92,512682,512682
108,-4849969.0222,0.0000,4849969.0222,656811808.6944,7384.1075,0,0.000000,15.680907,56.150028,0.339585,-75.780766,30688249316,59944.89,511941,511941
109,-4781748.0798,0.0000,4781748.0798,646766349.3490,7393.3161,0,0.000000,15.789725,63.001950,0.303947,-74.714814,30617602311,59924.18,510939,510939
110,-4898706.1632,0.0000,4898706.1632,652354564.4023,7509.2694,0,0.000000,16.112768,58.632587,0.349564,-76.542284,30671788828,59905.60,512002,512002
111,-4897178.1081,0.0000,4897178.1081,653884571.2433,7489.3618,0,0.000000,16.161393,53.237864,0.314969,-76.518408,30641179702,59891.32,511613,511613
112,-4690977.4416,0.0000,4690977.4416,636517388.9494,7369.7554,0,0.000000,15.852123,63.164568,0.421566,-73.296523,30610870043,59912.53,510926,510926
113,-4610812.9390,0.0000,4610812.9390,619695999.9239,7440.4433,0,0.000000,15.414124,62.837808,0.276660,-72.043952,30705765340,59939.30,512281,512281
114,-4758592.5105,0.0000,4758592.5105,631624066.0232,7533.8999,0,0.000000,15.920746,53.667800,0.318297,-74.353008,30636256806,59845.91,511919,511919
115,-4842619.4646,0.0000,4842619.4646,649762208.0415,7452.9103,0,0.000000,15.909558,45.653906,0.359647,-75.665929,30710776119,59895.42,512740,512740
116,-4775493.4802,0.0000,4775493.4802,647796695.2983,7371.9016,0,0.000000,15.796252,57.771146,0.375732,-74.617086,30613328543,59892.96,511134,511134
117,-4919642.6333,0.0000,4919642.6333,662076724.6787,7430.6231,0,0.000000,15.888861,58.106963,0.373984,-76.869416,30636105194,59946.79,511055,511055
118,-4788658.9660,0.0000,4788658.9660,643546359.2283,7441.0474,0,0.000000,16.217335,53.453010,0.363246,-74.822796,30636002395,59882.61,511601,511601
119,-4848639.5297,0.0000,4848639.5297,652406889.1211,7431.9257,0,0.000000,15.783892,54.926369,0.373393,-75.759993,30658899631,59881.01,511997,511997
120,-4780926.1329,0.0000,4780926.1329,645233942.1134,7409.6011,0,0.000000,16.065408,50.093520,0.367513,-74.701971,30633386822,59937.36,511090,511090
121,-4772322.3058,0.0000,4772322.3058,643954211.2948,7410.9653,0,0.000000,16.126816,49.423574,0.322694,-74.567536,30707408705,59945.55,512255,512255
122,-4832787.5182,0.0000,4832787.5182,657169439.9706,7353.9444,0,0.000000,15.956623,59.972374,0.444320,-75.512305,30687503138,59922.84,512117,512117
123,-4761318.8750,0.0000,4761318.8750,635789696.9954,7488.8267,0,0.000000,15.793222,60.770511,0.385176,-74.395607,30678908374,59883.02,512314,512314
124,-4579176.1008,0.0000,4579176.1008,629998027.4120,7268.5563,0,0.000000,15.410880,42.948509,0.377403,-71.549627,30717068046,59921.83,512619,512619
125,-4753281.3458,0.0000,4753281.3458,640518683.4269,7420.9878,0,0.000000,15.966844,54.953560,0.315398,-74.270021,30671302902,59901.03,512033,512033
126,-4650216.8273,0.0000,4650216.8273,630008933.4797,7381.1919,0,0.000000,15.624723,57.741818,0.322232,-72.659638,30679392958,59954.53,511711,511711
127,-4814787.8040,0.0000,4814787.8040,650035416.2939,7406.9623,0,0.000000,15.786559,46.910784,0.354061,-75.231059,30728103655,59946.98,512588,512588
128,-4752552.7000,0.0000,4752552.7000,635298440.2834,7480.8191,0,0.000000,16.202951,54.611083,0.384584,-74.258636,30681602744,59857.32,512579,512579
129,-4672510.3456,0.0000,4672510.3456,631420660.9487,7399.9960,0,0.000000,15.722161,63.513475,0.361781,-73.007974,30701638830,59880.17,512718,512718
130,-4962514.1854,0.0000,4962514.1854,663337421.7894,7481.1311,0,0.000000,16.296446,59.335450,0.341453,-77.539284,30696021629,59906.95,512395,512395
131,-4716804.7904,0.0000,4716804.7904,635730914.3092,7419.4989,0,0.000000,15.906427,46.889292,0.324987,-73.700075,30641413014,59900.09,511542,511542
132,-4739416.3126,0.0000,4739416.3126,643047465.8222,7370.2434,0,0.000000,15.966010,50.232760,0.381966,-74.053380,30659784640,59870.70,512100,512100
133,-4783511.0169,0.0000,4783511.0169,638538145.1714,7491.3473,0,0.000000,15.803755,58.446717,0.302493,-74.742360,30632621924,59827.24,512018,512018
134,-4753164.8779,0.0000,4753164.8779,636799186.2141,7464.1504,0,0.000000,15.654570,47.482385,0.307324,-74.268201,30711995800,59890.20,512805,512805
135,-4816734.8586,0.0000,4816734.8586,654408907.4585,7360.4360,0,0.000000,15.802978,54.891453,0.482275,-75.261482,30703383789,59934.30,512284,512284
136,-4816597.4955,0.0000,4816597.4955,650443211.4134,7405.1007,0,0.000000,15.891634,48.121696,0.374523,-75.259336,30689939541,59942.46,511990,511990
137,-4758546.7642,0.0000,4758546.7642,644629811.2563,7381.8286,0,0.000000,15.586763,56.604700,0.345275,-74.352293,30699026197,59911.29,512408,512408
138,-4804723.1394,0.0000,4804723.1394,638843890.1828,7520.9659,0,0.000000,15.941466,49.909447,0.363120,-75.073799,30706479246,59914.73,512503,512503
139,-4860383.5546,0.0000,4860383.5546,650517429.1397,7471.5655,0,0.000000,16.153307,54.776072,0.386393,-75.943493,30731669866,59978.75,512376,512376
140,-4776815.3904,0.0000,4776815.3904,652332197.0629,7322.6730,0,0.000000,15.456134,51.990653,0.353337,-74.637740,30705917695,59926.38,512394,512394
141,-4791421.8227,0.0000,4791421.8227,650863118.4594,7361.6429,0,0.000000,15.809145,65.723222,0.380538,-74.865966,30655756772,59889.15,511875,511875
142,-4703914.9042,0.0000,4703914.9042,643585797.4404,7308.9166,0,0.000000,15.447900,49.433543,0.395154,-73.498670,30643898934,59909.87,511500,511500
143,-4628766.5762,0.0000,4628766.5762,636281320.3409,7274.7171,0,0.000000,15.186791,50.456060,0.376663,-72.324478,30677031065,59966.32,511571,511571
144,-4754656.6845,0.0000,4754656.6845,644059471.4877,7382.3255,0,0.000000,16.058356,56.699722,0.431173,-74.291511,30608406665,59915.92,510856,510856
145,-4622041.4655,0.0000,4622041.4655,633178390.6151,7299.7461,0,0.000000,15.420690,49.633986,0.365587,-72.219398,30693125314,59916.73,512263,512263
146,-4699354.1426,0.0000,4699354.1426,646165583.5645,7272.6779,0,0.000000,15.383473,55.159539,0.386513,-73.427408,30728260476,59949.98,512565,512565
147,-4794231.2715,0.0000,4794231.2715,648836855.8472,7388.9626,0,0.000000,15.731117,59.389709,0.383199,-74.909864,30682913043,59942.32,511874,511874
148,-4694492.5084,0.0000,4694492.5084,634028969.1365,7404.2240,0,0.000000,15.827992,47.906052,0.369618,-73.351445,30731693519,59880.51,513217,513217
149,-4829668.8818,0.0000,4829668.8818,650254324.4117,7427.3537,0,0.000000,15.946996,62.313675,0.347629,-75.463576,30687063958,59906.19,512252,512252
150,-4689731.7219,0.0000,4689731.7219,625888692.3148,7492.9165,0,0.000000,15.916885,50.023629,0.326792,-73.277058,30709319664,59926.24,512452,512452
151,-4944753.7359,0.0000,4944753.7359,651155093.7249,7593.8187,0,0.000000,16.304697,53.765833,0.404197,-77.261777,30659686389,59870.86,512097,512097
152,-4670326.7198,0.0000,4670326.7198,633304625.9931,7374.5344,0,0.000000,15.644830,59.219036,0.302562,-72.973855,30638423425,59865.69,511786,511786
153,-4737609.8555,0.0000,4737609.8555,642874778.8837,7369.4132,0,0.000000,15.666552,53.070834,0.359372,-74.025154,30685986073,59923.15,512089,512089
154,-4735630.7260,0.0000,4735630.7260,643149270.2882,7363.1907,0,0.000000,15.763246,52.333442,0.387791,-73.994230,30699653697,59877.23,512710,512710
155,-4913117.5840,0.0000,4913117.5840,654522143.5982,7506.4192,0,0.000000,16.130729,65.963121,0.311339,-76.767462,30649809508,59931.50,511414,511414
156,-4885967.8349,0.0000,4885967.8349,649749345.2898,7519.7734,0,0.000000,16.120350,60.306807,0.370606,-76.343247,30698237989,59920.51,512316,512316
157,-4862664.8900,0.0000,4862664.8900,651723984.1707,7461.2336,0,0.000000,16.106049,50.449541,0.365171,-75.979139,30713647658,59928.25,512507,512507
158,-4627668.4701,0.0000,4627668.4701,633280329.9443,7307.4565,0,0.000000,15.545158,53.627296,0.307144,-72.307320,30693833667,59882.11,512571,512571
159,-4862061.0742,0.0000,4862061.0742,649972205.0181,7480.4138,0,0.000000,16.187561,52.842691,0.386308,-75.969704,30643243730,59906.01,511522,511522
160,-4871020.1485,0.0000,4871020.1485,656331446.9095,7421.5858,0,0.000000,15.979287,48.240855,0.420615,-76.109690,30682211393,59946.68,511825,511825
161,-4654994.5859,0.0000,4654994.5859,628274945.3465,7409.1679,0,0.000000,15.677478,58.710481,0.362674,-72.734290,30630900062,59874.74,511583,511583
162,-4723013.0127,0.0000,4723013.0127,631512830.0208,7478.8869,0,0.000000,15.902874,52.707068,0.416617,-73.797078,30688781362,59925.80,512113,512113
163,-4758721.1845,0.0000,4758721.1845,640039234.0105,7435.0461,0,0.000000,15.759422,53.447327,0.347412,-74.355019,30653464304,59888.65,511841,511841
164,-4739954.6422,0.0000,4739954.6422,632029559.2412,7499.5775,0,0.000000,15.900832,43.230767,0.365028,-74.061791,30689210753,59947.48,511935,511935
165,-4764550.0650,0.0000,4764550.0650,646082222.9573,7374.5259,0,0.000000,15.667378,52.419960,0.404905,-74.446095,30643727344,59925.35,511365,511365
166,-4689411.4413,0.0000,4689411.4413,640626980.4219,7320.0343,0,0.000000,15.532509,44.489754,0.398729,-73.272054,30660699739,59897.75,511884,511884
167,-4925213.9287,0.0000,4925213.9287,663714576.8924,7420.6807,0,0.000000,15.774031,57.273837,0.410762,-76.956468,30638241062,59859.96,511832,511832
168,-4748564.9838,0.0000,4748564.9838,647058981.9136,7338.6895,0,0.000000,15.693816,55.515949,0.445379,-74.196328,30621840490,59879.86,511388,511388
169,-4690141.0615,0.0000,4690141.0615,634734389.8983,7389.1397,0,0.000000,15.534533,60.717992,0.389113,-73.283454,30623060597,59840.12,511748,511748
170,-4783367.8057,0.0000,4783367.8057,641243262.2021,7459.5214,0,0.000000,16.184779,49.682627,0.343091,-74.740122,30624432019,59805.05,512071,512071
171,-4665239.2315,0.0000,4665239.2315,639939052.2023,7290.1305,0,0.000000,15.157710,48.225405,0.335267,-72.894363,30735593627,59987.57,512366,512366
172,-4625976.2354,0.0000,4625976.2354,630458684.7236,7337.4772,0,0.000000,15.524231,48.749912,0.360848,-72.280879,30665648056,59899.11,511955,511955
173,-4667475.0091,0.0000,4667475.0091,634607267.4351,7354.9032,0,0.000000,15.819643,58.092593,0.327294,-72.929297,30684421596,59927.94,512022,512022
174,-4734817.9365,0.0000,4734817.9365,643693435.5439,7355.7033,0,0.000000,15.553548,47.698214,0.339030,-73.981530,30702419945,59918.74,512401,512401
175,-4794715.6129,0.0000,4794715.6129,635441956.1647,7545.4816,0,0.000000,15.955892,55.894964,0.361815,-74.917431,30683869025,59892.93,512312,512312
176,-4519418.4736,0.0000,4519418.4736,615431319.5032,7343.4977,0,0.000000,15.611094,50.128615,0.363582,-70.615914,30651699303,59837.62,512248,512248
177,-4712222.2325,0.0000,4712222.2325,643923171.4559,7317.9883,0,0.000000,15.772270,51.771161,0.416423,-73.628472,30645238553,59885.80,511728,511728
178,-4921480.6104,0.0000,4921480.6104,663597881.8057,7416.3597,0,0.000000,16.141563,57.455645,0.375669,-76.898135,30681327446,59888.21,512310,512310
179,-4734121.5649,0.0000,4734121.5649,633392940.5894,7474.2253,0,0.000000,16.079509,53.186468,0.352363,-73.970649,30670127555,59913.24,511909,511909
180,-4642632.6596,0.0000,4642632.6596,629833648.3124,7371.2046,0,0.000000,15.596286,44.749566,0.374563,-72.541135,30735462433,59924.98,512899,512899
181,-4837033.0496,0.0000,4837033.0496,645069147.5131,7498.4722,0,0.000000,16.140078,63.806476,0.333183,-75.578641,30672354319,59900.04,512059,512059
182,-4734541.1130,0.0000,4734541.1130,640223821.5680,7395.1343,0,0.000000,15.783180,50.533351,0.336483,-73.977205,30707433252,59905.49,512598,512598
183,-4538650.8069,0.0000,4538650.8069,610494632.2738,7434.3828,0,0.000000,15.412461,56.848180,0.294688,-70.916419,30732451214,59910.12,512976,512976
184,-4775311.2688,0.0000,4775311.2688,642089398.7635,7437.1439,0,0.000000,16.019878,58.623211,0.327392,-74.614239,30623297921,59898.40,511254,511254
185,-4672224.9665,0.0000,4672224.9665,629007951.3055,7427.9267,0,0.000000,15.766975,47.873790,0.301722,-73.003515,30679570856,59890.16,512264,512264
186,-4766373.6915,0.0000,4766373.6915,646172036.2152,7376.3231,0,0.000000,15.694189,50.399722,0.320809,-74.474589,30633971929,59919.87,511249,511249
187,-4807329.2000,0.0000,4807329.2000,647833509.4940,7420.6245,0,0.000000,16.202987,55.687549,0.372771,-75.114519,30643318425,59901.94,511558,511558
188,-4862852.0508,0.0000,4862852.0508,652394262.1486,7453.8547,0,0.000000,16.187706,58.211264,0.345915,-75.982063,30605277255,59946.17,510546,510546
189,-4726977.3301,0.0000,4726977.3301,636266453.1974,7429.2418,0,0.000000,15.638100,52.540981,0.318932,-73.859021,30648155563,59915.85,511520,511520
190,-4714334.6297,0.0000,4714334.6297,637312965.9799,7397.2050,0,0.000000,15.516085,66.853947,0.261593,-73.661479,30707928317,59923.76,512450,512450
191,-4919215.4402,0.0000,4919215.4402,653762344.1261,7524.4705,0,0.000000,16.189003,51.331268,0.285281,-76.862741,30699392182,59929.32,512260,512260
192,-4770939.7637,0.0000,4770939.7637,641358268.3937,7438.8060,0,0.000000,16.011653,56.458489,0.447041,-74.545934,30674959042,59891.91,512172,512172
193,-4909503.2486,0.0000,4909503.2486,654910645.2625,7496.4475,0,0.000000,16.183539,59.402997,0.330079,-76.710988,30681429557,59916.83,512067,512067
194,-4732139.9449,0.0000,4732139.9449,639738272.1517,7396.9937,0,0.000000,15.847663,77.379712,0.441715,-73.939687,30625222590,59891.27,511347,511347
195,-4826012.3303,0.0000,4826012.3303,640879625.3341,7530.2945,0,0.000000,16.078644,59.591674,0.300932,-75.406443,30670861696,59907.65,511969,511969
196,-4760312.3349,0.0000,4760312.3349,643290890.3127,7399.9374,0,0.000000,15.903614,57.608095,0.311956,-74.379880,30683594896,59913.92,512128,512128
197,-4876237.6714,0.0000,4876237.6714,653610005.3660,7460.4697,0,0.000000,15.772076,54.103494,0.348618,-76.191214,30639135058,59887.33,511613,511613
198,-4816187.2000,0.0000,4816187.2000,647429520.9863,7438.9367,0,0.000000,15.816094,56.430421,0.328803,-75.252925,30642234985,59902.75,511533,511533
199,-4800308.5231,0.0000,4800308.5231,649294245.8471,7393.1173,0,0.000000,15.649272,44.515614,0.389048,-75.004821,30692526669,59911.12,512301,512301
200,-4780288.0244,0.0000,4780288.0244,636629512.1327,7508.7440,0,0.000000,16.255657,63.029717,0.376965,-74.692000,30586052326,59839.83,511132,511132
201,-4748486.6728,0.0000,4748486.6728,633701526.4902,7493.2543,0,0.000000,15.926008,53.295065,0.399721,-74.195104,30674711027,59930.98,511834,511834
202,-4970023.0020,0.0000,4970023.0020,665573671.1494,7467.2771,0,0.000000,16.317411,49.863122,0.426233,-77.656609,30677922037,59922.97,511956,511956
203,-4881473.0672,0.0000,4881473.0672,660871689.3878,7386.4158,0,0.000000,15.793954,49.816032,0.363127,-76.273017,30703283603,59927.56,512340,512340
204,-4803676.8878,0.0000,4803676.8878,647763443.0397,7415.7888,0,0.000000,16.085095,55.921908,0.397860,-75.057451,30674379191,59861.91,512419,512419
205,-4814938.0563,0.0000,4814938.0563,651845512.5661,7386.6245,0,0.000000,15.618124,60.800078,0.288700,-75.233407,30706255271,59894.66,512671,512671
206,-4819535.3827,0.0000,4819535.3827,636079469.7482,7576.9391,0,0.000000,16.278200,69.796201,0.322170,-75.305240,30695582466,59928.55,512203,512203
207,-4731821.0598,0.0000,4731821.0598,641727236.1856,7373.5706,0,0.000000,15.731217,47.930407,0.387097,-73.934704,30682825471,59874.07,512456,512456
208,-4817704.9412,0.0000,4817704.9412,657232459.7500,7330.2906,0,0.000000,15.633357,56.990381,0.437611,-75.276640,30712329763,59925.33,512510,512510
209,-4717908.7017,0.0000,4717908.7017,626933384.0209,7525.3748,0,0.000000,15.836676,55.955670,0.346133,-73.717323,30662910519,59862.77,512220,512220
210,-4761610.9169,0.0000,4761610.9169,638695459.6088,7455.2133,0,0.000000,16.171361,57.207748,0.324864,-74.400171,30691736887,59941.99,512024,512024
211,-4783286.5154,0.0000,4783286.5154,640143717.6362,7472.2072,0,0.000000,15.841702,49.606898,0.299961,-74.738852,30670550483,59904.24,511993,511993
212,-4810003.7852,0.0000,4810003.7852,643871437.5644,7470.4413,0,0.000000,15.844883,52.488679,0.320825,-75.156309,30617539937,59892.65,511207,511207
213,-4898915.5666,0.0000,4898915.5666,662097007.8364,7399.0903,0,0.000000,16.080817,50.927699,0.369651,-76.545556,30749954818,59916.67,513212,513212
214,-4772224.9159,0.0000,4772224.9159,644793000.8172,7401.1736,0,0.000000,15.849117,50.941237,0.395955,-74.566014,30656086487,59890.96,511865,511865
215,-4777721.7054,0.0000,4777721.7054,640399343.5683,7460.5350,0,0.000000,15.792553,56.102319,0.313089,-74.651902,30633499800,59893.05,511470,511470
216,-4765022.1971,0.0000,4765022.1971,640722103.0739,7436.9562,0,0.000000,15.742193,65.462555,0.385005,-74.453472,30660534369,59861.88,512188,512188
217,-4674745.2775,0.0000,4674745.2775,630680848.0597,7412.2201,0,0.000000,15.565458,49.615851,0.305303,-73.042895,30635970424,59909.36,511372,511372
218,-4772837.7671,0.0000,4772837.7671,637559298.2237,7486.1080,0,0.000000,15.980150,52.429037,0.353033,-74.575590,30647695774,59822.68,512309,512309
219,-4628469.9795,0.0000,4628469.9795,629348407.5607,7354.3842,0,0.000000,15.628419,50.996322,0.312703,-72.319843,30682100204,59901.17,512212,512212
220,-4820458.3921,0.0000,4820458.3921,644195154.9471,7482.9162,0,0.000000,16.036702,53.431292,0.359318,-75.319662,30729664499,59882.85,513163,513163
221,-4896543.5282,0.0000,4896543.5282,651335907.8007,7517.6932,0,0.000000,16.296336,48.940370,0.324145,-76.508493,30750166995,59917.55,513208,513208
222,-4824712.3083,0.0000,4824712.3083,651920117.1700,7400.7722,0,0.000000,16.035930,50.149594,0.313558,-75.386130,30746341048,59932.17,513019,513019
223,-4768113.8970,0.0000,4768113.8970,637804083.1695,7475.8284,0,0.000000,15.804255,64.254931,0.316550,-74.501780,30657834299,59884.20,511952,511952
224,-4899819.5327,0.0000,4899819.5327,656681758.9137,7461.4826,0,0.000000,16.156597,50.380349,0.414402,-76.559680,30694365929,59890.28,512510,512510
225,-4770079.4738,0.0000,4770079.4738,648748861.1051,7352.7366,0,0.000000,15.720667,53.785902,0.467455,-74.532492,30647701020,59927.73,511411,511411
226,-4771961.2705,0.0000,4771961.2705,645665776.4867,7390.7607,0,0.000000,15.834767,47.475422,0.351333,-74.561895,30719604866,59932.74,512568,512568
227,-4873162.2111,0.0000,4873162.2111,658061912.5469,7405.3248,0,0.000000,15.926204,48.236820,0.414344,-76.143160,30724708948,59917.21,512786,512786
228,-4859542.0902,0.0000,4859542.0902,641563244.7841,7574.5332,0,0.000000,16.112744,64.073947,0.294578,-75.930345,30647586093,59896.47,511676,511676
229,-4842416.9551,0.0000,4842416.9551,650088107.4365,7448.8625,0,0.000000,15.928740,48.736716,0.388731,-75.662765,30697644482,59942.05,512122,512122
230,-4736281.1823,0.0000,4736281.1823,637301271.5069,7431.7774,0,0.000000,15.673969,46.597588,0.325208,-74.004393,30631683919,59834.87,511937,511937
231,-4735149.8777,0.0000,4735149.8777,638989763.0684,7410.3689,0,0.000000,15.649418,57.000467,0.421112,-73.986717,30700868659,59883.92,512673,512673
232,-4780347.5071,0.0000,4780347.5071,630958499.0034,7576.3264,0,0.000000,16.065273,59.157485,0.300665,-74.692930,30618024998,59865.49,511447,511447
233,-4776354.7457,0.0000,4776354.7457,646680745.6690,7385.9548,0,0.000000,16.028625,55.452085,0.351462,-74.630543,30659730743,59878.78,512030,512030
234,-4736671.8738,0.0000,4736671.8738,638950406.9725,7413.2074,0,0.000000,16.008438,52.783759,0.381883,-74.010498,30666412115,59894.17,512010,512010
235,-4837840.0620,0.0000,4837840.0620,653048986.1814,7408.0814,0,0.000000,16.012186,75.121472,0.381003,-75.591251,30692193833,59919.83,512221,512221
236,-4795626.0790,0.0000,4795626.0790,640683278.8782,7485.1744,0,0.000000,15.788129,57.634206,0.274856,-74.931657,30725099265,59945.56,512550,512550
237,-4794534.8819,0.0000,4794534.8819,639674245.2177,7495.2758,0,0.000000,16.070912,56.344371,0.350764,-74.914608,30656688998,59885.70,511920,511920
238,-4814229.2111,0.0000,4814229.2111,648037492.1483,7428.9362,0,0.000000,15.875261,50.835015,0.312102,-75.222331,30638477210,59891.66,511565,511565
239,-4712349.5836,0.0000,4712349.5836,641936509.8755,7340.8344,0,0.000000,15.713522,54.922058,0.320982,-73.630462,30716854540,59952.29,512355,512355
240,-4564535.5646,0.0000,4564535.5646,621681585.8552,7342.2403,0,0.000000,15.372687,60.082864,0.325028,-71.320868,30684603821,59873.80,512488,512488
241,-4770454.4092,0.0000,4770454.4092,645730180.2399,7387.6900,0,0.000000,15.822093,58.869882,0.387727,-74.538350,30658665041,59918.71,511671,511671
242,-4700624.5458,0.0000,4700624.5458,633360369.8295,7421.7219,0,0.000000,15.594014,53.352849,0.311079,-73.447259,30690548015,59944.82,511980,511980
243,-4805918.1297,0.0000,4805918.1297,645231610.6559,7448.3613,0,0.000000,16.150788,49.614727,0.371662,-75.092471,30678533370,59929.31,511912,511912
244,-4799721.9249,0.0000,4799721.9249,643555098.6410,7458.1367,0,0.000000,15.846239,65.052020,0.303310,-74.995655,30677423262,59935.81,511838,511838
245,-4853854.9105,0.0000,4853854.9105,652979409.7312,7433.3966,0,0.000000,15.919047,58.594204,0.366096,-75.841483,30687380994,59941.09,511959,511959
246,-4801045.5554,0.0000,4801045.5554,642354062.5803,7474.1421,0,0.000000,15.837149,51.825494,0.339503,-75.016337,30696611925,59957.48,511973,511973
247,-4759393.2829,0.0000,4759393.2829,637450870.9229,7466.2903,0,0.000000,16.045561,54.045343,0.358982,-74.365520,30660732331,59885.41,511990,511990
248,-4851526.2666,0.0000,4851526.2666,648686126.4697,7479.0042,0,0.000000,16.303574,53.577155,0.440320,-75.805098,30673632194,59892.01,512149,512149
249,-4705750.4923,0.0000,4705750.4923,633657631.1471,7426.3297,0,0.000000,15.766609,50.954045,0.347630,-73.527351,30719566760,59908.59,512774,512774
250,-4652497.2103,0.0000,4652497.2103,627024031.0424,7419.9663,0,0.000000,15.634020,52.204610,0.317021,-72.695269,30650497746,59904.62,511655,511655
251,-4773088.3890,0.0000,4773088.3890,645745980.8637,7391.5882,0,0.000000,16.134329,57.575914,0.345949,-74.579506,30643132487,59943.88,511197,511197
252,-4698000.4019,0.0000,4698000.4019,641151545.8227,7327.4414,0,0.000000,15.558697,45.761100,0.372112,-73.406256,30679348493,59949.17,511756,511756
253,-4594744.0124,0.0000,4594744.0124,622241331.8708,7384.1832,0,0.000000,15.205648,49.550770,0.302601,-71.792875,30679625048,59881.85,512336,512336
254,-4697787.3766,0.0000,4697787.3766,643189119.5245,7303.8975,0,0.000000,15.629270,51.468226,0.359964,-73.402928,30647077296,59916.08,511500,511500
255,-4619043.2356,0.0000,4619043.2356,623352148.9223,7410.0061,0,0.000000,15.642277,50.872355,0.325165,-72.172551,30624458810,59829.99,511858,511858
256,-4753309.2943,0.0000,4753309.2943,641974157.1769,7404.2066,0,0.000000,15.901074,50.474633,0.297895,-74.270458,30661775463,59896.57,511912,511912
257,-4796724.1782,0.0000,4796724.1782,650657611.4980,7372.1172,0,0.000000,15.936065,58.815534,0.420805,-74.948815,30732521610,59919.48,512897,512897
258,-4935670.2289,0.0000,4935670.2289,649222728.0239,7602.4298,0,0.000000,16.171609,56.802324,0.339291,-77.119847,30639249084,59881.81,511662,511662
259,-4782300.6944,0.0000,4782300.6944,639215673.7969,7481.5135,0,0.000000,16.046821,65.564030,0.309873,-74.723448,30672835438,59894.31,512116,512116
260,-4751503.7489,0.0000,4751503.7489,638993952.2128,7435.9135,0,0.000000,16.077501,58.201982,0.335679,-74.242246,30680052109,59879.52,512363,512363
261,-4621435.8791,0.0000,4621435.8791,629175339.3898,7345.2273,0,0.000000,15.485037,44.927798,0.330654,-72.209936,30717328653,59873.75,513035,513035
262,-4801910.7414,0.0000,4801910.7414,643099557.0154,7466.8233,0,0.000000,16.278389,46.620528,0.374269,-75.029855,30617390013,59869.16,511405,511405
263,-4800577.3916,0.0000,4800577.3916,644506354.3913,7448.4563,0,0.000000,15.776860,57.315476,0.338556,-75.009022,30697527102,59914.33,512357,512357
264,-4753902.8193,0.0000,4753902.8193,635543862.6152,7480.0546,0,0.000000,15.750320,65.402586,0.283719,-74.279732,30652280668,59907.99,511656,511656
265,-4745322.9748,0.0000,4745322.9748,641289438.7670,7399.6587,0,0.000000,15.814777,61.941053,0.400287,-74.145671,30694114499,59894.23,512472,512472
266,-4872452.8270,0.0000,4872452.8270,651165178.2662,7482.6680,0,0.000000,15.990609,52.474218,0.310879,-76.132075,30654961520,59906.20,511716,511716
267,-4601231.5253,0.0000,4601231.5253,631596642.1725,7285.0791,0,0.000000,15.343424,55.349132,0.344075,-71.894243,30713207060,59916.52,512600,512600
268,-4883312.4377,0.0000,4883312.4377,660227081.7392,7396.4134,0,0.000000,15.833416,61.307965,0.374610,-76.301757,30668769162,59898.54,512012,512012
269,-4797467.0365,0.0000,4797467.0365,644855265.9074,7439.6028,0,0.000000,15.974801,53.097820,0.345477,-74.960422,30673056142,59919.43,511905,511905
270,-4749274.5508,0.0000,4749274.5508,641058164.0557,7408.4924,0,0.000000,15.905264,48.882671,0.347281,-74.207415,30624542740,59877.41,511454,511454
271,-4771776.3527,0.0000,4771776.3527,648198812.0543,7361.5938,0,0.000000,15.706702,56.709744,0.436226,-74.559006,30664529616,59917.52,511779,511779
272,-4645102.8420,0.0000,4645102.8420,631482690.5421,7355.8672,0,0.000000,15.687387,44.657089,0.269436,-72.579732,30646694055,59925.06,511417,511417
273,-4719084.1135,0.0000,4719084.1135,632580081.3233,7460.0580,0,0.000000,15.853026,56.592869,0.346706,-73.735689,30618859692,59919.96,510996,510996
274,-4753854.2561,0.0000,4753854.2561,639476821.9334,7433.9743,0,0.000000,15.991597,64.033124,0.404250,-74.278973,30614436605,59859.53,511438,511438
275,-4876828.3402,0.0000,4876828.3402,653321207.4454,7464.6717,0,0.000000,16.102710,61.240797,0.424756,-76.200443,30678476254,59863.48,512474,512474
276,-4696391.5416,0.0000,4696391.5416,627991901.7437,7478.4269,0,0.000000,15.776501,52.707435,0.327342,-73.381118,30698230104,59905.30,512446,512446
277,-4740212.6224,0.0000,4740212.6224,641553706.8029,7388.6451,0,0.000000,15.641058,56.710281,0.342095,-74.065822,30721471835,59920.72,512702,512702
278,-4812991.4631,0.0000,4812991.4631,649765575.8828,7407.2737,0,0.000000,15.606402,54.207873,0.367326,-75.202992,30705602651,59916.18,512476,512476
279,-4907370.3450,0.0000,4907370.3450,663089240.5827,7400.7691,0,0.000000,16.015882,51.514126,0.418476,-76.677662,30652494887,59913.91,511609,511609
280,-4886462.1630,0.0000,4886462.1630,652959360.2079,7483.5625,0,0.000000,16.298249,58.776522,0.355839,-76.350971,30689558544,59907.78,512280,512280
281,-4797896.2728,0.0000,4797896.2728,652707302.3270,7350.7624,0,0.000000,15.899915,51.346587,0.375792,-74.967129,30704281477,59924.94,512379,512379
282,-4723046.9578,0.0000,4723046.9578,630687251.8985,7488.7307,0,0.000000,15.901016,56.206388,0.241151,-73.797609,30620267892,59816.89,511900,511900
283,-4712040.2066,0.0000,4712040.2066,637418247.4198,7392.3836,0,0.000000,15.699952,46.157825,0.325963,-73.625628,30624305483,59859.75,511601,511601
284,-4736499.7096,0.0000,4736499.7096,645197614.4368,7341.1612,0,0.000000,15.473504,50.621214,0.369533,-74.007808,30699123558,59963.44,511964,511964
285,-4740243.5281,0.0000,4740243.5281,642349467.2639,7379.5399,0,0.000000,15.794267,50.304007,0.330168,-74.066305,30710799348,59927.25,512468,512468
286,-4690966.8621,0.0000,4690966.8621,636630597.7070,7368.4282,0,0.000000,15.358202,47.502170,0.294689,-73.296357,30626340480,59919.12,511128,511128
287,-4664425.0294,0.0000,4664425.0294,635709116.3756,7337.3575,0,0.000000,15.648119,47.691968,0.346253,-72.881641,30704571125,59913.11,512485,512485
288,-4796886.0571,0.0000,4796886.0571,636144488.1440,7540.5606,0,0.000000,15.997748,48.980369,0.333695,-74.951345,30656706103,59891.23,511873,511873
289,-4709351.9327,0.0000,4709351.9327,634173340.1123,7425.9696,0,0.000000,15.758744,64.503323,0.326947,-73.583624,30689645158,59949.14,511928,511928
290,-4891485.9241,0.0000,4891485.9241,658363884.0278,7429.7604,0,0.000000,16.050134,54.382284,0.363111,-76.429468,30723594319,59960.88,512394,512394
291,-4602787.9552,0.0000,4602787.9552,627348799.6393,7336.8881,0,0.000000,15.417410,58.671065,0.348552,-71.918562,30660753387,59925.60,511647,511647
292,-4650577.5550,0.0000,4650577.5550,628331262.7464,7401.4741,0,0.000000,15.843885,56.836360,0.348061,-72.665274,30608981172,59869.23,511264,511264
293,-4812214.9827,0.0000,4812214.9827,648935982.7360,7415.5465,0,0.000000,15.836573,64.082487,0.346721,-75.190859,30689520868,59867.86,512621,512621
294,-4783216.1554,0.0000,4783216.1554,637845779.6331,7499.0167,0,0.000000,15.993603,56.281102,0.331581,-74.737752,30653881050,59913.92,511632,511632
295,-4793259.1286,0.0000,4793259.1286,636719942.9454,7528.0493,0,0.000000,16.258069,57.601936,0.301059,-74.894674,30673378468,59911.87,511975,511975
296,-4815246.3831,0.0000,4815246.3831,647516247.0102,7436.4874,0,0.000000,15.988794,49.575827,0.318172,-75.238225,30670746823,59895.61,512070,512070
297,-4736248.5381,0.0000,4736248.5381,639045802.8687,7411.4383,0,0.000000,15.739786,47.482793,0.364948,-74.003883,30736679877,59921.75,512947,512947
298,-4693247.6132,0.0000,4693247.6132,631434553.9019,7432.6747,0,0.000000,15.663997,58.145152,0.313694,-73.331994,30689932645,59929.69,512099,512099
299,-4796023.6799,0.0000,4796023.6799,645005094.1234,7435.6369,0,0.000000,16.100227,48.964688,0.396499,-74.937870,30648325964,59881.18,511819,511819
300,-4745221.5713,0.0000,4745221.5713,643120274.1244,7378.4357,0,0.000000,15.671962,50.555435,0.341299,-74.144087,30678979486,59933.93,511880,511880
301,-4911661.8731,0.0000,4911661.8731,652744923.1556,7524.6267,0,0.000000,16.079916,49.652421,0.316733,-76.744717,30643995382,59913.10,511474,511474
302,-4791605.8934,0.0000,4791605.8934,646666691.9839,7409.6995,0,0.000000,15.944217,56.642036,0.343341,-74.868842,30694629476,59929.96,512175,512175
303,-4751444.1693,0.0000,4751444.1693,634944964.3622,7483.2378,0,0.000000,16.078449,45.403480,0.395935,-74.241315,30702502677,59918.78,512402,512402
304,-4682136.6060,0.0000,4682136.6060,645335824.8612,7255.3490,0,0.000000,15.391370,54.066718,0.361826,-73.158384,30683435354,59926.59,512017,512017
305,-4773032.4842,0.0000,4773032.4842,640489492.1038,7452.1636,0,0.000000,15.891299,60.673289,0.311770,-74.578633,30679153981,59878.47,512357,512357
306,-4714930.0237,0.0000,4714930.0237,638148910.3052,7388.4480,0,0.000000,15.574591,47.940216,0.310544,-73.670782,30690691164,59930.58,512104,512104
307,-4623570.6690,0.0000,4623570.6690,630505887.6590,7333.1126,0,0.000000,15.489506,51.858797,0.333451,-72.243292,30679977109,59885.81,512308,512308
308,-4825408.6514,0.0000,4825408.6514,652792736.9553,7391.9460,0,0.000000,15.829613,63.715954,0.423747,-75.397010,30715201923,59915.50,512642,512642
309,-4557850.7503,0.0000,4557850.7503,622735983.7899,7319.0740,0,0.000000,15.403527,46.791158,0.445904,-71.216418,30710400458,59978.67,512022,512022
310,-4753587.3710,0.0000,4753587.3710,649577279.2496,7317.9705,0,0.000000,15.687239,68.894552,0.429752,-74.274803,30716653940,59979.17,512122,512122
311,-4749385.7565,0.0000,4749385.7565,637760730.4934,7446.9711,0,0.000000,15.789895,56.945690,0.341782,-74.209152,30674498943,59895.57,512133,512133
312,-4723367.3106,0.0000,4723367.3106,640099494.1905,7379.1143,0,0.000000,15.829915,53.642022,0.349582,-73.802614,30669339260,59867.73,512285,512285
313,-4552847.3948,0.0000,4552847.3948,623063044.3972,7307.2018,0,0.000000,15.566160,52.581882,0.353210,-71.138241,30683443964,59873.76,512469,512469
314,-4712266.4974,0.0000,4712266.4974,643329729.7328,7324.8076,0,0.000000,15.515965,61.060509,0.358573,-73.629164,30669001009,59912.68,511895,511895
315,-4753264.2674,0.0000,4753264.2674,639373328.3065,7434.2549,0,0.000000,15.831479,54.936338,0.381533,-74.269754,30695987393,59889.47,512544,512544
316,-4790866.7842,0.0000,4790866.7842,650634603.3356,7363.3753,0,0.000000,15.992440,55.592882,0.402676,-74.857294,30726226924,59949.75,512533,512533
317,-4698810.7869,0.0000,4698810.7869,633761969.2115,7414.1571,0,0.000000,15.546579,48.916457,0.241102,-73.418919,30681878309,59929.76,511964,511964
318,-4738768.7808,0.0000,4738768.7808,642470912.1895,7375.8495,0,0.000000,15.868839,53.639460,0.367005,-74.043262,30713023266,59904.71,512698,512698
319,-4724365.8741,0.0000,4724365.8741,643061943.2318,7346.6731,0,0.000000,15.829881,46.719369,0.354817,-73.818217,30695944333,59900.84,512446,512446
320,-4690025.1935,0.0000,4690025.1935,631401329.8829,7427.9622,0,0.000000,15.752214,52.765592,0.319551,-73.281644,30669120165,59901.44,511993,511993
321,-4811069.4483,0.0000,4811069.4483,644482559.3125,7465.0111,0,0.000000,16.204564,57.163207,0.353595,-75.172960,30660851597,59908.81,511792,511792
322,-4620783.9208,0.0000,4620783.9208,623875713.9691,7406.5777,0,0.000000,15.602494,43.390226,0.297170,-72.199749,30659802349,59925.73,511630,511630
323,-4606648.9381,0.0000,4606648.9381,632448344.0995,7283.8343,0,0.000000,15.214605,76.061856,0.414789,-71.978890,30666007289,59884.14,512089,512089
324,-4729005.0867,0.0000,4729005.0867,635328988.0665,7443.3957,0,0.000000,15.820824,60.686269,0.386977,-73.890704,30678861055,59890.87,512246,512246
325,-4633498.5773,0.0000,4633498.5773,636775795.7862,7276.4992,0,0.000000,15.249985,46.060160,0.339996,-72.398415,30663088821,59954.54,511439,511439
326,-4829242.2113,0.0000,4829242.2113,648378402.0906,7448.1849,0,0.000000,15.990349,49.170985,0.295011,-75.456910,30720909423,59959.62,512360,512360
327,-4750754.5624,0.0000,4750754.5624,635094368.7103,7480.3916,0,0.000000,15.999325,48.741216,0.369257,-74.230540,30667714444,59865.61,512276,512276
328,-4773205.6957,0.0000,4773205.6957,644950277.1452,7400.8894,0,0.000000,15.863994,46.398820,0.345933,-74.581339,30671651482,59894.81,512092,512092
329,-4715481.9021,0.0000,4715481.9021,642188673.9945,7342.8294,0,0.000000,15.630489,53.455282,0.366463,-73.679405,30647111668,59907.60,511573,511573
330,-4675549.2246,0.0000,4675549.2246,630794140.0596,7412.1634,0,0.000000,15.514285,52.172372,0.312243,-73.055457,30669938501,59914.04,511899,511899
331,-4708215.3461,0.0000,4708215.3461,640145084.9563,7354.9192,0,0.000000,16.013618,57.521025,0.348024,-73.565865,30651172692,59890.37,511788,511788
332,-4777259.6320,0.0000,4777259.6320,643866806.4237,7419.6396,0,0.000000,15.909098,54.605768,0.359443,-74.644682,30667076389,59928.00,511732,511732
333,-4878381.7777,0.0000,4878381.7777,652372831.9150,7477.9046,0,0.000000,16.127442,59.323433,0.330778,-76.224715,30603355651,59875.44,511117,511117
334,-4726750.2086,0.0000,4726750.2086,633648082.8152,7459.5826,0,0.000000,15.983916,52.900361,0.314210,-73.855472,30645501825,59950.98,511176,511176
335,-4702480.3686,0.0000,4702480.3686,631015064.1388,7452.2474,0,0.000000,15.776463,61.302922,0.306622,-73.476256,30683122336,59895.92,512274,512274
336,-4683291.8042,0.0000,4683291.8042,640341536.9421,7313.7405,0,0.000000,15.717161,53.041942,0.396531,-73.176434,30609336810,59921.02,510828,510828
337,-4713302.2959,0.0000,4713302.2959,643598816.6620,7323.3545,0,0.000000,15.752670,50.362284,0.372978,-73.645348,30724486260,59940.98,512579,512579
338,-4736073.1380,0.0000,4736073.1380,636540404.3792,7440.3339,0,0.000000,15.745025,58.848718,0.312977,-74.001143,30644925603,59856.99,511969,511969
339,-4776391.2800,0.0000,4776391.2800,643069604.1365,7427.4872,0,0.000000,15.614537,47.823217,0.384809,-74.631114,30712059374,59933.22,512438,512438
340,-4750824.4963,0.0000,4750824.4963,634540115.5360,7487.0357,0,0.000000,16.225958,53.438221,0.308453,-74.231633,30688163046,59885.18,512450,512450
341,-4555729.8859,0.0000,4555729.8859,617210474.0235,7381.1610,0,0.000000,15.751251,52.697626,0.312868,-71.183279,30676345859,59919.54,511959,511959
342,-4850304.9351,0.0000,4850304.9351,648259512.3378,7482.0421,0,0.000000,16.088502,49.214158,0.341352,-75.786015,30695847404,59941.70,512095,512095
343,-4724696.1693,0.0000,4724696.1693,636481568.2347,7423.1469,0,0.000000,15.902269,49.809156,0.369976,-73.823378,30687139588,59898.73,512317,512317
344,-4716289.8867,0.0000,4716289.8867,638982449.8756,7380.9381,0,0.000000,15.795287,49.587223,0.361080,-73.692029,30711944219,59890.80,512799,512799
345,-4708937.9331,0.0000,4708937.9331,630013433.0332,7474.3453,0,0.000000,15.796552,52.089482,0.361764,-73.577155,30657131753,59886.33,511922,511922
346,-4810668.6754,0.0000,4810668.6754,647289156.6667,7432.0242,0,0.000000,15.809570,62.644767,0.309048,-75.166698,30731321033,59968.35,512459,512459
347,-4769516.9405,0.0000,4769516.9405,645201622.7719,7392.2891,0,0.000000,15.789769,52.479749,0.371350,-74.523702,30659404336,59910.20,511756,511756
348,-4867966.3713,0.0000,4867966.3713,649802123.0285,7491.4596,0,0.000000,16.042417,59.367705,0.303698,-76.061975,30673804683,59943.84,511709,511709
349,-4713363.8529,0.0000,4713363.8529,636823358.0853,7401.3677,0,0.000000,15.976169,51.840506,0.323632,-73.646310,30742975112,59902.60,513216,513216
350,-4917734.8116,0.0000,4917734.8116,653315938.5474,7527.3455,0,0.000000,16.221422,51.404201,0.275955,-76.839606,30611259055,59831.44,511625,511625
351,-5005397.1430,0.0000,5005397.1430,667363464.5849,7500.2565,0,0.000000,16.425101,53.240226,0.384106,-78.209330,30700589805,59895.64,512568,512568
352,-4779397.7106,0.0000,4779397.7106,637723101.8080,7494.4717,0,0.000000,16.178535,54.410281,0.282332,-74.678089,30653978505,59935.20,511452,511452
353,-4739175.0311,0.0000,4739175.0311,646071849.1489,7335.3684,0,0.000000,15.829186,61.914601,0.383993,-74.049610,30702650188,59954.29,512101,512101
354,-4679386.3574,0.0000,4679386.3574,627543456.7333,7456.6730,0,0.000000,16.051997,60.553725,0.304745,-73.115412,30699238013,59918.84,512347,512347
355,-4736914.1269,0.0000,4736914.1269,636941228.8662,7436.9721,0,0.000000,15.912576,55.753443,0.330535,-74.014283,30669904522,59882.39,512169,512169
356,-4734046.0176,0.0000,4734046.0176,629995325.8749,7514.4145,0,0.000000,15.967541,50.879809,0.296471,-73.969469,30674224060,59891.29,512165,512165
357,-4659874.8511,0.0000,4659874.8511,630356776.7320,7392.4403,0,0.000000,15.181255,49.132269,0.313073,-72.810545,30739260134,59921.05,512996,512996
358,-4849002.9425,0.0000,4849002.9425,652638160.6654,7429.8489,0,0.000000,16.049881,57.369940,0.397782,-75.765671,30617733441,59878.50,511331,511331
359,-4610464.1782,0.0000,4610464.1782,625647002.0778,7369.1142,0,0.000000,15.553886,53.226394,0.289024,-72.038503,30700451738,59913.61,512412,512412
360,-4697033.7865,0.0000,4697033.7865,630009746.3038,7455.4938,0,0.000000,15.731894,53.816215,0.296030,-73.391153,30681585824,59897.13,512238,512238
361,-4858871.7360,0.0000,4858871.7360,657026561.0481,7395.2440,0,0.000000,16.019850,55.089906,0.427998,-75.919871,30666081082,59888.61,512052,512052
362,-4780138.6063,0.0000,4780138.6063,641991243.2253,7445.8003,0,0.000000,15.749994,50.072451,0.293134,-74.689666,30601519420,59891.53,510949,510949
363,-4618449.9549,0.0000,4618449.9549,630731114.5584,7322.3753,0,0.000000,15.334119,53.188688,0.312707,-72.163281,30670063811,59933.61,511734,511734
364,-4902441.9124,0.0000,4902441.9124,651218926.3626,7528.1011,0,0.000000,16.079939,56.661874,0.284737,-76.600655,30716886582,59923.58,512601,512601
365,-4754606.7093,0.0000,4754606.7093,635182038.7450,7485.4237,0,0.000000,15.577129,53.280704,0.339039,-74.290730,30703634059,59898.19,512597,512597
366,-4853296.5593,0.0000,4853296.5593,644582047.8740,7529.3697,0,0.000000,15.841236,44.576411,0.308891,-75.832759,30656305747,59889.87,511878,511878
367,-4713754.7833,0.0000,4713754.7833,644019158.7205,7319.2773,0,0.000000,15.622225,50.435427,0.325129,-73.652418,30724396164,59930.16,512670,512670
368,-4751913.5908,0.0000,4751913.5908,643466942.4180,7384.8605,0,0.000000,15.688939,50.422647,0.420408,-74.248650,30606049263,59889.50,511042,511042
369,-4745349.6408,0.0000,4745349.6408,641519923.1469,7397.0417,0,0.000000,15.874446,49.740642,0.392649,-74.146088,30730152045,59899.33,513030,513030
370,-4707322.0246,0.0000,4707322.0246,633907394.2895,7425.8828,0,0.000000,15.704881,53.159977,0.322420,-73.551907,30738131751,59962.92,512619,512619
371,-4776441.2694,0.0000,4776441.2694,640427894.0917,7458.2030,0,0.000000,16.393868,56.925493,0.307107,-74.631895,30655293430,59891.17,511850,511850
372,-4833370.9057,0.0000,4833370.9057,651447628.2161,7419.4313,0,0.000000,15.970831,52.768357,0.372715,-75.521420,30680891350,59913.44,512087,512087
373,-4751067.2001,0.0000,4751067.2001,648483296.4673,7326.4296,0,0.000000,15.640145,62.305535,0.364749,-74.235425,30738272779,59959.45,512651,512651
374,-4865037.6992,0.0000,4865037.6992,654847930.0499,7429.2633,0,0.000000,15.698733,57.455142,0.328389,-76.016214,30707661036,59961.50,512123,512123
375,-4796634.7673,0.0000,4796634.7673,639423111.5431,7501.5036,0,0.000000,15.994990,57.764365,0.365552,-74.947418,30633477520,59868.66,511678,511678
376,-4713264.5745,0.0000,4713264.5745,639399100.7227,7371.3969,0,0.000000,15.785354,53.515642,0.344226,-73.644759,30672392123,59943.66,511687,511687
377,-4882714.5273,0.0000,4882714.5273,659011185.2967,7409.1527,0,0.000000,16.059210,46.206253,0.403073,-76.292414,30678888044,59916.66,512026,512026
378,-4662935.6930,0.0000,4662935.6930,629908335.8988,7402.5623,0,0.000000,15.463250,45.682174,0.319785,-72.858370,30614031558,59872.43,511321,511321
379,-4685943.3012,0.0000,4685943.3012,624969507.7417,7497.8751,0,0.000000,15.777335,55.489207,0.315420,-73.217864,30684779781,59872.62,512501,512501
380,-4721280.2798,0.0000,4721280.2798,633962429.1065,7447.2556,0,0.000000,15.638407,54.268609,0.334779,-73.770004,30705693323,59881.65,512773,512773
381,-4791103.7965,0.0000,4791103.7965,642443357.8540,7457.6283,0,0.000000,15.842646,62.506341,0.352113,-74.860997,30691183743,59885.47,512498,512498
382,-4805413.4139,0.0000,4805413.4139,644574146.1524,7455.1755,0,0.000000,15.908841,56.652610,0.305041,-75.084585,30716009895,59891.37,512862,512862
383,-4747619.1531,0.0000,4747619.1531,641117096.9357,7405.2294,0,0.000000,15.821411,64.828026,0.324088,-74.181549,30667498786,59910.56,511888,511888
384,-4896689.4236,0.0000,4896689.4236,651643382.9243,7514.3699,0,0.000000,16.212091,51.570878,0.335558,-76.510772,30642084175,59861.15,511886,511886
385,-4770043.9047,0.0000,4770043.9047,639549114.1036,7458.4481,0,0.000000,15.884388,51.457258,0.286375,-74.531936,30733858872,59930.62,512824,512824
386,-4585566.2347,0.0000,4585566.2347,630164931.7620,7276.7715,0,0.000000,15.558587,50.925682,0.354851,-71.649472,30660421563,59914.53,511736,511736
387,-4716156.0200,0.0000,4716156.0200,628594947.1836,7502.6948,0,0.000000,15.849893,56.180796,0.308623,-73.689938,30630947061,59880.57,511534,511534
388,-4761969.1030,0.0000,4761969.1030,642936512.9287,7406.5930,0,0.000000,15.685324,44.759915,0.326372,-74.405767,30671553158,59888.07,512148,512148
389,-4684012.1585,0.0000,4684012.1585,633478046.7170,7394.1192,0,0.000000,15.862361,61.362960,0.341550,-73.187690,30664972870,59859.32,512284,512284
390,-4812469.0744,0.0000,4812469.0744,648221548.4372,7424.1115,0,0.000000,16.158322,61.395176,0.399901,-75.194829,30608014405,59904.13,510950,510950
391,-4828337.9537,0.0000,4828337.9537,647347127.5986,7458.6536,0,0.000000,15.952873,58.265741,0.316731,-75.442781,30690808978,59950.71,511934,511934
392,-4755539.0045,0.0000,4755539.0045,647945981.6244,7339.4066,0,0.000000,15.858463,52.558090,0.348013,-74.305297,30667400682,59953.82,511517,511517
393,-4650803.2413,0.0000,4650803.2413,624938486.4266,7442.0176,0,0.000000,15.514070,64.170435,0.261042,-72.668801,30723586256,59944.37,512535,512535
394,-4912446.8967,0.0000,4912446.8967,648246629.5973,7578.0524,0,0.000000,16.650455,64.126185,0.340943,-76.756983,30680997219,59893.06,512263,512263
395,-4708537.7201,0.0000,4708537.7201,637761327.2615,7382.9151,0,0.000000,15.765819,63.824442,0.321497,-73.570902,30702136166,59905.09,512513,512513
396,-4858831.6141,0.0000,4858831.6141,643261402.1542,7553.4326,0,0.000000,16.062204,47.140118,0.287131,-75.919244,30659563102,59872.37,512082,512082
397,-4653220.7569,0.0000,4653220.7569,640450324.5738,7265.5452,0,0.000000,15.329615,58.019959,0.339273,-72.706574,30652441046,59901.04,511718,511718
398,-4721385.1050,0.0000,4721385.1050,632911167.9426,7459.7911,0,0.000000,15.875969,50.530065,0.286971,-73.771642,30684742078,59941.91,511908,511908
399,-4904350.8057,0.0000,4904350.8057,655558328.5748,7481.1814,0,0.000000,16.052575,60.083063,0.429623,-76.630481,30677002897,59909.00,512060,512060
400,-4721362.2430,0.0000,4721362.2430,635657487.8039,7427.5256,0,0.000000,16.093679,59.058849,0.308912,-73.771285,30681633532,59878.99,512394,512394
401,-4795804.3465,0.0000,4795804.3465,644296059.0921,7443.4792,0,0.000000,15.929405,68.124739,0.337173,-74.934443,30738178702,59893.96,513210,513210
402,-4879406.5206,0.0000,4879406.5206,644489517.5781,7570.9634,0,0.000000,16.110264,56.153691,0.285002,-76.240727,30671151942,59902.96,512014,512014
403,-4751866.8136,0.0000,4751866.8136,648945491.7166,7322.4437,0,0.000000,15.514285,48.169697,0.414298,-74.247919,30650401990,59899.51,511697,511697
404,-4913177.7947,0.0000,4913177.7947,651939335.5622,7536.2500,0,0.000000,16.237385,55.961934,0.354867,-76.768403,30644753518,59850.93,512018,512018
405,-4681447.1160,0.0000,4681447.1160,626435639.9233,7473.1494,0,0.000000,15.887547,55.212900,0.278016,-73.147611,30632014931,59887.57,511492,511492
406,-4760144.3740,0.0000,4760144.3740,647690078.9589,7349.4168,0,0.000000,15.946973,53.476681,0.391426,-74.377256,30727838251,59917.24,512838,512838
407,-4676526.8768,0.0000,4676526.8768,633726967.9676,7379.4033,0,0.000000,15.662961,56.600976,0.347535,-73.070732,30633386549,59840.77,511915,511915
408,-4658836.2416,0.0000,4658836.2416,629474075.0533,7401.1567,0,0.000000,15.916823,51.176412,0.304077,-72.794316,30629984557,59891.10,511428,511428
409,-4900527.5314,0.0000,4900527.5314,652683980.4944,7508.2700,0,0.000000,16.269779,55.212452,0.356312,-76.570743,30645540749,59876.79,511810,511810
410,-4914236.8473,0.0000,4914236.8473,659240430.2305,7454.3924,0,0.000000,16.123898,53.221392,0.333234,-76.784951,30617919983,59895.03,511193,511193
411,-4817305.3814,0.0000,4817305.3814,639118415.0888,7537.4223,0,0.000000,16.392730,60.196282,0.316825,-75.270397,30609884648,59837.99,511546,511546
412,-4687444.6401,0.0000,4687444.6401,645463736.9064,7262.1348,0,0.000000,15.306942,62.338287,0.418417,-73.241323,30745838710,59953.98,512824,512824
413,-4720285.0985,0.0000,4720285.0985,639356463.9940,7382.8691,0,0.000000,15.494926,63.607828,0.330501,-73.754455,30743356452,59945.98,512851,512851
414,-4916940.7221,0.0000,4916940.7221,656232516.1043,7492.6807,0,0.000000,16.268829,57.331724,0.387296,-76.827199,30668113578,59946.78,511589,511589
415,-4837247.2766,0.0000,4837247.2766,648214962.5621,7462.4122,0,0.000000,16.125834,54.194885,0.388396,-75.581989,30753897496,59979.28,512742,512742
416,-4841625.0761,0.0000,4841625.0761,648776341.5666,7462.7029,0,0.000000,16.118534,54.846853,0.342359,-75.650392,30661072939,59883.04,512016,512016
417,-4801842.1247,0.0000,4801842.1247,637895754.7817,7527.6283,0,0.000000,16.349580,63.903799,0.336052,-75.028783,30609246340,59865.18,511303,511303
418,-4723590.7819,0.0000,4723590.7819,637246158.5869,7412.5057,0,0.000000,15.759469,48.337834,0.306103,-73.806106,30658625551,59912.07,511727,511727
419,-4637049.3732,0.0000,4637049.3732,633908992.2515,7315.0080,0,0.000000,15.557871,51.812264,0.351318,-72.453896,30717420053,59952.57,512362,512362
42,-4708582.5040,0.0000,4708582.5040,632275643.7044,7447.0408,0,0.000000,15.710529,56.007319,0.371810,-73.571602,30652666173,59846.28,512190,512190
420,-4767805.5109,0.0000,4767805.5109,646116026.9473,7379.1785,0,0.000000,15.705715,53.669501,0.353210,-74.496961,30679931531,59884.43,512319,512319
421,-4775920.6688,0.0000,4775920.6688,644072680.3389,7415.1890,0,0.000000,15.647828,55.021520,0.317150,-74.623760,30691095273,59916.75,512229,512229
422,-4742773.4448,0.0000,4742773.4448,631354943.3120,7512.0556,0,0.000000,15.845261,61.686456,0.276869,-74.105835,30657465875,59869.44,512072,512072
423,-4695502.7958,0.0000,4695502.7958,631464416.5315,7435.8945,0,0.000000,15.706748,54.042508,0.293408,-73.367231,30681178392,59914.23,512085,512085
424,-4749045.3591,0.0000,4749045.3591,644249223.3676,7371.4413,0,0.000000,16.067361,55.453002,0.299526,-74.203834,30684182283,59894.60,512303,512303
425,-4696364.1236,0.0000,4696364.1236,632107254.9839,7429.6950,0,0.000000,15.561382,56.733610,0.268563,-73.380689,30646175345,59872.53,511857,511857
426,-4868584.4275,0.0000,4868584.4275,655081495.2032,7432.0286,0,0.000000,15.974873,50.217350,0.341277,-76.071632,30733112759,59981.44,512377,512377
427,-4695506.6855,0.0000,4695506.6855,632561096.5425,7423.0090,0,0.000000,15.475510,55.699320,0.332492,-73.367292,30644752167,59936.15,511290,511290
428,-4900222.4469,0.0000,4900222.4469,654620688.6636,7485.5906,0,0.000000,16.098345,57.729429,0.342271,-76.565976,30691865545,59937.56,512064,512064
429,-4704708.4390,0.0000,4704708.4390,633400466.9577,7427.6997,0,0.000000,15.745214,61.905376,0.317565,-73.511069,30687123635,59910.16,512219,512219
43,-4874743.3790,0.0000,4874743.3790,652611578.1113,7469.5938,0,0.000000,16.178022,54.701357,0.341521,-76.167865,30656924415,59930.53,511541,511541
430,-4832619.4513,0.0000,4832619.4513,643331160.3185,7511.8691,0,0.000000,16.136412,53.515732,0.285725,-75.509679,30694171237,59889.78,512511,512511
431,-4688335.9316,0.0000,4688335.9316,631580136.9107,7423.1846,0,0.000000,15.684825,49.990936,0.273727,-73.255249,30696749362,59924.74,512255,512255
432,-4662430.6877,0.0000,4662430.6877,631089848.9056,7387.9032,0,0.000000,15.832787,61.636407,0.280266,-72.850479,30732297780,59887.52,513167,513167
433,-4797276.0622,0.0000,4797276.0622,641198884.8934,7481.7286,0,0.000000,15.880210,65.107954,0.280365,-74.957438,30660564317,59859.71,512207,512207
434,-4831654.4172,0.0000,4831654.4172,646356962.9924,7475.2106,0,0.000000,15.981723,79.037631,0.331714,-75.494600,30718966395,59931.38,512569,512569
435,-4886924.5362,0.0000,4886924.5362,657574888.1629,7431.7384,0,0.000000,15.482676,49.167055,0.282363,-76.358196,30667536038,59923.16,511781,511781
436,-4790868.8458,0.0000,4790868.8458,647881067.1994,7394.6733,0,0.000000,15.631336,46.159121,0.340747,-74.857326,30671726056,59914.49,511925,511925
437,-4820806.1342,0.0000,4820806.1342,645307656.9526,7470.5547,0,0.000000,15.874334,57.858455,0.347640,-75.325096,30661433538,59944.39,511498,511498
438,-4724117.7162,0.0000,4724117.7162,639762262.0330,7384.1769,0,0.000000,15.733000,52.100295,0.340463,-73.814339,30695732731,59915.97,512313,512313
439,-4767183.0925,0.0000,4767183.0925,648738889.7486,7348.3849,0,0.000000,15.812003,52.254160,0.282322,-74.487236,30758418849,59925.81,513275,513275
44,-4605772.2202,0.0000,4605772.2202,631283539.1400,7295.8852,0,0.000000,15.529848,50.675162,0.320955,-71.965191,30706127174,59929.25,512373,512373
440,-4883550.4758,0.0000,4883550.4758,662666219.0650,7369.5479,0,0.000000,15.854269,56.625266,0.319790,-76.305476,30735514323,59962.84,512576,512576
441,-4659735.9917,0.0000,4659735.9917,625231064.0999,7452.8223,0,0.000000,15.898552,50.299995,0.388993,-72.808375,30660334920,59885.46,511983,511983
442,-4888480.0694,0.0000,4888480.0694,656485487.1493,7446.4404,0,0.000000,16.069636,54.822178,0.360582,-76.382501,30667397169,59907.79,511910,511910
443,-4732986.7939,0.0000,4732986.7939,635779288.3880,7444.3866,0,0.000000,15.803175,66.006025,0.298146,-73.952919,30699817762,59903.02,512492,512492
444,-4671352.7108,0.0000,4671352.7108,636589373.7914,7338.0941,0,0.000000,15.571427,53.844737,0.363668,-72.989886,30723631700,59903.55,512885,512885
445,-4859613.3452,0.0000,4859613.3452,658606379.0326,7378.6308,0,0.000000,15.897820,46.612573,0.332461,-75.931459,30689771460,59901.30,512339,512339
446,-4713653.8052,0.0000,4713653.8052,632203429.7411,7455.9131,0,0.000000,15.897534,60.018383,0.353446,-73.650841,30642459352,59866.21,511849,511849
447,-4739550.1147,0.0000,4739550.1147,635892346.0174,7453.3844,0,0.000000,15.580980,57.545752,0.300029,-74.055471,30671921463,59923.30,511853,511853
448,-4797200.6470,0.0000,4797200.6470,641599675.0299,7476.9375,0,0.000000,15.825541,61.027029,0.285105,-74.956260,30643651514,59877.31,511774,511774
449,-4617703.8681,0.0000,4617703.8681,631828305.4073,7308.4789,0,0.000000,15.201286,44.909856,0.398981,-72.151623,30650774729,59884.68,511830,511830
45,-4711127.0379,0.0000,4711127.0379,637365709.3434,7391.5602,0,0.000000,15.473656,52.023965,0.330462,-73.611360,30694026730,59931.01,512156,512156
450,-4691318.7735,0.0000,4691318.7735,636781999.6077,7367.2289,0,0.000000,15.498585,54.506393,0.261536,-73.301856,30619392705,59936.02,510868,510868
451,-4675278.3752,0.0000,4675278.3752,639940622.3973,7305.8003,0,0.000000,15.371135,63.022824,0.369068,-73.051225,30675694056,59913.46,512000,512000
452,-4773860.3608,0.0000,4773860.3608,648242629.8392,7364.3110,0,0.000000,15.514066,57.167915,0.358843,-74.591568,30694365581,59881.86,512582,512582
453,-4842986.0229,0.0000,4842986.0229,648741097.2552,7465.2061,0,0.000000,15.771309,52.126257,0.321725,-75.671657,30625196457,59875.41,511482,511482
454,-4765357.3374,0.0000,4765357.3374,643895817.6330,7400.8205,0,0.000000,15.980896,46.790171,0.367679,-74.458708,30684572126,59862.64,512583,512583
455,-4798728.9940,0.0000,4798728.9940,648835746.1003,7395.9072,0,0.000000,15.803847,54.021577,0.285496,-74.980141,30701665166,59935.74,512243,512243
456,-4862524.3456,0.0000,4862524.3456,651166297.4395,7467.4079,0,0.000000,16.218524,46.632844,0.317659,-75.976943,30705824811,59887.75,512723,512723
457,-4764428.8037,0.0000,4764428.8037,643393623.1491,7405.1539,0,0.000000,15.819393,62.136288,0.353060,-74.444200,30669528444,59941.70,511656,511656
458,-4791430.7219,0.0000,4791430.7219,646240510.9688,7414.3150,0,0.000000,16.048435,64.926240,0.329417,-74.866105,30692662459,59941.81,512041,512041
459,-4822768.9916,0.0000,4822768.9916,647884527.0213,7443.8712,0,0.000000,16.092834,55.446325,0.439216,-75.355765,30651653535,59904.89,511672,511672
46,-4611161.5218,0.0000,4611161.5218,628262166.6294,7339.5499,0,0.000000,15.643163,45.743372,0.307117,-72.049399,30582392351,59880.47,510724,510724
460,-4681219.4147,0.0000,4681219.4147,629751542.5987,7433.4386,0,0.000000,15.778663,62.941655,0.306321,-73.144053,30669256991,59898.67,512019,512019
461,-4649052.3732,0.0000,4649052.3732,627674560.7353,7406.7880,0,0.000000,15.541000,55.255813,0.369132,-72.641443,30671257653,59891.35,512115,512115
462,-4630576.3554,0.0000,4630576.3554,632650004.9111,7319.3335,0,0.000000,15.515803,49.654030,0.324989,-72.352756,30684880025,59882.99,512414,512414
463,-4870598.7164,0.0000,4870598.7164,644094507.1637,7561.9318,0,0.000000,16.240102,75.877415,0.314008,-76.103105,30613883490,59873.66,511308,511308
464,-4778087.6248,0.0000,4778087.6248,634684920.2981,7528.2829,0,0.000000,16.182278,57.201573,0.315100,-74.657619,30725143969,59882.91,513087,513087
465,-4717760.4926,0.0000,4717760.4926,644075705.9126,7324.8540,0,0.000000,15.446018,56.089876,0.322609,-73.715008,30698381905,59951.92,512050,512050
466,-4703361.1816,0.0000,4703361.1816,628846080.8191,7479.3520,0,0.000000,15.983389,50.378108,0.303375,-73.490018,30645820216,59876.64,511816,511816
467,-4622028.3255,0.0000,4622028.3255,621505324.3133,7436.8282,0,0.000000,15.644207,49.593009,0.312132,-72.219193,30652251695,59889.67,511812,511812
468,-4647359.4707,0.0000,4647359.4707,629043316.7222,7387.9800,0,0.000000,15.496608,54.043706,0.298353,-72.614992,30670194858,59874.89,512238,512238
469,-4739479.5063,0.0000,4739479.5063,629683408.5676,7526.7657,0,0.000000,15.827411,56.434430,0.245730,-74.054367,30689919880,59906.38,512298,512298
47,-4853539.8802,0.0000,4853539.8802,650332906.8639,7463.1621,0,0.000000,15.668993,48.611924,0.336139,-75.836561,30692285103,59854.10,512785,512785
470,-4924081.7846,0.0000,4924081.7846,659952649.9767,7461.2653,0,0.000000,16.027571,50.490555,0.336565,-76.938778,30673208304,59922.07,511885,511885
471,-4581014.5554,0.0000,4581014.5554,623134566.7168,7351.5655,0,0.000000,15.645298,52.815537,0.366799,-71.578352,30663401455,59887.23,512019,512019
472,-4808138.2926,0.0000,4808138.2926,650584861.8827,7390.4860,0,0.000000,15.738969,49.723051,0.409297,-75.127161,30705064164,59970.95,511999,511999
473,-4726830.6000,0.0000,4726830.6000,640311338.2670,7382.0817,0,0.000000,15.813229,61.823307,0.284055,-73.856728,30680118597,59873.11,512419,512419
474,-4638100.6132,0.0000,4638100.6132,627138513.7850,7395.6558,0,0.000000,15.810863,46.836624,0.329637,-72.470322,30689499423,59930.13,512088,512088
475,-4720901.9423,0.0000,4720901.9423,645621814.7564,7312.1785,0,0.000000,15.390496,56.931525,0.323906,-73.764093,30758629222,59966.76,512928,512928
476,-4696760.5472,0.0000,4696760.5472,642658807.2156,7308.3267,0,0.000000,15.554433,57.506581,0.288410,-73.386884,30656453701,59914.03,511674,511674
477,-4900673.4602,0.0000,4900673.4602,656142171.8255,7468.9201,0,0.000000,16.215720,63.240639,0.388919,-76.573023,30670388118,59906.14,511974,511974
478,-4767134.8859,0.0000,4767134.8859,637148770.6953,7481.9808,0,0.000000,16.183900,61.550849,0.304199,-74.486483,30719429941,59893.84,512898,512898
479,-4868899.1749,0.0000,4868899.1749,650013804.1322,7490.4550,0,0.000000,15.955992,61.715669,0.354249,-76.076550,30712185943,59926.80,512495,512495
48,-4619869.8752,0.0000,4619869.8752,627201366.9779,7365.8479,0,0.000000,15.432508,47.675305,0.374664,-72.185467,30624223344,59890.26,511339,511339
480,-4775746.8251,0.0000,4775746.8251,645776673.2291,7395.3536,0,0.000000,15.707394,47.448386,0.348175,-74.621044,30643820422,59915.34,511452,511452
481,-4783077.9697,0.0000,4783077.9697,641304340.0669,7458.3590,0,0.000000,15.996563,47.095328,0.362429,-74.735593,30717955596,59907.78,512754,512754
482,-4870852.9810,0.0000,4870852.9810,652240934.9915,7467.8738,0,0.000000,15.962635,56.095047,0.296750,-76.107078,30680643264,59958.85,511695,511695
483,-4731535.1576,0.0000,4731535.1576,650225742.7724,7276.7577,0,0.000000,15.374297,51.386626,0.341539,-73.930237,30642209754,59946.18,511162,511162
484,-4823475.1749,0.0000,4823475.1749,655928147.4037,7353.6640,0,0.000000,16.041571,54.710853,0.338326,-75.366800,30678045330,59921.33,511972,511972
485,-4703754.7849,0.0000,4703754.7849,624727881.8681,7529.2858,0,0.000000,15.958267,54.781681,0.262553,-73.496169,30685622434,59875.90,512487,512487
486,-4764423.5206,0.0000,4764423.5206,639800102.8097,7446.7377,0,0.000000,15.958099,47.715114,0.305428,-74.444118,30610457384,59899.53,511030,511030
487,-4762290.2339,0.0000,4762290.2339,639828343.3497,7443.0748,0,0.000000,15.738281,55.894865,0.293021,-74.410785,30701983189,59912.50,512447,512447
488,-4739721.1440,0.0000,4739721.1440,646244928.9950,7334.2489,0,0.000000,15.702364,62.799700,0.324878,-74.058143,30651274072,59939.05,511374,511374
489,-4666445.8527,0.0000,4666445.8527,635639542.6265,7341.3398,0,0.000000,15.624605,51.589921,0.390785,-72.913216,30678968018,59930.75,511907,511907
49,-4682100.3901,0.0000,4682100.3901,635749672.7545,7364.6918,0,0.000000,15.826523,60.728577,0.384154,-73.157819,30688385396,59929.59,512074,512074
490,-4952129.7685,0.0000,4952129.7685,651531821.5209,7600.7489,0,0.000000,16.258338,53.882655,0.337329,-77.377028,30646039723,59865.25,511917,511917
491,-4672574.9022,0.0000,4672574.9022,636094985.0407,7345.7188,0,0.000000,15.385917,51.104154,0.339757,-73.008983,30674402374,59908.48,512021,512021
492,-4872738.8635,0.0000,4872738.8635,648979541.8436,7508.3089,0,0.000000,16.212192,51.437195,0.307954,-76.136545,30655769512,59896.43,511813,511813
493,-4883681.5102,0.0000,4883681.5102,649642146.3256,7517.4949,0,0.000000,16.097880,49.762279,0.339245,-76.307524,30706805202,59937.59,512313,512313
494,-4871665.3221,0.0000,4871665.3221,655027067.0658,7437.3496,0,0.000000,16.166844,45.993304,0.247860,-76.119771,30662405904,59854.54,512282,512282
495,-4806499.6650,0.0000,4806499.6650,648234336.9147,7414.7563,0,0.000000,15.772290,64.424835,0.325774,-75.101557,30660802729,59914.45,511743,511743
496,-4813694.1270,0.0000,4813694.1270,649484847.8807,7411.5572,0,0.000000,15.946625,59.171830,0.279120,-75.213971,30693448150,59928.01,512172,512172
497,-4739120.3006,0.0000,4739120.3006,638006610.4028,7428.0113,0,0.000000,16.161872,58.079819,0.373397,-74.048755,30666231394,59899.55,511961,511961
498,-4754544.6459,0.0000,4754544.6459,639411104.1535,7435.8181,0,0.000000,15.803375,51.064933,0.352749,-74.289760,30674075587,59869.84,512346,512346
499,-4704276.9987,0.0000,4704276.9987,637005250.2050,7384.9894,0,0.000000,15.532101,46.713807,0.299473,-73.504328,30668744812,59859.09,512349,512349
50,-4699950.3974,0.0000,4699950.3974,628921104.9711,7473.0365,0,0.000000,16.048955,59.262869,0.413769,-73.436725,30658421170,59940.61,511480,511480
500,-4788656.0728,0.0000,4788656.0728,638023122.6252,7505.4585,0,0.000000,16.457412,64.323882,0.320110,-74.822751,30669532301,59882.02,512166,512166
501,-4749804.3457,0.0000,4749804.3457,644901048.4987,7365.1677,0,0.000000,15.887712,56.181264,0.363461,-74.215693,30650185138,59928.02,511450,511450
502,-4822687.3659,0.0000,4822687.3659,651623289.2525,7401.0359,0,0.000000,15.859518,52.440199,0.355998,-75.354490,30717274993,59878.78,512991,512991
503,-4740497.8916,0.0000,4740497.8916,631281592.8013,7509.3238,0,0.000000,15.966999,55.158644,0.245745,-74.070280,30657284093,59800.42,512660,512660
504,-4701364.4448,0.0000,4701364.4448,640468502.1172,7340.5084,0,0.000000,15.913532,45.711101,0.310950,-73.458819,30717851984,59932.59,512540,512540
505,-4814297.3823,0.0000,4814297.3823,651448368.6337,7390.1442,0,0.000000,15.612608,59.683590,0.310810,-75.223397,30716671325,59895.82,512835,512835
506,-4642739.9920,0.0000,4642739.9920,633045249.3770,7333.9781,0,0.000000,15.730339,54.228381,0.382251,-72.542812,30682456865,59907.60,512163,512163
507,-4805765.9325,0.0000,4805765.9325,641742684.7542,7488.6182,0,0.000000,15.805111,55.524223,0.264326,-75.090093,30682387407,59893.67,512281,512281
508,-4732260.4662,0.0000,4732260.4662,633180013.3109,7473.7995,0,0.000000,15.940227,70.537768,0.340447,-73.941570,30660832131,59856.38,512240,512240
509,-4697719.3685,0.0000,4697719.3685,636670518.0634,7378.5722,0,0.000000,15.398670,51.524894,0.311501,-73.401865,30670161732,59948.09,511612,511612
51,-4848797.1180,0.0000,4848797.1180,664267702.2388,7299.4624,0,0.000000,15.674478,53.690949,0.402053,-75.762455,30741644819,59955.39,512742,512742
510,-4529952.7143,0.0000,4529952.7143,609874968.6974,7427.6744,0,0.000000,15.426261,51.843063,0.356642,-70.780511,30645245040,59858.32,511963,511963
511,-4830386.5963,0.0000,4830386.5963,649771580.4380,7433.9764,0,0.000000,15.921846,58.877560,0.240743,-75.474791,30703843576,59944.21,512207,512207
512,-4686832.7086,0.0000,4686832.7086,633581122.3258,7397.3680,0,0.000000,15.580909,52.074119,0.319601,-73.231761,30598619224,59863.95,511136,511136
513,-4640792.6248,0.0000,4640792.6248,625434632.7872,7420.1082,0,0.000000,15.374957,49.641140,0.273573,-72.512385,30694199998,59934.27,512131,512131
514,-4756865.2362,0.0000,4756865.2362,635612931.3637,7483.9025,0,0.000000,16.126308,54.953687,0.304809,-74.326019,30638527350,59880.76,511659,511659
515,-4723324.4491,0.0000,4723324.4491,636544855.0887,7420.2539,0,0.000000,15.580923,46.030640,0.342179,-73.801945,30694644143,59954.69,511964,511964
516,-4856844.1082,0.0000,4856844.1082,654670848.3450,7418.7573,0,0.000000,16.080908,49.036542,0.376466,-75.888189,30674870662,59918.76,511941,511941
517,-4748659.9489,0.0000,4748659.9489,644830972.2885,7364.1933,0,0.000000,15.780733,48.450107,0.286823,-74.197812,30627930338,59885.91,511438,511438
518,-4779885.4705,0.0000,4779885.4705,648953384.1163,7365.5298,0,0.000000,15.933913,55.786892,0.320248,-74.685710,30690073310,59912.76,512246,512246
519,-4824919.2816,0.0000,4824919.2816,648258968.5530,7442.8886,0,0.000000,16.233594,46.677041,0.294101,-75.389364,30595097744,59850.85,511189,511189
52,-4799511.3753,0.0000,4799511.3753,643608100.0402,7457.1954,0,0.000000,15.871988,68.305718,0.295644,-74.992365,30657445167,59900.99,511802,511802
520,-4801046.0817,0.0000,4801046.0817,643946237.1179,7455.6629,0,0.000000,15.813651,64.384686,0.290859,-75.016345,30694528732,59893.63,512484,512484
521,-4673630.5274,0.0000,4673630.5274,632528591.1141,7388.8052,0,0.000000,15.776731,56.275127,0.307251,-73.025477,30643555273,59896.32,511610,511610
522,-4741650.4962,0.0000,4741650.4962,631626340.0033,7507.0500,0,0.000000,15.558358,66.711869,0.291030,-74.088289,30656100870,59880.46,511955,511955
523,-4786110.1414,0.0000,4786110.1414,648503282.7427,7380.2404,0,0.000000,15.723581,52.950701,0.356558,-74.782971,30658932643,59926.73,511607,511607
524,-4878797.1131,0.0000,4878797.1131,641141056.5261,7609.5534,0,0.000000,16.254519,52.914769,0.286346,-76.231205,30649217767,59894.39,511721,511721
525,-4718953.3073,0.0000,4718953.3073,639326843.5770,7381.1281,0,0.000000,15.923417,49.931229,0.371298,-73.733645,30622127692,59872.93,511452,511452
526,-4847153.1424,0.0000,4847153.1424,650732655.1390,7448.7627,0,0.000000,16.105040,49.471188,0.328560,-75.736768,30694551387,59918.81,512269,512269
527,-4704918.9728,0.0000,4704918.9728,633394872.6527,7428.0977,0,0.000000,15.675543,49.071372,0.259423,-73.514359,30587778998,59871.56,510890,510890
528,-4838750.1938,0.0000,4838750.1938,655743895.8790,7379.0244,0,0.000000,15.809398,52.223195,0.291362,-75.605472,30720584667,59934.42,512570,512570
529,-4809933.2393,0.0000,4809933.2393,638724046.5832,7530.5341,0,0.000000,16.279161,59.345319,0.316144,-75.155207,30640335276,59852.47,511931,511931
53,-4734979.3223,0.0000,4734979.3223,641018561.3726,7386.6493,0,0.000000,15.745455,72.519445,0.376443,-73.984052,30621217883,59868.34,511476,511476
530,-4781906.1442,0.0000,4781906.1442,633232230.4694,7551.5836,0,0.000000,16.128967,54.107542,0.290234,-74.717284,30660140960,59845.10,512325,512325
531,-4886035.9577,0.0000,4886035.9577,660863677.5663,7393.4098,0,0.000000,15.944611,54.664438,0.384170,-76.344312,30731561368,59936.19,512738,512738
532,-4780873.0737,0.0000,4780873.0737,645008709.7843,7412.1062,0,0.000000,15.797981,53.208590,0.363695,-74.701142,30649508598,59885.01,511806,511806
533,-4739688.7140,0.0000,4739688.7140,632317483.8919,7495.7420,0,0.000000,15.896138,52.519578,0.322896,-74.057636,30622364433,59956.74,510741,510741
534,-4816506.4013,0.0000,4816506.4013,646311850.9999,7452.2947,0,0.000000,15.924279,48.375003,0.324696,-75.257913,30629681413,59896.48,511377,511377
535,-4882041.6959,0.0000,4882041.6959,650260951.4684,7507.8193,0,0.000000,15.961788,50.442718,0.331464,-76.281901,30608844429,59881.73,511155,511155
536,-4736504.9646,0.0000,4736504.9646,629464431.4512,7524.6586,0,0.000000,16.136272,52.108309,0.305820,-74.007890,30654855308,59881.30,511927,511927
537,-4701664.9540,0.0000,4701664.9540,640920075.7040,7335.8054,0,0.000000,15.396362,69.600517,0.351404,-73.463515,30710234318,59939.13,512357,512357
538,-4765521.9582,0.0000,4765521.9582,631742330.5777,7543.4583,0,0.000000,16.367724,59.347886,0.289872,-74.461281,30702712967,59901.30,512555,512555
539,-4699681.4970,0.0000,4699681.4970,631548346.4598,7441.5229,0,0.000000,15.760941,57.463789,0.262054,-73.432523,30687552247,59944.82,511930,511930
54,-4880323.4520,0.0000,4880323.4520,654679038.4344,7454.5283,0,0.000000,16.102689,66.893908,0.285170,-76.255054,30676623290,59942.21,511770,511770
540,-4872283.7562,0.0000,4872283.7562,649070188.2071,7506.5591,0,0.000000,15.917873,54.673968,0.340202,-76.129434,30657742283,59897.71,511835,511835
541,-4803040.2423,0.0000,4803040.2423,649302975.4644,7397.2251,0,0.000000,15.891302,50.107970,0.306763,-75.047504,30638096403,59897.82,511506,511506
542,-4735892.1241,0.0000,4735892.1241,638576180.7791,7416.3307,0,0.000000,15.778062,65.387640,0.363645,-73.998314,30682253769,59893.52,512280,512280
543,-4907983.9611,0.0000,4907983.9611,644790438.6965,7611.7505,0,0.000000,16.399234,54.017272,0.291828,-76.687249,30668827887,59911.29,511904,511904
544,-4833483.2934,0.0000,4833483.2934,646067817.5788,7481.3869,0,0.000000,16.268840,71.421544,0.345733,-75.523176,30679117062,59878.40,512357,512357
545,-4687044.9467,0.0000,4687044.9467,630802974.3768,7430.2835,0,0.000000,15.710943,56.283878,0.302241,-73.235077,30661113795,59905.23,511827,511827
546,-4788848.4006,0.0000,4788848.4006,640041164.9767,7482.0944,0,0.000000,16.062769,57.325482,0.299439,-74.825756,30693775883,59917.18,512270,512270
547,-4814232.3451,0.0000,4814232.3451,647422483.7375,7435.9981,0,0.000000,15.973483,60.251515,0.362166,-75.222380,30644342840,59911.21,511496,511496
548,-4787355.9357,0.0000,4787355.9357,655983281.3561,7297.9847,0,0.000000,15.370677,48.043839,0.328090,-74.802436,30740654097,59923.89,512995,512995
549,-4764180.2183,0.0000,4764180.2183,640374712.3197,7439.6758,0,0.000000,15.911711,58.070805,0.344542,-74.440316,30674972977,59928.68,511858,511858
55,-4842664.1377,0.0000,4842664.1377,646010056.2923,7496.2674,0,0.000000,16.029975,55.850162,0.405142,-75.666627,30674945401,59865.70,512396,512396
550,-4650891.4593,0.0000,4650891.4593,625185396.7687,7439.2196,0,0.000000,15.810702,55.710020,0.282124,-72.670179,30659293428,59905.77,511792,511792
551,-4889614.8327,0.0000,4889614.8327,651195369.7861,7508.6757,0,0.000000,15.948617,51.277633,0.310025,-76.400232,30675284734,59878.98,512288,512288
552,-4770204.2648,0.0000,4770204.2648,639330515.5028,7461.2491,0,0.000000,15.829456,52.198368,0.279504,-74.534442,30707242890,59920.31,512468,512468
553,-4881255.1537,0.0000,4881255.1537,651814934.5179,7488.7133,0,0.000000,15.937399,48.666811,0.312205,-76.269612,30603922237,59925.91,510696,510696
554,-4696482.1751,0.0000,4696482.1751,628749173.9780,7469.5640,0,0.000000,15.789372,49.972307,0.278815,-73.382534,30624577832,59839.69,511777,511777
555,-4796239.2541,0.0000,4796239.2541,643248832.4051,7456.2735,0,0.000000,15.917496,50.043728,0.298649,-74.941238,30702806780,59939.03,512234,512234
556,-4869861.0546,0.0000,4869861.0546,652720280.9984,7460.8698,0,0.000000,15.983121,60.128228,0.357977,-76.091579,30717005431,59970.73,512200,512200
557,-4866826.5128,0.0000,4866826.5128,650064414.9742,7486.6835,0,0.000000,16.001997,60.285360,0.302047,-76.044164,30626682472,59901.16,511287,511287
558,-4711975.6607,0.0000,4711975.6607,649020249.1611,7260.1366,0,0.000000,15.176214,56.329446,0.385138,-73.624620,30683038747,59920.32,512064,512064
559,-4882621.0608,0.0000,4882621.0608,658670836.6671,7412.8393,0,0.000000,16.061715,54.120661,0.399868,-76.290954,30729051039,59918.67,512846,512846
56,-4943946.8374,0.0000,4943946.8374,656932354.2465,7525.8081,0,0.000000,16.360735,47.000196,0.420449,-77.249169,30671068665,59882.56,512187,512187
560,-4664321.5802,0.0000,4664321.5802,632557097.0749,7373.7558,0,0.000000,15.449707,45.479135,0.287085,-72.880025,30733930555,59907.74,513021,513021
561,-4767154.0432,0.0000,4767154.0432,645400479.2915,7386.3503,0,0.000000,15.866456,57.784691,0.326864,-74.486782,30694387838,59925.75,512207,512207
562,-4793063.4827,0.0000,4793063.4827,647071735.6273,7407.3139,0,0.000000,15.523656,52.345499,0.307909,-74.891617,30667160685,59919.03,511810,511810
563,-4825724.0602,0.0000,4825724.0602,653057806.5177,7389.4286,0,0.000000,15.944426,47.113084,0.360200,-75.401938,30680393658,59944.42,511814,511814
564,-4707055.3896,0.0000,4707055.3896,634020814.6921,7424.1338,0,0.000000,15.635146,52.454565,0.274644,-73.547740,30646388262,59896.12,511659,511659
565,-4827914.9536,0.0000,4827914.9536,646642658.4658,7466.1251,0,0.000000,16.026816,55.997958,0.315445,-75.436171,30718650938,59909.84,512748,512748
566,-4827428.9061,0.0000,4827428.9061,648082195.2720,7448.7911,0,0.000000,16.019311,46.663034,0.291755,-75.428577,30648857979,59912.89,511557,511557
567,-4762527.9880,0.0000,4762527.9880,635754615.5915,7491.1418,0,0.000000,16.161161,55.289976,0.322188,-74.414500,30688535952,59913.39,512215,512215
568,-4967762.1831,0.0000,4967762.1831,667902572.2859,7437.8545,0,0.000000,16.166207,70.450130,0.345770,-77.621284,30705049112,59934.74,512308,512308
569,-4676377.3163,0.0000,4676377.3163,643430010.0720,7267.8881,0,0.000000,15.248748,58.161435,0.323264,-73.068396,30699372576,59935.13,512210,512210
57,-4797474.8026,0.0000,4797474.8026,650151692.5754,7379.0084,0,0.000000,15.613433,54.725607,0.358516,-74.960544,30699160245,59869.73,512766,512766
570,-4807513.7626,0.0000,4807513.7626,644966802.3160,7453.8934,0,0.000000,15.876192,53.744565,0.388014,-75.117403,30682996881,59903.98,512203,512203
571,-4743861.4852,0.0000,4743861.4852,641543781.6828,7394.4470,0,0.000000,15.922426,51.496397,0.299895,-74.122836,30634834687,59858.68,511786,511786
572,-4913878.8520,0.0000,4913878.8520,657648356.6705,7471.8941,0,0.000000,16.048147,54.878584,0.348190,-76.779357,30617273238,59906.42,511085,511085
573,-4800056.0108,0.0000,4800056.0108,637407044.5512,7530.5977,0,0.000000,15.569755,63.908287,0.308302,-75.000875,30679614905,59876.57,512381,512381
574,-4805135.5471,0.0000,4805135.5471,648279049.7898,7412.1407,0,0.000000,15.823424,52.453236,0.346552,-75.080243,30702738301,59939.36,512230,512230
575,-4603761.6606,0.0000,4603761.6606,624504069.9987,7371.8681,0,0.000000,15.473785,49.624819,0.318095,-71.933776,30687929858,59945.79,511928,511928
576,-4866965.4547,0.0000,4866965.4547,646967923.7396,7522.7307,0,0.000000,16.054965,56.549534,0.289924,-76.046335,30630890369,59896.15,511400,511400
577,-4682938.9325,0.0000,4682938.9325,633644362.8530,7390.4846,0,0.000000,15.485857,56.141108,0.288480,-73.170921,30677318854,59873.02,512373,512373
578,-4722564.6798,0.0000,4722564.6798,637922512.7896,7403.0381,0,0.000000,15.657457,52.422389,0.356889,-73.790073,30676723652,59857.26,512498,512498
579,-4785768.1549,0.0000,4785768.1549,644012586.9126,7431.1718,0,0.000000,15.974161,51.765099,0.286303,-74.777627,30610070449,59908.27,510949,510949
58,-4841935.7093,0.0000,4841935.7093,643142300.9455,7528.5605,0,0.000000,16.177315,58.809008,0.331100,-75.655245,30640014729,59815.86,512239,512239
580,-4748926.7616,0.0000,4748926.7616,637828644.5618,7445.4586,0,0.000000,15.868487,58.910491,0.376498,-74.201981,30708274529,59923.96,512454,512454
581,-4901238.6521,0.0000,4901238.6521,651473894.8172,7523.3078,0,0.000000,16.059878,64.607934,0.409595,-76.581854,30665723614,59878.55,512132,512132
582,-4838935.5302,0.0000,4838935.5302,654947778.9336,7388.2769,0,0.000000,15.721297,55.491176,0.337839,-75.608368,30647836161,59921.32,511468,511468
583,-4792201.4729,0.0000,4792201.4729,642673725.8928,7456.6631,0,0.000000,15.675261,53.221554,0.253710,-74.878148,30736501447,59934.95,512831,512831
584,-4776150.9459,0.0000,4776150.9459,640669293.8656,7454.9397,0,0.000000,15.969972,50.663513,0.269467,-74.627359,30668489380,59893.90,512047,512047
585,-4742288.6509,0.0000,4742288.6509,635208268.2808,7465.7225,0,0.000000,15.862243,53.630030,0.322550,-74.098260,30659018901,59886.98,511948,511948
586,-4663347.0050,0.0000,4663347.0050,633921747.2641,7356.3449,0,0.000000,15.838555,48.971992,0.296186,-72.864797,30675000823,59921.36,511921,511921
587,-4596090.4674,0.0000,4596090.4674,623177594.8227,7375.2499,0,0.000000,15.420733,55.565478,0.319966,-71.813914,30709254858,59923.77,512472,512472
588,-4668387.4760,0.0000,4668387.4760,633087338.1082,7374.0023,0,0.000000,15.754734,53.110689,0.252906,-72.943554,30646692672,59903.62,511600,511600
589,-4862812.5575,0.0000,4862812.5575,651027112.3531,7469.4471,0,0.000000,15.960320,51.338614,0.319913,-75.981446,30641637344,59872.09,511785,511785
59,-4714060.2547,0.0000,4714060.2547,633759167.8807,7438.2518,0,0.000000,16.229573,52.548505,0.372543,-73.657191,30638118008,59866.50,511774,511774
590,-4765153.0803,0.0000,4765153.0803,636096374.8241,7491.2439,0,0.000000,15.771489,68.914559,0.292769,-74.455517,30678152409,59921.78,511970,511970
591,-4670523.8931,0.0000,4670523.8931,641371865.8264,7282.0841,0,0.000000,15.439170,54.246753,0.328934,-72.976936,30681600445,59988.50,511458,511458
592,-4784768.1114,0.0000,4784768.1114,644097357.6960,7428.6411,0,0.000000,15.834927,56.523508,0.361118,-74.762002,30631741693,59915.50,511249,511249
593,-4804845.5770,0.0000,4804845.5770,643581548.9652,7465.7914,0,0.000000,15.916669,64.457511,0.336688,-75.075712,30708561892,59948.62,512248,512248
594,-4838183.5570,0.0000,4838183.5570,643456339.7087,7519.0549,0,0.000000,16.059422,56.199377,0.283852,-75.596618,30604591857,59828.93,511535,511535
595,-4688621.5345,0.0000,4688621.5345,635029474.6085,7383.3133,0,0.000000,15.372830,55.250998,0.307461,-73.259711,30702333612,59935.64,512255,512255
596,-4945513.4883,0.0000,4945513.4883,657019574.5407,7527.1935,0,0.000000,15.937257,47.021110,0.242629,-77.273648,30677533598,59930.05,511889,511889
597,-4829359.3691,0.0000,4829359.3691,648032022.0357,7452.3468,0,0.000000,15.757046,53.476638,0.334859,-75.458740,30683022920,59885.79,512359,512359
598,-4607492.7948,0.0000,4607492.7948,619042719.6072,7442.9319,0,0.000000,15.661370,54.509963,0.350335,-71.992075,30649758058,59927.54,511447,511447
599,-4794477.6822,0.0000,4794477.6822,645328732.3660,7429.5122,0,0.000000,15.972137,49.315664,0.324924,-74.913714,30707359700,59867.85,512919,512919
60,-4823941.4251,0.0000,4823941.4251,658539388.0951,7325.2132,0,0.000000,15.932148,65.259657,0.351377,-75.374085,30701356514,59952.93,512091,512091
600,-4842904.7970,0.0000,4842904.7970,650482396.2626,7445.0974,0,0.000000,16.006591,57.826090,0.314601,-75.670387,30653369957,59878.17,511929,511929
601,-4787928.9273,0.0000,4787928.9273,646956100.0772,7400.7014,0,0.000000,15.913292,61.789046,0.394686,-74.811389,30608808200,59882.13,511151,511151
602,-4835571.4843,0.0000,4835571.4843,650251509.1078,7436.4633,0,0.000000,15.887958,58.944452,0.334216,-75.555804,30678975493,59911.57,512071,512071
603,-4767693.5237,0.0000,4767693.5237,642131799.9905,7424.7896,0,0.000000,15.791328,59.172135,0.286543,-74.495211,30649272618,59913.93,511555,511555
604,-4781740.2068,0.0000,4781740.2068,642556025.2695,7441.7483,0,0.000000,15.810117,53.049939,0.347030,-74.714691,30694607999,59928.99,512183,512183
605,-4905463.1378,0.0000,4905463.1378,654171582.4396,7498.7408,0,0.000000,15.961342,52.997963,0.406487,-76.647862,30638659882,59845.69,511961,511961
606,-4842847.9138,0.0000,4842847.9138,656663455.2695,7374.9314,0,0.000000,15.802426,55.560074,0.347744,-75.669499,30708153012,59953.68,512198,512198
607,-4858708.4230,0.0000,4858708.4230,645696172.8133,7524.7595,0,0.000000,16.314830,65.764622,0.257642,-75.917319,30692196333,59924.75,512179,512179
608,-4651812.0586,0.0000,4651812.0586,628845816.2975,7397.3809,0,0.000000,15.651436,47.099140,0.319115,-72.684563,30690903881,59880.95,512532,512532
609,-4765581.2179,0.0000,4765581.2179,633703400.1459,7520.2077,0,0.000000,16.054568,49.228236,0.331450,-74.462207,30680374578,59864.50,512497,512497
61,-4523462.8377,0.0000,4523462.8377,621875599.0720,7273.9031,0,0.000000,15.464210,55.470437,0.340429,-70.679107,30659742506,59895.29,511889,511889
610,-4700188.6127,0.0000,4700188.6127,634004174.9546,7413.4979,0,0.000000,15.842768,62.397270,0.347672,-73.440447,30667259886,59925.32,511758,511758
611,-4754753.8801,0.0000,4754753.8801,640715941.0412,7421.0014,0,0.000000,15.970780,54.383541,0.340036,-74.293029,30692798639,59906.51,512345,512345
612,-4720594.5447,0.0000,4720594.5447,633662056.1560,7449.7037,0,0.000000,15.875969,47.829682,0.287493,-73.759290,30677825484,59903.59,512120,512120
613,-4658890.0208,0.0000,4658890.0208,623619429.5652,7470.7262,0,0.000000,15.635541,53.606340,0.328110,-72.795157,30635147569,59916.78,511295,511295
614,-4806411.2601,0.0000,4806411.2601,645274072.2766,7448.6353,0,0.000000,15.915470,52.850220,0.349948,-75.100176,30691814516,59930.67,512122,512122
615,-4859662.8688,0.0000,4859662.8688,652279398.9257,7450.2780,0,0.000000,15.954606,62.363864,0.306176,-75.932232,30707620681,59906.32,512594,512594
616,-4902589.9315,0.0000,4902589.9315,650006684.6972,7542.3685,0,0.000000,15.900751,57.700470,0.267215,-76.602968,30608796187,59881.05,511160,511160
617,-4859025.0452,0.0000,4859025.0452,646800260.9760,7512.4043,0,0.000000,15.971584,52.081980,0.313291,-75.922266,30640379530,59899.83,511527,511527
618,-4804265.4190,0.0000,4804265.4190,640268386.5830,7503.5181,0,0.000000,15.998808,62.047059,0.309668,-75.066647,30652767988,59856.76,512102,512102
619,-4823132.6252,0.0000,4823132.6252,646824339.4873,7456.6344,0,0.000000,15.866871,55.817801,0.367532,-75.361447,30676214445,59920.68,511947,511947
62,-4791927.8558,0.0000,4791927.8558,651114957.5051,7359.5727,0,0.000000,15.818375,53.885144,0.365872,-74.873873,30705780725,59896.07,512651,512651
620,-4759348.2249,0.0000,4759348.2249,642621001.7297,7406.1511,0,0.000000,15.831723,51.154575,0.322996,-74.364816,30706397335,59911.30,512531,512531
621,-4629316.0125,0.0000,4629316.0125,626410689.7962,7390.2251,0,0.000000,15.454696,51.092788,0.247930,-72.333063,30610552111,59911.21,510932,510932
622,-4735188.1970,0.0000,4735188.1970,641782047.3765,7378.1874,0,0.000000,15.601524,54.139187,0.351337,-73.987316,30743346441,59935.33,512942,512942
623,-4606479.7080,0.0000,4606479.7080,625433843.4282,7365.2549,0,0.000000,15.325420,51.392284,0.314241,-71.976245,30659928084,59955.63,511377,511377
624,-4795769.6644,0.0000,4795769.6644,650371382.5410,7373.8940,0,0.000000,15.894684,69.168940,0.273909,-74.933901,30655918258,59889.23,511877,511877
625,-4762025.0972,0.0000,4762025.0972,644910068.4667,7384.0142,0,0.000000,15.847297,57.011349,0.326761,-74.406642,30660240022,59905.75,511808,511808
626,-4625030.3423,0.0000,4625030.3423,629139123.5037,7351.3634,0,0.000000,15.701054,51.989913,0.293207,-72.266099,30643526378,59909.03,511501,511501
627,-4780962.9117,0.0000,4780962.9117,643875622.3881,7425.2895,0,0.000000,15.976067,48.057535,0.293272,-74.702545,30682984483,59929.46,511985,511985
628,-4832959.4770,0.0000,4832959.4770,648374235.0131,7453.9660,0,0.000000,15.827102,52.710925,0.295634,-75.514992,30600814526,59863.91,511173,511173
629,-4710361.8828,0.0000,4710361.8828,639796349.0421,7362.2832,0,0.000000,15.759748,49.238176,0.347063,-73.599404,30646666744,59915.52,511498,511498
63,-4769302.9478,0.0000,4769302.9478,636193919.6713,7496.6182,0,0.000000,15.780740,52.317919,0.319840,-74.520359,30665156162,59868.91,512205,512205
630,-4740265.9669,0.0000,4740265.9669,634931095.6344,7465.7959,0,0.000000,15.821045,59.836188,0.297596,-74.066656,30694698036,59914.19,512311,512311
631,-4935580.8643,0.0000,4935580.8643,659322339.3103,7485.8390,0,0.000000,16.403372,57.920831,0.352737,-77.118451,30679870450,59928.18,511944,511944
632,-4772711.0273,0.0000,4772711.0273,639366361.5940,7464.7515,0,0.000000,15.891417,52.101855,0.314560,-74.573610,30648816396,59851.85,512078,512078
633,-4642081.6816,0.0000,4642081.6816,633113436.6928,7332.1484,0,0.000000,15.432086,70.339570,0.253521,-72.532526,30726638223,59916.77,512822,512822
634,-4716685.3605,0.0000,4716685.3605,641492785.3326,7352.6709,0,0.000000,15.497544,57.487574,0.351298,-73.698209,30672795215,59896.92,512093,512093
635,-4782938.1185,0.0000,4782938.1185,642435639.5661,7445.0074,0,0.000000,15.924143,54.221643,0.253107,-74.733408,30651900121,59922.70,511524,511524
636,-4593959.2603,0.0000,4593959.2603,617302331.6550,7441.9924,0,0.000000,15.682459,49.180995,0.300344,-71.780613,30696786363,59912.07,512364,512364
637,-4883254.8881,0.0000,4883254.8881,651958146.4379,7490.1355,0,0.000000,15.951924,60.013747,0.331729,-76.300858,30710823802,59929.76,512447,512447
638,-4817093.6100,0.0000,4817093.6100,642930658.8849,7492.3999,0,0.000000,15.932969,55.734709,0.274863,-75.267088,30698762439,59890.68,512580,512580
639,-4823693.9657,0.0000,4823693.9657,654426032.7574,7370.8773,0,0.000000,15.857809,49.039579,0.340865,-75.370218,30646903943,59892.44,511699,511699
64,-4769125.7947,0.0000,4769125.7947,647755039.4790,7362.5453,0,0.000000,15.896445,55.818042,0.332581,-74.517591,30696770723,59920.57,512291,512291
640,-4778128.3570,0.0000,4778128.3570,640372085.3196,7461.4876,0,0.000000,15.646450,49.263194,0.298968,-74.658256,30614293507,59868.38,511360,511360
641,-4819428.1161,0.0000,4819428.1161,641045227.5166,7518.0781,0,0.000000,16.081459,60.090723,0.314897,-75.303564,30668289383,59890.46,512073,512073
642,-4756287.0979,0.0000,4756287.0979,635680749.3750,7482.1946,0,0.000000,15.824638,53.025140,0.275683,-74.316986,30685368078,59896.09,512310,512310
643,-4635520.0661,0.0000,4635520.0661,630678316.2718,7350.0546,0,0.000000,15.581026,52.359625,0.345550,-72.430001,30674564993,59913.60,511980,511980
644,-4716938.9357,0.0000,4716938.9357,646095316.8569,7300.6858,0,0.000000,15.639764,47.477713,0.277552,-73.702171,30605305525,59857.24,511305,511305
645,-4732944.0053,0.0000,4732944.0053,634030821.7123,7464.8485,0,0.000000,15.699549,51.949592,0.281831,-73.952250,30670173349,59920.47,511848,511848
646,-4802502.8109,0.0000,4802502.8109,641856184.1484,7482.2101,0,0.000000,15.902928,55.433115,0.246570,-75.039106,30693862924,59903.32,512390,512390
647,-4868046.9826,0.0000,4868046.9826,643045294.0100,7570.3019,0,0.000000,16.147435,55.760408,0.284397,-76.063234,30663235166,59867.62,512184,512184
648,-4806139.4427,0.0000,4806139.4427,645608177.5658,7444.3596,0,0.000000,15.874950,52.519432,0.311252,-75.095929,30596484177,59885.55,510916,510916
649,-4731301.8659,0.0000,4731301.8659,642675916.1355,7361.8783,0,0.000000,15.796293,61.308289,0.307147,-73.926592,30710928841,59915.46,512571,512571
65,-4678084.0043,0.0000,4678084.0043,637615377.2254,7336.8431,0,0.000000,15.537798,45.535749,0.396884,-73.095063,30661457221,59914.21,511756,511756
650,-4933221.2180,0.0000,4933221.2180,656894219.4129,7509.9172,0,0.000000,16.113101,49.561606,0.290553,-77.081582,30755768538,59974.86,512811,512811
651,-4785256.1425,0.0000,4785256.1425,644324685.8365,7426.7776,0,0.000000,15.795351,51.228182,0.259005,-74.769627,30634488670,59886.44,511543,511543
652,-4754264.8630,0.0000,4754264.8630,639400625.8340,7435.5024,0,0.000000,16.062161,54.946224,0.316939,-74.285388,30686656426,59869.51,512559,512559
653,-4827081.4793,0.0000,4827081.4793,649681343.0487,7429.9217,0,0.000000,15.958457,46.429958,0.349344,-75.423148,30674465240,59888.26,512195,512195
654,-4769443.9982,0.0000,4769443.9982,631466874.8970,7552.9599,0,0.000000,15.888793,50.189800,0.278241,-74.522562,30657766233,59938.86,511484,511484
655,-4836871.1362,0.0000,4836871.1362,647411240.5000,7471.0954,0,0.000000,15.986041,55.180476,0.311737,-75.576112,30680583847,59923.48,511996,511996
656,-4772273.5039,0.0000,4772273.5039,648966564.4524,7353.6508,0,0.000000,15.443038,58.394800,0.355187,-74.566773,30648468497,59915.29,511530,511530
657,-4673601.5216,0.0000,4673601.5216,634430271.1080,7366.6118,0,0.000000,15.646369,55.175119,0.256927,-73.025024,30650902415,59903.19,511674,511674
658,-4903537.5054,0.0000,4903537.5054,654762073.0629,7489.0372,0,0.000000,16.048888,63.022689,0.209656,-76.617774,30690372710,59961.69,511833,511833
659,-4863816.5692,0.0000,4863816.5692,651264549.0464,7468.2655,0,0.000000,16.008290,65.059505,0.330196,-75.997134,30655749541,59892.88,511843,511843
66,-4698462.2957,0.0000,4698462.2957,637123664.4628,7374.4903,0,0.000000,15.599154,57.884877,0.377727,-73.413473,30677196564,59899.90,512141,512141
660,-4795291.3453,0.0000,4795291.3453,647213731.8896,7409.1310,0,0.000000,15.835614,54.162052,0.317753,-74.926427,30696231318,59927.71,512221,512221
661,-4895159.2691,0.0000,4895159.2691,650296211.9090,7527.5839,0,0.000000,16.104294,55.618882,0.279526,-76.486864,30654581626,59905.46,511716,511716
662,-4880467.9675,0.0000,4880467.9675,655605538.6037,7444.2141,0,0.000000,15.966434,52.440311,0.273456,-76.257312,30611879862,59888.25,511150,511150
663,-4691878.5218,0.0000,4691878.5218,631181734.6765,7433.4827,0,0.000000,15.548414,53.745537,0.289139,-73.310602,30641771431,59915.79,511414,511414
664,-4764394.5854,0.0000,4764394.5854,645938057.2625,7375.9311,0,0.000000,15.800424,64.028995,0.263069,-74.443665,30659208726,59895.31,511880,511880
665,-4808625.7267,0.0000,4808625.7267,651616296.6236,7379.5357,0,0.000000,15.706399,57.415808,0.379306,-75.134777,30645880930,59912.46,511511,511511
666,-4797224.8531,0.0000,4797224.8531,646016789.6628,7425.8517,0,0.000000,15.909599,56.498589,0.328383,-74.956638,30717670733,59931.66,512545,512545
667,-4790993.2445,0.0000,4790993.2445,638519363.9694,7503.2857,0,0.000000,15.903000,57.228816,0.308496,-74.859269,30718592322,59932.05,512557,512557
668,-4866884.8865,0.0000,4866884.8865,647910128.5836,7511.6666,0,0.000000,15.989923,54.753965,0.295151,-76.045076,30649083852,59911.69,511571,511571
669,-4840768.1479,0.0000,4840768.1479,648779848.1232,7461.3417,0,0.000000,15.807909,66.350122,0.338899,-75.637002,30679411154,59926.93,511947,511947
67,-4835409.7896,0.0000,4835409.7896,651515162.9335,7421.7916,0,0.000000,15.829480,62.340106,0.377438,-75.553278,30708463703,59937.78,512339,512339
670,-4764922.8788,0.0000,4764922.8788,637041595.4134,7479.7673,0,0.000000,15.925798,55.600876,0.331891,-74.451920,30687036749,59902.51,512283,512283
671,-4774402.4720,0.0000,4774402.4720,650571404.0171,7338.7832,0,0.000000,15.682663,45.058668,0.418286,-74.600039,30675114087,59919.94,511935,511935
672,-4839654.5524,0.0000,4839654.5524,651880848.0347,7424.1398,0,0.000000,15.902546,57.588006,0.401295,-75.619602,30677610421,59938.40,511819,511819
673,-4787081.2293,0.0000,4787081.2293,645917191.2991,7411.2925,0,0.000000,15.689852,50.155299,0.304421,-74.798144,30730380787,59897.09,513053,513053
674,-4849809.3553,0.0000,4849809.3553,650154433.8075,7459.4729,0,0.000000,15.983190,62.001850,0.280474,-75.778271,30616528973,59883.41,511269,511269
675,-4722620.4958,0.0000,4722620.4958,635529928.0682,7430.9962,0,0.000000,15.784283,69.011111,0.305285,-73.790945,30634612663,59899.56,511433,511433
676,-4824042.1519,0.0000,4824042.1519,646239415.5569,7464.7910,0,0.000000,15.736968,54.985854,0.278372,-75.375659,30653326541,59908.16,511672,511672
677,-4873688.4591,0.0000,4873688.4591,655350490.2065,7436.7663,0,0.000000,16.008889,67.762035,0.302946,-76.151382,30676388894,59950.30,511697,511697
678,-4748267.7424,0.0000,4748267.7424,637836206.5348,7444.3371,0,0.000000,16.028484,50.662342,0.265563,-74.191683,30649033662,59888.88,511765,511765
679,-4616404.5046,0.0000,4616404.5046,624488962.1579,7392.2916,0,0.000000,15.468367,48.405647,0.255575,-72.131320,30670933298,59911.07,511941,511941
68,-4733001.3727,0.0000,4733001.3727,642393531.0921,7367.7600,0,0.000000,15.606080,50.335185,0.399856,-73.953146,30649640769,59913.01,511569,511569
680,-4674003.9806,0.0000,4674003.9806,628521537.5575,7436.5057,0,0.000000,15.816444,56.692701,0.300555,-73.031312,30719332027,59926.13,512620,512620
681,-4889494.9422,0.0000,4889494.9422,655788903.5266,7455.8976,0,0.000000,15.914200,54.982429,0.340621,-76.398358,30705732112,59964.52,512065,512065
682,-4751756.5599,0.0000,4751756.5599,640071746.3245,7423.7874,0,0.000000,15.933239,47.999583,0.345156,-74.246196,30637731975,59881.42,511640,511640
683,-4853189.7839,0.0000,4853189.7839,647411142.0579,7496.3025,0,0.000000,15.777819,52.668341,0.252679,-75.831090,30668373481,59919.76,511824,511824
684,-4989898.4309,0.0000,4989898.4309,659143248.8257,7570.2792,0,0.000000,16.008097,49.025186,0.295296,-77.967163,30660035386,59918.81,511693,511693
685,-4745837.8345,0.0000,4745837.8345,634165585.8961,7483.5941,0,0.000000,16.096319,49.234799,0.327018,-74.153716,30670168389,59841.90,512520,512520
686,-4854386.0028,0.0000,4854386.0028,653021921.9438,7433.7259,0,0.000000,16.012572,58.322532,0.298909,-75.849781,30730897441,59881.99,513191,513191
687,-4635536.5649,0.0000,4635536.5649,632203973.3064,7332.3433,0,0.000000,15.427308,55.237504,0.334451,-72.430259,30727271438,59928.17,512735,512735
688,-4691399.1151,0.0000,4691399.1151,632456295.7773,7417.7444,0,0.000000,15.957834,57.183373,0.285950,-73.303111,30612310489,59816.54,511770,511770
689,-4641940.0786,0.0000,4641940.0786,630472327.3023,7362.6389,0,0.000000,15.574865,51.833207,0.338823,-72.530314,30655701639,59926.85,511552,511552
69,-4653932.4222,0.0000,4653932.4222,636435436.1667,7312.4973,0,0.000000,15.678940,47.083012,0.427326,-72.717694,30710262798,59980.51,512004,512004
690,-4689713.8767,0.0000,4689713.8767,634977398.3467,7385.6391,0,0.000000,15.685027,48.903488,0.403512,-73.276779,30639780378,59886.72,511629,511629
691,-4799191.4802,0.0000,4799191.4802,639861708.4715,7500.3574,0,0.000000,16.130840,58.094005,0.300224,-74.987367,30579017271,59841.52,511000,511000
692,-4700997.4102,0.0000,4700997.4102,642114556.9655,7321.1195,0,0.000000,15.778330,53.370205,0.280704,-73.453085,30701440335,59898.47,512558,512558
693,-4694027.2968,0.0000,4694027.2968,633912255.7003,7404.8534,0,0.000000,15.654268,61.048007,0.323915,-73.344177,30659924730,59877.75,512042,512042
694,-4747521.2834,0.0000,4747521.2834,632055135.5158,7511.2455,0,0.000000,16.051213,54.520100,0.252341,-74.180020,30665972023,59898.22,511968,511968
695,-4676805.1478,0.0000,4676805.1478,636081488.8530,7352.5252,0,0.000000,15.732278,58.728877,0.329694,-73.075080,30656177000,59871.84,512030,512030
696,-4821936.7501,0.0000,4821936.7501,647469111.5623,7447.3618,0,0.000000,15.812888,51.289060,0.287861,-75.342762,30688985337,59905.73,512288,512288
697,-4701431.5042,0.0000,4701431.5042,635612252.1623,7396.6974,0,0.000000,15.671544,53.092891,0.337436,-73.459867,30654008467,59920.38,511579,511579
698,-4623152.0297,0.0000,4623152.0297,621443662.3374,7439.3743,0,0.000000,15.746901,51.870905,0.313032,-72.236750,30679496884,59895.16,512220,512220
699,-4719056.3413,0.0000,4719056.3413,635206373.6635,7429.1703,0,0.000000,15.784213,45.381589,0.297008,-73.735255,30635369534,59911.70,511342,511342
70,-4784437.8664,0.0000,4784437.8664,651314329.8579,7345.8201,0,0.000000,15.699112,49.228515,0.386405,-74.756842,30676513213,59917.76,511977,511977
700,-4779497.4967,0.0000,4779497.4967,643481540.7855,7427.5596,0,0.000000,15.471429,55.501691,0.321145,-74.679648,30668652555,59934.36,511704,511704
701,-4918015.3016,0.0000,4918015.3016,648449851.3893,7584.2647,0,0.000000,16.110192,61.755226,0.220916,-76.843989,30702962442,59945.53,512181,512181
702,-4721612.8580,0.0000,4721612.8580,634947732.0251,7436.2229,0,0.000000,15.782047,52.670905,0.301785,-73.775201,30706139699,59931.84,512351,512351
703,-4707232.3605,0.0000,4707232.3605,632962126.6605,7436.8310,0,0.000000,15.569846,52.136621,0.304076,-73.550506,30698387601,59903.50,512464,512464
704,-4771430.3410,0.0000,4771430.3410,640439662.1379,7450.2418,0,0.000000,15.833298,60.168497,0.284882,-74.553599,30685638191,59912.41,512175,512175
705,-4870451.5813,0.0000,4870451.5813,656937111.3078,7413.8780,0,0.000000,15.966175,52.863422,0.310805,-76.100806,30711431869,59940.42,512366,512366
706,-4785801.0761,0.0000,4785801.0761,641755669.1218,7457.3569,0,0.000000,15.945730,51.998485,0.326843,-74.778142,30698265967,59904.43,512454,512454
707,-4680183.9666,0.0000,4680183.9666,631910928.0968,7406.3982,0,0.000000,15.483352,57.096343,0.350652,-73.127874,30734212286,59968.84,512503,512503
708,-4809751.7854,0.0000,4809751.7854,650431325.5455,7394.7112,0,0.000000,15.755299,48.845915,0.339907,-75.152372,30671795103,59947.06,511648,511648
709,-4954006.8054,0.0000,4954006.8054,660150522.1726,7504.3594,0,0.000000,16.308921,52.122579,0.390457,-77.406356,30626107517,59863.27,511601,511601
71,-4872930.0586,0.0000,4872930.0586,648664988.9324,7512.2446,0,0.000000,16.475546,56.019784,0.356273,-76.139532,30662602911,59864.16,512203,512203
710,-4833138.6933,0.0000,4833138.6933,647104440.4862,7468.8696,0,0.000000,15.937286,49.127442,0.316942,-75.517792,30706470869,59915.18,512499,512499
711,-4778624.6685,0.0000,4778624.6685,642499185.2026,7437.5576,0,0.000000,15.882645,66.119030,0.277839,-74.666010,30683685602,59907.66,512183,512183
712,-4730031.9598,0.0000,4730031.9598,637466975.7831,7420.0424,0,0.000000,15.619941,52.992150,0.294046,-73.906749,30683067705,59907.39,512175,512175
713,-4824489.9124,0.0000,4824489.9124,641396330.0597,7521.8546,0,0.000000,15.982224,54.985652,0.241428,-75.382655,30677897402,59922.22,511962,511962
714,-4844216.8700,0.0000,4844216.8700,646426423.9573,7493.8410,0,0.000000,15.894253,45.220119,0.345857,-75.690889,30661833231,59910.38,511795,511795
715,-4875502.3930,0.0000,4875502.3930,653322795.0294,7462.6240,0,0.000000,15.684085,54.294375,0.320021,-76.179725,30615860463,59857.86,511476,511476
716,-4672549.5836,0.0000,4672549.5836,631844431.7726,7395.0950,0,0.000000,15.978663,61.057261,0.284753,-73.008587,30727893417,59950.20,512557,512557
717,-4739375.7504,0.0000,4739375.7504,634258625.8883,7472.3079,0,0.000000,15.897851,72.703759,0.288848,-74.052746,30715844554,59871.32,513031,513031
718,-4740510.0826,0.0000,4740510.0826,641256235.6520,7392.5364,0,0.000000,15.690470,49.791502,0.280036,-74.070470,30679890200,59919.20,512021,512021
719,-4623526.9101,0.0000,4623526.9101,627598392.2699,7367.0152,0,0.000000,15.331481,52.021674,0.255564,-72.242608,30674340192,59909.65,512010,512010
72,-4665429.4134,0.0000,4665429.4134,635370365.5920,7342.8502,0,0.000000,15.662373,50.514648,0.355160,-72.897335,30665573278,59915.00,511818,511818
720,-4756244.3948,0.0000,4756244.3948,641205482.1660,7417.6602,0,0.000000,15.729627,46.461383,0.353246,-74.316319,30653244786,59907.18,511679,511679
721,-4767196.9536,0.0000,4767196.9536,635751921.7002,7498.5176,0,0.000000,16.090137,77.043780,0.308969,-74.487452,30643074205,59863.08,511886,511886
722,-4824140.1755,0.0000,4824140.1755,637065963.5059,7572.4343,0,0.000000,16.445825,53.727673,0.276706,-75.377190,30663217652,59889.92,511993,511993
723,-4673201.5113,0.0000,4673201.5113,640030350.3569,7301.5311,0,0.000000,15.317161,55.224132,0.354922,-73.018774,30687438507,59883.77,512450,512450
724,-4783021.0646,0.0000,4783021.0646,645995259.4945,7404.1117,0,0.000000,15.707347,48.187815,0.374655,-74.734704,30721133256,59902.88,512849,512849
725,-4723739.4865,0.0000,4723739.4865,637115009.7379,7414.2650,0,0.000000,15.690376,44.502407,0.265195,-73.808429,30673569704,59945.49,511691,511691
726,-4769223.3566,0.0000,4769223.3566,649117582.2648,7347.2411,0,0.000000,15.914792,63.533531,0.422001,-74.519115,30664481488,59933.59,511641,511641
727,-4750141.5088,0.0000,4750141.5088,643977987.5630,7376.2483,0,0.000000,15.842830,46.386698,0.340811,-74.220961,30609936798,59896.52,511047,511047
728,-4714622.1826,0.0000,4714622.1826,642137437.1535,7342.0765,0,0.000000,15.573681,49.129281,0.265002,-73.665972,30669318004,59933.44,511723,511723
729,-4820422.7431,0.0000,4820422.7431,650880805.3652,7405.9992,0,0.000000,15.922660,48.604705,0.309678,-75.319105,30649976392,59956.21,511206,511206
73,-4654776.2315,0.0000,4654776.2315,634314536.8450,7338.2777,0,0.000000,15.474784,51.737911,0.327223,-72.730879,30676597099,59899.20,512137,512137
730,-4662462.0600,0.0000,4662462.0600,630715264.5520,7392.3406,0,0.000000,15.763355,52.752417,0.296115,-72.850970,30663365976,59916.89,511765,511765
731,-4617910.5506,0.0000,4617910.5506,622113864.4311,7422.9346,0,0.000000,15.272728,46.813268,0.235482,-72.154852,30712214803,59955.17,512253,512253
732,-4751635.2587,0.0000,4751635.2587,645924326.6867,7356.3343,0,0.000000,15.593269,51.228983,0.398529,-74.244301,30684042917,59936.09,511946,511946
733,-4974591.4824,0.0000,4974591.4824,668299615.5262,7443.6546,0,0.000000,16.166488,54.613542,0.365338,-77.727992,30707959154,59947.45,512248,512248
734,-4779652.9894,0.0000,4779652.9894,639808146.6014,7470.4472,0,0.000000,15.894689,49.377556,0.268767,-74.682078,30680587975,59853.82,512592,512592
735,-4774614.2052,0.0000,4774614.2052,643717516.3769,7417.2507,0,0.000000,16.034874,56.423358,0.330293,-74.603347,30681954536,59894.69,512265,512265
736,-4815163.6873,0.0000,4815163.6873,648466970.7732,7425.4571,0,0.000000,15.597139,51.403570,0.330853,-75.236933,30655987879,59921.91,511599,511599
737,-4662111.2360,0.0000,4662111.2360,633594345.3041,7358.1958,0,0.000000,15.652342,48.150748,0.335649,-72.845488,30710454113,59972.57,512075,512075
738,-4640640.2579,0.0000,4640640.2579,627177146.6781,7399.2496,0,0.000000,15.469587,52.139522,0.307859,-72.510004,30649927380,59894.37,511733,511733
739,-4753120.9545,0.0000,4753120.9545,636688548.2595,7465.3784,0,0.000000,15.963975,55.626189,0.273879,-74.267515,30611835791,59860.76,511384,511384
74,-4810924.9241,0.0000,4810924.9241,643991566.0134,7470.4782,0,0.000000,15.852953,50.967461,0.434292,-75.170702,30648265060,59879.54,511832,511832
740,-4814269.4443,0.0000,4814269.4443,642120539.5360,7497.4544,0,0.000000,16.032161,57.363427,0.306206,-75.222960,30706283904,59906.40,512571,512571
741,-4878321.6153,0.0000,4878321.6153,648178549.9191,7526.2003,0,0.000000,16.006601,69.515543,0.345602,-76.223775,30706464119,59904.53,512590,512590
742,-4824236.3323,0.0000,4824236.3323,643602060.1556,7495.6819,0,0.000000,16.116556,55.876694,0.347475,-75.378693,30680492218,59843.82,512676,512676
743,-4685773.9727,0.0000,4685773.9727,636368776.7519,7363.2996,0,0.000000,15.613273,53.481417,0.340447,-73.215218,30704691876,59869.42,512861,512861
744,-4811947.9697,0.0000,4811947.9697,642906532.2371,7484.6774,0,0.000000,16.170880,51.485279,0.326066,-75.186687,30667629732,59898.07,511997,511997
745,-4538620.7901,0.0000,4538620.7901,620021932.3146,7320.0972,0,0.000000,15.193443,50.996784,0.321903,-70.915950,30641513759,59930.63,511283,511283
746,-4858966.5850,0.0000,4858966.5850,645705462.9214,7525.0511,0,0.000000,16.146554,50.708361,0.265167,-75.921353,30672258667,59983.84,511342,511342
747,-4703689.0156,0.0000,4703689.0156,629702141.0615,7469.7047,0,0.000000,16.053353,72.576535,0.213570,-73.495141,30643784499,59919.96,511412,511412
748,-4765235.6196,0.0000,4765235.6196,638254618.8579,7466.0417,0,0.000000,15.708617,52.540946,0.266806,-74.456807,30747017965,59933.25,513021,513021
749,-4760407.6035,0.0000,4760407.6035,636932670.7184,7473.9573,0,0.000000,15.961601,52.886372,0.287401,-74.381369,30610969872,59941.94,510677,510677
75,-4782890.1166,0.0000,4782890.1166,644916903.4967,7416.2890,0,0.000000,15.820633,50.526338,0.391397,-74.732658,30690893854,59889.58,512458,512458
750,-4841079.9461,0.0000,4841079.9461,650129119.2492,7446.3361,0,0.000000,16.007768,62.913240,0.316611,-75.641874,30645884483,59889.75,511705,511705
751,-4733362.1124,0.0000,4733362.1124,638176077.1949,7417.0159,0,0.000000,15.802259,57.738445,0.283068,-73.958783,30662111982,59926.15,511665,511665
752,-4779513.4039,0.0000,4779513.4039,636550670.4015,7508.4571,0,0.000000,15.894907,51.063757,0.284008,-74.679897,30720854014,59941.02,512518,512518
753,-4756080.3735,0.0000,4756080.3735,637508028.9661,7460.4243,0,0.000000,15.963029,52.447519,0.327687,-74.313756,30633589885,59870.75,511662,511662
754,-4677633.9282,0.0000,4677633.9282,632305707.1457,7397.7411,0,0.000000,15.892554,47.412050,0.256098,-73.088030,30699086160,59933.99,512215,512215
755,-4775084.2622,0.0000,4775084.2622,639242696.8806,7469.9082,0,0.000000,15.651308,54.954806,0.315171,-74.610692,30709612168,59896.53,512711,512711
756,-4871810.7112,0.0000,4871810.7112,656634768.8649,7419.3615,0,0.000000,15.773192,47.301588,0.295542,-76.122042,30650984986,59960.18,511189,511189
757,-4840856.4972,0.0000,4840856.4972,650825903.9074,7438.0206,0,0.000000,15.794648,70.265688,0.320417,-75.638383,30699740263,59978.00,511850,511850
758,-4670454.3823,0.0000,4670454.3823,629693655.3461,7417.0263,0,0.000000,15.464743,55.187902,0.339902,-72.975850,30632968140,59894.24,511451,511451
759,-4822430.8153,0.0000,4822430.8153,645684878.1144,7468.7065,0,0.000000,16.011970,70.684260,0.266609,-75.350481,30671273546,59910.33,511953,511953
76,-4795528.0549,0.0000,4795528.0549,642476500.2897,7464.1299,0,0.000000,15.864601,53.507119,0.302119,-74.930126,30741758470,59962.98,512679,512679
760,-4796323.0327,0.0000,4796323.0327,644275014.5710,7444.5275,0,0.000000,15.733650,59.255255,0.275319,-74.942547,30647412466,59919.55,511476,511476
761,-4817413.1788,0.0000,4817413.1788,650520643.4399,7405.4732,0,0.000000,15.861539,58.534786,0.352297,-75.272081,30721603201,59899.59,512885,512885
762,-4754132.9053,0.0000,4754132.9053,643042481.1435,7393.1864,0,0.000000,15.722478,75.357124,0.388662,-74.283327,30689199325,59855.90,512718,512718
763,-4745533.3543,0.0000,4745533.3543,649077691.9297,7311.1947,0,0.000000,15.463615,55.890459,0.277591,-74.148959,30675710245,59943.59,511743,511743
764,-4731083.7276,0.0000,4731083.7276,637142359.8180,7425.4735,0,0.000000,15.508612,49.564373,0.319341,-73.923183,30749673321,59873.42,513578,513578
765,-4764837.6287,0.0000,4764837.6287,645013726.5977,7387.1879,0,0.000000,15.698243,59.571679,0.310727,-74.450588,30694461494,59906.36,512374,512374
766,-4891119.4930,0.0000,4891119.4930,654640424.8844,7471.4596,0,0.000000,16.093119,57.594951,0.339147,-76.423742,30685663515,59909.77,512198,512198
767,-4657488.7446,0.0000,4657488.7446,630318261.8519,7389.1065,0,0.000000,15.795115,65.966932,0.339383,-72.773262,30729434683,59882.41,513163,513163
768,-4777145.7277,0.0000,4777145.7277,641774498.9640,7443.6515,0,0.000000,15.848061,47.418708,0.323821,-74.642902,30628870344,59919.50,511167,511167
769,-4758618.3224,0.0000,4758618.3224,639477430.4509,7441.4172,0,0.000000,16.038234,54.941445,0.332618,-74.353411,30683607338,59927.05,512016,512016
77,-4768737.2505,0.0000,4768737.2505,644927868.1340,7394.2180,0,0.000000,15.813772,45.461690,0.362100,-74.511520,30695735218,59888.63,512547,512547
770,-4702441.2323,0.0000,4702441.2323,639291855.9656,7355.7033,0,0.000000,15.706246,51.336339,0.345908,-73.475644,30638985577,59902.26,511483,511483
771,-4774123.1806,0.0000,4774123.1806,636151578.6302,7504.6944,0,0.000000,15.632637,56.996507,0.263141,-74.595675,30677607842,59962.76,511611,511611
772,-4918021.0414,0.0000,4918021.0414,658023805.3705,7473.9257,0,0.000000,16.155240,56.277082,0.300727,-76.844079,30653015179,59922.30,511546,511546
773,-4895713.1388,0.0000,4895713.1388,655199081.8907,7472.1001,0,0.000000,15.987373,62.103062,0.328159,-76.495518,30648080194,59922.61,511461,511461
774,-4683825.7080,0.0000,4683825.7080,638133599.6824,7339.8826,0,0.000000,15.418993,52.009518,0.298905,-73.184777,30693935120,59955.77,511943,511943
775,-4663721.7284,0.0000,4663721.7284,629749677.5819,7405.6755,0,0.000000,15.694931,54.050889,0.241271,-72.870652,30647294742,59913.46,511526,511526
776,-4791251.1270,0.0000,4791251.1270,643368310.1187,7447.1357,0,0.000000,15.595836,43.304261,0.289823,-74.863299,30702510319,59896.47,512593,512593
777,-4744689.3533,0.0000,4744689.3533,636825967.1774,7450.5275,0,0.000000,16.003437,61.186216,0.309293,-74.135771,30659544515,59912.35,511740,511740
778,-4750179.6567,0.0000,4750179.6567,636956290.3457,7457.6226,0,0.000000,15.893072,55.519236,0.278448,-74.221557,30679144253,59893.65,512227,512227
779,-4875466.5081,0.0000,4875466.5081,658576384.9748,7403.0388,0,0.000000,16.117554,52.692468,0.371087,-76.179164,30763897799,59894.12,513638,513638
78,-4790098.6754,0.0000,4790098.6754,647573689.4392,7396.9940,0,0.000000,15.827015,56.247377,0.365388,-74.845292,30688440114,59931.80,512056,512056
780,-4767257.3917,0.0000,4767257.3917,644861947.8273,7392.6790,0,0.000000,15.631468,55.324503,0.336545,-74.488397,30746272318,59950.85,512858,512858
781,-4654405.0229,0.0000,4654405.0229,630163929.1095,7386.0226,0,0.000000,15.841598,57.577518,0.274905,-72.725078,30709358128,59969.03,512087,512087
782,-4812598.0151,0.0000,4812598.0151,649220224.4985,7412.8899,0,0.000000,15.840572,53.545303,0.247797,-75.196844,30605145935,59892.30,511003,511003
783,-4810760.6769,0.0000,4810760.6769,649432181.4882,7407.6413,0,0.000000,15.993373,62.287892,0.357927,-75.168136,30698480491,59958.09,511999,511999
784,-4575478.2910,0.0000,4575478.2910,623793778.1998,7334.9213,0,0.000000,15.301122,44.048285,0.326528,-71.491848,30630424901,59866.09,511649,511649
785,-4702422.1874,0.0000,4702422.1874,632368617.0897,7436.2042,0,0.000000,15.664019,50.041233,0.275610,-73.475347,30690093157,59918.42,512198,512198
786,-4881337.5971,0.0000,4881337.5971,652175131.6331,7484.7037,0,0.000000,15.761813,51.795160,0.315287,-76.270900,30695610865,59919.83,512278,512278
787,-4554836.6642,0.0000,4554836.6642,616481050.1849,7388.4455,0,0.000000,15.442446,49.871995,0.257587,-71.169323,30633729739,59926.89,511185,511185
788,-4740922.7613,0.0000,4740922.7613,636771947.0491,7445.2444,0,0.000000,15.729584,61.672441,0.359069,-74.076918,30643042568,59838.01,512100,512100
789,-4634075.1915,0.0000,4634075.1915,632958917.5525,7321.2890,0,0.000000,15.425359,58.873779,0.361383,-72.407425,30672804513,59874.26,512287,512287
79,-4684941.4440,0.0000,4684941.4440,635555005.0784,7371.4177,0,0.000000,15.532678,52.698870,0.325043,-73.202210,30634285940,59909.58,511342,511342
790,-4800283.3462,0.0000,4800283.3462,643060794.5738,7464.7427,0,0.000000,15.784009,54.274924,0.238949,-75.004427,30638371423,59910.07,511406,511406
791,-4774726.8909,0.0000,4774726.8909,649143219.6753,7355.4290,0,0.000000,15.681314,50.830072,0.332939,-74.605108,30662198549,59906.41,511835,511835
792,-4813529.7951,0.0000,4813529.7951,647530339.8954,7433.6745,0,0.000000,16.061199,54.647605,0.329377,-75.211403,30612810081,59909.76,510982,510982
793,-4739150.1676,0.0000,4739150.1676,637639669.8082,7432.3327,0,0.000000,15.660705,52.660512,0.254656,-74.049221,30683465144,59910.51,512155,512155
794,-4801518.4572,0.0000,4801518.4572,640493577.5662,7496.5911,0,0.000000,15.745142,57.555582,0.262207,-75.023726,30665414127,59866.96,512226,512226
795,-4769671.9187,0.0000,4769671.9187,638866547.6096,7465.8345,0,0.000000,15.823367,62.062053,0.245005,-74.526124,30713255189,59928.77,512496,512496
796,-4854204.8970,0.0000,4854204.8970,649228929.6364,7476.8771,0,0.000000,16.033508,54.447254,0.348112,-75.846952,30649937338,59873.10,511915,511915
797,-4801435.9640,0.0000,4801435.9640,652808899.4047,7355.0406,0,0.000000,15.953828,51.602117,0.369102,-75.022437,30659423457,59960.50,511327,511327
798,-4793822.0586,0.0000,4793822.0586,646239501.1394,7418.0270,0,0.000000,15.983814,50.191105,0.308279,-74.903470,30751102520,59941.57,513018,513018
799,-4685536.3592,0.0000,4685536.3592,635818356.1612,7369.3002,0,0.000000,15.770941,54.946219,0.301272,-73.211506,30693991448,59927.20,512188,512188
80,-4887922.0517,0.0000,4887922.0517,649372207.4678,7527.1501,0,0.000000,16.182370,73.754776,0.334138,-76.373782,30618760824,59888.47,511263,511263
800,-4653888.7504,0.0000,4653888.7504,631793398.4352,7366.1560,0,0.000000,15.819801,49.046036,0.319739,-72.717012,30694106849,59909.99,512337,512337
801,-4881571.9531,0.0000,4881571.9531,641428451.7536,7610.4699,0,0.000000,16.411700,69.936501,0.282977,-76.274562,30659826569,59915.83,511715,511715
802,-4802238.9478,0.0000,4802238.9478,639651441.5188,7507.5872,0,0.000000,16.078944,60.635655,0.265084,-75.034984,30675063313,59852.85,512508,512508
803,-4822788.4653,0.0000,4822788.4653,647371392.6653,7449.8016,0,0.000000,15.835538,54.053152,0.289395,-75.356070,30665887507,59939.85,511611,511611
804,-4799161.6817,0.0000,4799161.6817,645089859.8994,7439.5243,0,0.000000,15.720574,55.984216,0.270808,-74.986901,30677689611,59876.31,512351,512351
805,-4729269.6568,0.0000,4729269.6568,630092836.9639,7505.6712,0,0.000000,15.744745,55.378821,0.276057,-73.894838,30713201053,59867.92,513016,513016
806,-4796807.3993,0.0000,4796807.3993,643701380.1968,7451.9141,0,0.000000,15.967595,61.657360,0.237128,-74.950116,30673702676,59869.00,512347,512347
807,-4799497.1629,0.0000,4799497.1629,647323221.5189,7414.3751,0,0.000000,15.919898,66.776251,0.300875,-74.992143,30728039844,59954.23,512525,512525
808,-4764209.5270,0.0000,4764209.5270,643026488.9796,7409.0409,0,0.000000,16.061234,63.969866,0.301048,-74.440774,30686790034,59894.08,512351,512351
809,-4796339.9739,0.0000,4796339.9739,642344481.4288,7466.9280,0,0.000000,15.983910,48.308797,0.312657,-74.942812,30675359822,59889.77,512197,512197
81,-4679356.5362,0.0000,4679356.5362,624879733.2647,7488.4114,0,0.000000,15.689475,68.660441,0.302465,-73.114946,30636818264,59907.27,511404,511404
810,-4692623.8300,0.0000,4692623.8300,641764705.7685,7312.0628,0,0.000000,15.618163,45.812538,0.280323,-73.322247,30703158181,59914.80,512447,512447
811,-4878999.5808,0.0000,4878999.5808,656624361.3507,7430.4273,0,0.000000,15.978085,50.319110,0.336207,-76.234368,30647331110,59906.16,511589,511589
812,-4673659.3626,0.0000,4673659.3626,633723550.4429,7374.9182,0,0.000000,15.545963,48.247623,0.276709,-73.025928,30703110200,59941.61,512217,512217
813,-4694892.4303,0.0000,4694892.4303,636325436.3650,7378.1310,0,0.000000,15.787271,68.951013,0.282600,-73.357694,30666838236,59890.79,512046,512046
814,-4739630.9514,0.0000,4739630.9514,633852348.4699,7477.5000,0,0.000000,15.767177,57.901482,0.221954,-74.056734,30719135202,59931.47,512571,512571
815,-4717688.2432,0.0000,4717688.2432,637619903.5837,7398.9037,0,0.000000,15.701856,47.479325,0.324365,-73.713879,30694591169,59954.12,511968,511968
816,-4648782.4303,0.0000,4648782.4303,625089028.1116,7436.9925,0,0.000000,15.732833,45.621533,0.314184,-72.637225,30658620780,59901.29,511819,511819
817,-4786293.1507,0.0000,4786293.1507,642350597.5667,7451.2162,0,0.000000,15.800584,51.486016,0.244677,-74.785830,30697391516,59913.01,512366,512366
818,-4906173.3519,0.0000,4906173.3519,660974746.2223,7422.6336,0,0.000000,15.933991,59.299316,0.313106,-76.658959,30691464169,59906.47,512323,512323
819,-4902688.6269,0.0000,4902688.6269,650633696.9373,7535.2516,0,0.000000,16.353804,57.294848,0.315236,-76.604510,30658197201,59883.27,511966,511966
82,-4706879.5783,0.0000,4706879.5783,635802752.7887,7403.0500,0,0.000000,15.573774,66.647178,0.360899,-73.544993,30719132928,59919.90,512670,512670
820,-4647077.4247,0.0000,4647077.4247,633245665.4872,7338.5065,0,0.000000,15.538931,49.622253,0.404987,-72.610585,30656611442,59910.01,511711,511711
821,-4755133.8971,0.0000,4755133.8971,636175087.6627,7474.5679,0,0.000000,16.066041,60.581444,0.330147,-74.298967,30650727183,59882.25,511850,511850
822,-4801784.7241,0.0000,4801784.7241,642320071.1438,7475.6884,0,0.000000,15.966257,57.292250,0.253933,-75.027886,30657561371,59961.79,511285,511285
823,-4745577.9107,0.0000,4745577.9107,642145195.6855,7390.1945,0,0.000000,15.643165,59.552292,0.285045,-74.149655,30704974491,59953.44,512147,512147
824,-4896913.7892,0.0000,4896913.7892,655371441.5546,7471.9670,0,0.000000,16.070888,56.698963,0.335125,-76.514278,30683024716,59924.97,512024,512024
825,-4796447.4110,0.0000,4796447.4110,642164997.4032,7469.1823,0,0.000000,15.936735,51.539882,0.305471,-74.944491,30683115905,59930.89,511975,511975
826,-4817516.7610,0.0000,4817516.7610,647417677.5062,7441.1264,0,0.000000,15.877417,59.323174,0.264720,-75.273699,30729570289,59912.32,512909,512909
827,-4660403.3677,0.0000,4660403.3677,637358489.8585,7312.0598,0,0.000000,15.611777,62.614948,0.337081,-72.818803,30711946172,59947.86,512311,512311
828,-4895430.4407,0.0000,4895430.4407,652717878.7570,7500.0710,0,0.000000,15.987608,62.559999,0.293419,-76.491101,30644676946,59888.44,511696,511696
829,-4904942.4089,0.0000,4904942.4089,653964837.7131,7500.3152,0,0.000000,16.191320,50.279156,0.264888,-76.639725,30670943797,59920.57,511860,511860
83,-4680787.3026,0.0000,4680787.3026,634553463.8668,7376.5058,0,0.000000,15.584088,60.035274,0.324098,-73.137302,30666565098,59964.97,511408,511408
830,-4728103.3918,0.0000,4728103.3918,634581755.0649,7450.7396,0,0.000000,16.027793,48.649301,0.307767,-73.876615,30644982206,59895.13,511644,511644
831,-4862166.8076,0.0000,4862166.8076,647639521.7100,7507.5202,0,0.000000,16.186707,65.919352,0.315757,-75.971356,30710688339,59916.28,512560,512560
832,-4740843.8330,0.0000,4740843.8330,639746424.5173,7410.5046,0,0.000000,16.065796,47.288664,0.352647,-74.075685,30607445422,59860.49,511313,511313
833,-4765443.4829,0.0000,4765443.4829,648893098.3809,7343.9577,0,0.000000,15.379226,62.293468,0.284839,-74.460054,30704165004,59930.56,512329,512329
834,-4753271.2753,0.0000,4753271.2753,639338246.1843,7434.6737,0,0.000000,15.627366,74.393165,0.255314,-74.269864,30700202088,59922.71,512330,512330
835,-4748939.2894,0.0000,4748939.2894,641836254.6436,7398.9888,0,0.000000,15.680208,47.528256,0.292355,-74.202176,30717189886,59914.00,512688,512688
836,-4864676.8379,0.0000,4864676.8379,651128427.2550,7471.1480,0,0.000000,15.942386,56.456368,0.340728,-76.010576,30687383401,59891.61,512382,512382
837,-4696869.4533,0.0000,4696869.4533,632169368.1510,7429.7644,0,0.000000,15.628045,52.221580,0.210852,-73.388585,30652392546,59935.38,511424,511424
838,-4779354.9743,0.0000,4779354.9743,643695274.0065,7424.8719,0,0.000000,15.700386,52.118679,0.361959,-74.677421,30636595845,59887.87,511566,511566
839,-4826924.1100,0.0000,4826924.1100,651637246.1311,7407.3791,0,0.000000,15.814651,57.042639,0.319986,-75.420689,30685100936,59958.66,511771,511771
84,-4956474.1950,0.0000,4956474.1950,661722020.9145,7490.2664,0,0.000000,16.363971,65.093958,0.392233,-77.444909,30648646508,59879.93,511835,511835
840,-4735572.3642,0.0000,4735572.3642,641855529.3354,7377.9412,0,0.000000,15.599560,62.643397,0.297887,-73.993318,30733379414,59944.88,512694,512694
841,-4745828.4128,0.0000,4745828.4128,638858838.0826,7428.6026,0,0.000000,15.764018,44.757321,0.293216,-74.153569,30658202192,59890.53,511904,511904
842,-4874433.7404,0.0000,4874433.7404,656352729.9327,7426.5460,0,0.000000,16.018823,55.681202,0.365330,-76.163027,30717328012,59932.51,512532,512532
843,-4842579.6530,0.0000,4842579.6530,653146640.7838,7414.2304,0,0.000000,15.806382,51.685613,0.303386,-75.665307,30696909529,59924.70,512258,512258
844,-4797302.4876,0.0000,4797302.4876,640841876.4448,7485.9379,0,0.000000,15.996137,56.303145,0.323294,-74.957851,30672427556,59940.33,511716,511716
845,-4705153.0993,0.0000,4705153.0993,635545994.2778,7403.3243,0,0.000000,15.857899,55.472739,0.334551,-73.518017,30664950473,59890.73,512015,512015
846,-4729295.7439,0.0000,4729295.7439,632703926.8391,7474.7375,0,0.000000,15.756117,58.130490,0.274591,-73.895246,30642879048,59886.69,511681,511681
847,-4858202.3812,0.0000,4858202.3812,646770449.3504,7511.4786,0,0.000000,16.254565,50.669637,0.273204,-75.909412,30668427665,59881.03,512156,512156
848,-4769398.3651,0.0000,4769398.3651,626641713.0747,7611.0451,0,0.000000,15.903726,57.948632,0.253182,-74.521849,30696953372,59910.99,512376,512376
849,-4760010.6785,0.0000,4760010.6785,628764513.9542,7570.4188,0,0.000000,15.845094,55.473324,0.215504,-74.375167,30656389568,59895.77,511829,511829
85,-4839535.5607,0.0000,4839535.5607,651157158.4118,7432.2082,0,0.000000,15.881482,50.827730,0.383332,-75.617743,30651977091,59935.98,511412,511412
850,-4790060.6364,0.0000,4790060.6364,656274445.0825,7298.8681,0,0.000000,15.492894,50.061250,0.362705,-74.844697,30690599422,59952.53,511915,511915
851,-4780004.2208,0.0000,4780004.2208,637815471.4224,7494.3372,0,0.000000,16.029566,68.953713,0.214024,-74.687566,30614577042,59904.08,511060,511060
852,-4850536.8463,0.0000,4850536.8463,660446991.9167,7344.3242,0,0.000000,15.535622,57.209225,0.271091,-75.789638,30715445428,59931.17,512512,512512
853,-4684433.8937,0.0000,4684433.8937,631016006.6851,7423.6372,0,0.000000,15.791602,57.937264,0.276931,-73.194280,30680430619,59912.18,512090,512090
854,-4719844.6213,0.0000,4719844.6213,635731790.0795,7424.2703,0,0.000000,15.946444,65.961478,0.338058,-73.747572,30637334987,59902.07,511457,511457
855,-4713579.7396,0.0000,4713579.7396,633171579.8356,7444.3956,0,0.000000,15.647081,53.609545,0.312019,-73.649683,30597620721,59863.28,511125,511125
856,-4824095.7831,0.0000,4824095.7831,647508124.7462,7450.2475,0,0.000000,15.825826,56.945412,0.285188,-75.376497,30632573846,59931.08,511130,511130
857,-4858214.5879,0.0000,4858214.5879,656101107.4531,7404.6737,0,0.000000,15.923075,50.225095,0.395949,-75.909603,30645195548,59897.07,511631,511631
858,-4754742.7925,0.0000,4754742.7925,635394094.7209,7483.1397,0,0.000000,15.881728,53.441138,0.246016,-74.292856,30666984059,59916.58,511828,511828
859,-4726738.4800,0.0000,4726738.4800,644914968.0985,7329.2429,0,0.000000,15.574785,56.246547,0.332649,-73.855289,30593352738,59950.88,510307,510307
86,-4792691.2732,0.0000,4792691.2732,643860302.9918,7443.6819,0,0.000000,15.950103,63.777948,0.299139,-74.885801,30705215291,59896.60,512637,512637
860,-4762075.7510,0.0000,4762075.7510,642395290.5276,7412.9992,0,0.000000,15.871755,59.777084,0.214043,-74.407434,30715169590,59901.65,512760,512760
861,-4763737.6487,0.0000,4763737.6487,633911707.9659,7514.8283,0,0.000000,16.050016,59.744276,0.299739,-74.433401,30640195225,59874.07,511744,511744
862,-4775157.3907,0.0000,4775157.3907,639939588.2165,7461.8878,0,0.000000,15.770518,55.555161,0.310879,-74.611834,30679929434,59977.26,511526,511526
863,-4665530.4186,0.0000,4665530.4186,625005715.1325,7464.7804,0,0.000000,15.785876,61.861255,0.250630,-72.898913,30612772928,59884.61,511196,511196
864,-4741709.0798,0.0000,4741709.0798,640121119.9575,7407.5186,0,0.000000,15.779340,72.761511,0.311794,-74.089204,30711214619,59931.57,512438,512438
865,-4699287.3735,0.0000,4699287.3735,638556910.7424,7359.2303,0,0.000000,15.568355,44.061008,0.263328,-73.426365,30633034042,59887.46,511510,511510
866,-4767556.4186,0.0000,4767556.4186,646993178.6345,7368.7893,0,0.000000,15.924050,46.742396,0.339228,-74.493069,30707454469,59916.98,512500,512500
867,-4862768.0418,0.0000,4862768.0418,652201663.1786,7455.9271,0,0.000000,16.137022,58.540166,0.328855,-75.980751,30703361190,59927.71,512340,512340
868,-4851039.6353,0.0000,4851039.6353,649050456.1194,7474.0563,0,0.000000,15.940536,56.775426,0.235940,-75.797494,30689589032,59938.73,512016,512016
869,-4569496.1645,0.0000,4569496.1645,615714695.9765,7421.4505,0,0.000000,15.469064,61.624026,0.239666,-71.398378,30655574994,59879.90,511951,511951
87,-4879172.6320,0.0000,4879172.6320,653881807.1470,7461.8571,0,0.000000,15.694428,67.872324,0.419014,-76.237072,30720868632,59893.84,512922,512922
870,-4804284.0265,0.0000,4804284.0265,643245680.9114,7468.8166,0,0.000000,15.883991,56.219391,0.328371,-75.066938,30676984613,59933.78,511848,511848
871,-4680071.9130,0.0000,4680071.9130,633875379.8160,7383.2682,0,0.000000,15.518003,47.271689,0.225920,-73.126124,30716829081,59925.22,512586,512586
872,-4754029.3746,0.0000,4754029.3746,651085740.4731,7301.6948,0,0.000000,15.604064,55.593531,0.320704,-74.281709,30641931072,59895.37,511591,511591
873,-4699386.0124,0.0000,4699386.0124,633577972.2069,7417.2181,0,0.000000,15.618552,55.707111,0.293487,-73.427906,30728856038,59960.38,512486,512486
874,-4926930.2137,0.0000,4926930.2137,659088892.9295,7475.3653,0,0.000000,16.100938,56.681835,0.307409,-76.983285,30730832774,59964.36,512485,512485
875,-4743355.7773,0.0000,4743355.7773,641410119.1147,7395.1995,0,0.000000,15.623192,61.828293,0.264654,-74.114934,30651625960,59887.86,511817,511817
876,-4853027.4590,0.0000,4853027.4590,645769930.9434,7515.1029,0,0.000000,16.344869,62.939453,0.296092,-75.828554,30645389324,59926.96,511379,511379
877,-4808338.0275,0.0000,4808338.0275,647500676.6585,7425.9969,0,0.000000,16.084019,57.855720,0.367421,-75.130282,30695729869,59943.47,512078,512078
878,-4773111.9895,0.0000,4773111.9895,644491413.0758,7406.0133,0,0.000000,15.747130,67.798684,0.305358,-74.579875,30692631404,59889.00,512492,512492
879,-4589160.0109,0.0000,4589160.0109,637183444.8080,7202.2587,0,0.000000,15.236332,51.580325,0.260671,-71.705625,30635628066,59868.77,511713,511713
88,-4728088.2788,0.0000,4728088.2788,636782178.3027,7424.9695,0,0.000000,15.793765,48.631234,0.300454,-73.876379,30705156515,59916.01,512470,512470
880,-4889612.2154,0.0000,4889612.2154,650855831.6893,7512.5888,0,0.000000,16.003654,53.222986,0.285387,-76.400191,30730471233,59929.50,512777,512777
881,-4845609.5007,0.0000,4845609.5007,652035693.2522,7431.5096,0,0.000000,15.962922,49.397738,0.349200,-75.712648,30680847987,59900.37,512198,512198
882,-4804026.5383,0.0000,4804026.5383,645361721.6257,7443.9285,0,0.000000,15.715313,56.601260,0.275198,-75.062915,30656352323,59926.72,511564,511564
883,-4694808.2996,0.0000,4694808.2996,633626544.5526,7409.4249,0,0.000000,15.722761,54.117023,0.251412,-73.356380,30662405558,59904.94,511851,511851
884,-4854792.6832,0.0000,4854792.6832,649753024.7529,7471.7508,0,0.000000,15.983905,52.694860,0.301041,-75.856136,30655817579,59941.26,511431,511431
885,-4674901.4935,0.0000,4674901.4935,621857459.4610,7517.6416,0,0.000000,15.644110,56.612713,0.241108,-73.045336,30636762499,59896.50,511495,511495
886,-4985169.7583,0.0000,4985169.7583,665144375.5086,7494.8687,0,0.000000,16.094223,50.090061,0.270636,-77.893277,30601463079,59921.09,510696,510696
887,-4738746.0776,0.0000,4738746.0776,642691645.5390,7373.2810,0,0.000000,15.738854,47.869527,0.302588,-74.042907,30740709366,59931.00,512935,512935
888,-4744451.1284,0.0000,4744451.1284,636318489.1700,7456.0950,0,0.000000,15.642740,55.099647,0.243247,-74.132049,30754794279,59867.89,513711,513711
889,-4842854.5827,0.0000,4842854.5827,652685790.1629,7419.8867,0,0.000000,15.859141,54.051019,0.289840,-75.669603,30695004654,59918.76,512277,512277
89,-4733805.7599,0.0000,4733805.7599,633753746.0852,7469.4718,0,0.000000,15.906092,58.225314,0.370514,-73.965715,30632362818,59857.36,511756,511756
890,-4798302.9040,0.0000,4798302.9040,641760049.3077,7476.7865,0,0.000000,15.779388,48.143602,0.280187,-74.973483,30662657994,59902.16,511879,511879
891,-4686287.9735,0.0000,4686287.9735,628978437.9052,7450.6337,0,0.000000,15.643818,72.197572,0.262457,-73.223250,30679714553,59855.38,512564,512564
892,-4682061.7189,0.0000,4682061.7189,626857074.6666,7469.1057,0,0.000000,15.580212,60.970571,0.281836,-73.157214,30678682965,59946.93,511764,511764
893,-4724933.8265,0.0000,4724933.8265,636326943.0626,7425.3242,0,0.000000,16.074821,56.224117,0.306522,-73.827091,30630072514,59896.66,511382,511382
894,-4815535.8698,0.0000,4815535.8698,651066569.7527,7396.3802,0,0.000000,15.919682,51.950672,0.309416,-75.242748,30727080415,59926.98,512742,512742
895,-4805885.2481,0.0000,4805885.2481,645495033.5365,7445.2707,0,0.000000,15.915538,57.313773,0.313092,-75.091957,30614541393,59832.24,511673,511673
896,-4785600.0979,0.0000,4785600.0979,638758449.8493,7492.0341,0,0.000000,15.653823,46.848333,0.272695,-74.775002,30668865656,59893.93,512053,512053
897,-4772827.6288,0.0000,4772827.6288,645765941.7188,7390.9559,0,0.000000,15.571763,54.186352,0.290391,-74.575432,30665870350,59928.10,511711,511711
898,-4799178.8922,0.0000,4799178.8922,638995509.4825,7510.5049,0,0.000000,15.935436,50.864125,0.271374,-74.987170,30673870030,59881.25,512245,512245
899,-4707818.5019,0.0000,4707818.5019,633696265.0878,7429.1404,0,0.000000,15.680181,57.658914,0.312847,-73.559664,30639841858,59908.62,511443,511443
90,-4731299.1639,0.0000,4731299.1639,642617541.2901,7362.5428,0,0.000000,15.948550,60.377536,0.340359,-73.926549,30696812850,59916.56,512326,512326
900,-4705300.5225,0.0000,4705300.5225,633875207.7480,7423.0708,0,0.000000,15.714130,49.801886,0.301654,-73.520321,30744700577,59923.36,513067,513067
901,-4848170.1368,0.0000,4848170.1368,645926243.4848,7505.7643,0,0.000000,16.117224,47.436057,0.309898,-75.752658,30682795839,59950.64,511801,511801
902,-4702944.0461,0.0000,4702944.0461,632492161.5973,7435.5768,0,0.000000,16.009192,55.478713,0.314430,-73.483501,30642603245,59887.78,511667,511667
903,-4555117.4212,0.0000,4555117.4212,628475867.1530,7247.8796,0,0.000000,15.295194,50.473253,0.327101,-71.173710,30740142691,59939.48,512853,512853
904,-4765617.0080,0.0000,4765617.0080,640743460.4294,7437.6366,0,0.000000,15.829905,53.260708,0.251172,-74.462766,30722517384,59930.12,512639,512639
905,-4824086.4188,0.0000,4824086.4188,645995991.6883,7467.6724,0,0.000000,15.973712,53.131794,0.299356,-75.376350,30696955261,59886.33,512587,512587
906,-4706781.5628,0.0000,4706781.5628,630206491.1265,7468.6339,0,0.000000,15.785511,53.313993,0.262302,-73.543462,30618117413,59908.42,511082,511082
907,-4831006.0913,0.0000,4831006.0913,648972906.7262,7444.0798,0,0.000000,15.959937,48.410232,0.273515,-75.484470,30692082590,59923.59,512187,512187
908,-4804713.6742,0.0000,4804713.6742,650023343.3002,7391.6017,0,0.000000,16.032706,50.662157,0.307611,-75.073651,30694270773,59933.59,512138,512138
909,-4600475.5710,0.0000,4600475.5710,632051167.5929,7278.6442,0,0.000000,15.316685,51.648306,0.332893,-71.882431,30733507411,59965.83,512517,512517
91,-4830783.5725,0.0000,4830783.5725,648108973.9675,7453.6594,0,0.000000,16.195311,49.877454,0.380859,-75.480993,30641679794,59834.41,512108,512108
910,-4910659.6025,0.0000,4910659.6025,650309745.3659,7551.2625,0,0.000000,16.055058,63.648678,0.256249,-76.729056,30593660466,59845.47,511211,511211
911,-4782431.9665,0.0000,4782431.9665,642068161.0957,7448.4802,0,0.000000,15.697634,50.008107,0.293632,-74.725499,30754649751,59953.74,512973,512973
912,-4598638.0961,0.0000,4598638.0961,623734537.6494,7372.7489,0,0.000000,15.570155,64.308709,0.265848,-71.853720,30651694874,59923.82,511511,511511
913,-4720041.2894,0.0000,4720041.2894,633040971.9444,7456.1387,0,0.000000,15.746173,49.832342,0.324732,-73.750645,30682365080,59931.64,511956,511956
914,-4779396.8704,0.0000,4779396.8704,638903922.2264,7480.6191,0,0.000000,16.068731,60.907112,0.307432,-74.678076,30742287169,59916.79,513083,513083
915,-4815429.4870,0.0000,4815429.4870,656725655.6199,7332.4827,0,0.000000,15.492268,50.025791,0.323730,-75.241086,30630979558,59900.77,511362,511362
916,-4863257.7155,0.0000,4863257.7155,647434214.8105,7511.5859,0,0.000000,15.896689,47.065535,0.303178,-75.988402,30650986396,59955.61,511228,511228
917,-4796470.0297,0.0000,4796470.0297,643610483.8285,7452.4424,0,0.000000,15.910784,49.174901,0.271851,-74.944844,30718470701,59945.15,512443,512443
918,-4588773.8281,0.0000,4588773.8281,624839119.1211,7343.9285,0,0.000000,15.467012,58.248815,0.271264,-71.699591,30671878340,59880.05,512222,512222
919,-4625701.5484,0.0000,4625701.5484,629516161.2546,7348.0267,0,0.000000,15.531988,55.487109,0.292423,-72.276587,30665767795,59938.45,511621,511621
92,-4745520.2220,0.0000,4745520.2220,635013895.3033,7473.0967,0,0.000000,16.060122,54.177059,0.384851,-74.148753,30644412718,59867.45,511871,511871
920,-4936335.9957,0.0000,4936335.9957,664651634.2537,7426.9523,0,0.000000,16.146042,56.736209,0.278739,-77.130250,30644689144,59932.51,511320,511320
921,-4762357.3229,0.0000,4762357.3229,641976935.2153,7418.2686,0,0.000000,16.114226,53.434907,0.260624,-74.411833,30709174868,59961.06,512152,512152
922,-4619933.1602,0.0000,4619933.1602,625509329.3115,7385.8741,0,0.000000,15.566353,58.323449,0.300320,-72.186456,30703873511,59903.10,512559,512559
923,-4928275.9488,0.0000,4928275.9488,655918274.7651,7513.5518,0,0.000000,16.182922,49.786812,0.285093,-77.004312,30704336500,59894.54,512640,512640
924,-4818987.3684,0.0000,4818987.3684,646490727.5404,7454.0704,0,0.000000,15.815804,52.641588,0.329385,-75.296678,30689149882,59912.71,512231,512231
925,-4741982.5796,0.0000,4741982.5796,640705877.1056,7401.1848,0,0.000000,15.646715,58.784564,0.281623,-74.093478,30680056568,59893.44,512244,512244
926,-4658758.8492,0.0000,4658758.8492,633864931.5710,7349.7659,0,0.000000,15.792587,46.766226,0.334265,-72.793107,30639669840,59902.66,511491,511491
927,-4744794.2914,0.0000,4744794.2914,635777012.0278,7462.9850,0,0.000000,15.722514,55.044643,0.255733,-74.137411,30637400926,59913.45,511361,511361
928,-4734532.6897,0.0000,4734532.6897,642939210.6083,7363.8885,0,0.000000,15.545602,53.039865,0.329220,-73.977073,30705430642,59926.25,512387,512387
929,-4837389.9698,0.0000,4837389.9698,650417151.8990,7437.3653,0,0.000000,16.056235,48.134240,0.308954,-75.584218,30668048754,59921.82,511801,511801
93,-4666949.6338,0.0000,4666949.6338,623006029.1357,7491.0184,0,0.000000,15.847728,57.904969,0.359810,-72.921088,30633747218,59855.74,511793,511793
930,-4731413.9794,0.0000,4731413.9794,632975588.5394,7474.8759,0,0.000000,15.752349,50.397649,0.329413,-73.928343,30669258516,59906.04,511956,511956
931,-4751770.8307,0.0000,4751770.8307,639355005.6936,7432.1321,0,0.000000,15.839780,58.721101,0.240426,-74.246419,30701723104,59933.40,512264,512264
932,-4724214.7657,0.0000,4724214.7657,633977300.5751,7451.7096,0,0.000000,15.842518,71.276682,0.292471,-73.815856,30669070727,59865.33,512301,512301
933,-4728733.2999,0.0000,4728733.2999,641093762.5368,7376.0401,0,0.000000,15.521784,54.727804,0.313646,-73.886458,30703040405,59941.24,512219,512219
934,-4805710.3903,0.0000,4805710.3903,649513832.5038,7398.9346,0,0.000000,15.513886,56.716159,0.371889,-75.089225,30741696766,59924.40,513008,513008
935,-4777580.7209,0.0000,4777580.7209,635906842.6950,7513.0198,0,0.000000,16.280084,67.770410,0.281630,-74.649699,30667751063,59902.98,511957,511957
936,-4878726.7732,0.0000,4878726.7732,654992165.3209,7448.5269,0,0.000000,16.164816,58.655545,0.252072,-76.230106,30723907911,59963.95,512373,512373
937,-4831883.7723,0.0000,4831883.7723,651403974.3806,7417.6455,0,0.000000,15.934708,46.580621,0.332370,-75.498184,30724525174,59948.66,512514,512514
938,-4741364.4433,0.0000,4741364.4433,636441616.5927,7449.8027,0,0.000000,15.795312,64.808905,0.227234,-74.083819,30657405850,59927.02,511579,511579
939,-4734175.4391,0.0000,4734175.4391,633155363.1002,7477.1150,0,0.000000,15.743306,46.531424,0.245076,-73.971491,30631816359,59872.44,511618,511618
94,-4792258.4451,0.0000,4792258.4451,639576968.7040,7492.8565,0,0.000000,16.127513,62.834153,0.425506,-74.879038,30607682465,59925.53,510762,510762
940,-4880677.3968,0.0000,4880677.3968,644273952.6319,7575.4691,0,0.000000,16.194098,52.858105,0.289556,-76.260584,30656713238,59918.29,511642,511642
941,-4867124.0839,0.0000,4867124.0839,658328128.4582,7393.1583,0,0.000000,15.876732,53.187640,0.310670,-76.048814,30711972622,59943.23,512351,512351
942,-4816626.5367,0.0000,4816626.5367,646875644.5961,7445.9853,0,0.000000,15.708724,68.214990,0.308227,-75.259790,30733240014,59973.85,512444,512444
943,-4670649.4037,0.0000,4670649.4037,629663061.8919,7417.6964,0,0.000000,15.723283,63.971315,0.319096,-72.978897,30675384959,59909.82,512026,512026
944,-4769312.7384,0.0000,4769312.7384,634462782.3676,7517.0883,0,0.000000,15.806704,48.621090,0.268849,-74.520512,30642737588,59881.38,511724,511724
945,-4751490.1845,0.0000,4751490.1845,643070919.4624,7388.7499,0,0.000000,15.640514,59.372387,0.301752,-74.242034,30659557364,59891.77,511916,511916
946,-4722756.6098,0.0000,4722756.6098,638389834.2734,7397.9195,0,0.000000,15.946385,55.944356,0.334070,-73.793072,30658067074,59910.98,511727,511727
947,-4798583.9322,0.0000,4798583.9322,651853220.7193,7361.4485,0,0.000000,15.678564,45.395223,0.325382,-74.977874,30723299983,59982.08,512208,512208
948,-4768422.7366,0.0000,4768422.7366,637398716.8393,7481.0674,0,0.000000,15.752071,53.221464,0.277619,-74.506605,30736182209,59931.99,512851,512851
949,-4710984.9112,0.0000,4710984.9112,635084093.2556,7417.8915,0,0.000000,15.944648,50.943367,0.242759,-73.609139,30591023500,59925.65,510483,510483
95,-4593445.4453,0.0000,4593445.4453,625385494.0934,7344.9824,0,0.000000,15.682574,56.321666,0.368857,-71.772585,30649922664,59920.48,511510,511510
950,-4860900.7147,0.0000,4860900.7147,651337355.6558,7462.9540,0,0.000000,15.962573,57.466974,0.265292,-75.951574,30715013977,59884.76,512902,512902
951,-4669680.6705,0.0000,4669680.6705,633567166.2096,7370.4588,0,0.000000,15.609842,51.428604,0.327812,-72.963760,30667018651,59949.56,511547,511547
952,-4887157.8421,0.0000,4887157.8421,653678474.6671,7476.3940,0,0.000000,16.298573,52.912521,0.233693,-76.361841,30694439743,59946.10,512034,512034
953,-4763227.3988,0.0000,4763227.3988,637896647.0372,7467.0833,0,0.000000,15.949422,53.336178,0.273215,-74.425428,30637635265,59883.23,511623,511623
954,-4812010.1857,0.0000,4812010.1857,644842448.6940,7462.3037,0,0.000000,16.168369,66.333104,0.294583,-75.187659,30702996763,59964.10,512023,512023
955,-4650052.8609,0.0000,4650052.8609,624152706.0169,7450.1846,0,0.000000,15.397229,48.062208,0.253251,-72.657076,30662475479,59900.40,511891,511891
956,-4808652.4990,0.0000,4808652.4990,640436006.0731,7508.4044,0,0.000000,16.015280,54.674307,0.313580,-75.135195,30674759247,59896.66,512128,512128
957,-4771658.4306,0.0000,4771658.4306,637055298.6821,7490.1793,0,0.000000,15.918883,59.324840,0.318071,-74.557163,30702456767,59909.22,512483,512483
958,-4723729.3659,0.0000,4723729.3659,630431415.6568,7492.8521,0,0.000000,15.662472,54.128667,0.258902,-73.808271,30665368068,59892.71,512005,512005
959,-4860148.7745,0.0000,4860148.7745,650295870.9589,7473.7500,0,0.000000,15.931983,60.907659,0.293171,-75.939825,30666710668,59925.41,511748,511748
96,-4895230.9507,0.0000,4895230.9507,655675177.6230,7465.9391,0,0.000000,15.621576,69.547174,0.396971,-76.487984,30762526837,59898.57,513577,513577
960,-4676367.8048,0.0000,4676367.8048,639299460.7593,7314.8315,0,0.000000,15.384618,48.155994,0.260573,-73.068247,30707237058,59955.28,512169,512169
961,-4848445.0912,0.0000,4848445.0912,643180732.0712,7538.2312,0,0.000000,16.023500,52.326551,0.283024,-75.756955,30671446855,59888.68,512141,512141
962,-4607456.0012,0.0000,4607456.0012,624027679.2471,7383.4161,0,0.000000,15.284656,52.938165,0.273932,-71.991500,30705736803,59930.94,512352,512352
963,-4786841.4960,0.0000,4786841.4960,642067479.0008,7455.3558,0,0.000000,15.840906,50.526607,0.319450,-74.794398,30667482120,59910.65,511887,511887
964,-4659456.4628,0.0000,4659456.4628,622002549.0695,7491.0569,0,0.000000,15.625970,51.801805,0.200332,-72.804007,30669198521,59934.26,511714,511714
965,-4714515.3991,0.0000,4714515.3991,636122037.6074,7411.3380,0,0.000000,15.771425,55.363861,0.276067,-73.664303,30655379067,59956.81,511291,511291
966,-4666697.8355,0.0000,4666697.8355,637187372.1797,7323.9019,0,0.000000,15.567116,74.414974,0.351760,-72.917154,30675668764,59907.68,512049,512049
967,-4824181.7520,0.0000,4824181.7520,643456429.9880,7497.2936,0,0.000000,16.130229,55.743338,0.287566,-75.377840,30623030483,59849.18,511670,511670
968,-4751935.5258,0.0000,4751935.5258,637262563.9357,7456.7938,0,0.000000,15.825746,60.774360,0.267793,-74.248993,30639233665,59935.20,511206,511206
969,-4762867.7032,0.0000,4762867.7032,640463103.3426,7436.5997,0,0.000000,15.927065,53.036177,0.279881,-74.419808,30676808276,59879.04,512313,512313
97,-4600352.3654,0.0000,4600352.3654,632663761.7885,7271.4017,0,0.000000,15.340500,53.772936,0.366775,-71.880506,30700961422,59909.46,512456,512456
970,-4640880.0127,0.0000,4640880.0127,628507365.4750,7383.9708,0,0.000000,15.351253,47.427029,0.292349,-72.513750,30676369832,59926.84,511897,511897
971,-4755118.4634,0.0000,4755118.4634,642319671.0133,7403.0404,0,0.000000,15.862837,56.158576,0.272797,-74.298726,30694015732,59887.61,512527,512527
972,-4877686.6264,0.0000,4877686.6264,653252022.0200,7466.7762,0,0.000000,15.748197,52.215663,0.266502,-76.213854,30661480645,59952.68,511428,511428
973,-4825824.2045,0.0000,4825824.2045,649910705.3289,7425.3650,0,0.000000,16.155610,55.227916,0.326299,-75.403503,30713370967,59909.59,512662,512662
974,-4782089.1974,0.0000,4782089.1974,643948076.9570,7426.2031,0,0.000000,15.795479,49.648768,0.334750,-74.720144,30631366517,59830.98,511965,511965
975,-4914404.7248,0.0000,4914404.7248,655930921.2124,7492.2596,0,0.000000,16.261477,56.895545,0.267522,-76.787574,30671603911,59893.08,512106,512106
976,-4693594.9728,0.0000,4693594.9728,633617912.2406,7407.6109,0,0.000000,15.745923,47.528820,0.280140,-73.337421,30728828289,59934.95,512703,512703
977,-4821939.7583,0.0000,4821939.7583,651840588.2348,7397.4218,0,0.000000,15.848194,46.016374,0.303007,-75.342809,30662293790,59903.44,511862,511862
978,-4805213.0575,0.0000,4805213.0575,644300374.5736,7458.0324,0,0.000000,15.844261,55.198836,0.278233,-75.081454,30669656888,59898.87,512024,512024
979,-4866105.5331,0.0000,4866105.5331,645240754.8758,7541.5347,0,0.000000,16.025262,60.527961,0.258341,-76.032899,30702396897,59957.19,512072,512072
98,-4967671.1299,0.0000,4967671.1299,657614456.6631,7554.0784,0,0.000000,16.288057,58.239020,0.435760,-77.619861,30719714752,59910.51,512760,512760
980,-4693200.1395,0.0000,4693200.1395,627328521.0721,7481.2478,0,0.000000,15.772134,47.201423,0.251900,-73.331252,30690755652,59925.44,512149,512149
981,-4705929.2108,0.0000,4705929.2108,634997546.1865,7410.9408,0,0.000000,15.836443,51.586160,0.401865,-73.530144,30719108220,59930.02,512583,512583
982,-4699038.2619,0.0000,4699038.2619,629457299.3818,7465.2217,0,0.000000,15.827952,50.540481,0.198481,-73.422473,30730697643,59929.83,512778,512778
983,-4951790.3692,0.0000,4951790.3692,663171674.2029,7466.8303,0,0.000000,16.055048,66.365749,0.273283,-77.371725,30710618898,59896.75,512726,512726
984,-4871317.6895,0.0000,4871317.6895,645519199.8702,7546.3560,0,0.000000,15.885060,49.470930,0.274014,-76.114339,30659289316,59937.73,511519,511519
985,-4833146.3018,0.0000,4833146.3018,647879967.0572,7459.9410,0,0.000000,16.038718,50.674224,0.308191,-75.517911,30695807530,59931.68,512180,512180
986,-4738161.8661,0.0000,4738161.8661,633913951.4503,7474.4559,0,0.000000,15.741876,62.542130,0.295266,-74.033779,30652741402,59895.19,511773,511773
987,-4692466.1884,0.0000,4692466.1884,634207419.6970,7398.9456,0,0.000000,15.721487,47.686014,0.279795,-73.319784,30659120520,59890.45,511920,511920
988,-4719683.7359,0.0000,4719683.7359,633442036.0456,7450.8534,0,0.000000,15.711860,45.219833,0.243969,-73.745058,30633446073,59884.17,511545,511545
989,-4827471.8540,0.0000,4827471.8540,647091732.9041,7460.2589,0,0.000000,15.901207,56.171878,0.308917,-75.429248,30629561651,59908.19,511275,511275
99,-4803009.6205,0.0000,4803009.6205,644057677.4026,7457.4216,0,0.000000,15.614043,48.732916,0.334341,-75.047025,30654832574,59916.60,511625,511625
990,-4884338.8964,0.0000,4884338.8964,646698291.4334,7552.7320,0,0.000000,16.187740,56.080052,0.250483,-76.317795,30663801245,59940.81,511568,511568
991,-4642028.7573,0.0000,4642028.7573,629164513.2122,7378.0842,0,0.000000,15.797004,54.951239,0.293247,-72.531699,30620162660,59847.44,511637,511637
992,-4574625.1457,0.0000,4574625.1457,624835941.8558,7321.3220,0,0.000000,15.364686,52.723316,0.290016,-71.478518,30722715153,59895.34,512940,512940
993,-4823649.2988,0.0000,4823649.2988,641186161.6152,7523.0091,0,0.000000,16.156062,69.115458,0.286725,-75.369520,30655112455,59871.16,512018,512018
994,-4766818.6307,0.0000,4766818.6307,641555132.4107,7430.0998,0,0.000000,15.757240,62.217700,0.300206,-74.481541,30590042142,59909.99,510600,510600
995,-4894274.2596,0.0000,4894274.2596,658402211.1917,7433.5629,0,0.000000,16.088265,54.851986,0.244816,-76.473035,30630432517,59888.11,511461,511461
996,-4795256.9623,0.0000,4795256.9623,646454705.8065,7417.7772,0,0.000000,15.885541,53.007181,0.306628,-74.925890,30731411210,59934.73,512748,512748
997,-4895956.9228,0.0000,4895956.9228,655428726.3644,7469.8540,0,0.000000,16.114305,53.270297,0.345726,-76.499327,30687048079,59917.03,512159,512159
998,-4871874.3429,0.0000,4871874.3429,646416206.4779,7536.7454,0,0.000000,16.107704,60.466072,0.296827,-76.123037,30704612226,59879.31,512775,512775
999,-4703983.0299,0.0000,4703983.0299,630817001.8689,7456.9693,0,0.000000,16.044710,51.260860,0.253314,-73.499735,30730011398,59941.82,512664,512664
