metric_name,scenario,user_count,bin_lower,bin_upper,count,frequency_pct
User_PnL,single_n32,32,-470210.8165,-466681.5853,1,0.1000
User_PnL,single_n32,32,-466681.5853,-463152.3542,0,0.0000
User_PnL,single_n32,32,-463152.3542,-459623.1231,0,0.0000
User_PnL,single_n32,32,-459623.1231,-456093.8920,1,0.1000
User_PnL,single_n32,32,-456093.8920,-452564.6608,3,0.3000
User_PnL,single_n32,32,-452564.6608,-449035.4297,0,0.0000
User_PnL,single_n32,32,-449035.4297,-445506.1986,1,0.1000
User_PnL,single_n32,32,-445506.1986,-441976.9675,0,0.0000
User_PnL,single_n32,32,-441976.9675,-438447.7363,4,0.4000
User_PnL,single_n32,32,-438447.7363,-434918.5052,7,0.7000
User_PnL,single_n32,32,-434918.5052,-431389.2741,4,0.4000
User_PnL,single_n32,32,-431389.2741,-427860.0430,2,0.2000
User_PnL,single_n32,32,-427860.0430,-424330.8118,5,0.5000
User_PnL,single_n32,32,-424330.8118,-420801.5807,13,1.3000
User_PnL,single_n32,32,-420801.5807,-417272.3496,12,1.2000
User_PnL,single_n32,32,-417272.3496,-413743.1185,13,1.3000
User_PnL,single_n32,32,-413743.1185,-410213.8873,17,1.7000
User_PnL,single_n32,32,-410213.8873,-406684.6562,19,1.9000
User_PnL,single_n32,32,-406684.6562,-403155.4251,23,2.3000
User_PnL,single_n32,32,-403155.4251,-399626.1940,34,3.4000
User_PnL,single_n32,32,-399626.1940,-396096.9628,36,3.6000
User_PnL,single_n32,32,-396096.9628,-392567.7317,25,2.5000
User_PnL,single_n32,32,-392567.7317,-389038.5006,52,5.2000
User_PnL,single_n32,32,-389038.5006,-385509.2695,43,4.3000
User_PnL,single_n32,32,-385509.2695,-381980.0383,46,4.6000
User_PnL,single_n32,32,-381980.0383,-378450.8072,41,4.1000
User_PnL,single_n32,32,-378450.8072,-374921.5761,62,6.2000
User_PnL,single_n32,32,-374921.5761,-371392.3450,60,6.0000
User_PnL,single_n32,32,-371392.3450,-367863.1138,45,4.5000
User_PnL,single_n32,32,-367863.1138,-364333.8827,63,6.3000
User_PnL,single_n32,32,-364333.8827,-360804.6516,48,4.8000
User_PnL,single_n32,32,-360804.6516,-357275.4205,41,4.1000
User_PnL,single_n32,32,-357275.4205,-353746.1893,39,3.9000
User_PnL,single_n32,32,-353746.1893,-350216.9582,32,3.2000
User_PnL,single_n32,32,-350216.9582,-346687.7271,40,4.0000
User_PnL,single_n32,32,-346687.7271,-343158.4960,34,3.4000
User_PnL,single_n32,32,-343158.4960,-339629.2648,19,1.9000
User_PnL,single_n32,32,-339629.2648,-336100.0337,25,2.5000
User_PnL,single_n32,32,-336100.0337,-332570.8026,15,1.5000
User_PnL,single_n32,32,-332570.8026,-329041.5715,16,1.6000
User_PnL,single_n32,32,-329041.5715,-325512.3403,15,1.5000
User_PnL,single_n32,32,-325512.3403,-321983.1092,10,1.0000
User_PnL,single_n32,32,-321983.1092,-318453.8781,14,1.4000
User_PnL,single_n32,32,-318453.8781,-314924.6469,6,0.6000
User_PnL,single_n32,32,-314924.6469,-311395.4158,4,0.4000
User_PnL,single_n32,32,-311395.4158,-307866.1847,3,0.3000
User_PnL,single_n32,32,-307866.1847,-304336.9536,2,0.2000
User_PnL,single_n32,32,-304336.9536,-300807.7224,2,0.2000
User_PnL,single_n32,32,-300807.7224,-297278.4913,1,0.1000
User_PnL,single_n32,32,-297278.4913,-293749.2602,2,0.2000
Avg_Spread_Pct,single_n32,32,3.0811,3.0995,2,0.2000
Avg_Spread_Pct,single_n32,32,3.0995,3.1180,0,0.0000
Avg_Spread_Pct,single_n32,32,3.1180,3.1364,2,0.2000
Avg_Spread_Pct,single_n32,32,3.1364,3.1549,1,0.1000
Avg_Spread_Pct,single_n32,32,3.1549,3.1733,1,0.1000
Avg_Spread_Pct,single_n32,32,3.1733,3.1918,2,0.2000
Avg_Spread_Pct,single_n32,32,3.1918,3.2102,5,0.5000
Avg_Spread_Pct,single_n32,32,3.2102,3.2287,5,0.5000
Avg_Spread_Pct,single_n32,32,3.2287,3.2471,7,0.7000
Avg_Spread_Pct,single_n32,32,3.2471,3.2655,13,1.3000
Avg_Spread_Pct,single_n32,32,3.2655,3.2840,12,1.2000
Avg_Spread_Pct,single_n32,32,3.2840,3.3024,16,1.6000
Avg_Spread_Pct,single_n32,32,3.3024,3.3209,15,1.5000
Avg_Spread_Pct,single_n32,32,3.3209,3.3393,17,1.7000
Avg_Spread_Pct,single_n32,32,3.3393,3.3578,16,1.6000
Avg_Spread_Pct,single_n32,32,3.3578,3.3762,23,2.3000
Avg_Spread_Pct,single_n32,32,3.3762,3.3947,25,2.5000
Avg_Spread_Pct,single_n32,32,3.3947,3.4131,42,4.2000
Avg_Spread_Pct,single_n32,32,3.4131,3.4316,34,3.4000
Avg_Spread_Pct,single_n32,32,3.4316,3.4500,29,2.9000
Avg_Spread_Pct,single_n32,32,3.4500,3.4685,43,4.3000
Avg_Spread_Pct,single_n32,32,3.4685,3.4869,44,4.4000
Avg_Spread_Pct,single_n32,32,3.4869,3.5054,51,5.1000
Avg_Spread_Pct,single_n32,32,3.5054,3.5238,52,5.2000
Avg_Spread_Pct,single_n32,32,3.5238,3.5422,55,5.5000
Avg_Spread_Pct,single_n32,32,3.5422,3.5607,61,6.1000
Avg_Spread_Pct,single_n32,32,3.5607,3.5791,50,5.0000
Avg_Spread_Pct,single_n32,32,3.5791,3.5976,41,4.1000
Avg_Spread_Pct,single_n32,32,3.5976,3.6160,45,4.5000
Avg_Spread_Pct,single_n32,32,3.6160,3.6345,44,4.4000
Avg_Spread_Pct,single_n32,32,3.6345,3.6529,34,3.4000
Avg_Spread_Pct,single_n32,32,3.6529,3.6714,34,3.4000
Avg_Spread_Pct,single_n32,32,3.6714,3.6898,35,3.5000
Avg_Spread_Pct,single_n32,32,3.6898,3.7083,29,2.9000
Avg_Spread_Pct,single_n32,32,3.7083,3.7267,17,1.7000
Avg_Spread_Pct,single_n32,32,3.7267,3.7452,21,2.1000
Avg_Spread_Pct,single_n32,32,3.7452,3.7636,16,1.6000
Avg_Spread_Pct,single_n32,32,3.7636,3.7821,16,1.6000
Avg_Spread_Pct,single_n32,32,3.7821,3.8005,9,0.9000
Avg_Spread_Pct,single_n32,32,3.8005,3.8190,8,0.8000
Avg_Spread_Pct,single_n32,32,3.8190,3.8374,8,0.8000
Avg_Spread_Pct,single_n32,32,3.8374,3.8558,4,0.4000
Avg_Spread_Pct,single_n32,32,3.8558,3.8743,3,0.3000
Avg_Spread_Pct,single_n32,32,3.8743,3.8927,4,0.4000
Avg_Spread_Pct,single_n32,32,3.8927,3.9112,3,0.3000
Avg_Spread_Pct,single_n32,32,3.9112,3.9296,1,0.1000
Avg_Spread_Pct,single_n32,32,3.9296,3.9481,0,0.0000
Avg_Spread_Pct,single_n32,32,3.9481,3.9665,1,0.1000
Avg_Spread_Pct,single_n32,32,3.9665,3.9850,2,0.2000
Avg_Spread_Pct,single_n32,32,3.9850,4.0034,2,0.2000
Arb_Profit,single_n32,32,-228261.4367,-214107.0087,1,0.1000
Arb_Profit,single_n32,32,-214107.0087,-199952.5807,0,0.0000
Arb_Profit,single_n32,32,-199952.5807,-185798.1528,0,0.0000
Arb_Profit,single_n32,32,-185798.1528,-171643.7248,0,0.0000
Arb_Profit,single_n32,32,-171643.7248,-157489.2969,0,0.0000
Arb_Profit,single_n32,32,-157489.2969,-143334.8689,2,0.2000
Arb_Profit,single_n32,32,-143334.8689,-129180.4410,3,0.3000
Arb_Profit,single_n32,32,-129180.4410,-115026.0130,2,0.2000
Arb_Profit,single_n32,32,-115026.0130,-100871.5851,4,0.4000
Arb_Profit,single_n32,32,-100871.5851,-86717.1571,1,0.1000
Arb_Profit,single_n32,32,-86717.1571,-72562.7292,2,0.2000
Arb_Profit,single_n32,32,-72562.7292,-58408.3012,4,0.4000
Arb_Profit,single_n32,32,-58408.3012,-44253.8733,5,0.5000
Arb_Profit,single_n32,32,-44253.8733,-30099.4453,9,0.9000
Arb_Profit,single_n32,32,-30099.4453,-15945.0173,12,1.2000
Arb_Profit,single_n32,32,-15945.0173,-1790.5894,13,1.3000
Arb_Profit,single_n32,32,-1790.5894,12363.8386,16,1.6000
Arb_Profit,single_n32,32,12363.8386,26518.2665,12,1.2000
Arb_Profit,single_n32,32,26518.2665,40672.6945,21,2.1000
Arb_Profit,single_n32,32,40672.6945,54827.1224,30,3.0000
Arb_Profit,single_n32,32,54827.1224,68981.5504,32,3.2000
Arb_Profit,single_n32,32,68981.5504,83135.9783,35,3.5000
Arb_Profit,single_n32,32,83135.9783,97290.4063,59,5.9000
Arb_Profit,single_n32,32,97290.4063,111444.8342,44,4.4000
Arb_Profit,single_n32,32,111444.8342,125599.2622,46,4.6000
Arb_Profit,single_n32,32,125599.2622,139753.6901,62,6.2000
Arb_Profit,single_n32,32,139753.6901,153908.1181,49,4.9000
Arb_Profit,single_n32,32,153908.1181,168062.5461,52,5.2000
Arb_Profit,single_n32,32,168062.5461,182216.9740,53,5.3000
Arb_Profit,single_n32,32,182216.9740,196371.4020,52,5.2000
Arb_Profit,single_n32,32,196371.4020,210525.8299,40,4.0000
Arb_Profit,single_n32,32,210525.8299,224680.2579,48,4.8000
Arb_Profit,single_n32,32,224680.2579,238834.6858,34,3.4000
Arb_Profit,single_n32,32,238834.6858,252989.1138,46,4.6000
Arb_Profit,single_n32,32,252989.1138,267143.5417,43,4.3000
Arb_Profit,single_n32,32,267143.5417,281297.9697,28,2.8000
Arb_Profit,single_n32,32,281297.9697,295452.3976,26,2.6000
Arb_Profit,single_n32,32,295452.3976,309606.8256,26,2.6000
Arb_Profit,single_n32,32,309606.8256,323761.2535,17,1.7000
Arb_Profit,single_n32,32,323761.2535,337915.6815,16,1.6000
Arb_Profit,single_n32,32,337915.6815,352070.1094,18,1.8000
Arb_Profit,single_n32,32,352070.1094,366224.5374,3,0.3000
Arb_Profit,single_n32,32,366224.5374,380378.9654,10,1.0000
Arb_Profit,single_n32,32,380378.9654,394533.3933,8,0.8000
Arb_Profit,single_n32,32,394533.3933,408687.8213,6,0.6000
Arb_Profit,single_n32,32,408687.8213,422842.2492,4,0.4000
Arb_Profit,single_n32,32,422842.2492,436996.6772,2,0.2000
Arb_Profit,single_n32,32,436996.6772,451151.1051,1,0.1000
Arb_Profit,single_n32,32,451151.1051,465305.5331,1,0.1000
Arb_Profit,single_n32,32,465305.5331,479459.9610,2,0.2000
LP_Profit_Value,single_n32,32,147731.3572,149782.1417,1,0.1000
LP_Profit_Value,single_n32,32,149782.1417,151832.9263,1,0.1000
LP_Profit_Value,single_n32,32,151832.9263,153883.7108,0,0.0000
LP_Profit_Value,single_n32,32,153883.7108,155934.4954,0,0.0000
LP_Profit_Value,single_n32,32,155934.4954,157985.2799,4,0.4000
LP_Profit_Value,single_n32,32,157985.2799,160036.0644,2,0.2000
LP_Profit_Value,single_n32,32,160036.0644,162086.8490,1,0.1000
LP_Profit_Value,single_n32,32,162086.8490,164137.6335,3,0.3000
LP_Profit_Value,single_n32,32,164137.6335,166188.4180,4,0.4000
LP_Profit_Value,single_n32,32,166188.4180,168239.2026,7,0.7000
LP_Profit_Value,single_n32,32,168239.2026,170289.9871,9,0.9000
LP_Profit_Value,single_n32,32,170289.9871,172340.7716,10,1.0000
LP_Profit_Value,single_n32,32,172340.7716,174391.5562,13,1.3000
LP_Profit_Value,single_n32,32,174391.5562,176442.3407,10,1.0000
LP_Profit_Value,single_n32,32,176442.3407,178493.1252,16,1.6000
LP_Profit_Value,single_n32,32,178493.1252,180543.9098,20,2.0000
LP_Profit_Value,single_n32,32,180543.9098,182594.6943,21,2.1000
LP_Profit_Value,single_n32,32,182594.6943,184645.4789,22,2.2000
LP_Profit_Value,single_n32,32,184645.4789,186696.2634,33,3.3000
LP_Profit_Value,single_n32,32,186696.2634,188747.0479,37,3.7000
LP_Profit_Value,single_n32,32,188747.0479,190797.8325,50,5.0000
LP_Profit_Value,single_n32,32,190797.8325,192848.6170,46,4.6000
LP_Profit_Value,single_n32,32,192848.6170,194899.4015,48,4.8000
LP_Profit_Value,single_n32,32,194899.4015,196950.1861,42,4.2000
LP_Profit_Value,single_n32,32,196950.1861,199000.9706,41,4.1000
LP_Profit_Value,single_n32,32,199000.9706,201051.7551,43,4.3000
LP_Profit_Value,single_n32,32,201051.7551,203102.5397,39,3.9000
LP_Profit_Value,single_n32,32,203102.5397,205153.3242,48,4.8000
LP_Profit_Value,single_n32,32,205153.3242,207204.1087,37,3.7000
LP_Profit_Value,single_n32,32,207204.1087,209254.8933,38,3.8000
LP_Profit_Value,single_n32,32,209254.8933,211305.6778,50,5.0000
LP_Profit_Value,single_n32,32,211305.6778,213356.4624,39,3.9000
LP_Profit_Value,single_n32,32,213356.4624,215407.2469,36,3.6000
LP_Profit_Value,single_n32,32,215407.2469,217458.0314,34,3.4000
LP_Profit_Value,single_n32,32,217458.0314,219508.8160,36,3.6000
LP_Profit_Value,single_n32,32,219508.8160,221559.6005,30,3.0000
LP_Profit_Value,single_n32,32,221559.6005,223610.3850,31,3.1000
LP_Profit_Value,single_n32,32,223610.3850,225661.1696,24,2.4000
LP_Profit_Value,single_n32,32,225661.1696,227711.9541,12,1.2000
LP_Profit_Value,single_n32,32,227711.9541,229762.7386,16,1.6000
LP_Profit_Value,single_n32,32,229762.7386,231813.5232,9,0.9000
LP_Profit_Value,single_n32,32,231813.5232,233864.3077,10,1.0000
LP_Profit_Value,single_n32,32,233864.3077,235915.0922,6,0.6000
LP_Profit_Value,single_n32,32,235915.0922,237965.8768,9,0.9000
LP_Profit_Value,single_n32,32,237965.8768,240016.6613,5,0.5000
LP_Profit_Value,single_n32,32,240016.6613,242067.4459,2,0.2000
LP_Profit_Value,single_n32,32,242067.4459,244118.2304,1,0.1000
LP_Profit_Value,single_n32,32,244118.2304,246169.0149,1,0.1000
LP_Profit_Value,single_n32,32,246169.0149,248219.7995,1,0.1000
LP_Profit_Value,single_n32,32,248219.7995,250270.5840,2,0.2000
User_PnL,single_no_arb_n32,32,-227277.3301,-225799.6886,1,0.1000
User_PnL,single_no_arb_n32,32,-225799.6886,-224322.0471,1,0.1000
User_PnL,single_no_arb_n32,32,-224322.0471,-222844.4056,1,0.1000
User_PnL,single_no_arb_n32,32,-222844.4056,-221366.7640,0,0.0000
User_PnL,single_no_arb_n32,32,-221366.7640,-219889.1225,0,0.0000
User_PnL,single_no_arb_n32,32,-219889.1225,-218411.4810,1,0.1000
User_PnL,single_no_arb_n32,32,-218411.4810,-216933.8395,0,0.0000
User_PnL,single_no_arb_n32,32,-216933.8395,-215456.1980,4,0.4000
User_PnL,single_no_arb_n32,32,-215456.1980,-213978.5565,5,0.5000
User_PnL,single_no_arb_n32,32,-213978.5565,-212500.9150,5,0.5000
User_PnL,single_no_arb_n32,32,-212500.9150,-211023.2734,3,0.3000
User_PnL,single_no_arb_n32,32,-211023.2734,-209545.6319,3,0.3000
User_PnL,single_no_arb_n32,32,-209545.6319,-208067.9904,3,0.3000
User_PnL,single_no_arb_n32,32,-208067.9904,-206590.3489,5,0.5000
User_PnL,single_no_arb_n32,32,-206590.3489,-205112.7074,11,1.1000
User_PnL,single_no_arb_n32,32,-205112.7074,-203635.0659,10,1.0000
User_PnL,single_no_arb_n32,32,-203635.0659,-202157.4244,9,0.9000
User_PnL,single_no_arb_n32,32,-202157.4244,-200679.7828,19,1.9000
User_PnL,single_no_arb_n32,32,-200679.7828,-199202.1413,24,2.4000
User_PnL,single_no_arb_n32,32,-199202.1413,-197724.4998,19,1.9000
User_PnL,single_no_arb_n32,32,-197724.4998,-196246.8583,26,2.6000
User_PnL,single_no_arb_n32,32,-196246.8583,-194769.2168,22,2.2000
User_PnL,single_no_arb_n32,32,-194769.2168,-193291.5753,45,4.5000
User_PnL,single_no_arb_n32,32,-193291.5753,-191813.9337,30,3.0000
User_PnL,single_no_arb_n32,32,-191813.9337,-190336.2922,37,3.7000
User_PnL,single_no_arb_n32,32,-190336.2922,-188858.6507,62,6.2000
User_PnL,single_no_arb_n32,32,-188858.6507,-187381.0092,49,4.9000
User_PnL,single_no_arb_n32,32,-187381.0092,-185903.3677,50,5.0000
User_PnL,single_no_arb_n32,32,-185903.3677,-184425.7262,65,6.5000
User_PnL,single_no_arb_n32,32,-184425.7262,-182948.0847,49,4.9000
User_PnL,single_no_arb_n32,32,-182948.0847,-181470.4431,44,4.4000
User_PnL,single_no_arb_n32,32,-181470.4431,-179992.8016,54,5.4000
User_PnL,single_no_arb_n32,32,-179992.8016,-178515.1601,50,5.0000
User_PnL,single_no_arb_n32,32,-178515.1601,-177037.5186,39,3.9000
User_PnL,single_no_arb_n32,32,-177037.5186,-175559.8771,37,3.7000
User_PnL,single_no_arb_n32,32,-175559.8771,-174082.2356,33,3.3000
User_PnL,single_no_arb_n32,32,-174082.2356,-172604.5941,33,3.3000
User_PnL,single_no_arb_n32,32,-172604.5941,-171126.9525,26,2.6000
User_PnL,single_no_arb_n32,32,-171126.9525,-169649.3110,31,3.1000
User_PnL,single_no_arb_n32,32,-169649.3110,-168171.6695,21,2.1000
User_PnL,single_no_arb_n32,32,-168171.6695,-166694.0280,15,1.5000
User_PnL,single_no_arb_n32,32,-166694.0280,-165216.3865,15,1.5000
User_PnL,single_no_arb_n32,32,-165216.3865,-163738.7450,9,0.9000
User_PnL,single_no_arb_n32,32,-163738.7450,-162261.1034,10,1.0000
User_PnL,single_no_arb_n32,32,-162261.1034,-160783.4619,5,0.5000
User_PnL,single_no_arb_n32,32,-160783.4619,-159305.8204,4,0.4000
User_PnL,single_no_arb_n32,32,-159305.8204,-157828.1789,4,0.4000
User_PnL,single_no_arb_n32,32,-157828.1789,-156350.5374,3,0.3000
User_PnL,single_no_arb_n32,32,-156350.5374,-154872.8959,3,0.3000
User_PnL,single_no_arb_n32,32,-154872.8959,-153395.2544,5,0.5000
Avg_Spread_Pct,single_no_arb_n32,32,28.8250,29.2707,1,0.1000
Avg_Spread_Pct,single_no_arb_n32,32,29.2707,29.7163,0,0.0000
Avg_Spread_Pct,single_no_arb_n32,32,29.7163,30.1620,1,0.1000
Avg_Spread_Pct,single_no_arb_n32,32,30.1620,30.6077,3,0.3000
Avg_Spread_Pct,single_no_arb_n32,32,30.6077,31.0534,1,0.1000
Avg_Spread_Pct,single_no_arb_n32,32,31.0534,31.4991,4,0.4000
Avg_Spread_Pct,single_no_arb_n32,32,31.4991,31.9448,8,0.8000
Avg_Spread_Pct,single_no_arb_n32,32,31.9448,32.3904,8,0.8000
Avg_Spread_Pct,single_no_arb_n32,32,32.3904,32.8361,9,0.9000
Avg_Spread_Pct,single_no_arb_n32,32,32.8361,33.2818,19,1.9000
Avg_Spread_Pct,single_no_arb_n32,32,33.2818,33.7275,19,1.9000
Avg_Spread_Pct,single_no_arb_n32,32,33.7275,34.1732,28,2.8000
Avg_Spread_Pct,single_no_arb_n32,32,34.1732,34.6188,25,2.5000
Avg_Spread_Pct,single_no_arb_n32,32,34.6188,35.0645,43,4.3000
Avg_Spread_Pct,single_no_arb_n32,32,35.0645,35.5102,41,4.1000
Avg_Spread_Pct,single_no_arb_n32,32,35.5102,35.9559,45,4.5000
Avg_Spread_Pct,single_no_arb_n32,32,35.9559,36.4016,52,5.2000
Avg_Spread_Pct,single_no_arb_n32,32,36.4016,36.8473,46,4.6000
Avg_Spread_Pct,single_no_arb_n32,32,36.8473,37.2929,42,4.2000
Avg_Spread_Pct,single_no_arb_n32,32,37.2929,37.7386,62,6.2000
Avg_Spread_Pct,single_no_arb_n32,32,37.7386,38.1843,66,6.6000
Avg_Spread_Pct,single_no_arb_n32,32,38.1843,38.6300,58,5.8000
Avg_Spread_Pct,single_no_arb_n32,32,38.6300,39.0757,54,5.4000
Avg_Spread_Pct,single_no_arb_n32,32,39.0757,39.5213,66,6.6000
Avg_Spread_Pct,single_no_arb_n32,32,39.5213,39.9670,43,4.3000
Avg_Spread_Pct,single_no_arb_n32,32,39.9670,40.4127,36,3.6000
Avg_Spread_Pct,single_no_arb_n32,32,40.4127,40.8584,42,4.2000
Avg_Spread_Pct,single_no_arb_n32,32,40.8584,41.3041,35,3.5000
Avg_Spread_Pct,single_no_arb_n32,32,41.3041,41.7498,26,2.6000
Avg_Spread_Pct,single_no_arb_n32,32,41.7498,42.1954,21,2.1000
Avg_Spread_Pct,single_no_arb_n32,32,42.1954,42.6411,23,2.3000
Avg_Spread_Pct,single_no_arb_n32,32,42.6411,43.0868,19,1.9000
Avg_Spread_Pct,single_no_arb_n32,32,43.0868,43.5325,8,0.8000
Avg_Spread_Pct,single_no_arb_n32,32,43.5325,43.9782,13,1.3000
Avg_Spread_Pct,single_no_arb_n32,32,43.9782,44.4238,11,1.1000
Avg_Spread_Pct,single_no_arb_n32,32,44.4238,44.8695,3,0.3000
Avg_Spread_Pct,single_no_arb_n32,32,44.8695,45.3152,1,0.1000
Avg_Spread_Pct,single_no_arb_n32,32,45.3152,45.7609,3,0.3000
Avg_Spread_Pct,single_no_arb_n32,32,45.7609,46.2066,3,0.3000
Avg_Spread_Pct,single_no_arb_n32,32,46.2066,46.6522,5,0.5000
Avg_Spread_Pct,single_no_arb_n32,32,46.6522,47.0979,4,0.4000
Avg_Spread_Pct,single_no_arb_n32,32,47.0979,47.5436,2,0.2000
Avg_Spread_Pct,single_no_arb_n32,32,47.5436,47.9893,0,0.0000
Avg_Spread_Pct,single_no_arb_n32,32,47.9893,48.4350,0,0.0000
Avg_Spread_Pct,single_no_arb_n32,32,48.4350,48.8807,0,0.0000
Avg_Spread_Pct,single_no_arb_n32,32,48.8807,49.3263,0,0.0000
Avg_Spread_Pct,single_no_arb_n32,32,49.3263,49.7720,0,0.0000
Avg_Spread_Pct,single_no_arb_n32,32,49.7720,50.2177,0,0.0000
Avg_Spread_Pct,single_no_arb_n32,32,50.2177,50.6634,0,0.0000
Avg_Spread_Pct,single_no_arb_n32,32,50.6634,51.1091,1,0.1000
Arb_Profit,single_no_arb_n32,32,0.0000,0.0000,1000,100.0000
LP_Profit_Value,single_no_arb_n32,32,153395.2544,154872.8959,5,0.5000
LP_Profit_Value,single_no_arb_n32,32,154872.8959,156350.5374,3,0.3000
LP_Profit_Value,single_no_arb_n32,32,156350.5374,157828.1789,3,0.3000
LP_Profit_Value,single_no_arb_n32,32,157828.1789,159305.8204,4,0.4000
LP_Profit_Value,single_no_arb_n32,32,159305.8204,160783.4619,4,0.4000
LP_Profit_Value,single_no_arb_n32,32,160783.4619,162261.1034,5,0.5000
LP_Profit_Value,single_no_arb_n32,32,162261.1034,163738.7450,10,1.0000
LP_Profit_Value,single_no_arb_n32,32,163738.7450,165216.3865,9,0.9000
LP_Profit_Value,single_no_arb_n32,32,165216.3865,166694.0280,15,1.5000
LP_Profit_Value,single_no_arb_n32,32,166694.0280,168171.6695,15,1.5000
LP_Profit_Value,single_no_arb_n32,32,168171.6695,169649.3110,21,2.1000
LP_Profit_Value,single_no_arb_n32,32,169649.3110,171126.9525,31,3.1000
LP_Profit_Value,single_no_arb_n32,32,171126.9525,172604.5941,26,2.6000
LP_Profit_Value,single_no_arb_n32,32,172604.5941,174082.2356,33,3.3000
LP_Profit_Value,single_no_arb_n32,32,174082.2356,175559.8771,33,3.3000
LP_Profit_Value,single_no_arb_n32,32,175559.8771,177037.5186,37,3.7000
LP_Profit_Value,single_no_arb_n32,32,177037.5186,178515.1601,39,3.9000
LP_Profit_Value,single_no_arb_n32,32,178515.1601,179992.8016,50,5.0000
LP_Profit_Value,single_no_arb_n32,32,179992.8016,181470.4431,54,5.4000
LP_Profit_Value,single_no_arb_n32,32,181470.4431,182948.0847,44,4.4000
LP_Profit_Value,single_no_arb_n32,32,182948.0847,184425.7262,49,4.9000
LP_Profit_Value,single_no_arb_n32,32,184425.7262,185903.3677,65,6.5000
LP_Profit_Value,single_no_arb_n32,32,185903.3677,187381.0092,50,5.0000
LP_Profit_Value,single_no_arb_n32,32,187381.0092,188858.6507,49,4.9000
LP_Profit_Value,single_no_arb_n32,32,188858.6507,190336.2922,62,6.2000
LP_Profit_Value,single_no_arb_n32,32,190336.2922,191813.9337,37,3.7000
LP_Profit_Value,single_no_arb_n32,32,191813.9337,193291.5753,30,3.0000
LP_Profit_Value,single_no_arb_n32,32,193291.5753,194769.2168,45,4.5000
LP_Profit_Value,single_no_arb_n32,32,194769.2168,196246.8583,22,2.2000
LP_Profit_Value,single_no_arb_n32,32,196246.8583,197724.4998,26,2.6000
LP_Profit_Value,single_no_arb_n32,32,197724.4998,199202.1413,19,1.9000
LP_Profit_Value,single_no_arb_n32,32,199202.1413,200679.7828,24,2.4000
LP_Profit_Value,single_no_arb_n32,32,200679.7828,202157.4244,19,1.9000
LP_Profit_Value,single_no_arb_n32,32,202157.4244,203635.0659,9,0.9000
LP_Profit_Value,single_no_arb_n32,32,203635.0659,205112.7074,10,1.0000
LP_Profit_Value,single_no_arb_n32,32,205112.7074,206590.3489,11,1.1000
LP_Profit_Value,single_no_arb_n32,32,206590.3489,208067.9904,5,0.5000
LP_Profit_Value,single_no_arb_n32,32,208067.9904,209545.6319,3,0.3000
LP_Profit_Value,single_no_arb_n32,32,209545.6319,211023.2734,3,0.3000
LP_Profit_Value,single_no_arb_n32,32,211023.2734,212500.9150,3,0.3000
LP_Profit_Value,single_no_arb_n32,32,212500.9150,213978.5565,5,0.5000
LP_Profit_Value,single_no_arb_n32,32,213978.5565,215456.1980,5,0.5000
LP_Profit_Value,single_no_arb_n32,32,215456.1980,216933.8395,4,0.4000
LP_Profit_Value,single_no_arb_n32,32,216933.8395,218411.4810,0,0.0000
LP_Profit_Value,single_no_arb_n32,32,218411.4810,219889.1225,1,0.1000
LP_Profit_Value,single_no_arb_n32,32,219889.1225,221366.7640,0,0.0000
LP_Profit_Value,single_no_arb_n32,32,221366.7640,222844.4056,0,0.0000
LP_Profit_Value,single_no_arb_n32,32,222844.4056,224322.0471,1,0.1000
LP_Profit_Value,single_no_arb_n32,32,224322.0471,225799.6886,1,0.1000
LP_Profit_Value,single_no_arb_n32,32,225799.6886,227277.3301,1,0.1000
User_PnL,dual_n32,32,-468212.4618,-464714.6905,1,0.1000
User_PnL,dual_n32,32,-464714.6905,-461216.9191,0,0.0000
User_PnL,dual_n32,32,-461216.9191,-457719.1478,0,0.0000
User_PnL,dual_n32,32,-457719.1478,-454221.3765,1,0.1000
User_PnL,dual_n32,32,-454221.3765,-450723.6052,3,0.3000
User_PnL,dual_n32,32,-450723.6052,-447225.8338,0,0.0000
User_PnL,dual_n32,32,-447225.8338,-443728.0625,1,0.1000
User_PnL,dual_n32,32,-443728.0625,-440230.2912,1,0.1000
User_PnL,dual_n32,32,-440230.2912,-436732.5199,3,0.3000
User_PnL,dual_n32,32,-436732.5199,-433234.7486,7,0.7000
User_PnL,dual_n32,32,-433234.7486,-429736.9772,4,0.4000
User_PnL,dual_n32,32,-429736.9772,-426239.2059,2,0.2000
User_PnL,dual_n32,32,-426239.2059,-422741.4346,5,0.5000
User_PnL,dual_n32,32,-422741.4346,-419243.6633,12,1.2000
User_PnL,dual_n32,32,-419243.6633,-415745.8919,14,1.4000
User_PnL,dual_n32,32,-415745.8919,-412248.1206,12,1.2000
User_PnL,dual_n32,32,-412248.1206,-408750.3493,17,1.7000
User_PnL,dual_n32,32,-408750.3493,-405252.5780,21,2.1000
User_PnL,dual_n32,32,-405252.5780,-401754.8066,23,2.3000
User_PnL,dual_n32,32,-401754.8066,-398257.0353,32,3.2000
User_PnL,dual_n32,32,-398257.0353,-394759.2640,38,3.8000
User_PnL,dual_n32,32,-394759.2640,-391261.4927,25,2.5000
User_PnL,dual_n32,32,-391261.4927,-387763.7213,50,5.0000
User_PnL,dual_n32,32,-387763.7213,-384265.9500,39,3.9000
User_PnL,dual_n32,32,-384265.9500,-380768.1787,52,5.2000
User_PnL,dual_n32,32,-380768.1787,-377270.4074,36,3.6000
User_PnL,dual_n32,32,-377270.4074,-373772.6361,66,6.6000
User_PnL,dual_n32,32,-373772.6361,-370274.8647,64,6.4000
User_PnL,dual_n32,32,-370274.8647,-366777.0934,40,4.0000
User_PnL,dual_n32,32,-366777.0934,-363279.3221,63,6.3000
User_PnL,dual_n32,32,-363279.3221,-359781.5508,46,4.6000
User_PnL,dual_n32,32,-359781.5508,-356283.7794,42,4.2000
User_PnL,dual_n32,32,-356283.7794,-352786.0081,41,4.1000
User_PnL,dual_n32,32,-352786.0081,-349288.2368,29,2.9000
User_PnL,dual_n32,32,-349288.2368,-345790.4655,44,4.4000
User_PnL,dual_n32,32,-345790.4655,-342292.6941,33,3.3000
User_PnL,dual_n32,32,-342292.6941,-338794.9228,14,1.4000
User_PnL,dual_n32,32,-338794.9228,-335297.1515,25,2.5000
User_PnL,dual_n32,32,-335297.1515,-331799.3802,19,1.9000
User_PnL,dual_n32,32,-331799.3802,-328301.6089,17,1.7000
User_PnL,dual_n32,32,-328301.6089,-324803.8375,12,1.2000
User_PnL,dual_n32,32,-324803.8375,-321306.0662,11,1.1000
User_PnL,dual_n32,32,-321306.0662,-317808.2949,14,1.4000
User_PnL,dual_n32,32,-317808.2949,-314310.5236,7,0.7000
User_PnL,dual_n32,32,-314310.5236,-310812.7522,4,0.4000
User_PnL,dual_n32,32,-310812.7522,-307314.9809,2,0.2000
User_PnL,dual_n32,32,-307314.9809,-303817.2096,3,0.3000
User_PnL,dual_n32,32,-303817.2096,-300319.4383,2,0.2000
User_PnL,dual_n32,32,-300319.4383,-296821.6669,1,0.1000
User_PnL,dual_n32,32,-296821.6669,-293323.8956,2,0.2000
Avg_Spread_Pct,dual_n32,32,3.2187,3.2372,3,0.3000
Avg_Spread_Pct,dual_n32,32,3.2372,3.2556,0,0.0000
Avg_Spread_Pct,dual_n32,32,3.2556,3.2741,1,0.1000
Avg_Spread_Pct,dual_n32,32,3.2741,3.2926,2,0.2000
Avg_Spread_Pct,dual_n32,32,3.2926,3.3110,1,0.1000
Avg_Spread_Pct,dual_n32,32,3.3110,3.3295,6,0.6000
Avg_Spread_Pct,dual_n32,32,3.3295,3.3480,2,0.2000
Avg_Spread_Pct,dual_n32,32,3.3480,3.3664,8,0.8000
Avg_Spread_Pct,dual_n32,32,3.3664,3.3849,12,1.2000
Avg_Spread_Pct,dual_n32,32,3.3849,3.4034,14,1.4000
Avg_Spread_Pct,dual_n32,32,3.4034,3.4218,12,1.2000
Avg_Spread_Pct,dual_n32,32,3.4218,3.4403,11,1.1000
Avg_Spread_Pct,dual_n32,32,3.4403,3.4588,20,2.0000
Avg_Spread_Pct,dual_n32,32,3.4588,3.4772,14,1.4000
Avg_Spread_Pct,dual_n32,32,3.4772,3.4957,20,2.0000
Avg_Spread_Pct,dual_n32,32,3.4957,3.5141,26,2.6000
Avg_Spread_Pct,dual_n32,32,3.5141,3.5326,34,3.4000
Avg_Spread_Pct,dual_n32,32,3.5326,3.5511,35,3.5000
Avg_Spread_Pct,dual_n32,32,3.5511,3.5695,34,3.4000
Avg_Spread_Pct,dual_n32,32,3.5695,3.5880,33,3.3000
Avg_Spread_Pct,dual_n32,32,3.5880,3.6065,47,4.7000
Avg_Spread_Pct,dual_n32,32,3.6065,3.6249,45,4.5000
Avg_Spread_Pct,dual_n32,32,3.6249,3.6434,51,5.1000
Avg_Spread_Pct,dual_n32,32,3.6434,3.6619,58,5.8000
Avg_Spread_Pct,dual_n32,32,3.6619,3.6803,56,5.6000
Avg_Spread_Pct,dual_n32,32,3.6803,3.6988,57,5.7000
Avg_Spread_Pct,dual_n32,32,3.6988,3.7172,40,4.0000
Avg_Spread_Pct,dual_n32,32,3.7172,3.7357,43,4.3000
Avg_Spread_Pct,dual_n32,32,3.7357,3.7542,46,4.6000
Avg_Spread_Pct,dual_n32,32,3.7542,3.7726,32,3.2000
Avg_Spread_Pct,dual_n32,32,3.7726,3.7911,30,3.0000
Avg_Spread_Pct,dual_n32,32,3.7911,3.8096,40,4.0000
Avg_Spread_Pct,dual_n32,32,3.8096,3.8280,34,3.4000
Avg_Spread_Pct,dual_n32,32,3.8280,3.8465,23,2.3000
Avg_Spread_Pct,dual_n32,32,3.8465,3.8650,21,2.1000
Avg_Spread_Pct,dual_n32,32,3.8650,3.8834,19,1.9000
Avg_Spread_Pct,dual_n32,32,3.8834,3.9019,14,1.4000
Avg_Spread_Pct,dual_n32,32,3.9019,3.9203,12,1.2000
Avg_Spread_Pct,dual_n32,32,3.9203,3.9388,10,1.0000
Avg_Spread_Pct,dual_n32,32,3.9388,3.9573,7,0.7000
Avg_Spread_Pct,dual_n32,32,3.9573,3.9757,8,0.8000
Avg_Spread_Pct,dual_n32,32,3.9757,3.9942,3,0.3000
Avg_Spread_Pct,dual_n32,32,3.9942,4.0127,5,0.5000
Avg_Spread_Pct,dual_n32,32,4.0127,4.0311,3,0.3000
Avg_Spread_Pct,dual_n32,32,4.0311,4.0496,2,0.2000
Avg_Spread_Pct,dual_n32,32,4.0496,4.0681,0,0.0000
Avg_Spread_Pct,dual_n32,32,4.0681,4.0865,2,0.2000
Avg_Spread_Pct,dual_n32,32,4.0865,4.1050,2,0.2000
Avg_Spread_Pct,dual_n32,32,4.1050,4.1235,1,0.1000
Avg_Spread_Pct,dual_n32,32,4.1235,4.1419,1,0.1000
Arb_Profit,dual_n32,32,-316327.7824,-301816.7051,1,0.1000
Arb_Profit,dual_n32,32,-301816.7051,-287305.6279,0,0.0000
Arb_Profit,dual_n32,32,-287305.6279,-272794.5507,0,0.0000
Arb_Profit,dual_n32,32,-272794.5507,-258283.4735,0,0.0000
Arb_Profit,dual_n32,32,-258283.4735,-243772.3963,2,0.2000
Arb_Profit,dual_n32,32,-243772.3963,-229261.3191,1,0.1000
Arb_Profit,dual_n32,32,-229261.3191,-214750.2419,3,0.3000
Arb_Profit,dual_n32,32,-214750.2419,-200239.1647,3,0.3000
Arb_Profit,dual_n32,32,-200239.1647,-185728.0875,2,0.2000
Arb_Profit,dual_n32,32,-185728.0875,-171217.0103,2,0.2000
Arb_Profit,dual_n32,32,-171217.0103,-156705.9331,5,0.5000
Arb_Profit,dual_n32,32,-156705.9331,-142194.8559,4,0.4000
Arb_Profit,dual_n32,32,-142194.8559,-127683.7787,8,0.8000
Arb_Profit,dual_n32,32,-127683.7787,-113172.7015,6,0.6000
Arb_Profit,dual_n32,32,-113172.7015,-98661.6243,15,1.5000
Arb_Profit,dual_n32,32,-98661.6243,-84150.5471,12,1.2000
Arb_Profit,dual_n32,32,-84150.5471,-69639.4699,14,1.4000
Arb_Profit,dual_n32,32,-69639.4699,-55128.3927,22,2.2000
Arb_Profit,dual_n32,32,-55128.3927,-40617.3155,26,2.6000
Arb_Profit,dual_n32,32,-40617.3155,-26106.2383,30,3.0000
Arb_Profit,dual_n32,32,-26106.2383,-11595.1611,41,4.1000
Arb_Profit,dual_n32,32,-11595.1611,2915.9161,46,4.6000
Arb_Profit,dual_n32,32,2915.9161,17426.9933,60,6.0000
Arb_Profit,dual_n32,32,17426.9933,31938.0706,45,4.5000
Arb_Profit,dual_n32,32,31938.0706,46449.1478,57,5.7000
Arb_Profit,dual_n32,32,46449.1478,60960.2250,55,5.5000
Arb_Profit,dual_n32,32,60960.2250,75471.3022,58,5.8000
Arb_Profit,dual_n32,32,75471.3022,89982.3794,58,5.8000
Arb_Profit,dual_n32,32,89982.3794,104493.4566,47,4.7000
Arb_Profit,dual_n32,32,104493.4566,119004.5338,49,4.9000
Arb_Profit,dual_n32,32,119004.5338,133515.6110,40,4.0000
Arb_Profit,dual_n32,32,133515.6110,148026.6882,46,4.6000
Arb_Profit,dual_n32,32,148026.6882,162537.7654,41,4.1000
Arb_Profit,dual_n32,32,162537.7654,177048.8426,35,3.5000
Arb_Profit,dual_n32,32,177048.8426,191559.9198,33,3.3000
Arb_Profit,dual_n32,32,191559.9198,206070.9970,28,2.8000
Arb_Profit,dual_n32,32,206070.9970,220582.0742,24,2.4000
Arb_Profit,dual_n32,32,220582.0742,235093.1514,20,2.0000
Arb_Profit,dual_n32,32,235093.1514,249604.2286,13,1.3000
Arb_Profit,dual_n32,32,249604.2286,264115.3058,10,1.0000
Arb_Profit,dual_n32,32,264115.3058,278626.3830,6,0.6000
Arb_Profit,dual_n32,32,278626.3830,293137.4602,12,1.2000
Arb_Profit,dual_n32,32,293137.4602,307648.5374,5,0.5000
Arb_Profit,dual_n32,32,307648.5374,322159.6146,5,0.5000
Arb_Profit,dual_n32,32,322159.6146,336670.6918,5,0.5000
Arb_Profit,dual_n32,32,336670.6918,351181.7691,1,0.1000
Arb_Profit,dual_n32,32,351181.7691,365692.8463,2,0.2000
Arb_Profit,dual_n32,32,365692.8463,380203.9235,1,0.1000
Arb_Profit,dual_n32,32,380203.9235,394715.0007,0,0.0000
Arb_Profit,dual_n32,32,394715.0007,409226.0779,1,0.1000
LP_Profit_Value,dual_n32,32,226845.3773,229538.2232,2,0.2000
LP_Profit_Value,dual_n32,32,229538.2232,232231.0691,1,0.1000
LP_Profit_Value,dual_n32,32,232231.0691,234923.9150,2,0.2000
LP_Profit_Value,dual_n32,32,234923.9150,237616.7609,2,0.2000
LP_Profit_Value,dual_n32,32,237616.7609,240309.6068,1,0.1000
LP_Profit_Value,dual_n32,32,240309.6068,243002.4528,5,0.5000
LP_Profit_Value,dual_n32,32,243002.4528,245695.2987,7,0.7000
LP_Profit_Value,dual_n32,32,245695.2987,248388.1446,5,0.5000
LP_Profit_Value,dual_n32,32,248388.1446,251080.9905,10,1.0000
LP_Profit_Value,dual_n32,32,251080.9905,253773.8364,5,0.5000
LP_Profit_Value,dual_n32,32,253773.8364,256466.6823,13,1.3000
LP_Profit_Value,dual_n32,32,256466.6823,259159.5282,20,2.0000
LP_Profit_Value,dual_n32,32,259159.5282,261852.3741,19,1.9000
LP_Profit_Value,dual_n32,32,261852.3741,264545.2200,21,2.1000
LP_Profit_Value,dual_n32,32,264545.2200,267238.0659,17,1.7000
LP_Profit_Value,dual_n32,32,267238.0659,269930.9118,23,2.3000
LP_Profit_Value,dual_n32,32,269930.9118,272623.7577,35,3.5000
LP_Profit_Value,dual_n32,32,272623.7577,275316.6037,40,4.0000
LP_Profit_Value,dual_n32,32,275316.6037,278009.4496,47,4.7000
LP_Profit_Value,dual_n32,32,278009.4496,280702.2955,35,3.5000
LP_Profit_Value,dual_n32,32,280702.2955,283395.1414,40,4.0000
LP_Profit_Value,dual_n32,32,283395.1414,286087.9873,42,4.2000
LP_Profit_Value,dual_n32,32,286087.9873,288780.8332,44,4.4000
LP_Profit_Value,dual_n32,32,288780.8332,291473.6791,40,4.0000
LP_Profit_Value,dual_n32,32,291473.6791,294166.5250,36,3.6000
LP_Profit_Value,dual_n32,32,294166.5250,296859.3709,44,4.4000
LP_Profit_Value,dual_n32,32,296859.3709,299552.2168,44,4.4000
LP_Profit_Value,dual_n32,32,299552.2168,302245.0627,36,3.6000
LP_Profit_Value,dual_n32,32,302245.0627,304937.9086,52,5.2000
LP_Profit_Value,dual_n32,32,304937.9086,307630.7546,35,3.5000
LP_Profit_Value,dual_n32,32,307630.7546,310323.6005,34,3.4000
LP_Profit_Value,dual_n32,32,310323.6005,313016.4464,42,4.2000
LP_Profit_Value,dual_n32,32,313016.4464,315709.2923,31,3.1000
LP_Profit_Value,dual_n32,32,315709.2923,318402.1382,18,1.8000
LP_Profit_Value,dual_n32,32,318402.1382,321094.9841,26,2.6000
LP_Profit_Value,dual_n32,32,321094.9841,323787.8300,23,2.3000
LP_Profit_Value,dual_n32,32,323787.8300,326480.6759,23,2.3000
LP_Profit_Value,dual_n32,32,326480.6759,329173.5218,15,1.5000
LP_Profit_Value,dual_n32,32,329173.5218,331866.3677,17,1.7000
LP_Profit_Value,dual_n32,32,331866.3677,334559.2136,17,1.7000
LP_Profit_Value,dual_n32,32,334559.2136,337252.0595,6,0.6000
LP_Profit_Value,dual_n32,32,337252.0595,339944.9055,5,0.5000
LP_Profit_Value,dual_n32,32,339944.9055,342637.7514,5,0.5000
LP_Profit_Value,dual_n32,32,342637.7514,345330.5973,5,0.5000
LP_Profit_Value,dual_n32,32,345330.5973,348023.4432,4,0.4000
LP_Profit_Value,dual_n32,32,348023.4432,350716.2891,0,0.0000
LP_Profit_Value,dual_n32,32,350716.2891,353409.1350,2,0.2000
LP_Profit_Value,dual_n32,32,353409.1350,356101.9809,1,0.1000
LP_Profit_Value,dual_n32,32,356101.9809,358794.8268,0,0.0000
LP_Profit_Value,dual_n32,32,358794.8268,361487.6727,3,0.3000
User_PnL,dual_no_arb_n32,32,-440850.3777,-437527.9406,1,0.1000
User_PnL,dual_no_arb_n32,32,-437527.9406,-434205.5036,0,0.0000
User_PnL,dual_no_arb_n32,32,-434205.5036,-430883.0666,0,0.0000
User_PnL,dual_no_arb_n32,32,-430883.0666,-427560.6295,1,0.1000
User_PnL,dual_no_arb_n32,32,-427560.6295,-424238.1925,2,0.2000
User_PnL,dual_no_arb_n32,32,-424238.1925,-420915.7554,2,0.2000
User_PnL,dual_no_arb_n32,32,-420915.7554,-417593.3184,1,0.1000
User_PnL,dual_no_arb_n32,32,-417593.3184,-414270.8813,3,0.3000
User_PnL,dual_no_arb_n32,32,-414270.8813,-410948.4443,4,0.4000
User_PnL,dual_no_arb_n32,32,-410948.4443,-407626.0073,2,0.2000
User_PnL,dual_no_arb_n32,32,-407626.0073,-404303.5702,2,0.2000
User_PnL,dual_no_arb_n32,32,-404303.5702,-400981.1332,4,0.4000
User_PnL,dual_no_arb_n32,32,-400981.1332,-397658.6961,13,1.3000
User_PnL,dual_no_arb_n32,32,-397658.6961,-394336.2591,7,0.7000
User_PnL,dual_no_arb_n32,32,-394336.2591,-391013.8220,13,1.3000
User_PnL,dual_no_arb_n32,32,-391013.8220,-387691.3850,17,1.7000
User_PnL,dual_no_arb_n32,32,-387691.3850,-384368.9479,19,1.9000
User_PnL,dual_no_arb_n32,32,-384368.9479,-381046.5109,22,2.2000
User_PnL,dual_no_arb_n32,32,-381046.5109,-377724.0739,27,2.7000
User_PnL,dual_no_arb_n32,32,-377724.0739,-374401.6368,32,3.2000
User_PnL,dual_no_arb_n32,32,-374401.6368,-371079.1998,34,3.4000
User_PnL,dual_no_arb_n32,32,-371079.1998,-367756.7627,37,3.7000
User_PnL,dual_no_arb_n32,32,-367756.7627,-364434.3257,39,3.9000
User_PnL,dual_no_arb_n32,32,-364434.3257,-361111.8886,44,4.4000
User_PnL,dual_no_arb_n32,32,-361111.8886,-357789.4516,42,4.2000
User_PnL,dual_no_arb_n32,32,-357789.4516,-354467.0146,53,5.3000
User_PnL,dual_no_arb_n32,32,-354467.0146,-351144.5775,62,6.2000
User_PnL,dual_no_arb_n32,32,-351144.5775,-347822.1405,54,5.4000
User_PnL,dual_no_arb_n32,32,-347822.1405,-344499.7034,50,5.0000
User_PnL,dual_no_arb_n32,32,-344499.7034,-341177.2664,54,5.4000
User_PnL,dual_no_arb_n32,32,-341177.2664,-337854.8293,47,4.7000
User_PnL,dual_no_arb_n32,32,-337854.8293,-334532.3923,37,3.7000
User_PnL,dual_no_arb_n32,32,-334532.3923,-331209.9553,52,5.2000
User_PnL,dual_no_arb_n32,32,-331209.9553,-327887.5182,40,4.0000
User_PnL,dual_no_arb_n32,32,-327887.5182,-324565.0812,31,3.1000
User_PnL,dual_no_arb_n32,32,-324565.0812,-321242.6441,28,2.8000
User_PnL,dual_no_arb_n32,32,-321242.6441,-317920.2071,21,2.1000
User_PnL,dual_no_arb_n32,32,-317920.2071,-314597.7700,21,2.1000
User_PnL,dual_no_arb_n32,32,-314597.7700,-311275.3330,16,1.6000
User_PnL,dual_no_arb_n32,32,-311275.3330,-307952.8960,14,1.4000
User_PnL,dual_no_arb_n32,32,-307952.8960,-304630.4589,11,1.1000
User_PnL,dual_no_arb_n32,32,-304630.4589,-301308.0219,11,1.1000
User_PnL,dual_no_arb_n32,32,-301308.0219,-297985.5848,12,1.2000
User_PnL,dual_no_arb_n32,32,-297985.5848,-294663.1478,6,0.6000
User_PnL,dual_no_arb_n32,32,-294663.1478,-291340.7107,3,0.3000
User_PnL,dual_no_arb_n32,32,-291340.7107,-288018.2737,4,0.4000
User_PnL,dual_no_arb_n32,32,-288018.2737,-284695.8366,2,0.2000
User_PnL,dual_no_arb_n32,32,-284695.8366,-281373.3996,1,0.1000
User_PnL,dual_no_arb_n32,32,-281373.3996,-278050.9626,0,0.0000
User_PnL,dual_no_arb_n32,32,-278050.9626,-274728.5255,2,0.2000
Avg_Spread_Pct,dual_no_arb_n32,32,6.7914,6.8389,2,0.2000
Avg_Spread_Pct,dual_no_arb_n32,32,6.8389,6.8864,1,0.1000
Avg_Spread_Pct,dual_no_arb_n32,32,6.8864,6.9339,2,0.2000
Avg_Spread_Pct,dual_no_arb_n32,32,6.9339,6.9814,1,0.1000
Avg_Spread_Pct,dual_no_arb_n32,32,6.9814,7.0289,4,0.4000
Avg_Spread_Pct,dual_no_arb_n32,32,7.0289,7.0764,3,0.3000
Avg_Spread_Pct,dual_no_arb_n32,32,7.0764,7.1240,8,0.8000
Avg_Spread_Pct,dual_no_arb_n32,32,7.1240,7.1715,8,0.8000
Avg_Spread_Pct,dual_no_arb_n32,32,7.1715,7.2190,12,1.2000
Avg_Spread_Pct,dual_no_arb_n32,32,7.2190,7.2665,16,1.6000
Avg_Spread_Pct,dual_no_arb_n32,32,7.2665,7.3140,12,1.2000
Avg_Spread_Pct,dual_no_arb_n32,32,7.3140,7.3615,14,1.4000
Avg_Spread_Pct,dual_no_arb_n32,32,7.3615,7.4090,24,2.4000
Avg_Spread_Pct,dual_no_arb_n32,32,7.4090,7.4565,22,2.2000
Avg_Spread_Pct,dual_no_arb_n32,32,7.4565,7.5041,28,2.8000
Avg_Spread_Pct,dual_no_arb_n32,32,7.5041,7.5516,30,3.0000
Avg_Spread_Pct,dual_no_arb_n32,32,7.5516,7.5991,30,3.0000
Avg_Spread_Pct,dual_no_arb_n32,32,7.5991,7.6466,31,3.1000
Avg_Spread_Pct,dual_no_arb_n32,32,7.6466,7.6941,42,4.2000
Avg_Spread_Pct,dual_no_arb_n32,32,7.6941,7.7416,59,5.9000
Avg_Spread_Pct,dual_no_arb_n32,32,7.7416,7.7891,44,4.4000
Avg_Spread_Pct,dual_no_arb_n32,32,7.7891,7.8367,43,4.3000
Avg_Spread_Pct,dual_no_arb_n32,32,7.8367,7.8842,45,4.5000
Avg_Spread_Pct,dual_no_arb_n32,32,7.8842,7.9317,56,5.6000
Avg_Spread_Pct,dual_no_arb_n32,32,7.9317,7.9792,43,4.3000
Avg_Spread_Pct,dual_no_arb_n32,32,7.9792,8.0267,51,5.1000
Avg_Spread_Pct,dual_no_arb_n32,32,8.0267,8.0742,42,4.2000
Avg_Spread_Pct,dual_no_arb_n32,32,8.0742,8.1217,51,5.1000
Avg_Spread_Pct,dual_no_arb_n32,32,8.1217,8.1692,24,2.4000
Avg_Spread_Pct,dual_no_arb_n32,32,8.1692,8.2168,43,4.3000
Avg_Spread_Pct,dual_no_arb_n32,32,8.2168,8.2643,26,2.6000
Avg_Spread_Pct,dual_no_arb_n32,32,8.2643,8.3118,29,2.9000
Avg_Spread_Pct,dual_no_arb_n32,32,8.3118,8.3593,27,2.7000
Avg_Spread_Pct,dual_no_arb_n32,32,8.3593,8.4068,17,1.7000
Avg_Spread_Pct,dual_no_arb_n32,32,8.4068,8.4543,26,2.6000
Avg_Spread_Pct,dual_no_arb_n32,32,8.4543,8.5018,17,1.7000
Avg_Spread_Pct,dual_no_arb_n32,32,8.5018,8.5494,11,1.1000
Avg_Spread_Pct,dual_no_arb_n32,32,8.5494,8.5969,14,1.4000
Avg_Spread_Pct,dual_no_arb_n32,32,8.5969,8.6444,12,1.2000
Avg_Spread_Pct,dual_no_arb_n32,32,8.6444,8.6919,8,0.8000
Avg_Spread_Pct,dual_no_arb_n32,32,8.6919,8.7394,6,0.6000
Avg_Spread_Pct,dual_no_arb_n32,32,8.7394,8.7869,6,0.6000
Avg_Spread_Pct,dual_no_arb_n32,32,8.7869,8.8344,1,0.1000
Avg_Spread_Pct,dual_no_arb_n32,32,8.8344,8.8820,3,0.3000
Avg_Spread_Pct,dual_no_arb_n32,32,8.8820,8.9295,1,0.1000
Avg_Spread_Pct,dual_no_arb_n32,32,8.9295,8.9770,0,0.0000
Avg_Spread_Pct,dual_no_arb_n32,32,8.9770,9.0245,1,0.1000
Avg_Spread_Pct,dual_no_arb_n32,32,9.0245,9.0720,2,0.2000
Avg_Spread_Pct,dual_no_arb_n32,32,9.0720,9.1195,0,0.0000
Avg_Spread_Pct,dual_no_arb_n32,32,9.1195,9.1670,2,0.2000
Arb_Profit,dual_no_arb_n32,32,0.0000,0.0000,1000,100.0000
LP_Profit_Value,dual_no_arb_n32,32,274728.5255,278050.9626,2,0.2000
LP_Profit_Value,dual_no_arb_n32,32,278050.9626,281373.3996,0,0.0000
LP_Profit_Value,dual_no_arb_n32,32,281373.3996,284695.8366,1,0.1000
LP_Profit_Value,dual_no_arb_n32,32,284695.8366,288018.2737,2,0.2000
LP_Profit_Value,dual_no_arb_n32,32,288018.2737,291340.7107,4,0.4000
LP_Profit_Value,dual_no_arb_n32,32,291340.7107,294663.1478,3,0.3000
LP_Profit_Value,dual_no_arb_n32,32,294663.1478,297985.5848,6,0.6000
LP_Profit_Value,dual_no_arb_n32,32,297985.5848,301308.0219,12,1.2000
LP_Profit_Value,dual_no_arb_n32,32,301308.0219,304630.4589,11,1.1000
LP_Profit_Value,dual_no_arb_n32,32,304630.4589,307952.8960,11,1.1000
LP_Profit_Value,dual_no_arb_n32,32,307952.8960,311275.3330,14,1.4000
LP_Profit_Value,dual_no_arb_n32,32,311275.3330,314597.7700,16,1.6000
LP_Profit_Value,dual_no_arb_n32,32,314597.7700,317920.2071,21,2.1000
LP_Profit_Value,dual_no_arb_n32,32,317920.2071,321242.6441,21,2.1000
LP_Profit_Value,dual_no_arb_n32,32,321242.6441,324565.0812,28,2.8000
LP_Profit_Value,dual_no_arb_n32,32,324565.0812,327887.5182,31,3.1000
LP_Profit_Value,dual_no_arb_n32,32,327887.5182,331209.9553,40,4.0000
LP_Profit_Value,dual_no_arb_n32,32,331209.9553,334532.3923,52,5.2000
LP_Profit_Value,dual_no_arb_n32,32,334532.3923,337854.8293,37,3.7000
LP_Profit_Value,dual_no_arb_n32,32,337854.8293,341177.2664,47,4.7000
LP_Profit_Value,dual_no_arb_n32,32,341177.2664,344499.7034,54,5.4000
LP_Profit_Value,dual_no_arb_n32,32,344499.7034,347822.1405,50,5.0000
LP_Profit_Value,dual_no_arb_n32,32,347822.1405,351144.5775,54,5.4000
LP_Profit_Value,dual_no_arb_n32,32,351144.5775,354467.0146,62,6.2000
LP_Profit_Value,dual_no_arb_n32,32,354467.0146,357789.4516,53,5.3000
LP_Profit_Value,dual_no_arb_n32,32,357789.4516,361111.8886,42,4.2000
LP_Profit_Value,dual_no_arb_n32,32,361111.8886,364434.3257,44,4.4000
LP_Profit_Value,dual_no_arb_n32,32,364434.3257,367756.7627,39,3.9000
LP_Profit_Value,dual_no_arb_n32,32,367756.7627,371079.1998,37,3.7000
LP_Profit_Value,dual_no_arb_n32,32,371079.1998,374401.6368,34,3.4000
LP_Profit_Value,dual_no_arb_n32,32,374401.6368,377724.0739,32,3.2000
LP_Profit_Value,dual_no_arb_n32,32,377724.0739,381046.5109,27,2.7000
LP_Profit_Value,dual_no_arb_n32,32,381046.5109,384368.9479,22,2.2000
LP_Profit_Value,dual_no_arb_n32,32,384368.9479,387691.3850,19,1.9000
LP_Profit_Value,dual_no_arb_n32,32,387691.3850,391013.8220,17,1.7000
LP_Profit_Value,dual_no_arb_n32,32,391013.8220,394336.2591,13,1.3000
LP_Profit_Value,dual_no_arb_n32,32,394336.2591,397658.6961,7,0.7000
LP_Profit_Value,dual_no_arb_n32,32,397658.6961,400981.1332,13,1.3000
LP_Profit_Value,dual_no_arb_n32,32,400981.1332,404303.5702,4,0.4000
LP_Profit_Value,dual_no_arb_n32,32,404303.5702,407626.0073,2,0.2000
LP_Profit_Value,dual_no_arb_n32,32,407626.0073,410948.4443,2,0.2000
LP_Profit_Value,dual_no_arb_n32,32,410948.4443,414270.8813,4,0.4000
LP_Profit_Value,dual_no_arb_n32,32,414270.8813,417593.3184,3,0.3000
LP_Profit_Value,dual_no_arb_n32,32,417593.3184,420915.7554,1,0.1000
LP_Profit_Value,dual_no_arb_n32,32,420915.7554,424238.1925,2,0.2000
LP_Profit_Value,dual_no_arb_n32,32,424238.1925,427560.6295,2,0.2000
LP_Profit_Value,dual_no_arb_n32,32,427560.6295,430883.0666,1,0.1000
LP_Profit_Value,dual_no_arb_n32,32,430883.0666,434205.5036,0,0.0000
LP_Profit_Value,dual_no_arb_n32,32,434205.5036,437527.9406,0,0.0000
LP_Profit_Value,dual_no_arb_n32,32,437527.9406,440850.3777,1,0.1000
User_PnL,single_n128,128,-1649468.5324,-1642188.6954,2,0.2000
User_PnL,single_n128,128,-1642188.6954,-1634908.8583,0,0.0000
User_PnL,single_n128,128,-1634908.8583,-1627629.0212,0,0.0000
User_PnL,single_n128,128,-1627629.0212,-1620349.1841,0,0.0000
User_PnL,single_n128,128,-1620349.1841,-1613069.3470,1,0.1000
User_PnL,single_n128,128,-1613069.3470,-1605789.5099,1,0.1000
User_PnL,single_n128,128,-1605789.5099,-1598509.6729,1,0.1000
User_PnL,single_n128,128,-1598509.6729,-1591229.8358,4,0.4000
User_PnL,single_n128,128,-1591229.8358,-1583949.9987,4,0.4000
User_PnL,single_n128,128,-1583949.9987,-1576670.1616,3,0.3000
User_PnL,single_n128,128,-1576670.1616,-1569390.3245,14,1.4000
User_PnL,single_n128,128,-1569390.3245,-1562110.4874,10,1.0000
User_PnL,single_n128,128,-1562110.4874,-1554830.6504,20,2.0000
User_PnL,single_n128,128,-1554830.6504,-1547550.8133,16,1.6000
User_PnL,single_n128,128,-1547550.8133,-1540270.9762,22,2.2000
User_PnL,single_n128,128,-1540270.9762,-1532991.1391,24,2.4000
User_PnL,single_n128,128,-1532991.1391,-1525711.3020,28,2.8000
User_PnL,single_n128,128,-1525711.3020,-1518431.4649,21,2.1000
User_PnL,single_n128,128,-1518431.4649,-1511151.6279,30,3.0000
User_PnL,single_n128,128,-1511151.6279,-1503871.7908,51,5.1000
User_PnL,single_n128,128,-1503871.7908,-1496591.9537,37,3.7000
User_PnL,single_n128,128,-1496591.9537,-1489312.1166,48,4.8000
User_PnL,single_n128,128,-1489312.1166,-1482032.2795,53,5.3000
User_PnL,single_n128,128,-1482032.2795,-1474752.4424,50,5.0000
User_PnL,single_n128,128,-1474752.4424,-1467472.6054,60,6.0000
User_PnL,single_n128,128,-1467472.6054,-1460192.7683,48,4.8000
User_PnL,single_n128,128,-1460192.7683,-1452912.9312,38,3.8000
User_PnL,single_n128,128,-1452912.9312,-1445633.0941,56,5.6000
User_PnL,single_n128,128,-1445633.0941,-1438353.2570,47,4.7000
User_PnL,single_n128,128,-1438353.2570,-1431073.4200,53,5.3000
User_PnL,single_n128,128,-1431073.4200,-1423793.5829,39,3.9000
User_PnL,single_n128,128,-1423793.5829,-1416513.7458,36,3.6000
User_PnL,single_n128,128,-1416513.7458,-1409233.9087,33,3.3000
User_PnL,single_n128,128,-1409233.9087,-1401954.0716,28,2.8000
User_PnL,single_n128,128,-1401954.0716,-1394674.2345,20,2.0000
User_PnL,single_n128,128,-1394674.2345,-1387394.3975,24,2.4000
User_PnL,single_n128,128,-1387394.3975,-1380114.5604,16,1.6000
User_PnL,single_n128,128,-1380114.5604,-1372834.7233,10,1.0000
User_PnL,single_n128,128,-1372834.7233,-1365554.8862,16,1.6000
User_PnL,single_n128,128,-1365554.8862,-1358275.0491,10,1.0000
User_PnL,single_n128,128,-1358275.0491,-1350995.2120,10,1.0000
User_PnL,single_n128,128,-1350995.2120,-1343715.3750,7,0.7000
User_PnL,single_n128,128,-1343715.3750,-1336435.5379,1,0.1000
User_PnL,single_n128,128,-1336435.5379,-1329155.7008,3,0.3000
User_PnL,single_n128,128,-1329155.7008,-1321875.8637,1,0.1000
User_PnL,single_n128,128,-1321875.8637,-1314596.0266,1,0.1000
User_PnL,single_n128,128,-1314596.0266,-1307316.1895,1,0.1000
User_PnL,single_n128,128,-1307316.1895,-1300036.3525,0,0.0000
User_PnL,single_n128,128,-1300036.3525,-1292756.5154,0,0.0000
User_PnL,single_n128,128,-1292756.5154,-1285476.6783,2,0.2000
Avg_Spread_Pct,single_n128,128,6.2144,6.2352,1,0.1000
Avg_Spread_Pct,single_n128,128,6.2352,6.2559,1,0.1000
Avg_Spread_Pct,single_n128,128,6.2559,6.2767,0,0.0000
Avg_Spread_Pct,single_n128,128,6.2767,6.2974,0,0.0000
Avg_Spread_Pct,single_n128,128,6.2974,6.3182,0,0.0000
Avg_Spread_Pct,single_n128,128,6.3182,6.3390,2,0.2000
Avg_Spread_Pct,single_n128,128,6.3390,6.3597,0,0.0000
Avg_Spread_Pct,single_n128,128,6.3597,6.3805,1,0.1000
Avg_Spread_Pct,single_n128,128,6.3805,6.4013,3,0.3000
Avg_Spread_Pct,single_n128,128,6.4013,6.4220,0,0.0000
Avg_Spread_Pct,single_n128,128,6.4220,6.4428,9,0.9000
Avg_Spread_Pct,single_n128,128,6.4428,6.4635,17,1.7000
Avg_Spread_Pct,single_n128,128,6.4635,6.4843,12,1.2000
Avg_Spread_Pct,single_n128,128,6.4843,6.5051,16,1.6000
Avg_Spread_Pct,single_n128,128,6.5051,6.5258,12,1.2000
Avg_Spread_Pct,single_n128,128,6.5258,6.5466,29,2.9000
Avg_Spread_Pct,single_n128,128,6.5466,6.5673,22,2.2000
Avg_Spread_Pct,single_n128,128,6.5673,6.5881,24,2.4000
Avg_Spread_Pct,single_n128,128,6.5881,6.6089,39,3.9000
Avg_Spread_Pct,single_n128,128,6.6089,6.6296,49,4.9000
Avg_Spread_Pct,single_n128,128,6.6296,6.6504,39,3.9000
Avg_Spread_Pct,single_n128,128,6.6504,6.6712,32,3.2000
Avg_Spread_Pct,single_n128,128,6.6712,6.6919,56,5.6000
Avg_Spread_Pct,single_n128,128,6.6919,6.7127,38,3.8000
Avg_Spread_Pct,single_n128,128,6.7127,6.7334,55,5.5000
Avg_Spread_Pct,single_n128,128,6.7334,6.7542,58,5.8000
Avg_Spread_Pct,single_n128,128,6.7542,6.7750,53,5.3000
Avg_Spread_Pct,single_n128,128,6.7750,6.7957,57,5.7000
Avg_Spread_Pct,single_n128,128,6.7957,6.8165,61,6.1000
Avg_Spread_Pct,single_n128,128,6.8165,6.8373,56,5.6000
Avg_Spread_Pct,single_n128,128,6.8373,6.8580,42,4.2000
Avg_Spread_Pct,single_n128,128,6.8580,6.8788,35,3.5000
Avg_Spread_Pct,single_n128,128,6.8788,6.8995,25,2.5000
Avg_Spread_Pct,single_n128,128,6.8995,6.9203,30,3.0000
Avg_Spread_Pct,single_n128,128,6.9203,6.9411,29,2.9000
Avg_Spread_Pct,single_n128,128,6.9411,6.9618,22,2.2000
Avg_Spread_Pct,single_n128,128,6.9618,6.9826,14,1.4000
Avg_Spread_Pct,single_n128,128,6.9826,7.0033,18,1.8000
Avg_Spread_Pct,single_n128,128,7.0033,7.0241,16,1.6000
Avg_Spread_Pct,single_n128,128,7.0241,7.0449,9,0.9000
Avg_Spread_Pct,single_n128,128,7.0449,7.0656,5,0.5000
Avg_Spread_Pct,single_n128,128,7.0656,7.0864,5,0.5000
Avg_Spread_Pct,single_n128,128,7.0864,7.1072,2,0.2000
Avg_Spread_Pct,single_n128,128,7.1072,7.1279,2,0.2000
Avg_Spread_Pct,single_n128,128,7.1279,7.1487,1,0.1000
Avg_Spread_Pct,single_n128,128,7.1487,7.1694,1,0.1000
Avg_Spread_Pct,single_n128,128,7.1694,7.1902,0,0.0000
Avg_Spread_Pct,single_n128,128,7.1902,7.2110,0,0.0000
Avg_Spread_Pct,single_n128,128,7.2110,7.2317,0,0.0000
Avg_Spread_Pct,single_n128,128,7.2317,7.2525,2,0.2000
Arb_Profit,single_n128,128,375080.4584,388864.4506,1,0.1000
Arb_Profit,single_n128,128,388864.4506,402648.4428,1,0.1000
Arb_Profit,single_n128,128,402648.4428,416432.4350,0,0.0000
Arb_Profit,single_n128,128,416432.4350,430216.4273,0,0.0000
Arb_Profit,single_n128,128,430216.4273,444000.4195,3,0.3000
Arb_Profit,single_n128,128,444000.4195,457784.4117,2,0.2000
Arb_Profit,single_n128,128,457784.4117,471568.4039,3,0.3000
Arb_Profit,single_n128,128,471568.4039,485352.3961,5,0.5000
Arb_Profit,single_n128,128,485352.3961,499136.3883,2,0.2000
Arb_Profit,single_n128,128,499136.3883,512920.3805,3,0.3000
Arb_Profit,single_n128,128,512920.3805,526704.3727,3,0.3000
Arb_Profit,single_n128,128,526704.3727,540488.3649,8,0.8000
Arb_Profit,single_n128,128,540488.3649,554272.3571,15,1.5000
Arb_Profit,single_n128,128,554272.3571,568056.3493,9,0.9000
Arb_Profit,single_n128,128,568056.3493,581840.3415,11,1.1000
Arb_Profit,single_n128,128,581840.3415,595624.3337,17,1.7000
Arb_Profit,single_n128,128,595624.3337,609408.3259,18,1.8000
Arb_Profit,single_n128,128,609408.3259,623192.3181,30,3.0000
Arb_Profit,single_n128,128,623192.3181,636976.3104,29,2.9000
Arb_Profit,single_n128,128,636976.3104,650760.3026,25,2.5000
Arb_Profit,single_n128,128,650760.3026,664544.2948,41,4.1000
Arb_Profit,single_n128,128,664544.2948,678328.2870,36,3.6000
Arb_Profit,single_n128,128,678328.2870,692112.2792,53,5.3000
Arb_Profit,single_n128,128,692112.2792,705896.2714,50,5.0000
Arb_Profit,single_n128,128,705896.2714,719680.2636,45,4.5000
Arb_Profit,single_n128,128,719680.2636,733464.2558,44,4.4000
Arb_Profit,single_n128,128,733464.2558,747248.2480,44,4.4000
Arb_Profit,single_n128,128,747248.2480,761032.2402,54,5.4000
Arb_Profit,single_n128,128,761032.2402,774816.2324,53,5.3000
Arb_Profit,single_n128,128,774816.2324,788600.2246,47,4.7000
Arb_Profit,single_n128,128,788600.2246,802384.2168,50,5.0000
Arb_Profit,single_n128,128,802384.2168,816168.2090,39,3.9000
Arb_Profit,single_n128,128,816168.2090,829952.2012,36,3.6000
Arb_Profit,single_n128,128,829952.2012,843736.1935,32,3.2000
Arb_Profit,single_n128,128,843736.1935,857520.1857,35,3.5000
Arb_Profit,single_n128,128,857520.1857,871304.1779,32,3.2000
Arb_Profit,single_n128,128,871304.1779,885088.1701,20,2.0000
Arb_Profit,single_n128,128,885088.1701,898872.1623,12,1.2000
Arb_Profit,single_n128,128,898872.1623,912656.1545,28,2.8000
Arb_Profit,single_n128,128,912656.1545,926440.1467,16,1.6000
Arb_Profit,single_n128,128,926440.1467,940224.1389,11,1.1000
Arb_Profit,single_n128,128,940224.1389,954008.1311,11,1.1000
Arb_Profit,single_n128,128,954008.1311,967792.1233,3,0.3000
Arb_Profit,single_n128,128,967792.1233,981576.1155,6,0.6000
Arb_Profit,single_n128,128,981576.1155,995360.1077,4,0.4000
Arb_Profit,single_n128,128,995360.1077,1009144.0999,5,0.5000
Arb_Profit,single_n128,128,1009144.0999,1022928.0921,1,0.1000
Arb_Profit,single_n128,128,1022928.0921,1036712.0843,2,0.2000
Arb_Profit,single_n128,128,1036712.0843,1050496.0766,3,0.3000
Arb_Profit,single_n128,128,1050496.0766,1064280.0688,2,0.2000
LP_Profit_Value,single_n128,128,648152.8312,650925.7586,2,0.2000
LP_Profit_Value,single_n128,128,650925.7586,653698.6860,1,0.1000
LP_Profit_Value,single_n128,128,653698.6860,656471.6134,2,0.2000
LP_Profit_Value,single_n128,128,656471.6134,659244.5408,0,0.0000
LP_Profit_Value,single_n128,128,659244.5408,662017.4682,2,0.2000
LP_Profit_Value,single_n128,128,662017.4682,664790.3956,5,0.5000
LP_Profit_Value,single_n128,128,664790.3956,667563.3230,6,0.6000
LP_Profit_Value,single_n128,128,667563.3230,670336.2504,4,0.4000
LP_Profit_Value,single_n128,128,670336.2504,673109.1778,4,0.4000
LP_Profit_Value,single_n128,128,673109.1778,675882.1052,13,1.3000
LP_Profit_Value,single_n128,128,675882.1052,678655.0326,13,1.3000
LP_Profit_Value,single_n128,128,678655.0326,681427.9600,14,1.4000
LP_Profit_Value,single_n128,128,681427.9600,684200.8874,24,2.4000
LP_Profit_Value,single_n128,128,684200.8874,686973.8148,20,2.0000
LP_Profit_Value,single_n128,128,686973.8148,689746.7422,24,2.4000
LP_Profit_Value,single_n128,128,689746.7422,692519.6696,24,2.4000
LP_Profit_Value,single_n128,128,692519.6696,695292.5970,26,2.6000
LP_Profit_Value,single_n128,128,695292.5970,698065.5244,32,3.2000
LP_Profit_Value,single_n128,128,698065.5244,700838.4518,49,4.9000
LP_Profit_Value,single_n128,128,700838.4518,703611.3792,27,2.7000
LP_Profit_Value,single_n128,128,703611.3792,706384.3066,43,4.3000
LP_Profit_Value,single_n128,128,706384.3066,709157.2340,52,5.2000
LP_Profit_Value,single_n128,128,709157.2340,711930.1614,43,4.3000
LP_Profit_Value,single_n128,128,711930.1614,714703.0888,42,4.2000
LP_Profit_Value,single_n128,128,714703.0888,717476.0162,38,3.8000
LP_Profit_Value,single_n128,128,717476.0162,720248.9436,55,5.5000
LP_Profit_Value,single_n128,128,720248.9436,723021.8710,54,5.4000
LP_Profit_Value,single_n128,128,723021.8710,725794.7984,48,4.8000
LP_Profit_Value,single_n128,128,725794.7984,728567.7258,45,4.5000
LP_Profit_Value,single_n128,128,728567.7258,731340.6532,49,4.9000
LP_Profit_Value,single_n128,128,731340.6532,734113.5806,28,2.8000
LP_Profit_Value,single_n128,128,734113.5806,736886.5080,40,4.0000
LP_Profit_Value,single_n128,128,736886.5080,739659.4354,27,2.7000
LP_Profit_Value,single_n128,128,739659.4354,742432.3628,30,3.0000
LP_Profit_Value,single_n128,128,742432.3628,745205.2902,22,2.2000
LP_Profit_Value,single_n128,128,745205.2902,747978.2176,21,2.1000
LP_Profit_Value,single_n128,128,747978.2176,750751.1450,16,1.6000
LP_Profit_Value,single_n128,128,750751.1450,753524.0724,12,1.2000
LP_Profit_Value,single_n128,128,753524.0724,756296.9998,8,0.8000
LP_Profit_Value,single_n128,128,756296.9998,759069.9272,6,0.6000
LP_Profit_Value,single_n128,128,759069.9272,761842.8546,8,0.8000
LP_Profit_Value,single_n128,128,761842.8546,764615.7820,4,0.4000
LP_Profit_Value,single_n128,128,764615.7820,767388.7094,5,0.5000
LP_Profit_Value,single_n128,128,767388.7094,770161.6368,2,0.2000
LP_Profit_Value,single_n128,128,770161.6368,772934.5642,6,0.6000
LP_Profit_Value,single_n128,128,772934.5642,775707.4916,1,0.1000
LP_Profit_Value,single_n128,128,775707.4916,778480.4190,2,0.2000
LP_Profit_Value,single_n128,128,778480.4190,781253.3464,0,0.0000
LP_Profit_Value,single_n128,128,781253.3464,784026.2738,0,0.0000
LP_Profit_Value,single_n128,128,784026.2738,786799.2012,1,0.1000
User_PnL,single_no_arb_n128,128,-795492.5336,-792691.2976,2,0.2000
User_PnL,single_no_arb_n128,128,-792691.2976,-789890.0616,0,0.0000
User_PnL,single_no_arb_n128,128,-789890.0616,-787088.8256,0,0.0000
User_PnL,single_no_arb_n128,128,-787088.8256,-784287.5896,0,0.0000
User_PnL,single_no_arb_n128,128,-784287.5896,-781486.3536,1,0.1000
User_PnL,single_no_arb_n128,128,-781486.3536,-778685.1176,1,0.1000
User_PnL,single_no_arb_n128,128,-778685.1176,-775883.8816,1,0.1000
User_PnL,single_no_arb_n128,128,-775883.8816,-773082.6456,10,1.0000
User_PnL,single_no_arb_n128,128,-773082.6456,-770281.4096,7,0.7000
User_PnL,single_no_arb_n128,128,-770281.4096,-767480.1736,5,0.5000
User_PnL,single_no_arb_n128,128,-767480.1736,-764678.9376,13,1.3000
User_PnL,single_no_arb_n128,128,-764678.9376,-761877.7016,15,1.5000
User_PnL,single_no_arb_n128,128,-761877.7016,-759076.4656,20,2.0000
User_PnL,single_no_arb_n128,128,-759076.4656,-756275.2296,22,2.2000
User_PnL,single_no_arb_n128,128,-756275.2296,-753473.9936,16,1.6000
User_PnL,single_no_arb_n128,128,-753473.9936,-750672.7576,18,1.8000
User_PnL,single_no_arb_n128,128,-750672.7576,-747871.5216,37,3.7000
User_PnL,single_no_arb_n128,128,-747871.5216,-745070.2856,32,3.2000
User_PnL,single_no_arb_n128,128,-745070.2856,-742269.0496,32,3.2000
User_PnL,single_no_arb_n128,128,-742269.0496,-739467.8136,44,4.4000
User_PnL,single_no_arb_n128,128,-739467.8136,-736666.5776,45,4.5000
User_PnL,single_no_arb_n128,128,-736666.5776,-733865.3416,47,4.7000
User_PnL,single_no_arb_n128,128,-733865.3416,-731064.1056,39,3.9000
User_PnL,single_no_arb_n128,128,-731064.1056,-728262.8696,50,5.0000
User_PnL,single_no_arb_n128,128,-728262.8696,-725461.6336,57,5.7000
User_PnL,single_no_arb_n128,128,-725461.6336,-722660.3976,45,4.5000
User_PnL,single_no_arb_n128,128,-722660.3976,-719859.1616,44,4.4000
User_PnL,single_no_arb_n128,128,-719859.1616,-717057.9256,46,4.6000
User_PnL,single_no_arb_n128,128,-717057.9256,-714256.6897,48,4.8000
User_PnL,single_no_arb_n128,128,-714256.6897,-711455.4537,50,5.0000
User_PnL,single_no_arb_n128,128,-711455.4537,-708654.2177,49,4.9000
User_PnL,single_no_arb_n128,128,-708654.2177,-705852.9817,33,3.3000
User_PnL,single_no_arb_n128,128,-705852.9817,-703051.7457,24,2.4000
User_PnL,single_no_arb_n128,128,-703051.7457,-700250.5097,26,2.6000
User_PnL,single_no_arb_n128,128,-700250.5097,-697449.2737,21,2.1000
User_PnL,single_no_arb_n128,128,-697449.2737,-694648.0377,18,1.8000
User_PnL,single_no_arb_n128,128,-694648.0377,-691846.8017,18,1.8000
User_PnL,single_no_arb_n128,128,-691846.8017,-689045.5657,10,1.0000
User_PnL,single_no_arb_n128,128,-689045.5657,-686244.3297,14,1.4000
User_PnL,single_no_arb_n128,128,-686244.3297,-683443.0937,11,1.1000
User_PnL,single_no_arb_n128,128,-683443.0937,-680641.8577,9,0.9000
User_PnL,single_no_arb_n128,128,-680641.8577,-677840.6217,5,0.5000
User_PnL,single_no_arb_n128,128,-677840.6217,-675039.3857,7,0.7000
User_PnL,single_no_arb_n128,128,-675039.3857,-672238.1497,3,0.3000
User_PnL,single_no_arb_n128,128,-672238.1497,-669436.9137,1,0.1000
User_PnL,single_no_arb_n128,128,-669436.9137,-666635.6777,1,0.1000
User_PnL,single_no_arb_n128,128,-666635.6777,-663834.4417,0,0.0000
User_PnL,single_no_arb_n128,128,-663834.4417,-661033.2057,2,0.2000
User_PnL,single_no_arb_n128,128,-661033.2057,-658231.9697,0,0.0000
User_PnL,single_no_arb_n128,128,-658231.9697,-655430.7337,1,0.1000
Avg_Spread_Pct,single_no_arb_n128,128,33.0283,33.2455,2,0.2000
Avg_Spread_Pct,single_no_arb_n128,128,33.2455,33.4627,3,0.3000
Avg_Spread_Pct,single_no_arb_n128,128,33.4627,33.6799,2,0.2000
Avg_Spread_Pct,single_no_arb_n128,128,33.6799,33.8972,2,0.2000
Avg_Spread_Pct,single_no_arb_n128,128,33.8972,34.1144,6,0.6000
Avg_Spread_Pct,single_no_arb_n128,128,34.1144,34.3316,4,0.4000
Avg_Spread_Pct,single_no_arb_n128,128,34.3316,34.5489,3,0.3000
Avg_Spread_Pct,single_no_arb_n128,128,34.5489,34.7661,10,1.0000
Avg_Spread_Pct,single_no_arb_n128,128,34.7661,34.9833,10,1.0000
Avg_Spread_Pct,single_no_arb_n128,128,34.9833,35.2006,9,0.9000
Avg_Spread_Pct,single_no_arb_n128,128,35.2006,35.4178,21,2.1000
Avg_Spread_Pct,single_no_arb_n128,128,35.4178,35.6350,18,1.8000
Avg_Spread_Pct,single_no_arb_n128,128,35.6350,35.8523,29,2.9000
Avg_Spread_Pct,single_no_arb_n128,128,35.8523,36.0695,34,3.4000
Avg_Spread_Pct,single_no_arb_n128,128,36.0695,36.2867,45,4.5000
Avg_Spread_Pct,single_no_arb_n128,128,36.2867,36.5040,34,3.4000
Avg_Spread_Pct,single_no_arb_n128,128,36.5040,36.7212,35,3.5000
Avg_Spread_Pct,single_no_arb_n128,128,36.7212,36.9384,50,5.0000
Avg_Spread_Pct,single_no_arb_n128,128,36.9384,37.1556,46,4.6000
Avg_Spread_Pct,single_no_arb_n128,128,37.1556,37.3729,54,5.4000
Avg_Spread_Pct,single_no_arb_n128,128,37.3729,37.5901,54,5.4000
Avg_Spread_Pct,single_no_arb_n128,128,37.5901,37.8073,45,4.5000
Avg_Spread_Pct,single_no_arb_n128,128,37.8073,38.0246,64,6.4000
Avg_Spread_Pct,single_no_arb_n128,128,38.0246,38.2418,52,5.2000
Avg_Spread_Pct,single_no_arb_n128,128,38.2418,38.4590,42,4.2000
Avg_Spread_Pct,single_no_arb_n128,128,38.4590,38.6763,42,4.2000
Avg_Spread_Pct,single_no_arb_n128,128,38.6763,38.8935,50,5.0000
Avg_Spread_Pct,single_no_arb_n128,128,38.8935,39.1107,43,4.3000
Avg_Spread_Pct,single_no_arb_n128,128,39.1107,39.3280,30,3.0000
Avg_Spread_Pct,single_no_arb_n128,128,39.3280,39.5452,32,3.2000
Avg_Spread_Pct,single_no_arb_n128,128,39.5452,39.7624,29,2.9000
Avg_Spread_Pct,single_no_arb_n128,128,39.7624,39.9797,19,1.9000
Avg_Spread_Pct,single_no_arb_n128,128,39.9797,40.1969,22,2.2000
Avg_Spread_Pct,single_no_arb_n128,128,40.1969,40.4141,16,1.6000
Avg_Spread_Pct,single_no_arb_n128,128,40.4141,40.6313,6,0.6000
Avg_Spread_Pct,single_no_arb_n128,128,40.6313,40.8486,5,0.5000
Avg_Spread_Pct,single_no_arb_n128,128,40.8486,41.0658,7,0.7000
Avg_Spread_Pct,single_no_arb_n128,128,41.0658,41.2830,6,0.6000
Avg_Spread_Pct,single_no_arb_n128,128,41.2830,41.5003,7,0.7000
Avg_Spread_Pct,single_no_arb_n128,128,41.5003,41.7175,2,0.2000
Avg_Spread_Pct,single_no_arb_n128,128,41.7175,41.9347,4,0.4000
Avg_Spread_Pct,single_no_arb_n128,128,41.9347,42.1520,4,0.4000
Avg_Spread_Pct,single_no_arb_n128,128,42.1520,42.3692,0,0.0000
Avg_Spread_Pct,single_no_arb_n128,128,42.3692,42.5864,1,0.1000
Avg_Spread_Pct,single_no_arb_n128,128,42.5864,42.8037,0,0.0000
Avg_Spread_Pct,single_no_arb_n128,128,42.8037,43.0209,0,0.0000
Avg_Spread_Pct,single_no_arb_n128,128,43.0209,43.2381,0,0.0000
Avg_Spread_Pct,single_no_arb_n128,128,43.2381,43.4554,0,0.0000
Avg_Spread_Pct,single_no_arb_n128,128,43.4554,43.6726,0,0.0000
Avg_Spread_Pct,single_no_arb_n128,128,43.6726,43.8898,1,0.1000
Arb_Profit,single_no_arb_n128,128,0.0000,0.0000,1000,100.0000
LP_Profit_Value,single_no_arb_n128,128,655430.7337,658231.9697,1,0.1000
LP_Profit_Value,single_no_arb_n128,128,658231.9697,661033.2057,0,0.0000
LP_Profit_Value,single_no_arb_n128,128,661033.2057,663834.4417,2,0.2000
LP_Profit_Value,single_no_arb_n128,128,663834.4417,666635.6777,0,0.0000
LP_Profit_Value,single_no_arb_n128,128,666635.6777,669436.9137,1,0.1000
LP_Profit_Value,single_no_arb_n128,128,669436.9137,672238.1497,1,0.1000
LP_Profit_Value,single_no_arb_n128,128,672238.1497,675039.3857,3,0.3000
LP_Profit_Value,single_no_arb_n128,128,675039.3857,677840.6217,7,0.7000
LP_Profit_Value,single_no_arb_n128,128,677840.6217,680641.8577,5,0.5000
LP_Profit_Value,single_no_arb_n128,128,680641.8577,683443.0937,9,0.9000
LP_Profit_Value,single_no_arb_n128,128,683443.0937,686244.3297,11,1.1000
LP_Profit_Value,single_no_arb_n128,128,686244.3297,689045.5657,14,1.4000
LP_Profit_Value,single_no_arb_n128,128,689045.5657,691846.8017,10,1.0000
LP_Profit_Value,single_no_arb_n128,128,691846.8017,694648.0377,18,1.8000
LP_Profit_Value,single_no_arb_n128,128,694648.0377,697449.2737,18,1.8000
LP_Profit_Value,single_no_arb_n128,128,697449.2737,700250.5097,21,2.1000
LP_Profit_Value,single_no_arb_n128,128,700250.5097,703051.7457,26,2.6000
LP_Profit_Value,single_no_arb_n128,128,703051.7457,705852.9817,24,2.4000
LP_Profit_Value,single_no_arb_n128,128,705852.9817,708654.2177,33,3.3000
LP_Profit_Value,single_no_arb_n128,128,708654.2177,711455.4537,49,4.9000
LP_Profit_Value,single_no_arb_n128,128,711455.4537,714256.6897,50,5.0000
LP_Profit_Value,single_no_arb_n128,128,714256.6897,717057.9256,48,4.8000
LP_Profit_Value,single_no_arb_n128,128,717057.9256,719859.1616,46,4.6000
LP_Profit_Value,single_no_arb_n128,128,719859.1616,722660.3976,44,4.4000
LP_Profit_Value,single_no_arb_n128,128,722660.3976,725461.6336,45,4.5000
LP_Profit_Value,single_no_arb_n128,128,725461.6336,728262.8696,57,5.7000
LP_Profit_Value,single_no_arb_n128,128,728262.8696,731064.1056,50,5.0000
LP_Profit_Value,single_no_arb_n128,128,731064.1056,733865.3416,39,3.9000
LP_Profit_Value,single_no_arb_n128,128,733865.3416,736666.5776,47,4.7000
LP_Profit_Value,single_no_arb_n128,128,736666.5776,739467.8136,45,4.5000
LP_Profit_Value,single_no_arb_n128,128,739467.8136,742269.0496,44,4.4000
LP_Profit_Value,single_no_arb_n128,128,742269.0496,745070.2856,32,3.2000
LP_Profit_Value,single_no_arb_n128,128,745070.2856,747871.5216,32,3.2000
LP_Profit_Value,single_no_arb_n128,128,747871.5216,750672.7576,37,3.7000
LP_Profit_Value,single_no_arb_n128,128,750672.7576,753473.9936,18,1.8000
LP_Profit_Value,single_no_arb_n128,128,753473.9936,756275.2296,16,1.6000
LP_Profit_Value,single_no_arb_n128,128,756275.2296,759076.4656,22,2.2000
LP_Profit_Value,single_no_arb_n128,128,759076.4656,761877.7016,20,2.0000
LP_Profit_Value,single_no_arb_n128,128,761877.7016,764678.9376,15,1.5000
LP_Profit_Value,single_no_arb_n128,128,764678.9376,767480.1736,13,1.3000
LP_Profit_Value,single_no_arb_n128,128,767480.1736,770281.4096,5,0.5000
LP_Profit_Value,single_no_arb_n128,128,770281.4096,773082.6456,7,0.7000
LP_Profit_Value,single_no_arb_n128,128,773082.6456,775883.8816,10,1.0000
LP_Profit_Value,single_no_arb_n128,128,775883.8816,778685.1176,1,0.1000
LP_Profit_Value,single_no_arb_n128,128,778685.1176,781486.3536,1,0.1000
LP_Profit_Value,single_no_arb_n128,128,781486.3536,784287.5896,1,0.1000
LP_Profit_Value,single_no_arb_n128,128,784287.5896,787088.8256,0,0.0000
LP_Profit_Value,single_no_arb_n128,128,787088.8256,789890.0616,0,0.0000
LP_Profit_Value,single_no_arb_n128,128,789890.0616,792691.2976,0,0.0000
LP_Profit_Value,single_no_arb_n128,128,792691.2976,795492.5336,2,0.2000
User_PnL,dual_n128,128,-1630422.5140,-1623266.1127,2,0.2000
User_PnL,dual_n128,128,-1623266.1127,-1616109.7114,0,0.0000
User_PnL,dual_n128,128,-1616109.7114,-1608953.3102,0,0.0000
User_PnL,dual_n128,128,-1608953.3102,-1601796.9089,0,0.0000
User_PnL,dual_n128,128,-1601796.9089,-1594640.5076,0,0.0000
User_PnL,dual_n128,128,-1594640.5076,-1587484.1064,2,0.2000
User_PnL,dual_n128,128,-1587484.1064,-1580327.7051,1,0.1000
User_PnL,dual_n128,128,-1580327.7051,-1573171.3038,3,0.3000
User_PnL,dual_n128,128,-1573171.3038,-1566014.9026,4,0.4000
User_PnL,dual_n128,128,-1566014.9026,-1558858.5013,4,0.4000
User_PnL,dual_n128,128,-1558858.5013,-1551702.1000,13,1.3000
User_PnL,dual_n128,128,-1551702.1000,-1544545.6988,10,1.0000
User_PnL,dual_n128,128,-1544545.6988,-1537389.2975,15,1.5000
User_PnL,dual_n128,128,-1537389.2975,-1530232.8962,20,2.0000
User_PnL,dual_n128,128,-1530232.8962,-1523076.4950,26,2.6000
User_PnL,dual_n128,128,-1523076.4950,-1515920.0937,21,2.1000
User_PnL,dual_n128,128,-1515920.0937,-1508763.6924,26,2.6000
User_PnL,dual_n128,128,-1508763.6924,-1501607.2912,24,2.4000
User_PnL,dual_n128,128,-1501607.2912,-1494450.8899,29,2.9000
User_PnL,dual_n128,128,-1494450.8899,-1487294.4887,47,4.7000
User_PnL,dual_n128,128,-1487294.4887,-1480138.0874,41,4.1000
User_PnL,dual_n128,128,-1480138.0874,-1472981.6861,47,4.7000
User_PnL,dual_n128,128,-1472981.6861,-1465825.2849,54,5.4000
User_PnL,dual_n128,128,-1465825.2849,-1458668.8836,52,5.2000
User_PnL,dual_n128,128,-1458668.8836,-1451512.4823,57,5.7000
User_PnL,dual_n128,128,-1451512.4823,-1444356.0811,52,5.2000
User_PnL,dual_n128,128,-1444356.0811,-1437199.6798,36,3.6000
User_PnL,dual_n128,128,-1437199.6798,-1430043.2785,56,5.6000
User_PnL,dual_n128,128,-1430043.2785,-1422886.8773,47,4.7000
User_PnL,dual_n128,128,-1422886.8773,-1415730.4760,54,5.4000
User_PnL,dual_n128,128,-1415730.4760,-1408574.0747,41,4.1000
User_PnL,dual_n128,128,-1408574.0747,-1401417.6735,36,3.6000
User_PnL,dual_n128,128,-1401417.6735,-1394261.2722,31,3.1000
User_PnL,dual_n128,128,-1394261.2722,-1387104.8709,27,2.7000
User_PnL,dual_n128,128,-1387104.8709,-1379948.4697,22,2.2000
User_PnL,dual_n128,128,-1379948.4697,-1372792.0684,23,2.3000
User_PnL,dual_n128,128,-1372792.0684,-1365635.6671,15,1.5000
User_PnL,dual_n128,128,-1365635.6671,-1358479.2659,11,1.1000
User_PnL,dual_n128,128,-1358479.2659,-1351322.8646,14,1.4000
User_PnL,dual_n128,128,-1351322.8646,-1344166.4633,11,1.1000
User_PnL,dual_n128,128,-1344166.4633,-1337010.0621,10,1.0000
User_PnL,dual_n128,128,-1337010.0621,-1329853.6608,7,0.7000
User_PnL,dual_n128,128,-1329853.6608,-1322697.2596,1,0.1000
User_PnL,dual_n128,128,-1322697.2596,-1315540.8583,3,0.3000
User_PnL,dual_n128,128,-1315540.8583,-1308384.4570,1,0.1000
User_PnL,dual_n128,128,-1308384.4570,-1301228.0558,1,0.1000
User_PnL,dual_n128,128,-1301228.0558,-1294071.6545,1,0.1000
User_PnL,dual_n128,128,-1294071.6545,-1286915.2532,0,0.0000
User_PnL,dual_n128,128,-1286915.2532,-1279758.8520,0,0.0000
User_PnL,dual_n128,128,-1279758.8520,-1272602.4507,2,0.2000
Avg_Spread_Pct,dual_n128,128,6.0644,6.0839,1,0.1000
Avg_Spread_Pct,dual_n128,128,6.0839,6.1033,1,0.1000
Avg_Spread_Pct,dual_n128,128,6.1033,6.1228,0,0.0000
Avg_Spread_Pct,dual_n128,128,6.1228,6.1423,0,0.0000
Avg_Spread_Pct,dual_n128,128,6.1423,6.1617,0,0.0000
Avg_Spread_Pct,dual_n128,128,6.1617,6.1812,1,0.1000
Avg_Spread_Pct,dual_n128,128,6.1812,6.2006,1,0.1000
Avg_Spread_Pct,dual_n128,128,6.2006,6.2201,1,0.1000
Avg_Spread_Pct,dual_n128,128,6.2201,6.2395,1,0.1000
Avg_Spread_Pct,dual_n128,128,6.2395,6.2590,3,0.3000
Avg_Spread_Pct,dual_n128,128,6.2590,6.2784,8,0.8000
Avg_Spread_Pct,dual_n128,128,6.2784,6.2979,11,1.1000
Avg_Spread_Pct,dual_n128,128,6.2979,6.3173,15,1.5000
Avg_Spread_Pct,dual_n128,128,6.3173,6.3368,18,1.8000
Avg_Spread_Pct,dual_n128,128,6.3368,6.3562,11,1.1000
Avg_Spread_Pct,dual_n128,128,6.3562,6.3757,26,2.6000
Avg_Spread_Pct,dual_n128,128,6.3757,6.3952,18,1.8000
Avg_Spread_Pct,dual_n128,128,6.3952,6.4146,28,2.8000
Avg_Spread_Pct,dual_n128,128,6.4146,6.4341,32,3.2000
Avg_Spread_Pct,dual_n128,128,6.4341,6.4535,51,5.1000
Avg_Spread_Pct,dual_n128,128,6.4535,6.4730,41,4.1000
Avg_Spread_Pct,dual_n128,128,6.4730,6.4924,35,3.5000
Avg_Spread_Pct,dual_n128,128,6.4924,6.5119,53,5.3000
Avg_Spread_Pct,dual_n128,128,6.5119,6.5313,47,4.7000
Avg_Spread_Pct,dual_n128,128,6.5313,6.5508,53,5.3000
Avg_Spread_Pct,dual_n128,128,6.5508,6.5702,56,5.6000
Avg_Spread_Pct,dual_n128,128,6.5702,6.5897,61,6.1000
Avg_Spread_Pct,dual_n128,128,6.5897,6.6091,52,5.2000
Avg_Spread_Pct,dual_n128,128,6.6091,6.6286,55,5.5000
Avg_Spread_Pct,dual_n128,128,6.6286,6.6481,56,5.6000
Avg_Spread_Pct,dual_n128,128,6.6481,6.6675,46,4.6000
Avg_Spread_Pct,dual_n128,128,6.6675,6.6870,37,3.7000
Avg_Spread_Pct,dual_n128,128,6.6870,6.7064,26,2.6000
Avg_Spread_Pct,dual_n128,128,6.7064,6.7259,32,3.2000
Avg_Spread_Pct,dual_n128,128,6.7259,6.7453,29,2.9000
Avg_Spread_Pct,dual_n128,128,6.7453,6.7648,21,2.1000
Avg_Spread_Pct,dual_n128,128,6.7648,6.7842,15,1.5000
Avg_Spread_Pct,dual_n128,128,6.7842,6.8037,20,2.0000
Avg_Spread_Pct,dual_n128,128,6.8037,6.8231,14,1.4000
Avg_Spread_Pct,dual_n128,128,6.8231,6.8426,7,0.7000
Avg_Spread_Pct,dual_n128,128,6.8426,6.8620,6,0.6000
Avg_Spread_Pct,dual_n128,128,6.8620,6.8815,3,0.3000
Avg_Spread_Pct,dual_n128,128,6.8815,6.9009,3,0.3000
Avg_Spread_Pct,dual_n128,128,6.9009,6.9204,2,0.2000
Avg_Spread_Pct,dual_n128,128,6.9204,6.9399,0,0.0000
Avg_Spread_Pct,dual_n128,128,6.9399,6.9593,1,0.1000
Avg_Spread_Pct,dual_n128,128,6.9593,6.9788,0,0.0000
Avg_Spread_Pct,dual_n128,128,6.9788,6.9982,0,0.0000
Avg_Spread_Pct,dual_n128,128,6.9982,7.0177,1,0.1000
Avg_Spread_Pct,dual_n128,128,7.0177,7.0371,1,0.1000
Arb_Profit,dual_n128,128,-47177.8875,-33141.1527,1,0.1000
Arb_Profit,dual_n128,128,-33141.1527,-19104.4180,0,0.0000
Arb_Profit,dual_n128,128,-19104.4180,-5067.6833,1,0.1000
Arb_Profit,dual_n128,128,-5067.6833,8969.0515,0,0.0000
Arb_Profit,dual_n128,128,8969.0515,23005.7862,2,0.2000
Arb_Profit,dual_n128,128,23005.7862,37042.5209,2,0.2000
Arb_Profit,dual_n128,128,37042.5209,51079.2557,2,0.2000
Arb_Profit,dual_n128,128,51079.2557,65115.9904,2,0.2000
Arb_Profit,dual_n128,128,65115.9904,79152.7251,2,0.2000
Arb_Profit,dual_n128,128,79152.7251,93189.4598,5,0.5000
Arb_Profit,dual_n128,128,93189.4598,107226.1946,4,0.4000
Arb_Profit,dual_n128,128,107226.1946,121262.9293,3,0.3000
Arb_Profit,dual_n128,128,121262.9293,135299.6640,10,1.0000
Arb_Profit,dual_n128,128,135299.6640,149336.3988,8,0.8000
Arb_Profit,dual_n128,128,149336.3988,163373.1335,12,1.2000
Arb_Profit,dual_n128,128,163373.1335,177409.8682,17,1.7000
Arb_Profit,dual_n128,128,177409.8682,191446.6030,19,1.9000
Arb_Profit,dual_n128,128,191446.6030,205483.3377,14,1.4000
Arb_Profit,dual_n128,128,205483.3377,219520.0724,24,2.4000
Arb_Profit,dual_n128,128,219520.0724,233556.8072,42,4.2000
Arb_Profit,dual_n128,128,233556.8072,247593.5419,32,3.2000
Arb_Profit,dual_n128,128,247593.5419,261630.2766,44,4.4000
Arb_Profit,dual_n128,128,261630.2766,275667.0113,58,5.8000
Arb_Profit,dual_n128,128,275667.0113,289703.7461,45,4.5000
Arb_Profit,dual_n128,128,289703.7461,303740.4808,46,4.6000
Arb_Profit,dual_n128,128,303740.4808,317777.2155,50,5.0000
Arb_Profit,dual_n128,128,317777.2155,331813.9503,56,5.6000
Arb_Profit,dual_n128,128,331813.9503,345850.6850,55,5.5000
Arb_Profit,dual_n128,128,345850.6850,359887.4197,60,6.0000
Arb_Profit,dual_n128,128,359887.4197,373924.1545,48,4.8000
Arb_Profit,dual_n128,128,373924.1545,387960.8892,40,4.0000
Arb_Profit,dual_n128,128,387960.8892,401997.6239,35,3.5000
Arb_Profit,dual_n128,128,401997.6239,416034.3586,46,4.6000
Arb_Profit,dual_n128,128,416034.3586,430071.0934,33,3.3000
Arb_Profit,dual_n128,128,430071.0934,444107.8281,38,3.8000
Arb_Profit,dual_n128,128,444107.8281,458144.5628,28,2.8000
Arb_Profit,dual_n128,128,458144.5628,472181.2976,22,2.2000
Arb_Profit,dual_n128,128,472181.2976,486218.0323,26,2.6000
Arb_Profit,dual_n128,128,486218.0323,500254.7670,18,1.8000
Arb_Profit,dual_n128,128,500254.7670,514291.5018,10,1.0000
Arb_Profit,dual_n128,128,514291.5018,528328.2365,6,0.6000
Arb_Profit,dual_n128,128,528328.2365,542364.9712,6,0.6000
Arb_Profit,dual_n128,128,542364.9712,556401.7060,10,1.0000
Arb_Profit,dual_n128,128,556401.7060,570438.4407,5,0.5000
Arb_Profit,dual_n128,128,570438.4407,584475.1754,3,0.3000
Arb_Profit,dual_n128,128,584475.1754,598511.9101,4,0.4000
Arb_Profit,dual_n128,128,598511.9101,612548.6449,2,0.2000
Arb_Profit,dual_n128,128,612548.6449,626585.3796,1,0.1000
Arb_Profit,dual_n128,128,626585.3796,640622.1143,1,0.1000
Arb_Profit,dual_n128,128,640622.1143,654658.8491,2,0.2000
LP_Profit_Value,dual_n128,128,988116.9330,993409.4189,1,0.1000
LP_Profit_Value,dual_n128,128,993409.4189,998701.9048,1,0.1000
LP_Profit_Value,dual_n128,128,998701.9048,1003994.3906,0,0.0000
LP_Profit_Value,dual_n128,128,1003994.3906,1009286.8765,0,0.0000
LP_Profit_Value,dual_n128,128,1009286.8765,1014579.3624,2,0.2000
LP_Profit_Value,dual_n128,128,1014579.3624,1019871.8483,4,0.4000
LP_Profit_Value,dual_n128,128,1019871.8483,1025164.3341,1,0.1000
LP_Profit_Value,dual_n128,128,1025164.3341,1030456.8200,2,0.2000
LP_Profit_Value,dual_n128,128,1030456.8200,1035749.3059,12,1.2000
LP_Profit_Value,dual_n128,128,1035749.3059,1041041.7917,6,0.6000
LP_Profit_Value,dual_n128,128,1041041.7917,1046334.2776,7,0.7000
LP_Profit_Value,dual_n128,128,1046334.2776,1051626.7635,21,2.1000
LP_Profit_Value,dual_n128,128,1051626.7635,1056919.2494,19,1.9000
LP_Profit_Value,dual_n128,128,1056919.2494,1062211.7352,24,2.4000
LP_Profit_Value,dual_n128,128,1062211.7352,1067504.2211,29,2.9000
LP_Profit_Value,dual_n128,128,1067504.2211,1072796.7070,25,2.5000
LP_Profit_Value,dual_n128,128,1072796.7070,1078089.1929,36,3.6000
LP_Profit_Value,dual_n128,128,1078089.1929,1083381.6787,35,3.5000
LP_Profit_Value,dual_n128,128,1083381.6787,1088674.1646,37,3.7000
LP_Profit_Value,dual_n128,128,1088674.1646,1093966.6505,43,4.3000
LP_Profit_Value,dual_n128,128,1093966.6505,1099259.1363,51,5.1000
LP_Profit_Value,dual_n128,128,1099259.1363,1104551.6222,47,4.7000
LP_Profit_Value,dual_n128,128,1104551.6222,1109844.1081,60,6.0000
LP_Profit_Value,dual_n128,128,1109844.1081,1115136.5940,50,5.0000
LP_Profit_Value,dual_n128,128,1115136.5940,1120429.0798,50,5.0000
LP_Profit_Value,dual_n128,128,1120429.0798,1125721.5657,54,5.4000
LP_Profit_Value,dual_n128,128,1125721.5657,1131014.0516,49,4.9000
LP_Profit_Value,dual_n128,128,1131014.0516,1136306.5375,45,4.5000
LP_Profit_Value,dual_n128,128,1136306.5375,1141599.0233,55,5.5000
LP_Profit_Value,dual_n128,128,1141599.0233,1146891.5092,42,4.2000
LP_Profit_Value,dual_n128,128,1146891.5092,1152183.9951,33,3.3000
LP_Profit_Value,dual_n128,128,1152183.9951,1157476.4809,28,2.8000
LP_Profit_Value,dual_n128,128,1157476.4809,1162768.9668,34,3.4000
LP_Profit_Value,dual_n128,128,1162768.9668,1168061.4527,12,1.2000
LP_Profit_Value,dual_n128,128,1168061.4527,1173353.9386,20,2.0000
LP_Profit_Value,dual_n128,128,1173353.9386,1178646.4244,13,1.3000
LP_Profit_Value,dual_n128,128,1178646.4244,1183938.9103,21,2.1000
LP_Profit_Value,dual_n128,128,1183938.9103,1189231.3962,6,0.6000
LP_Profit_Value,dual_n128,128,1189231.3962,1194523.8821,6,0.6000
LP_Profit_Value,dual_n128,128,1194523.8821,1199816.3679,7,0.7000
LP_Profit_Value,dual_n128,128,1199816.3679,1205108.8538,2,0.2000
LP_Profit_Value,dual_n128,128,1205108.8538,1210401.3397,3,0.3000
LP_Profit_Value,dual_n128,128,1210401.3397,1215693.8255,3,0.3000
LP_Profit_Value,dual_n128,128,1215693.8255,1220986.3114,1,0.1000
LP_Profit_Value,dual_n128,128,1220986.3114,1226278.7973,1,0.1000
LP_Profit_Value,dual_n128,128,1226278.7973,1231571.2832,1,0.1000
LP_Profit_Value,dual_n128,128,1231571.2832,1236863.7690,0,0.0000
LP_Profit_Value,dual_n128,128,1236863.7690,1242156.2549,0,0.0000
LP_Profit_Value,dual_n128,128,1242156.2549,1247448.7408,0,0.0000
LP_Profit_Value,dual_n128,128,1247448.7408,1252741.2267,1,0.1000
User_PnL,dual_no_arb_n128,128,-1505897.3998,-1499127.4759,1,0.1000
User_PnL,dual_no_arb_n128,128,-1499127.4759,-1492357.5521,0,0.0000
User_PnL,dual_no_arb_n128,128,-1492357.5521,-1485587.6283,1,0.1000
User_PnL,dual_no_arb_n128,128,-1485587.6283,-1478817.7045,0,0.0000
User_PnL,dual_no_arb_n128,128,-1478817.7045,-1472047.7806,1,0.1000
User_PnL,dual_no_arb_n128,128,-1472047.7806,-1465277.8568,2,0.2000
User_PnL,dual_no_arb_n128,128,-1465277.8568,-1458507.9330,1,0.1000
User_PnL,dual_no_arb_n128,128,-1458507.9330,-1451738.0092,8,0.8000
User_PnL,dual_no_arb_n128,128,-1451738.0092,-1444968.0854,6,0.6000
User_PnL,dual_no_arb_n128,128,-1444968.0854,-1438198.1615,10,1.0000
User_PnL,dual_no_arb_n128,128,-1438198.1615,-1431428.2377,8,0.8000
User_PnL,dual_no_arb_n128,128,-1431428.2377,-1424658.3139,10,1.0000
User_PnL,dual_no_arb_n128,128,-1424658.3139,-1417888.3901,19,1.9000
User_PnL,dual_no_arb_n128,128,-1417888.3901,-1411118.4662,22,2.2000
User_PnL,dual_no_arb_n128,128,-1411118.4662,-1404348.5424,35,3.5000
User_PnL,dual_no_arb_n128,128,-1404348.5424,-1397578.6186,22,2.2000
User_PnL,dual_no_arb_n128,128,-1397578.6186,-1390808.6948,30,3.0000
User_PnL,dual_no_arb_n128,128,-1390808.6948,-1384038.7709,35,3.5000
User_PnL,dual_no_arb_n128,128,-1384038.7709,-1377268.8471,46,4.6000
User_PnL,dual_no_arb_n128,128,-1377268.8471,-1370498.9233,48,4.8000
User_PnL,dual_no_arb_n128,128,-1370498.9233,-1363728.9995,47,4.7000
User_PnL,dual_no_arb_n128,128,-1363728.9995,-1356959.0756,56,5.6000
User_PnL,dual_no_arb_n128,128,-1356959.0756,-1350189.1518,56,5.6000
User_PnL,dual_no_arb_n128,128,-1350189.1518,-1343419.2280,47,4.7000
User_PnL,dual_no_arb_n128,128,-1343419.2280,-1336649.3042,64,6.4000
User_PnL,dual_no_arb_n128,128,-1336649.3042,-1329879.3803,44,4.4000
User_PnL,dual_no_arb_n128,128,-1329879.3803,-1323109.4565,42,4.2000
User_PnL,dual_no_arb_n128,128,-1323109.4565,-1316339.5327,59,5.9000
User_PnL,dual_no_arb_n128,128,-1316339.5327,-1309569.6089,46,4.6000
User_PnL,dual_no_arb_n128,128,-1309569.6089,-1302799.6851,37,3.7000
User_PnL,dual_no_arb_n128,128,-1302799.6851,-1296029.7612,43,4.3000
User_PnL,dual_no_arb_n128,128,-1296029.7612,-1289259.8374,25,2.5000
User_PnL,dual_no_arb_n128,128,-1289259.8374,-1282489.9136,24,2.4000
User_PnL,dual_no_arb_n128,128,-1282489.9136,-1275719.9898,24,2.4000
User_PnL,dual_no_arb_n128,128,-1275719.9898,-1268950.0659,19,1.9000
User_PnL,dual_no_arb_n128,128,-1268950.0659,-1262180.1421,17,1.7000
User_PnL,dual_no_arb_n128,128,-1262180.1421,-1255410.2183,13,1.3000
User_PnL,dual_no_arb_n128,128,-1255410.2183,-1248640.2945,9,0.9000
User_PnL,dual_no_arb_n128,128,-1248640.2945,-1241870.3706,8,0.8000
User_PnL,dual_no_arb_n128,128,-1241870.3706,-1235100.4468,6,0.6000
User_PnL,dual_no_arb_n128,128,-1235100.4468,-1228330.5230,4,0.4000
User_PnL,dual_no_arb_n128,128,-1228330.5230,-1221560.5992,1,0.1000
User_PnL,dual_no_arb_n128,128,-1221560.5992,-1214790.6753,1,0.1000
User_PnL,dual_no_arb_n128,128,-1214790.6753,-1208020.7515,1,0.1000
User_PnL,dual_no_arb_n128,128,-1208020.7515,-1201250.8277,0,0.0000
User_PnL,dual_no_arb_n128,128,-1201250.8277,-1194480.9039,1,0.1000
User_PnL,dual_no_arb_n128,128,-1194480.9039,-1187710.9800,0,0.0000
User_PnL,dual_no_arb_n128,128,-1187710.9800,-1180941.0562,0,0.0000
User_PnL,dual_no_arb_n128,128,-1180941.0562,-1174171.1324,0,0.0000
User_PnL,dual_no_arb_n128,128,-1174171.1324,-1167401.2086,1,0.1000
Avg_Spread_Pct,dual_no_arb_n128,128,9.5486,9.5923,1,0.1000
Avg_Spread_Pct,dual_no_arb_n128,128,9.5923,9.6360,0,0.0000
Avg_Spread_Pct,dual_no_arb_n128,128,9.6360,9.6796,0,0.0000
Avg_Spread_Pct,dual_no_arb_n128,128,9.6796,9.7233,0,0.0000
Avg_Spread_Pct,dual_no_arb_n128,128,9.7233,9.7670,0,0.0000
Avg_Spread_Pct,dual_no_arb_n128,128,9.7670,9.8107,0,0.0000
Avg_Spread_Pct,dual_no_arb_n128,128,9.8107,9.8543,0,0.0000
Avg_Spread_Pct,dual_no_arb_n128,128,9.8543,9.8980,0,0.0000
Avg_Spread_Pct,dual_no_arb_n128,128,9.8980,9.9417,0,0.0000
Avg_Spread_Pct,dual_no_arb_n128,128,9.9417,9.9853,1,0.1000
Avg_Spread_Pct,dual_no_arb_n128,128,9.9853,10.0290,1,0.1000
Avg_Spread_Pct,dual_no_arb_n128,128,10.0290,10.0727,2,0.2000
Avg_Spread_Pct,dual_no_arb_n128,128,10.0727,10.1164,1,0.1000
Avg_Spread_Pct,dual_no_arb_n128,128,10.1164,10.1600,8,0.8000
Avg_Spread_Pct,dual_no_arb_n128,128,10.1600,10.2037,6,0.6000
Avg_Spread_Pct,dual_no_arb_n128,128,10.2037,10.2474,6,0.6000
Avg_Spread_Pct,dual_no_arb_n128,128,10.2474,10.2910,10,1.0000
Avg_Spread_Pct,dual_no_arb_n128,128,10.2910,10.3347,15,1.5000
Avg_Spread_Pct,dual_no_arb_n128,128,10.3347,10.3784,21,2.1000
Avg_Spread_Pct,dual_no_arb_n128,128,10.3784,10.4220,33,3.3000
Avg_Spread_Pct,dual_no_arb_n128,128,10.4220,10.4657,32,3.2000
Avg_Spread_Pct,dual_no_arb_n128,128,10.4657,10.5094,36,3.6000
Avg_Spread_Pct,dual_no_arb_n128,128,10.5094,10.5531,53,5.3000
Avg_Spread_Pct,dual_no_arb_n128,128,10.5531,10.5967,41,4.1000
Avg_Spread_Pct,dual_no_arb_n128,128,10.5967,10.6404,57,5.7000
Avg_Spread_Pct,dual_no_arb_n128,128,10.6404,10.6841,78,7.8000
Avg_Spread_Pct,dual_no_arb_n128,128,10.6841,10.7277,52,5.2000
Avg_Spread_Pct,dual_no_arb_n128,128,10.7277,10.7714,79,7.9000
Avg_Spread_Pct,dual_no_arb_n128,128,10.7714,10.8151,66,6.6000
Avg_Spread_Pct,dual_no_arb_n128,128,10.8151,10.8588,60,6.0000
Avg_Spread_Pct,dual_no_arb_n128,128,10.8588,10.9024,66,6.6000
Avg_Spread_Pct,dual_no_arb_n128,128,10.9024,10.9461,42,4.2000
Avg_Spread_Pct,dual_no_arb_n128,128,10.9461,10.9898,37,3.7000
Avg_Spread_Pct,dual_no_arb_n128,128,10.9898,11.0334,41,4.1000
Avg_Spread_Pct,dual_no_arb_n128,128,11.0334,11.0771,39,3.9000
Avg_Spread_Pct,dual_no_arb_n128,128,11.0771,11.1208,22,2.2000
Avg_Spread_Pct,dual_no_arb_n128,128,11.1208,11.1645,27,2.7000
Avg_Spread_Pct,dual_no_arb_n128,128,11.1645,11.2081,16,1.6000
Avg_Spread_Pct,dual_no_arb_n128,128,11.2081,11.2518,12,1.2000
Avg_Spread_Pct,dual_no_arb_n128,128,11.2518,11.2955,12,1.2000
Avg_Spread_Pct,dual_no_arb_n128,128,11.2955,11.3391,8,0.8000
Avg_Spread_Pct,dual_no_arb_n128,128,11.3391,11.3828,8,0.8000
Avg_Spread_Pct,dual_no_arb_n128,128,11.3828,11.4265,2,0.2000
Avg_Spread_Pct,dual_no_arb_n128,128,11.4265,11.4702,5,0.5000
Avg_Spread_Pct,dual_no_arb_n128,128,11.4702,11.5138,1,0.1000
Avg_Spread_Pct,dual_no_arb_n128,128,11.5138,11.5575,1,0.1000
Avg_Spread_Pct,dual_no_arb_n128,128,11.5575,11.6012,0,0.0000
Avg_Spread_Pct,dual_no_arb_n128,128,11.6012,11.6448,0,0.0000
Avg_Spread_Pct,dual_no_arb_n128,128,11.6448,11.6885,1,0.1000
Avg_Spread_Pct,dual_no_arb_n128,128,11.6885,11.7322,1,0.1000
Arb_Profit,dual_no_arb_n128,128,0.0000,0.0000,1000,100.0000
LP_Profit_Value,dual_no_arb_n128,128,1167401.2086,1174171.1324,1,0.1000
LP_Profit_Value,dual_no_arb_n128,128,1174171.1324,1180941.0562,0,0.0000
LP_Profit_Value,dual_no_arb_n128,128,1180941.0562,1187710.9800,0,0.0000
LP_Profit_Value,dual_no_arb_n128,128,1187710.9800,1194480.9039,0,0.0000
LP_Profit_Value,dual_no_arb_n128,128,1194480.9039,1201250.8277,1,0.1000
LP_Profit_Value,dual_no_arb_n128,128,1201250.8277,1208020.7515,0,0.0000
LP_Profit_Value,dual_no_arb_n128,128,1208020.7515,1214790.6753,1,0.1000
LP_Profit_Value,dual_no_arb_n128,128,1214790.6753,1221560.5992,1,0.1000
LP_Profit_Value,dual_no_arb_n128,128,1221560.5992,1228330.5230,1,0.1000
LP_Profit_Value,dual_no_arb_n128,128,1228330.5230,1235100.4468,4,0.4000
LP_Profit_Value,dual_no_arb_n128,128,1235100.4468,1241870.3706,6,0.6000
LP_Profit_Value,dual_no_arb_n128,128,1241870.3706,1248640.2945,8,0.8000
LP_Profit_Value,dual_no_arb_n128,128,1248640.2945,1255410.2183,9,0.9000
LP_Profit_Value,dual_no_arb_n128,128,1255410.2183,1262180.1421,13,1.3000
LP_Profit_Value,dual_no_arb_n128,128,1262180.1421,1268950.0659,17,1.7000
LP_Profit_Value,dual_no_arb_n128,128,1268950.0659,1275719.9898,19,1.9000
LP_Profit_Value,dual_no_arb_n128,128,1275719.9898,1282489.9136,24,2.4000
LP_Profit_Value,dual_no_arb_n128,128,1282489.9136,1289259.8374,24,2.4000
LP_Profit_Value,dual_no_arb_n128,128,1289259.8374,1296029.7612,25,2.5000
LP_Profit_Value,dual_no_arb_n128,128,1296029.7612,1302799.6851,43,4.3000
LP_Profit_Value,dual_no_arb_n128,128,1302799.6851,1309569.6089,37,3.7000
LP_Profit_Value,dual_no_arb_n128,128,1309569.6089,1316339.5327,46,4.6000
LP_Profit_Value,dual_no_arb_n128,128,1316339.5327,1323109.4565,59,5.9000
LP_Profit_Value,dual_no_arb_n128,128,1323109.4565,1329879.3803,42,4.2000
LP_Profit_Value,dual_no_arb_n128,128,1329879.3803,1336649.3042,44,4.4000
LP_Profit_Value,dual_no_arb_n128,128,1336649.3042,1343419.2280,64,6.4000
LP_Profit_Value,dual_no_arb_n128,128,1343419.2280,1350189.1518,47,4.7000
LP_Profit_Value,dual_no_arb_n128,128,1350189.1518,1356959.0756,56,5.6000
LP_Profit_Value,dual_no_arb_n128,128,1356959.0756,1363728.9995,56,5.6000
LP_Profit_Value,dual_no_arb_n128,128,1363728.9995,1370498.9233,47,4.7000
LP_Profit_Value,dual_no_arb_n128,128,1370498.9233,1377268.8471,48,4.8000
LP_Profit_Value,dual_no_arb_n128,128,1377268.8471,1384038.7709,46,4.6000
LP_Profit_Value,dual_no_arb_n128,128,1384038.7709,1390808.6948,35,3.5000
LP_Profit_Value,dual_no_arb_n128,128,1390808.6948,1397578.6186,30,3.0000
LP_Profit_Value,dual_no_arb_n128,128,1397578.6186,1404348.5424,22,2.2000
LP_Profit_Value,dual_no_arb_n128,128,1404348.5424,1411118.4662,35,3.5000
LP_Profit_Value,dual_no_arb_n128,128,1411118.4662,1417888.3901,22,2.2000
LP_Profit_Value,dual_no_arb_n128,128,1417888.3901,1424658.3139,19,1.9000
LP_Profit_Value,dual_no_arb_n128,128,1424658.3139,1431428.2377,10,1.0000
LP_Profit_Value,dual_no_arb_n128,128,1431428.2377,1438198.1615,8,0.8000
LP_Profit_Value,dual_no_arb_n128,128,1438198.1615,1444968.0854,10,1.0000
LP_Profit_Value,dual_no_arb_n128,128,1444968.0854,1451738.0092,6,0.6000
LP_Profit_Value,dual_no_arb_n128,128,1451738.0092,1458507.9330,8,0.8000
LP_Profit_Value,dual_no_arb_n128,128,1458507.9330,1465277.8568,1,0.1000
LP_Profit_Value,dual_no_arb_n128,128,1465277.8568,1472047.7806,2,0.2000
LP_Profit_Value,dual_no_arb_n128,128,1472047.7806,1478817.7045,1,0.1000
LP_Profit_Value,dual_no_arb_n128,128,1478817.7045,1485587.6283,0,0.0000
LP_Profit_Value,dual_no_arb_n128,128,1485587.6283,1492357.5521,1,0.1000
LP_Profit_Value,dual_no_arb_n128,128,1492357.5521,1499127.4759,0,0.0000
LP_Profit_Value,dual_no_arb_n128,128,1499127.4759,1505897.3998,1,0.1000
User_PnL,single_n512,512,-5795271.8326,-5782605.2253,2,0.2000
User_PnL,single_n512,512,-5782605.2253,-5769938.6179,0,0.0000
User_PnL,single_n512,512,-5769938.6179,-5757272.0105,1,0.1000
User_PnL,single_n512,512,-5757272.0105,-5744605.4032,4,0.4000
User_PnL,single_n512,512,-5744605.4032,-5731938.7958,0,0.0000
User_PnL,single_n512,512,-5731938.7958,-5719272.1885,3,0.3000
User_PnL,single_n512,512,-5719272.1885,-5706605.5811,4,0.4000
User_PnL,single_n512,512,-5706605.5811,-5693938.9738,6,0.6000
User_PnL,single_n512,512,-5693938.9738,-5681272.3664,8,0.8000
User_PnL,single_n512,512,-5681272.3664,-5668605.7591,12,1.2000
User_PnL,single_n512,512,-5668605.7591,-5655939.1517,14,1.4000
User_PnL,single_n512,512,-5655939.1517,-5643272.5443,24,2.4000
User_PnL,single_n512,512,-5643272.5443,-5630605.9370,20,2.0000
User_PnL,single_n512,512,-5630605.9370,-5617939.3296,18,1.8000
User_PnL,single_n512,512,-5617939.3296,-5605272.7223,26,2.6000
User_PnL,single_n512,512,-5605272.7223,-5592606.1149,31,3.1000
User_PnL,single_n512,512,-5592606.1149,-5579939.5076,32,3.2000
User_PnL,single_n512,512,-5579939.5076,-5567272.9002,22,2.2000
User_PnL,single_n512,512,-5567272.9002,-5554606.2929,42,4.2000
User_PnL,single_n512,512,-5554606.2929,-5541939.6855,41,4.1000
User_PnL,single_n512,512,-5541939.6855,-5529273.0781,44,4.4000
User_PnL,single_n512,512,-5529273.0781,-5516606.4708,59,5.9000
User_PnL,single_n512,512,-5516606.4708,-5503939.8634,49,4.9000
User_PnL,single_n512,512,-5503939.8634,-5491273.2561,59,5.9000
User_PnL,single_n512,512,-5491273.2561,-5478606.6487,45,4.5000
User_PnL,single_n512,512,-5478606.6487,-5465940.0414,44,4.4000
User_PnL,single_n512,512,-5465940.0414,-5453273.4340,47,4.7000
User_PnL,single_n512,512,-5453273.4340,-5440606.8266,38,3.8000
User_PnL,single_n512,512,-5440606.8266,-5427940.2193,42,4.2000
User_PnL,single_n512,512,-5427940.2193,-5415273.6119,44,4.4000
User_PnL,single_n512,512,-5415273.6119,-5402607.0046,34,3.4000
User_PnL,single_n512,512,-5402607.0046,-5389940.3972,30,3.0000
User_PnL,single_n512,512,-5389940.3972,-5377273.7899,28,2.8000
User_PnL,single_n512,512,-5377273.7899,-5364607.1825,25,2.5000
User_PnL,single_n512,512,-5364607.1825,-5351940.5752,23,2.3000
User_PnL,single_n512,512,-5351940.5752,-5339273.9678,14,1.4000
User_PnL,single_n512,512,-5339273.9678,-5326607.3604,14,1.4000
User_PnL,single_n512,512,-5326607.3604,-5313940.7531,8,0.8000
User_PnL,single_n512,512,-5313940.7531,-5301274.1457,7,0.7000
User_PnL,single_n512,512,-5301274.1457,-5288607.5384,10,1.0000
User_PnL,single_n512,512,-5288607.5384,-5275940.9310,4,0.4000
User_PnL,single_n512,512,-5275940.9310,-5263274.3237,5,0.5000
User_PnL,single_n512,512,-5263274.3237,-5250607.7163,4,0.4000
User_PnL,single_n512,512,-5250607.7163,-5237941.1090,3,0.3000
User_PnL,single_n512,512,-5237941.1090,-5225274.5016,3,0.3000
User_PnL,single_n512,512,-5225274.5016,-5212607.8942,3,0.3000
User_PnL,single_n512,512,-5212607.8942,-5199941.2869,0,0.0000
User_PnL,single_n512,512,-5199941.2869,-5187274.6795,1,0.1000
User_PnL,single_n512,512,-5187274.6795,-5174608.0722,1,0.1000
User_PnL,single_n512,512,-5174608.0722,-5161941.4648,2,0.2000
Avg_Spread_Pct,single_n512,512,11.6956,11.7131,2,0.2000
Avg_Spread_Pct,single_n512,512,11.7131,11.7305,2,0.2000
Avg_Spread_Pct,single_n512,512,11.7305,11.7479,2,0.2000
Avg_Spread_Pct,single_n512,512,11.7479,11.7654,4,0.4000
Avg_Spread_Pct,single_n512,512,11.7654,11.7828,2,0.2000
Avg_Spread_Pct,single_n512,512,11.7828,11.8003,6,0.6000
Avg_Spread_Pct,single_n512,512,11.8003,11.8177,5,0.5000
Avg_Spread_Pct,single_n512,512,11.8177,11.8351,6,0.6000
Avg_Spread_Pct,single_n512,512,11.8351,11.8526,6,0.6000
Avg_Spread_Pct,single_n512,512,11.8526,11.8700,11,1.1000
Avg_Spread_Pct,single_n512,512,11.8700,11.8874,9,0.9000
Avg_Spread_Pct,single_n512,512,11.8874,11.9049,17,1.7000
Avg_Spread_Pct,single_n512,512,11.9049,11.9223,15,1.5000
Avg_Spread_Pct,single_n512,512,11.9223,11.9397,31,3.1000
Avg_Spread_Pct,single_n512,512,11.9397,11.9572,19,1.9000
Avg_Spread_Pct,single_n512,512,11.9572,11.9746,24,2.4000
Avg_Spread_Pct,single_n512,512,11.9746,11.9921,28,2.8000
Avg_Spread_Pct,single_n512,512,11.9921,12.0095,42,4.2000
Avg_Spread_Pct,single_n512,512,12.0095,12.0269,42,4.2000
Avg_Spread_Pct,single_n512,512,12.0269,12.0444,49,4.9000
Avg_Spread_Pct,single_n512,512,12.0444,12.0618,40,4.0000
Avg_Spread_Pct,single_n512,512,12.0618,12.0792,47,4.7000
Avg_Spread_Pct,single_n512,512,12.0792,12.0967,43,4.3000
Avg_Spread_Pct,single_n512,512,12.0967,12.1141,56,5.6000
Avg_Spread_Pct,single_n512,512,12.1141,12.1316,50,5.0000
Avg_Spread_Pct,single_n512,512,12.1316,12.1490,48,4.8000
Avg_Spread_Pct,single_n512,512,12.1490,12.1664,56,5.6000
Avg_Spread_Pct,single_n512,512,12.1664,12.1839,48,4.8000
Avg_Spread_Pct,single_n512,512,12.1839,12.2013,30,3.0000
Avg_Spread_Pct,single_n512,512,12.2013,12.2187,40,4.0000
Avg_Spread_Pct,single_n512,512,12.2187,12.2362,35,3.5000
Avg_Spread_Pct,single_n512,512,12.2362,12.2536,27,2.7000
Avg_Spread_Pct,single_n512,512,12.2536,12.2711,32,3.2000
Avg_Spread_Pct,single_n512,512,12.2711,12.2885,21,2.1000
Avg_Spread_Pct,single_n512,512,12.2885,12.3059,12,1.2000
Avg_Spread_Pct,single_n512,512,12.3059,12.3234,24,2.4000
Avg_Spread_Pct,single_n512,512,12.3234,12.3408,20,2.0000
Avg_Spread_Pct,single_n512,512,12.3408,12.3582,15,1.5000
Avg_Spread_Pct,single_n512,512,12.3582,12.3757,9,0.9000
Avg_Spread_Pct,single_n512,512,12.3757,12.3931,6,0.6000
Avg_Spread_Pct,single_n512,512,12.3931,12.4106,7,0.7000
Avg_Spread_Pct,single_n512,512,12.4106,12.4280,4,0.4000
Avg_Spread_Pct,single_n512,512,12.4280,12.4454,1,0.1000
Avg_Spread_Pct,single_n512,512,12.4454,12.4629,2,0.2000
Avg_Spread_Pct,single_n512,512,12.4629,12.4803,0,0.0000
Avg_Spread_Pct,single_n512,512,12.4803,12.4977,2,0.2000
Avg_Spread_Pct,single_n512,512,12.4977,12.5152,2,0.2000
Avg_Spread_Pct,single_n512,512,12.5152,12.5326,0,0.0000
Avg_Spread_Pct,single_n512,512,12.5326,12.5501,0,0.0000
Avg_Spread_Pct,single_n512,512,12.5501,12.5675,1,0.1000
Arb_Profit,single_n512,512,2384774.5407,2401525.3354,1,0.1000
Arb_Profit,single_n512,512,2401525.3354,2418276.1301,2,0.2000
Arb_Profit,single_n512,512,2418276.1301,2435026.9248,2,0.2000
Arb_Profit,single_n512,512,2435026.9248,2451777.7195,1,0.1000
Arb_Profit,single_n512,512,2451777.7195,2468528.5141,0,0.0000
Arb_Profit,single_n512,512,2468528.5141,2485279.3088,1,0.1000
Arb_Profit,single_n512,512,2485279.3088,2502030.1035,0,0.0000
Arb_Profit,single_n512,512,2502030.1035,2518780.8982,0,0.0000
Arb_Profit,single_n512,512,2518780.8982,2535531.6929,3,0.3000
Arb_Profit,single_n512,512,2535531.6929,2552282.4875,4,0.4000
Arb_Profit,single_n512,512,2552282.4875,2569033.2822,4,0.4000
Arb_Profit,single_n512,512,2569033.2822,2585784.0769,7,0.7000
Arb_Profit,single_n512,512,2585784.0769,2602534.8716,11,1.1000
Arb_Profit,single_n512,512,2602534.8716,2619285.6663,12,1.2000
Arb_Profit,single_n512,512,2619285.6663,2636036.4609,13,1.3000
Arb_Profit,single_n512,512,2636036.4609,2652787.2556,19,1.9000
Arb_Profit,single_n512,512,2652787.2556,2669538.0503,20,2.0000
Arb_Profit,single_n512,512,2669538.0503,2686288.8450,24,2.4000
Arb_Profit,single_n512,512,2686288.8450,2703039.6397,30,3.0000
Arb_Profit,single_n512,512,2703039.6397,2719790.4343,32,3.2000
Arb_Profit,single_n512,512,2719790.4343,2736541.2290,36,3.6000
Arb_Profit,single_n512,512,2736541.2290,2753292.0237,42,4.2000
Arb_Profit,single_n512,512,2753292.0237,2770042.8184,46,4.6000
Arb_Profit,single_n512,512,2770042.8184,2786793.6130,59,5.9000
Arb_Profit,single_n512,512,2786793.6130,2803544.4077,41,4.1000
Arb_Profit,single_n512,512,2803544.4077,2820295.2024,49,4.9000
Arb_Profit,single_n512,512,2820295.2024,2837045.9971,55,5.5000
Arb_Profit,single_n512,512,2837045.9971,2853796.7918,46,4.6000
Arb_Profit,single_n512,512,2853796.7918,2870547.5864,57,5.7000
Arb_Profit,single_n512,512,2870547.5864,2887298.3811,53,5.3000
Arb_Profit,single_n512,512,2887298.3811,2904049.1758,52,5.2000
Arb_Profit,single_n512,512,2904049.1758,2920799.9705,46,4.6000
Arb_Profit,single_n512,512,2920799.9705,2937550.7652,43,4.3000
Arb_Profit,single_n512,512,2937550.7652,2954301.5598,35,3.5000
Arb_Profit,single_n512,512,2954301.5598,2971052.3545,25,2.5000
Arb_Profit,single_n512,512,2971052.3545,2987803.1492,23,2.3000
Arb_Profit,single_n512,512,2987803.1492,3004553.9439,25,2.5000
Arb_Profit,single_n512,512,3004553.9439,3021304.7386,15,1.5000
Arb_Profit,single_n512,512,3021304.7386,3038055.5332,19,1.9000
Arb_Profit,single_n512,512,3038055.5332,3054806.3279,9,0.9000
Arb_Profit,single_n512,512,3054806.3279,3071557.1226,13,1.3000
Arb_Profit,single_n512,512,3071557.1226,3088307.9173,7,0.7000
Arb_Profit,single_n512,512,3088307.9173,3105058.7119,5,0.5000
Arb_Profit,single_n512,512,3105058.7119,3121809.5066,4,0.4000
Arb_Profit,single_n512,512,3121809.5066,3138560.3013,2,0.2000
Arb_Profit,single_n512,512,3138560.3013,3155311.0960,3,0.3000
Arb_Profit,single_n512,512,3155311.0960,3172061.8907,1,0.1000
Arb_Profit,single_n512,512,3172061.8907,3188812.6853,0,0.0000
Arb_Profit,single_n512,512,3188812.6853,3205563.4800,1,0.1000
Arb_Profit,single_n512,512,3205563.4800,3222314.2747,2,0.2000
LP_Profit_Value,single_n512,512,2498807.8570,2504247.8155,1,0.1000
LP_Profit_Value,single_n512,512,2504247.8155,2509687.7739,0,0.0000
LP_Profit_Value,single_n512,512,2509687.7739,2515127.7324,0,0.0000
LP_Profit_Value,single_n512,512,2515127.7324,2520567.6908,0,0.0000
LP_Profit_Value,single_n512,512,2520567.6908,2526007.6493,1,0.1000
LP_Profit_Value,single_n512,512,2526007.6493,2531447.6077,1,0.1000
LP_Profit_Value,single_n512,512,2531447.6077,2536887.5662,0,0.0000
LP_Profit_Value,single_n512,512,2536887.5662,2542327.5246,0,0.0000
LP_Profit_Value,single_n512,512,2542327.5246,2547767.4831,1,0.1000
LP_Profit_Value,single_n512,512,2547767.4831,2553207.4415,0,0.0000
LP_Profit_Value,single_n512,512,2553207.4415,2558647.4000,2,0.2000
LP_Profit_Value,single_n512,512,2558647.4000,2564087.3584,1,0.1000
LP_Profit_Value,single_n512,512,2564087.3584,2569527.3169,6,0.6000
LP_Profit_Value,single_n512,512,2569527.3169,2574967.2753,4,0.4000
LP_Profit_Value,single_n512,512,2574967.2753,2580407.2338,8,0.8000
LP_Profit_Value,single_n512,512,2580407.2338,2585847.1922,8,0.8000
LP_Profit_Value,single_n512,512,2585847.1922,2591287.1507,12,1.2000
LP_Profit_Value,single_n512,512,2591287.1507,2596727.1091,15,1.5000
LP_Profit_Value,single_n512,512,2596727.1091,2602167.0676,14,1.4000
LP_Profit_Value,single_n512,512,2602167.0676,2607607.0260,28,2.8000
LP_Profit_Value,single_n512,512,2607607.0260,2613046.9845,22,2.2000
LP_Profit_Value,single_n512,512,2613046.9845,2618486.9429,30,3.0000
LP_Profit_Value,single_n512,512,2618486.9429,2623926.9014,38,3.8000
LP_Profit_Value,single_n512,512,2623926.9014,2629366.8598,35,3.5000
LP_Profit_Value,single_n512,512,2629366.8598,2634806.8183,56,5.6000
LP_Profit_Value,single_n512,512,2634806.8183,2640246.7767,48,4.8000
LP_Profit_Value,single_n512,512,2640246.7767,2645686.7352,66,6.6000
LP_Profit_Value,single_n512,512,2645686.7352,2651126.6936,48,4.8000
LP_Profit_Value,single_n512,512,2651126.6936,2656566.6521,53,5.3000
LP_Profit_Value,single_n512,512,2656566.6521,2662006.6105,54,5.4000
LP_Profit_Value,single_n512,512,2662006.6105,2667446.5690,53,5.3000
LP_Profit_Value,single_n512,512,2667446.5690,2672886.5274,50,5.0000
LP_Profit_Value,single_n512,512,2672886.5274,2678326.4859,49,4.9000
LP_Profit_Value,single_n512,512,2678326.4859,2683766.4443,53,5.3000
LP_Profit_Value,single_n512,512,2683766.4443,2689206.4028,48,4.8000
LP_Profit_Value,single_n512,512,2689206.4028,2694646.3612,34,3.4000
LP_Profit_Value,single_n512,512,2694646.3612,2700086.3197,32,3.2000
LP_Profit_Value,single_n512,512,2700086.3197,2705526.2781,24,2.4000
LP_Profit_Value,single_n512,512,2705526.2781,2710966.2366,25,2.5000
LP_Profit_Value,single_n512,512,2710966.2366,2716406.1950,22,2.2000
LP_Profit_Value,single_n512,512,2716406.1950,2721846.1535,16,1.6000
LP_Profit_Value,single_n512,512,2721846.1535,2727286.1119,10,1.0000
LP_Profit_Value,single_n512,512,2727286.1119,2732726.0704,7,0.7000
LP_Profit_Value,single_n512,512,2732726.0704,2738166.0288,9,0.9000
LP_Profit_Value,single_n512,512,2738166.0288,2743605.9873,4,0.4000
LP_Profit_Value,single_n512,512,2743605.9873,2749045.9457,3,0.3000
LP_Profit_Value,single_n512,512,2749045.9457,2754485.9042,3,0.3000
LP_Profit_Value,single_n512,512,2754485.9042,2759925.8626,1,0.1000
LP_Profit_Value,single_n512,512,2759925.8626,2765365.8211,2,0.2000
LP_Profit_Value,single_n512,512,2765365.8211,2770805.7795,3,0.3000
User_PnL,single_no_arb_n512,512,-3029435.9291,-3024283.3030,2,0.2000
User_PnL,single_no_arb_n512,512,-3024283.3030,-3019130.6769,3,0.3000
User_PnL,single_no_arb_n512,512,-3019130.6769,-3013978.0509,0,0.0000
User_PnL,single_no_arb_n512,512,-3013978.0509,-3008825.4248,3,0.3000
User_PnL,single_no_arb_n512,512,-3008825.4248,-3003672.7987,0,0.0000
User_PnL,single_no_arb_n512,512,-3003672.7987,-2998520.1726,4,0.4000
User_PnL,single_no_arb_n512,512,-2998520.1726,-2993367.5465,4,0.4000
User_PnL,single_no_arb_n512,512,-2993367.5465,-2988214.9204,7,0.7000
User_PnL,single_no_arb_n512,512,-2988214.9204,-2983062.2943,6,0.6000
User_PnL,single_no_arb_n512,512,-2983062.2943,-2977909.6683,18,1.8000
User_PnL,single_no_arb_n512,512,-2977909.6683,-2972757.0422,6,0.6000
User_PnL,single_no_arb_n512,512,-2972757.0422,-2967604.4161,19,1.9000
User_PnL,single_no_arb_n512,512,-2967604.4161,-2962451.7900,20,2.0000
User_PnL,single_no_arb_n512,512,-2962451.7900,-2957299.1639,22,2.2000
User_PnL,single_no_arb_n512,512,-2957299.1639,-2952146.5378,19,1.9000
User_PnL,single_no_arb_n512,512,-2952146.5378,-2946993.9118,26,2.6000
User_PnL,single_no_arb_n512,512,-2946993.9118,-2941841.2857,24,2.4000
User_PnL,single_no_arb_n512,512,-2941841.2857,-2936688.6596,37,3.7000
User_PnL,single_no_arb_n512,512,-2936688.6596,-2931536.0335,36,3.6000
User_PnL,single_no_arb_n512,512,-2931536.0335,-2926383.4074,40,4.0000
User_PnL,single_no_arb_n512,512,-2926383.4074,-2921230.7813,43,4.3000
User_PnL,single_no_arb_n512,512,-2921230.7813,-2916078.1552,52,5.2000
User_PnL,single_no_arb_n512,512,-2916078.1552,-2910925.5292,33,3.3000
User_PnL,single_no_arb_n512,512,-2910925.5292,-2905772.9031,32,3.2000
User_PnL,single_no_arb_n512,512,-2905772.9031,-2900620.2770,42,4.2000
User_PnL,single_no_arb_n512,512,-2900620.2770,-2895467.6509,50,5.0000
User_PnL,single_no_arb_n512,512,-2895467.6509,-2890315.0248,46,4.6000
User_PnL,single_no_arb_n512,512,-2890315.0248,-2885162.3987,50,5.0000
User_PnL,single_no_arb_n512,512,-2885162.3987,-2880009.7726,50,5.0000
User_PnL,single_no_arb_n512,512,-2880009.7726,-2874857.1466,32,3.2000
User_PnL,single_no_arb_n512,512,-2874857.1466,-2869704.5205,40,4.0000
User_PnL,single_no_arb_n512,512,-2869704.5205,-2864551.8944,31,3.1000
User_PnL,single_no_arb_n512,512,-2864551.8944,-2859399.2683,38,3.8000
User_PnL,single_no_arb_n512,512,-2859399.2683,-2854246.6422,32,3.2000
User_PnL,single_no_arb_n512,512,-2854246.6422,-2849094.0161,23,2.3000
User_PnL,single_no_arb_n512,512,-2849094.0161,-2843941.3901,14,1.4000
User_PnL,single_no_arb_n512,512,-2843941.3901,-2838788.7640,24,2.4000
User_PnL,single_no_arb_n512,512,-2838788.7640,-2833636.1379,13,1.3000
User_PnL,single_no_arb_n512,512,-2833636.1379,-2828483.5118,15,1.5000
User_PnL,single_no_arb_n512,512,-2828483.5118,-2823330.8857,9,0.9000
User_PnL,single_no_arb_n512,512,-2823330.8857,-2818178.2596,11,1.1000
User_PnL,single_no_arb_n512,512,-2818178.2596,-2813025.6335,5,0.5000
User_PnL,single_no_arb_n512,512,-2813025.6335,-2807873.0075,3,0.3000
User_PnL,single_no_arb_n512,512,-2807873.0075,-2802720.3814,6,0.6000
User_PnL,single_no_arb_n512,512,-2802720.3814,-2797567.7553,2,0.2000
User_PnL,single_no_arb_n512,512,-2797567.7553,-2792415.1292,1,0.1000
User_PnL,single_no_arb_n512,512,-2792415.1292,-2787262.5031,2,0.2000
User_PnL,single_no_arb_n512,512,-2787262.5031,-2782109.8770,1,0.1000
User_PnL,single_no_arb_n512,512,-2782109.8770,-2776957.2510,1,0.1000
User_PnL,single_no_arb_n512,512,-2776957.2510,-2771804.6249,3,0.3000
Avg_Spread_Pct,single_no_arb_n512,512,32.0344,32.1359,1,0.1000
Avg_Spread_Pct,single_no_arb_n512,512,32.1359,32.2375,0,0.0000
Avg_Spread_Pct,single_no_arb_n512,512,32.2375,32.3390,1,0.1000
Avg_Spread_Pct,single_no_arb_n512,512,32.3390,32.4405,0,0.0000
Avg_Spread_Pct,single_no_arb_n512,512,32.4405,32.5420,0,0.0000
Avg_Spread_Pct,single_no_arb_n512,512,32.5420,32.6436,0,0.0000
Avg_Spread_Pct,single_no_arb_n512,512,32.6436,32.7451,2,0.2000
Avg_Spread_Pct,single_no_arb_n512,512,32.7451,32.8466,1,0.1000
Avg_Spread_Pct,single_no_arb_n512,512,32.8466,32.9482,2,0.2000
Avg_Spread_Pct,single_no_arb_n512,512,32.9482,33.0497,3,0.3000
Avg_Spread_Pct,single_no_arb_n512,512,33.0497,33.1512,7,0.7000
Avg_Spread_Pct,single_no_arb_n512,512,33.1512,33.2527,3,0.3000
Avg_Spread_Pct,single_no_arb_n512,512,33.2527,33.3543,10,1.0000
Avg_Spread_Pct,single_no_arb_n512,512,33.3543,33.4558,12,1.2000
Avg_Spread_Pct,single_no_arb_n512,512,33.4558,33.5573,14,1.4000
Avg_Spread_Pct,single_no_arb_n512,512,33.5573,33.6589,12,1.2000
Avg_Spread_Pct,single_no_arb_n512,512,33.6589,33.7604,15,1.5000
Avg_Spread_Pct,single_no_arb_n512,512,33.7604,33.8619,25,2.5000
Avg_Spread_Pct,single_no_arb_n512,512,33.8619,33.9634,28,2.8000
Avg_Spread_Pct,single_no_arb_n512,512,33.9634,34.0650,25,2.5000
Avg_Spread_Pct,single_no_arb_n512,512,34.0650,34.1665,30,3.0000
Avg_Spread_Pct,single_no_arb_n512,512,34.1665,34.2680,39,3.9000
Avg_Spread_Pct,single_no_arb_n512,512,34.2680,34.3696,46,4.6000
Avg_Spread_Pct,single_no_arb_n512,512,34.3696,34.4711,38,3.8000
Avg_Spread_Pct,single_no_arb_n512,512,34.4711,34.5726,44,4.4000
Avg_Spread_Pct,single_no_arb_n512,512,34.5726,34.6741,64,6.4000
Avg_Spread_Pct,single_no_arb_n512,512,34.6741,34.7757,48,4.8000
Avg_Spread_Pct,single_no_arb_n512,512,34.7757,34.8772,63,6.3000
Avg_Spread_Pct,single_no_arb_n512,512,34.8772,34.9787,37,3.7000
Avg_Spread_Pct,single_no_arb_n512,512,34.9787,35.0802,52,5.2000
Avg_Spread_Pct,single_no_arb_n512,512,35.0802,35.1818,55,5.5000
Avg_Spread_Pct,single_no_arb_n512,512,35.1818,35.2833,44,4.4000
Avg_Spread_Pct,single_no_arb_n512,512,35.2833,35.3848,42,4.2000
Avg_Spread_Pct,single_no_arb_n512,512,35.3848,35.4864,42,4.2000
Avg_Spread_Pct,single_no_arb_n512,512,35.4864,35.5879,36,3.6000
Avg_Spread_Pct,single_no_arb_n512,512,35.5879,35.6894,33,3.3000
Avg_Spread_Pct,single_no_arb_n512,512,35.6894,35.7909,21,2.1000
Avg_Spread_Pct,single_no_arb_n512,512,35.7909,35.8925,18,1.8000
Avg_Spread_Pct,single_no_arb_n512,512,35.8925,35.9940,24,2.4000
Avg_Spread_Pct,single_no_arb_n512,512,35.9940,36.0955,11,1.1000
Avg_Spread_Pct,single_no_arb_n512,512,36.0955,36.1971,13,1.3000
Avg_Spread_Pct,single_no_arb_n512,512,36.1971,36.2986,11,1.1000
Avg_Spread_Pct,single_no_arb_n512,512,36.2986,36.4001,7,0.7000
Avg_Spread_Pct,single_no_arb_n512,512,36.4001,36.5016,8,0.8000
Avg_Spread_Pct,single_no_arb_n512,512,36.5016,36.6032,5,0.5000
Avg_Spread_Pct,single_no_arb_n512,512,36.6032,36.7047,1,0.1000
Avg_Spread_Pct,single_no_arb_n512,512,36.7047,36.8062,3,0.3000
Avg_Spread_Pct,single_no_arb_n512,512,36.8062,36.9078,1,0.1000
Avg_Spread_Pct,single_no_arb_n512,512,36.9078,37.0093,2,0.2000
Avg_Spread_Pct,single_no_arb_n512,512,37.0093,37.1108,1,0.1000
Arb_Profit,single_no_arb_n512,512,0.0000,0.0000,1000,100.0000
LP_Profit_Value,single_no_arb_n512,512,2771804.6249,2776957.2510,3,0.3000
LP_Profit_Value,single_no_arb_n512,512,2776957.2510,2782109.8770,1,0.1000
LP_Profit_Value,single_no_arb_n512,512,2782109.8770,2787262.5031,1,0.1000
LP_Profit_Value,single_no_arb_n512,512,2787262.5031,2792415.1292,2,0.2000
LP_Profit_Value,single_no_arb_n512,512,2792415.1292,2797567.7553,1,0.1000
LP_Profit_Value,single_no_arb_n512,512,2797567.7553,2802720.3814,2,0.2000
LP_Profit_Value,single_no_arb_n512,512,2802720.3814,2807873.0075,6,0.6000
LP_Profit_Value,single_no_arb_n512,512,2807873.0075,2813025.6335,3,0.3000
LP_Profit_Value,single_no_arb_n512,512,2813025.6335,2818178.2596,5,0.5000
LP_Profit_Value,single_no_arb_n512,512,2818178.2596,2823330.8857,11,1.1000
LP_Profit_Value,single_no_arb_n512,512,2823330.8857,2828483.5118,9,0.9000
LP_Profit_Value,single_no_arb_n512,512,2828483.5118,2833636.1379,15,1.5000
LP_Profit_Value,single_no_arb_n512,512,2833636.1379,2838788.7640,13,1.3000
LP_Profit_Value,single_no_arb_n512,512,2838788.7640,2843941.3901,24,2.4000
LP_Profit_Value,single_no_arb_n512,512,2843941.3901,2849094.0161,14,1.4000
LP_Profit_Value,single_no_arb_n512,512,2849094.0161,2854246.6422,23,2.3000
LP_Profit_Value,single_no_arb_n512,512,2854246.6422,2859399.2683,32,3.2000
LP_Profit_Value,single_no_arb_n512,512,2859399.2683,2864551.8944,38,3.8000
LP_Profit_Value,single_no_arb_n512,512,2864551.8944,2869704.5205,31,3.1000
LP_Profit_Value,single_no_arb_n512,512,2869704.5205,2874857.1466,40,4.0000
LP_Profit_Value,single_no_arb_n512,512,2874857.1466,2880009.7726,32,3.2000
LP_Profit_Value,single_no_arb_n512,512,2880009.7726,2885162.3987,50,5.0000
LP_Profit_Value,single_no_arb_n512,512,2885162.3987,2890315.0248,50,5.0000
LP_Profit_Value,single_no_arb_n512,512,2890315.0248,2895467.6509,46,4.6000
LP_Profit_Value,single_no_arb_n512,512,2895467.6509,2900620.2770,50,5.0000
LP_Profit_Value,single_no_arb_n512,512,2900620.2770,2905772.9031,42,4.2000
LP_Profit_Value,single_no_arb_n512,512,2905772.9031,2910925.5292,32,3.2000
LP_Profit_Value,single_no_arb_n512,512,2910925.5292,2916078.1552,33,3.3000
LP_Profit_Value,single_no_arb_n512,512,2916078.1552,2921230.7813,52,5.2000
LP_Profit_Value,single_no_arb_n512,512,2921230.7813,2926383.4074,43,4.3000
LP_Profit_Value,single_no_arb_n512,512,2926383.4074,2931536.0335,40,4.0000
LP_Profit_Value,single_no_arb_n512,512,2931536.0335,2936688.6596,36,3.6000
LP_Profit_Value,single_no_arb_n512,512,2936688.6596,2941841.2857,37,3.7000
LP_Profit_Value,single_no_arb_n512,512,2941841.2857,2946993.9118,24,2.4000
LP_Profit_Value,single_no_arb_n512,512,2946993.9118,2952146.5378,26,2.6000
LP_Profit_Value,single_no_arb_n512,512,2952146.5378,2957299.1639,19,1.9000
LP_Profit_Value,single_no_arb_n512,512,2957299.1639,2962451.7900,22,2.2000
LP_Profit_Value,single_no_arb_n512,512,2962451.7900,2967604.4161,20,2.0000
LP_Profit_Value,single_no_arb_n512,512,2967604.4161,2972757.0422,19,1.9000
LP_Profit_Value,single_no_arb_n512,512,2972757.0422,2977909.6683,6,0.6000
LP_Profit_Value,single_no_arb_n512,512,2977909.6683,2983062.2943,18,1.8000
LP_Profit_Value,single_no_arb_n512,512,2983062.2943,2988214.9204,6,0.6000
LP_Profit_Value,single_no_arb_n512,512,2988214.9204,2993367.5465,7,0.7000
LP_Profit_Value,single_no_arb_n512,512,2993367.5465,2998520.1726,4,0.4000
LP_Profit_Value,single_no_arb_n512,512,2998520.1726,3003672.7987,4,0.4000
LP_Profit_Value,single_no_arb_n512,512,3003672.7987,3008825.4248,0,0.0000
LP_Profit_Value,single_no_arb_n512,512,3008825.4248,3013978.0509,3,0.3000
LP_Profit_Value,single_no_arb_n512,512,3013978.0509,3019130.6769,0,0.0000
LP_Profit_Value,single_no_arb_n512,512,3019130.6769,3024283.3030,3,0.3000
LP_Profit_Value,single_no_arb_n512,512,3024283.3030,3029435.9291,2,0.2000
User_PnL,dual_n512,512,-5617849.4150,-5605975.7285,2,0.2000
User_PnL,dual_n512,512,-5605975.7285,-5594102.0420,0,0.0000
User_PnL,dual_n512,512,-5594102.0420,-5582228.3555,1,0.1000
User_PnL,dual_n512,512,-5582228.3555,-5570354.6690,4,0.4000
User_PnL,dual_n512,512,-5570354.6690,-5558480.9825,1,0.1000
User_PnL,dual_n512,512,-5558480.9825,-5546607.2960,3,0.3000
User_PnL,dual_n512,512,-5546607.2960,-5534733.6095,6,0.6000
User_PnL,dual_n512,512,-5534733.6095,-5522859.9231,4,0.4000
User_PnL,dual_n512,512,-5522859.9231,-5510986.2366,12,1.2000
User_PnL,dual_n512,512,-5510986.2366,-5499112.5501,8,0.8000
User_PnL,dual_n512,512,-5499112.5501,-5487238.8636,18,1.8000
User_PnL,dual_n512,512,-5487238.8636,-5475365.1771,23,2.3000
User_PnL,dual_n512,512,-5475365.1771,-5463491.4906,19,1.9000
User_PnL,dual_n512,512,-5463491.4906,-5451617.8041,23,2.3000
User_PnL,dual_n512,512,-5451617.8041,-5439744.1176,21,2.1000
User_PnL,dual_n512,512,-5439744.1176,-5427870.4311,31,3.1000
User_PnL,dual_n512,512,-5427870.4311,-5415996.7447,32,3.2000
User_PnL,dual_n512,512,-5415996.7447,-5404123.0582,28,2.8000
User_PnL,dual_n512,512,-5404123.0582,-5392249.3717,41,4.1000
User_PnL,dual_n512,512,-5392249.3717,-5380375.6852,41,4.1000
User_PnL,dual_n512,512,-5380375.6852,-5368501.9987,49,4.9000
User_PnL,dual_n512,512,-5368501.9987,-5356628.3122,54,5.4000
User_PnL,dual_n512,512,-5356628.3122,-5344754.6257,54,5.4000
User_PnL,dual_n512,512,-5344754.6257,-5332880.9392,48,4.8000
User_PnL,dual_n512,512,-5332880.9392,-5321007.2528,46,4.6000
User_PnL,dual_n512,512,-5321007.2528,-5309133.5663,48,4.8000
User_PnL,dual_n512,512,-5309133.5663,-5297259.8798,43,4.3000
User_PnL,dual_n512,512,-5297259.8798,-5285386.1933,39,3.9000
User_PnL,dual_n512,512,-5285386.1933,-5273512.5068,44,4.4000
User_PnL,dual_n512,512,-5273512.5068,-5261638.8203,38,3.8000
User_PnL,dual_n512,512,-5261638.8203,-5249765.1338,37,3.7000
User_PnL,dual_n512,512,-5249765.1338,-5237891.4473,32,3.2000
User_PnL,dual_n512,512,-5237891.4473,-5226017.7608,28,2.8000
User_PnL,dual_n512,512,-5226017.7608,-5214144.0744,19,1.9000
User_PnL,dual_n512,512,-5214144.0744,-5202270.3879,26,2.6000
User_PnL,dual_n512,512,-5202270.3879,-5190396.7014,13,1.3000
User_PnL,dual_n512,512,-5190396.7014,-5178523.0149,11,1.1000
User_PnL,dual_n512,512,-5178523.0149,-5166649.3284,12,1.2000
User_PnL,dual_n512,512,-5166649.3284,-5154775.6419,4,0.4000
User_PnL,dual_n512,512,-5154775.6419,-5142901.9554,13,1.3000
User_PnL,dual_n512,512,-5142901.9554,-5131028.2689,2,0.2000
User_PnL,dual_n512,512,-5131028.2689,-5119154.5825,3,0.3000
User_PnL,dual_n512,512,-5119154.5825,-5107280.8960,7,0.7000
User_PnL,dual_n512,512,-5107280.8960,-5095407.2095,4,0.4000
User_PnL,dual_n512,512,-5095407.2095,-5083533.5230,0,0.0000
User_PnL,dual_n512,512,-5083533.5230,-5071659.8365,4,0.4000
User_PnL,dual_n512,512,-5071659.8365,-5059786.1500,0,0.0000
User_PnL,dual_n512,512,-5059786.1500,-5047912.4635,0,0.0000
User_PnL,dual_n512,512,-5047912.4635,-5036038.7770,2,0.2000
User_PnL,dual_n512,512,-5036038.7770,-5024165.0905,2,0.2000
Avg_Spread_Pct,dual_n512,512,10.8185,10.8319,3,0.3000
Avg_Spread_Pct,dual_n512,512,10.8319,10.8453,3,0.3000
Avg_Spread_Pct,dual_n512,512,10.8453,10.8587,2,0.2000
Avg_Spread_Pct,dual_n512,512,10.8587,10.8721,3,0.3000
Avg_Spread_Pct,dual_n512,512,10.8721,10.8856,4,0.4000
Avg_Spread_Pct,dual_n512,512,10.8856,10.8990,8,0.8000
Avg_Spread_Pct,dual_n512,512,10.8990,10.9124,6,0.6000
Avg_Spread_Pct,dual_n512,512,10.9124,10.9258,6,0.6000
Avg_Spread_Pct,dual_n512,512,10.9258,10.9392,6,0.6000
Avg_Spread_Pct,dual_n512,512,10.9392,10.9526,12,1.2000
Avg_Spread_Pct,dual_n512,512,10.9526,10.9660,9,0.9000
Avg_Spread_Pct,dual_n512,512,10.9660,10.9794,11,1.1000
Avg_Spread_Pct,dual_n512,512,10.9794,10.9928,26,2.6000
Avg_Spread_Pct,dual_n512,512,10.9928,11.0062,23,2.3000
Avg_Spread_Pct,dual_n512,512,11.0062,11.0196,21,2.1000
Avg_Spread_Pct,dual_n512,512,11.0196,11.0330,18,1.8000
Avg_Spread_Pct,dual_n512,512,11.0330,11.0464,35,3.5000
Avg_Spread_Pct,dual_n512,512,11.0464,11.0598,44,4.4000
Avg_Spread_Pct,dual_n512,512,11.0598,11.0732,32,3.2000
Avg_Spread_Pct,dual_n512,512,11.0732,11.0866,40,4.0000
Avg_Spread_Pct,dual_n512,512,11.0866,11.1001,50,5.0000
Avg_Spread_Pct,dual_n512,512,11.1001,11.1135,49,4.9000
Avg_Spread_Pct,dual_n512,512,11.1135,11.1269,36,3.6000
Avg_Spread_Pct,dual_n512,512,11.1269,11.1403,48,4.8000
Avg_Spread_Pct,dual_n512,512,11.1403,11.1537,54,5.4000
Avg_Spread_Pct,dual_n512,512,11.1537,11.1671,52,5.2000
Avg_Spread_Pct,dual_n512,512,11.1671,11.1805,49,4.9000
Avg_Spread_Pct,dual_n512,512,11.1805,11.1939,37,3.7000
Avg_Spread_Pct,dual_n512,512,11.1939,11.2073,46,4.6000
Avg_Spread_Pct,dual_n512,512,11.2073,11.2207,34,3.4000
Avg_Spread_Pct,dual_n512,512,11.2207,11.2341,31,3.1000
Avg_Spread_Pct,dual_n512,512,11.2341,11.2475,32,3.2000
Avg_Spread_Pct,dual_n512,512,11.2475,11.2609,30,3.0000
Avg_Spread_Pct,dual_n512,512,11.2609,11.2743,18,1.8000
Avg_Spread_Pct,dual_n512,512,11.2743,11.2877,25,2.5000
Avg_Spread_Pct,dual_n512,512,11.2877,11.3012,18,1.8000
Avg_Spread_Pct,dual_n512,512,11.3012,11.3146,24,2.4000
Avg_Spread_Pct,dual_n512,512,11.3146,11.3280,15,1.5000
Avg_Spread_Pct,dual_n512,512,11.3280,11.3414,5,0.5000
Avg_Spread_Pct,dual_n512,512,11.3414,11.3548,12,1.2000
Avg_Spread_Pct,dual_n512,512,11.3548,11.3682,8,0.8000
Avg_Spread_Pct,dual_n512,512,11.3682,11.3816,3,0.3000
Avg_Spread_Pct,dual_n512,512,11.3816,11.3950,2,0.2000
Avg_Spread_Pct,dual_n512,512,11.3950,11.4084,4,0.4000
Avg_Spread_Pct,dual_n512,512,11.4084,11.4218,3,0.3000
Avg_Spread_Pct,dual_n512,512,11.4218,11.4352,0,0.0000
Avg_Spread_Pct,dual_n512,512,11.4352,11.4486,1,0.1000
Avg_Spread_Pct,dual_n512,512,11.4486,11.4620,1,0.1000
Avg_Spread_Pct,dual_n512,512,11.4620,11.4754,0,0.0000
Avg_Spread_Pct,dual_n512,512,11.4754,11.4888,1,0.1000
Arb_Profit,dual_n512,512,849018.5933,864074.4081,1,0.1000
Arb_Profit,dual_n512,512,864074.4081,879130.2229,0,0.0000
Arb_Profit,dual_n512,512,879130.2229,894186.0377,1,0.1000
Arb_Profit,dual_n512,512,894186.0377,909241.8524,1,0.1000
Arb_Profit,dual_n512,512,909241.8524,924297.6672,3,0.3000
Arb_Profit,dual_n512,512,924297.6672,939353.4820,1,0.1000
Arb_Profit,dual_n512,512,939353.4820,954409.2968,2,0.2000
Arb_Profit,dual_n512,512,954409.2968,969465.1116,1,0.1000
Arb_Profit,dual_n512,512,969465.1116,984520.9263,1,0.1000
Arb_Profit,dual_n512,512,984520.9263,999576.7411,2,0.2000
Arb_Profit,dual_n512,512,999576.7411,1014632.5559,8,0.8000
Arb_Profit,dual_n512,512,1014632.5559,1029688.3707,7,0.7000
Arb_Profit,dual_n512,512,1029688.3707,1044744.1855,6,0.6000
Arb_Profit,dual_n512,512,1044744.1855,1059800.0002,7,0.7000
Arb_Profit,dual_n512,512,1059800.0002,1074855.8150,13,1.3000
Arb_Profit,dual_n512,512,1074855.8150,1089911.6298,15,1.5000
Arb_Profit,dual_n512,512,1089911.6298,1104967.4446,14,1.4000
Arb_Profit,dual_n512,512,1104967.4446,1120023.2594,22,2.2000
Arb_Profit,dual_n512,512,1120023.2594,1135079.0741,27,2.7000
Arb_Profit,dual_n512,512,1135079.0741,1150134.8889,28,2.8000
Arb_Profit,dual_n512,512,1150134.8889,1165190.7037,41,4.1000
Arb_Profit,dual_n512,512,1165190.7037,1180246.5185,40,4.0000
Arb_Profit,dual_n512,512,1180246.5185,1195302.3333,47,4.7000
Arb_Profit,dual_n512,512,1195302.3333,1210358.1480,54,5.4000
Arb_Profit,dual_n512,512,1210358.1480,1225413.9628,60,6.0000
Arb_Profit,dual_n512,512,1225413.9628,1240469.7776,57,5.7000
Arb_Profit,dual_n512,512,1240469.7776,1255525.5924,53,5.3000
Arb_Profit,dual_n512,512,1255525.5924,1270581.4072,42,4.2000
Arb_Profit,dual_n512,512,1270581.4072,1285637.2220,66,6.6000
Arb_Profit,dual_n512,512,1285637.2220,1300693.0367,41,4.1000
Arb_Profit,dual_n512,512,1300693.0367,1315748.8515,45,4.5000
Arb_Profit,dual_n512,512,1315748.8515,1330804.6663,55,5.5000
Arb_Profit,dual_n512,512,1330804.6663,1345860.4811,32,3.2000
Arb_Profit,dual_n512,512,1345860.4811,1360916.2959,47,4.7000
Arb_Profit,dual_n512,512,1360916.2959,1375972.1106,27,2.7000
Arb_Profit,dual_n512,512,1375972.1106,1391027.9254,31,3.1000
Arb_Profit,dual_n512,512,1391027.9254,1406083.7402,17,1.7000
Arb_Profit,dual_n512,512,1406083.7402,1421139.5550,22,2.2000
Arb_Profit,dual_n512,512,1421139.5550,1436195.3698,13,1.3000
Arb_Profit,dual_n512,512,1436195.3698,1451251.1845,9,0.9000
Arb_Profit,dual_n512,512,1451251.1845,1466306.9993,12,1.2000
Arb_Profit,dual_n512,512,1466306.9993,1481362.8141,10,1.0000
Arb_Profit,dual_n512,512,1481362.8141,1496418.6289,7,0.7000
Arb_Profit,dual_n512,512,1496418.6289,1511474.4437,5,0.5000
Arb_Profit,dual_n512,512,1511474.4437,1526530.2584,0,0.0000
Arb_Profit,dual_n512,512,1526530.2584,1541586.0732,0,0.0000
Arb_Profit,dual_n512,512,1541586.0732,1556641.8880,3,0.3000
Arb_Profit,dual_n512,512,1556641.8880,1571697.7028,1,0.1000
Arb_Profit,dual_n512,512,1571697.7028,1586753.5176,2,0.2000
Arb_Profit,dual_n512,512,1586753.5176,1601809.3323,1,0.1000
LP_Profit_Value,dual_n512,512,3827693.0143,3836761.4194,1,0.1000
LP_Profit_Value,dual_n512,512,3836761.4194,3845829.8245,1,0.1000
LP_Profit_Value,dual_n512,512,3845829.8245,3854898.2296,0,0.0000
LP_Profit_Value,dual_n512,512,3854898.2296,3863966.6348,1,0.1000
LP_Profit_Value,dual_n512,512,3863966.6348,3873035.0399,1,0.1000
LP_Profit_Value,dual_n512,512,3873035.0399,3882103.4450,1,0.1000
LP_Profit_Value,dual_n512,512,3882103.4450,3891171.8501,1,0.1000
LP_Profit_Value,dual_n512,512,3891171.8501,3900240.2553,0,0.0000
LP_Profit_Value,dual_n512,512,3900240.2553,3909308.6604,2,0.2000
LP_Profit_Value,dual_n512,512,3909308.6604,3918377.0655,0,0.0000
LP_Profit_Value,dual_n512,512,3918377.0655,3927445.4706,3,0.3000
LP_Profit_Value,dual_n512,512,3927445.4706,3936513.8758,1,0.1000
LP_Profit_Value,dual_n512,512,3936513.8758,3945582.2809,16,1.6000
LP_Profit_Value,dual_n512,512,3945582.2809,3954650.6860,10,1.0000
LP_Profit_Value,dual_n512,512,3954650.6860,3963719.0911,17,1.7000
LP_Profit_Value,dual_n512,512,3963719.0911,3972787.4963,7,0.7000
LP_Profit_Value,dual_n512,512,3972787.4963,3981855.9014,22,2.2000
LP_Profit_Value,dual_n512,512,3981855.9014,3990924.3065,16,1.6000
LP_Profit_Value,dual_n512,512,3990924.3065,3999992.7116,24,2.4000
LP_Profit_Value,dual_n512,512,3999992.7116,4009061.1168,32,3.2000
LP_Profit_Value,dual_n512,512,4009061.1168,4018129.5219,27,2.7000
LP_Profit_Value,dual_n512,512,4018129.5219,4027197.9270,46,4.6000
LP_Profit_Value,dual_n512,512,4027197.9270,4036266.3321,56,5.6000
LP_Profit_Value,dual_n512,512,4036266.3321,4045334.7373,49,4.9000
LP_Profit_Value,dual_n512,512,4045334.7373,4054403.1424,54,5.4000
LP_Profit_Value,dual_n512,512,4054403.1424,4063471.5475,55,5.5000
LP_Profit_Value,dual_n512,512,4063471.5475,4072539.9526,55,5.5000
LP_Profit_Value,dual_n512,512,4072539.9526,4081608.3578,41,4.1000
LP_Profit_Value,dual_n512,512,4081608.3578,4090676.7629,42,4.2000
LP_Profit_Value,dual_n512,512,4090676.7629,4099745.1680,54,5.4000
LP_Profit_Value,dual_n512,512,4099745.1680,4108813.5731,42,4.2000
LP_Profit_Value,dual_n512,512,4108813.5731,4117881.9783,45,4.5000
LP_Profit_Value,dual_n512,512,4117881.9783,4126950.3834,37,3.7000
LP_Profit_Value,dual_n512,512,4126950.3834,4136018.7885,37,3.7000
LP_Profit_Value,dual_n512,512,4136018.7885,4145087.1936,37,3.7000
LP_Profit_Value,dual_n512,512,4145087.1936,4154155.5988,30,3.0000
LP_Profit_Value,dual_n512,512,4154155.5988,4163224.0039,30,3.0000
LP_Profit_Value,dual_n512,512,4163224.0039,4172292.4090,22,2.2000
LP_Profit_Value,dual_n512,512,4172292.4090,4181360.8142,24,2.4000
LP_Profit_Value,dual_n512,512,4181360.8142,4190429.2193,16,1.6000
LP_Profit_Value,dual_n512,512,4190429.2193,4199497.6244,16,1.6000
LP_Profit_Value,dual_n512,512,4199497.6244,4208566.0295,7,0.7000
LP_Profit_Value,dual_n512,512,4208566.0295,4217634.4347,6,0.6000
LP_Profit_Value,dual_n512,512,4217634.4347,4226702.8398,5,0.5000
LP_Profit_Value,dual_n512,512,4226702.8398,4235771.2449,1,0.1000
LP_Profit_Value,dual_n512,512,4235771.2449,4244839.6500,4,0.4000
LP_Profit_Value,dual_n512,512,4244839.6500,4253908.0552,2,0.2000
LP_Profit_Value,dual_n512,512,4253908.0552,4262976.4603,2,0.2000
LP_Profit_Value,dual_n512,512,4262976.4603,4272044.8654,1,0.1000
LP_Profit_Value,dual_n512,512,4272044.8654,4281113.2705,1,0.1000
User_PnL,dual_no_arb_n512,512,-5005397.1430,-4995677.5696,1,0.1000
User_PnL,dual_no_arb_n512,512,-4995677.5696,-4985957.9962,1,0.1000
User_PnL,dual_no_arb_n512,512,-4985957.9962,-4976238.4228,1,0.1000
User_PnL,dual_no_arb_n512,512,-4976238.4228,-4966518.8494,5,0.5000
User_PnL,dual_no_arb_n512,512,-4966518.8494,-4956799.2760,1,0.1000
User_PnL,dual_no_arb_n512,512,-4956799.2760,-4947079.7026,4,0.4000
User_PnL,dual_no_arb_n512,512,-4947079.7026,-4937360.1293,3,0.3000
User_PnL,dual_no_arb_n512,512,-4937360.1293,-4927640.5559,5,0.5000
User_PnL,dual_no_arb_n512,512,-4927640.5559,-4917920.9825,8,0.8000
User_PnL,dual_no_arb_n512,512,-4917920.9825,-4908201.4091,11,1.1000
User_PnL,dual_no_arb_n512,512,-4908201.4091,-4898481.8357,17,1.7000
User_PnL,dual_no_arb_n512,512,-4898481.8357,-4888762.2623,16,1.6000
User_PnL,dual_no_arb_n512,512,-4888762.2623,-4879042.6889,24,2.4000
User_PnL,dual_no_arb_n512,512,-4879042.6889,-4869323.1155,28,2.8000
User_PnL,dual_no_arb_n512,512,-4869323.1155,-4859603.5422,26,2.6000
User_PnL,dual_no_arb_n512,512,-4859603.5422,-4849883.9688,23,2.3000
User_PnL,dual_no_arb_n512,512,-4849883.9688,-4840164.3954,23,2.3000
User_PnL,dual_no_arb_n512,512,-4840164.3954,-4830444.8220,24,2.4000
User_PnL,dual_no_arb_n512,512,-4830444.8220,-4820725.2486,37,3.7000
User_PnL,dual_no_arb_n512,512,-4820725.2486,-4811005.6752,36,3.6000
User_PnL,dual_no_arb_n512,512,-4811005.6752,-4801286.1018,45,4.5000
User_PnL,dual_no_arb_n512,512,-4801286.1018,-4791566.5285,51,5.1000
User_PnL,dual_no_arb_n512,512,-4791566.5285,-4781846.9551,40,4.0000
User_PnL,dual_no_arb_n512,512,-4781846.9551,-4772127.3817,52,5.2000
User_PnL,dual_no_arb_n512,512,-4772127.3817,-4762407.8083,51,5.1000
User_PnL,dual_no_arb_n512,512,-4762407.8083,-4752688.2349,42,4.2000
User_PnL,dual_no_arb_n512,512,-4752688.2349,-4742968.6615,43,4.3000
User_PnL,dual_no_arb_n512,512,-4742968.6615,-4733249.0881,50,5.0000
User_PnL,dual_no_arb_n512,512,-4733249.0881,-4723529.5147,35,3.5000
User_PnL,dual_no_arb_n512,512,-4723529.5147,-4713809.9414,35,3.5000
User_PnL,dual_no_arb_n512,512,-4713809.9414,-4704090.3680,35,3.5000
User_PnL,dual_no_arb_n512,512,-4704090.3680,-4694370.7946,38,3.8000
User_PnL,dual_no_arb_n512,512,-4694370.7946,-4684651.2212,29,2.9000
User_PnL,dual_no_arb_n512,512,-4684651.2212,-4674931.6478,24,2.4000
User_PnL,dual_no_arb_n512,512,-4674931.6478,-4665212.0744,26,2.6000
User_PnL,dual_no_arb_n512,512,-4665212.0744,-4655492.5010,17,1.7000
User_PnL,dual_no_arb_n512,512,-4655492.5010,-4645772.9276,17,1.7000
User_PnL,dual_no_arb_n512,512,-4645772.9276,-4636053.3543,11,1.1000
User_PnL,dual_no_arb_n512,512,-4636053.3543,-4626333.7809,10,1.0000
User_PnL,dual_no_arb_n512,512,-4626333.7809,-4616614.2075,16,1.6000
User_PnL,dual_no_arb_n512,512,-4616614.2075,-4606894.6341,6,0.6000
User_PnL,dual_no_arb_n512,512,-4606894.6341,-4597175.0607,9,0.9000
User_PnL,dual_no_arb_n512,512,-4597175.0607,-4587455.4873,6,0.6000
User_PnL,dual_no_arb_n512,512,-4587455.4873,-4577735.9139,4,0.4000
User_PnL,dual_no_arb_n512,512,-4577735.9139,-4568016.3406,3,0.3000
User_PnL,dual_no_arb_n512,512,-4568016.3406,-4558296.7672,1,0.1000
User_PnL,dual_no_arb_n512,512,-4558296.7672,-4548577.1938,5,0.5000
User_PnL,dual_no_arb_n512,512,-4548577.1938,-4538857.6204,0,0.0000
User_PnL,dual_no_arb_n512,512,-4538857.6204,-4529138.0470,3,0.3000
User_PnL,dual_no_arb_n512,512,-4529138.0470,-4519418.4736,2,0.2000
Avg_Spread_Pct,dual_no_arb_n512,512,15.1577,15.1876,4,0.4000
Avg_Spread_Pct,dual_no_arb_n512,512,15.1876,15.2174,4,0.4000
Avg_Spread_Pct,dual_no_arb_n512,512,15.2174,15.2473,1,0.1000
Avg_Spread_Pct,dual_no_arb_n512,512,15.2473,15.2771,3,0.3000
Avg_Spread_Pct,dual_no_arb_n512,512,15.2771,15.3070,4,0.4000
Avg_Spread_Pct,dual_no_arb_n512,512,15.3070,15.3368,6,0.6000
Avg_Spread_Pct,dual_no_arb_n512,512,15.3368,15.3667,5,0.5000
Avg_Spread_Pct,dual_no_arb_n512,512,15.3667,15.3965,13,1.3000
Avg_Spread_Pct,dual_no_arb_n512,512,15.3965,15.4264,12,1.2000
Avg_Spread_Pct,dual_no_arb_n512,512,15.4264,15.4563,11,1.1000
Avg_Spread_Pct,dual_no_arb_n512,512,15.4563,15.4861,19,1.9000
Avg_Spread_Pct,dual_no_arb_n512,512,15.4861,15.5160,16,1.6000
Avg_Spread_Pct,dual_no_arb_n512,512,15.5160,15.5458,17,1.7000
Avg_Spread_Pct,dual_no_arb_n512,512,15.5458,15.5757,26,2.6000
Avg_Spread_Pct,dual_no_arb_n512,512,15.5757,15.6055,18,1.8000
Avg_Spread_Pct,dual_no_arb_n512,512,15.6055,15.6354,31,3.1000
Avg_Spread_Pct,dual_no_arb_n512,512,15.6354,15.6652,38,3.8000
Avg_Spread_Pct,dual_no_arb_n512,512,15.6652,15.6951,36,3.6000
Avg_Spread_Pct,dual_no_arb_n512,512,15.6951,15.7250,41,4.1000
Avg_Spread_Pct,dual_no_arb_n512,512,15.7250,15.7548,40,4.0000
Avg_Spread_Pct,dual_no_arb_n512,512,15.7548,15.7847,52,5.2000
Avg_Spread_Pct,dual_no_arb_n512,512,15.7847,15.8145,57,5.7000
Avg_Spread_Pct,dual_no_arb_n512,512,15.8145,15.8444,61,6.1000
Avg_Spread_Pct,dual_no_arb_n512,512,15.8444,15.8742,37,3.7000
Avg_Spread_Pct,dual_no_arb_n512,512,15.8742,15.9041,55,5.5000
Avg_Spread_Pct,dual_no_arb_n512,512,15.9041,15.9339,46,4.6000
Avg_Spread_Pct,dual_no_arb_n512,512,15.9339,15.9638,47,4.7000
Avg_Spread_Pct,dual_no_arb_n512,512,15.9638,15.9936,50,5.0000
Avg_Spread_Pct,dual_no_arb_n512,512,15.9936,16.0235,33,3.3000
Avg_Spread_Pct,dual_no_arb_n512,512,16.0235,16.0534,35,3.5000
Avg_Spread_Pct,dual_no_arb_n512,512,16.0534,16.0832,39,3.9000
Avg_Spread_Pct,dual_no_arb_n512,512,16.0832,16.1131,25,2.5000
Avg_Spread_Pct,dual_no_arb_n512,512,16.1131,16.1429,24,2.4000
Avg_Spread_Pct,dual_no_arb_n512,512,16.1429,16.1728,23,2.3000
Avg_Spread_Pct,dual_no_arb_n512,512,16.1728,16.2026,17,1.7000
Avg_Spread_Pct,dual_no_arb_n512,512,16.2026,16.2325,11,1.1000
Avg_Spread_Pct,dual_no_arb_n512,512,16.2325,16.2623,9,0.9000
Avg_Spread_Pct,dual_no_arb_n512,512,16.2623,16.2922,8,0.8000
Avg_Spread_Pct,dual_no_arb_n512,512,16.2922,16.3221,10,1.0000
Avg_Spread_Pct,dual_no_arb_n512,512,16.3221,16.3519,2,0.2000
Avg_Spread_Pct,dual_no_arb_n512,512,16.3519,16.3818,4,0.4000
Avg_Spread_Pct,dual_no_arb_n512,512,16.3818,16.4116,4,0.4000
Avg_Spread_Pct,dual_no_arb_n512,512,16.4116,16.4415,2,0.2000
Avg_Spread_Pct,dual_no_arb_n512,512,16.4415,16.4713,2,0.2000
Avg_Spread_Pct,dual_no_arb_n512,512,16.4713,16.5012,1,0.1000
Avg_Spread_Pct,dual_no_arb_n512,512,16.5012,16.5310,0,0.0000
Avg_Spread_Pct,dual_no_arb_n512,512,16.5310,16.5609,0,0.0000
Avg_Spread_Pct,dual_no_arb_n512,512,16.5609,16.5907,0,0.0000
Avg_Spread_Pct,dual_no_arb_n512,512,16.5907,16.6206,0,0.0000
Avg_Spread_Pct,dual_no_arb_n512,512,16.6206,16.6505,1,0.1000
Arb_Profit,dual_no_arb_n512,512,0.0000,0.0000,1000,100.0000
LP_Profit_Value,dual_no_arb_n512,512,4519418.4736,4529138.0470,2,0.2000
LP_Profit_Value,dual_no_arb_n512,512,4529138.0470,4538857.6204,3,0.3000
LP_Profit_Value,dual_no_arb_n512,512,4538857.6204,4548577.1938,0,0.0000
LP_Profit_Value,dual_no_arb_n512,512,4548577.1938,4558296.7672,5,0.5000
LP_Profit_Value,dual_no_arb_n512,512,4558296.7672,4568016.3406,1,0.1000
LP_Profit_Value,dual_no_arb_n512,512,4568016.3406,4577735.9139,3,0.3000
LP_Profit_Value,dual_no_arb_n512,512,4577735.9139,4587455.4873,4,0.4000
LP_Profit_Value,dual_no_arb_n512,512,4587455.4873,4597175.0607,6,0.6000
LP_Profit_Value,dual_no_arb_n512,512,4597175.0607,4606894.6341,9,0.9000
LP_Profit_Value,dual_no_arb_n512,512,4606894.6341,4616614.2075,6,0.6000
LP_Profit_Value,dual_no_arb_n512,512,4616614.2075,4626333.7809,16,1.6000
LP_Profit_Value,dual_no_arb_n512,512,4626333.7809,4636053.3543,10,1.0000
LP_Profit_Value,dual_no_arb_n512,512,4636053.3543,4645772.9276,11,1.1000
LP_Profit_Value,dual_no_arb_n512,512,4645772.9276,4655492.5010,17,1.7000
LP_Profit_Value,dual_no_arb_n512,512,4655492.5010,4665212.0744,17,1.7000
LP_Profit_Value,dual_no_arb_n512,512,4665212.0744,4674931.6478,26,2.6000
LP_Profit_Value,dual_no_arb_n512,512,4674931.6478,4684651.2212,24,2.4000
LP_Profit_Value,dual_no_arb_n512,512,4684651.2212,4694370.7946,29,2.9000
LP_Profit_Value,dual_no_arb_n512,512,4694370.7946,4704090.3680,38,3.8000
LP_Profit_Value,dual_no_arb_n512,512,4704090.3680,4713809.9414,35,3.5000
LP_Profit_Value,dual_no_arb_n512,512,4713809.9414,4723529.5147,35,3.5000
LP_Profit_Value,dual_no_arb_n512,512,4723529.5147,4733249.0881,35,3.5000
LP_Profit_Value,dual_no_arb_n512,512,4733249.0881,4742968.6615,50,5.0000
LP_Profit_Value,dual_no_arb_n512,512,4742968.6615,4752688.2349,43,4.3000
LP_Profit_Value,dual_no_arb_n512,512,4752688.2349,4762407.8083,42,4.2000
LP_Profit_Value,dual_no_arb_n512,512,4762407.8083,4772127.3817,51,5.1000
LP_Profit_Value,dual_no_arb_n512,512,4772127.3817,4781846.9551,52,5.2000
LP_Profit_Value,dual_no_arb_n512,512,4781846.9551,4791566.5285,40,4.0000
LP_Profit_Value,dual_no_arb_n512,512,4791566.5285,4801286.1018,51,5.1000
LP_Profit_Value,dual_no_arb_n512,512,4801286.1018,4811005.6752,45,4.5000
LP_Profit_Value,dual_no_arb_n512,512,4811005.6752,4820725.2486,36,3.6000
LP_Profit_Value,dual_no_arb_n512,512,4820725.2486,4830444.8220,37,3.7000
LP_Profit_Value,dual_no_arb_n512,512,4830444.8220,4840164.3954,24,2.4000
LP_Profit_Value,dual_no_arb_n512,512,4840164.3954,4849883.9688,23,2.3000
LP_Profit_Value,dual_no_arb_n512,512,4849883.9688,4859603.5422,23,2.3000
LP_Profit_Value,dual_no_arb_n512,512,4859603.5422,4869323.1155,26,2.6000
LP_Profit_Value,dual_no_arb_n512,512,4869323.1155,4879042.6889,28,2.8000
LP_Profit_Value,dual_no_arb_n512,512,4879042.6889,4888762.2623,24,2.4000
LP_Profit_Value,dual_no_arb_n512,512,4888762.2623,4898481.8357,16,1.6000
LP_Profit_Value,dual_no_arb_n512,512,4898481.8357,4908201.4091,17,1.7000
LP_Profit_Value,dual_no_arb_n512,512,4908201.4091,4917920.9825,11,1.1000
LP_Profit_Value,dual_no_arb_n512,512,4917920.9825,4927640.5559,8,0.8000
LP_Profit_Value,dual_no_arb_n512,512,4927640.5559,4937360.1293,5,0.5000
LP_Profit_Value,dual_no_arb_n512,512,4937360.1293,4947079.7026,3,0.3000
LP_Profit_Value,dual_no_arb_n512,512,4947079.7026,4956799.2760,4,0.4000
LP_Profit_Value,dual_no_arb_n512,512,4956799.2760,4966518.8494,1,0.1000
LP_Profit_Value,dual_no_arb_n512,512,4966518.8494,4976238.4228,5,0.5000
LP_Profit_Value,dual_no_arb_n512,512,4976238.4228,4985957.9962,1,0.1000
LP_Profit_Value,dual_no_arb_n512,512,4985957.9962,4995677.5696,1,0.1000
LP_Profit_Value,dual_no_arb_n512,512,4995677.5696,5005397.1430,1,0.1000
