seed,user_pnl,arb_profit,lp_profit_value,total_volume,lp_profit_per_1m_vol,arb_trade_count,intervention_rate,avg_spread_pct,max_spread_pct,rmse_price,impermanent_loss_pct,total_compute_units,avg_cu_per_swap,total_swaps,successful_swaps
100,-2846898.5624,0.0000,2846898.5624,727558673.7112,3912.9470,0,0.000000,34.250103,92.835339,0.404335,-44.482790,15751747522,30686.32,513315,513315
1000,-2878179.5312,0.0000,2878179.5312,733101659.8837,3926.0306,0,0.000000,35.092133,94.802343,0.346705,-44.971555,15688305079,30686.89,511238,511238
1001,-2859356.7261,0.0000,2859356.7261,725510104.6180,3941.1673,0,0.000000,33.434517,97.382097,0.369280,-44.677449,15738354191,30686.89,512869,512869
1002,-2940993.8176,0.0000,2940993.8176,750252720.3818,3920.0042,0,0.000000,35.914169,102.993413,0.409206,-45.953028,15690008627,30687.28,511287,511287
1003,-2916111.4891,0.0000,2916111.4891,745630218.0510,3910.9352,0,0.000000,34.228421,97.378222,0.472468,-45.564242,15698208721,30686.88,511561,511561
1004,-2920639.6271,0.0000,2920639.6271,744586122.6561,3922.5008,0,0.000000,35.371631,111.971445,0.427037,-45.634994,15725169912,30686.91,512439,512439
1005,-2995259.8402,0.0000,2995259.8402,760443468.6197,3938.8330,0,0.000000,35.902769,112.643707,0.365303,-46.800935,15676029819,30687.67,510825,510825
1006,-2847534.6872,0.0000,2847534.6872,725548481.8657,3924.6649,0,0.000000,33.901847,84.846209,0.463827,-44.492729,15740254168,30686.23,512942,512942
1007,-2928857.3427,0.0000,2928857.3427,743022230.0406,3941.8166,0,0.000000,34.956320,95.270247,0.350698,-45.763396,15720103845,30687.15,512270,512270
1008,-2894362.9108,0.0000,2894362.9108,733832121.0579,3944.1758,0,0.000000,34.165503,89.561998,0.355645,-45.224420,15724110343,30686.88,512405,512405
1009,-2895411.7069,0.0000,2895411.7069,735097841.7056,3938.8113,0,0.000000,34.225458,115.714525,0.394653,-45.240808,15719615125,30686.91,512258,512258
101,-2853504.4032,0.0000,2853504.4032,728987914.2283,3914.3371,0,0.000000,35.984514,91.721936,0.455204,-44.586006,15698237934,30686.45,511569,511569
1010,-2920077.2520,0.0000,2920077.2520,739283612.6644,3949.8742,0,0.000000,34.442419,108.733503,0.369043,-45.626207,15714160182,30687.16,512076,512076
1011,-2922933.5349,0.0000,2922933.5349,745768776.3951,3919.3563,0,0.000000,34.893360,87.145060,0.392408,-45.670836,15709118140,30687.03,511914,511914
1012,-2878624.1508,0.0000,2878624.1508,733374088.2698,3925.1784,0,0.000000,34.785343,104.125633,0.422646,-44.978502,15699443969,30686.89,511601,511601
1013,-2913992.0660,0.0000,2913992.0660,737688742.4384,3950.1647,0,0.000000,35.886610,91.724321,0.307933,-45.531126,15708944346,30687.35,511903,511903
1014,-2981392.3740,0.0000,2981392.3740,759231608.5117,3926.8549,0,0.000000,35.181593,92.608058,0.417385,-46.584256,15737316983,30687.32,512828,512828
1015,-2918673.1315,0.0000,2918673.1315,738927330.7757,3949.8784,0,0.000000,36.305913,89.035680,0.441952,-45.604268,15693460002,30686.71,511409,511409
1016,-2958395.8390,0.0000,2958395.8390,750351498.3222,3942.6800,0,0.000000,34.391294,111.185898,0.324681,-46.224935,15740006602,30687.36,512915,512915
1017,-2898384.8841,0.0000,2898384.8841,735070434.8943,3943.0029,0,0.000000,34.735675,108.792218,0.405679,-45.287264,15710609576,30686.94,511964,511964
1018,-2841763.3869,0.0000,2841763.3869,721636967.4106,3937.9404,0,0.000000,35.313911,107.683123,0.388520,-44.402553,15699197756,30686.53,511599,511599
1019,-2893345.5645,0.0000,2893345.5645,735067556.9864,3936.1628,0,0.000000,36.123282,95.499622,0.348718,-45.208524,15724727977,30687.19,512420,512420
102,-2897741.8966,0.0000,2897741.8966,740311164.1708,3914.2215,0,0.000000,35.057590,100.896704,0.475861,-45.277217,15707940768,30686.58,511883,511883
1020,-2940636.1004,0.0000,2940636.1004,749145506.1443,3925.3204,0,0.000000,33.955679,107.056184,0.414677,-45.947439,15720518461,30687.30,512281,512281
1021,-2893599.4118,0.0000,2893599.4118,737818402.8091,3921.8314,0,0.000000,35.045253,93.312883,0.375213,-45.212491,15702393290,30687.14,511693,511693
1022,-2868807.6990,0.0000,2868807.6990,726248369.2667,3950.1744,0,0.000000,34.696623,95.329597,0.400837,-44.825120,15699430501,30686.62,511605,511605
1023,-2846836.6369,0.0000,2846836.6369,725122984.3801,3926.0052,0,0.000000,33.523024,87.251766,0.443359,-44.481822,15715474296,30686.49,512130,512130
1024,-2932130.7775,0.0000,2932130.7775,742123815.1504,3950.9994,0,0.000000,34.358728,98.166026,0.363507,-45.814543,15719803534,30687.22,512259,512259
1025,-2894574.6807,0.0000,2894574.6807,735259513.5635,3936.8068,0,0.000000,34.279191,89.841369,0.377041,-45.227729,15712653699,30686.74,512034,512034
1026,-2880451.2679,0.0000,2880451.2679,731267357.5931,3938.9852,0,0.000000,34.582708,87.766772,0.401345,-45.007051,15708553221,30686.82,511899,511899
1027,-2914270.2282,0.0000,2914270.2282,737833520.0435,3949.7666,0,0.000000,34.450403,94.822927,0.410686,-45.535472,15716849045,30686.90,512168,512168
1028,-2866331.0137,0.0000,2866331.0137,730688238.2745,3922.7825,0,0.000000,35.110046,92.966211,0.413849,-44.786422,15741274985,30686.84,512965,512965
1029,-2877405.3240,0.0000,2877405.3240,733235977.3303,3924.2555,0,0.000000,34.475670,89.750005,0.389318,-44.959458,15700188004,30686.85,511626,511626
103,-2796862.9936,0.0000,2796862.9936,715803278.5763,3907.3068,0,0.000000,34.011051,84.785293,0.480364,-43.700984,15708288324,30686.00,511904,511904
1030,-2844483.8910,0.0000,2844483.8910,722508822.2135,3936.9539,0,0.000000,33.401504,88.016840,0.316961,-44.445061,15770319008,30686.75,513913,513913
1031,-2925509.0846,0.0000,2925509.0846,744965295.6833,3927.0408,0,0.000000,34.874110,101.643095,0.375559,-45.711079,15704342926,30687.17,511756,511756
1032,-2893757.5446,0.0000,2893757.5446,735746745.7768,3933.0892,0,0.000000,33.678984,91.678632,0.392713,-45.214962,15715639469,30687.06,512126,512126
1033,-2893269.1489,0.0000,2893269.1489,733745068.3892,3943.1531,0,0.000000,35.617290,106.592237,0.309436,-45.207330,15716277066,30686.86,512150,512150
1034,-2900632.6870,0.0000,2900632.6870,736333716.3046,3939.2909,0,0.000000,34.759762,81.449848,0.374907,-45.322386,15697185029,30687.15,511523,511523
1035,-2928620.4817,0.0000,2928620.4817,744123625.4996,3935.6639,0,0.000000,35.041534,98.850401,0.313066,-45.759695,15704025190,30687.45,511741,511741
1036,-2883439.5969,0.0000,2883439.5969,732280634.7760,3937.6155,0,0.000000,34.475014,97.591410,0.419102,-45.053744,15711806979,30686.70,512007,512007
1037,-2936106.2391,0.0000,2936106.2391,747392854.4869,3928.4644,0,0.000000,34.663432,82.487507,0.333874,-45.876660,15717842907,30687.28,512194,512194
1038,-2929267.1693,0.0000,2929267.1693,741579070.6080,3950.0402,0,0.000000,35.420597,94.086015,0.370276,-45.769800,15737455876,30686.75,512842,512842
1039,-2901100.7209,0.0000,2901100.7209,742062706.4533,3909.5089,0,0.000000,34.254642,101.407605,0.387093,-45.329699,15714918078,30687.27,512099,512099
104,-2910128.8666,0.0000,2910128.8666,745911839.3297,3901.4381,0,0.000000,33.752242,86.373191,0.489166,-45.470764,15688293665,30686.63,511242,511242
1040,-2880884.1846,0.0000,2880884.1846,733065256.8315,3929.9150,0,0.000000,33.735797,85.352936,0.386655,-45.013815,15721142174,30686.90,512308,512308
1041,-2921152.9165,0.0000,2921152.9165,740666452.7597,3943.9520,0,0.000000,34.732862,115.081070,0.351120,-45.643014,15709402966,30687.16,511921,511921
105,-2963680.4934,0.0000,2963680.4934,759667076.1735,3901.2886,0,0.000000,35.866344,103.725889,0.520607,-46.307508,15731165777,30686.81,512636,512636
106,-2886027.3864,0.0000,2886027.3864,738390243.0197,3908.5394,0,0.000000,34.698692,100.278270,0.451377,-45.094178,15717358554,30686.70,512188,512188
107,-2837443.5965,0.0000,2837443.5965,727487790.4927,3900.3316,0,0.000000,35.918785,89.047066,0.463494,-44.335056,15732210236,30686.10,512682,512682
108,-2976162.6919,0.0000,2976162.6919,755209133.8775,3940.8457,0,0.000000,34.618060,84.494586,0.443909,-46.502542,15710011645,30687.15,511941,511941
109,-2931590.6274,0.0000,2931590.6274,743825319.1767,3941.2353,0,0.000000,34.527895,103.094232,0.407408,-45.806104,15679144857,30686.92,510939,510939
110,-2962873.7381,0.0000,2962873.7381,755027566.0200,3924.1928,0,0.000000,36.373702,93.362279,0.457688,-46.294902,15711745845,30686.88,512002,512002
111,-2983011.9801,0.0000,2983011.9801,756048942.9322,3945.5276,0,0.000000,34.157692,92.027514,0.415311,-46.609562,15699952215,30687.16,511613,511613
112,-2859106.3310,0.0000,2859106.3310,732824810.1550,3901.4868,0,0.000000,34.868697,84.899764,0.520520,-44.673536,15678402774,30686.25,510926,510926
113,-2805872.9083,0.0000,2805872.9083,713234110.2638,3934.0139,0,0.000000,33.401514,86.311824,0.377698,-43.841764,15720017052,30686.32,512281,512281
114,-2861713.4026,0.0000,2861713.4026,731191296.7737,3913.7684,0,0.000000,35.695025,94.154544,0.424970,-44.714272,15709029328,30686.55,511919,511919
115,-2934044.6662,0.0000,2934044.6662,751117954.7636,3906.2369,0,0.000000,34.578163,93.083809,0.462074,-45.844448,15734431701,30686.96,512740,512740
116,-2916428.2575,0.0000,2916428.2575,747115208.2117,3903.5857,0,0.000000,33.700369,96.862403,0.474734,-45.569192,15684981019,30686.63,511134,511134
117,-2993164.9528,0.0000,2993164.9528,764017788.2269,3917.6640,0,0.000000,34.253287,81.603376,0.475365,-46.768202,15682820872,30687.15,511055,511055
118,-2915584.1270,0.0000,2915584.1270,742300751.9042,3927.7666,0,0.000000,35.338376,86.187860,0.464954,-45.556002,15699404354,30686.81,511601,511601
119,-2939560.3471,0.0000,2939560.3471,752841283.6949,3904.6216,0,0.000000,35.469966,101.733175,0.477701,-45.930630,15711495362,30686.69,511997,511997
120,-2919314.3253,0.0000,2919314.3253,743509428.8475,3926.3985,0,0.000000,35.817672,77.412121,0.471449,-45.614286,15683703942,30686.78,511090,511090
121,-2902979.2962,0.0000,2902979.2962,741325854.7344,3915.9288,0,0.000000,34.797845,100.438272,0.422901,-45.359052,15719476507,30686.82,512255,512255
122,-2968729.5782,0.0000,2968729.5782,757005593.0753,3921.6746,0,0.000000,35.209724,105.254230,0.545988,-46.386400,15715225850,30686.79,512117,512117
123,-2896915.6007,0.0000,2896915.6007,736296267.7694,3934.4429,0,0.000000,35.822254,89.464587,0.490445,-45.264306,15721073360,30686.40,512314,512314
124,-2819324.3797,0.0000,2819324.3797,722248229.3310,3903.5393,0,0.000000,34.126238,86.828204,0.474803,-44.051943,15730292994,30686.13,512619,512619
125,-2899540.6071,0.0000,2899540.6071,737952128.1438,3929.1717,0,0.000000,35.368984,91.356785,0.421459,-45.305322,15712709105,30686.91,512033,512033
126,-2829222.3093,0.0000,2829222.3093,723815054.4271,3908.7641,0,0.000000,34.561154,96.933493,0.422851,-44.206599,15702424749,30686.12,511711,511711
127,-2930215.0698,0.0000,2930215.0698,748688376.7557,3913.7980,0,0.000000,34.878324,84.402899,0.455494,-45.784610,15729713267,30686.85,512588,512588
128,-2859729.1249,0.0000,2859729.1249,735280585.7566,3889.3032,0,0.000000,34.722432,79.187848,0.487686,-44.683268,15729088632,30686.17,512579,512579
129,-2845504.4191,0.0000,2845504.4191,726755892.5107,3915.3510,0,0.000000,35.005573,91.169750,0.462343,-44.461007,15733393806,30686.25,512718,512718
130,-3020820.7854,0.0000,3020820.7854,766412196.4153,3941.5093,0,0.000000,36.315173,93.367837,0.448055,-47.200325,15723948703,30687.16,512395,512395
131,-2870075.6177,0.0000,2870075.6177,732995260.0796,3915.5446,0,0.000000,34.618499,90.000254,0.427560,-44.844932,15697459594,30686.55,511542,511542
132,-2891693.1070,0.0000,2891693.1070,739867540.5891,3908.3930,0,0.000000,33.952714,87.263238,0.479070,-45.182705,15714691717,30686.76,512100,512100
133,-2891996.8924,0.0000,2891996.8924,737543750.1896,3921.1191,0,0.000000,34.030601,84.998771,0.404643,-45.187451,15712158272,30686.73,512018,512018
134,-2881475.0578,0.0000,2881475.0578,736192950.3265,3914.0215,0,0.000000,33.886919,98.206980,0.412212,-45.023048,15736179915,30686.48,512805,512805
135,-2944182.5214,0.0000,2944182.5214,755342081.2239,3897.8134,0,0.000000,34.591589,106.349914,0.580977,-46.002852,15720351562,30686.79,512284,512284
136,-2922131.6399,0.0000,2922131.6399,749486388.1117,3898.8455,0,0.000000,34.485484,101.099601,0.474738,-45.658307,15711222015,30686.58,511990,511990
137,-2897029.2762,0.0000,2897029.2762,742945299.5285,3899.3844,0,0.000000,35.602312,91.404415,0.449399,-45.266082,15724225087,30686.92,512408,512408
138,-2893192.3689,0.0000,2893192.3689,740346745.9047,3907.8883,0,0.000000,35.811586,90.178022,0.469621,-45.206131,15726896893,30686.45,512503,512503
139,-2952725.4833,0.0000,2952725.4833,752866577.7048,3921.9771,0,0.000000,35.171188,103.823571,0.489066,-46.136336,15723211772,30686.86,512376,512376
140,-2929136.6720,0.0000,2929136.6720,750646539.2786,3902.1517,0,0.000000,33.296628,82.325999,0.449958,-45.767760,15723811106,30686.95,512394,512394
141,-2936584.2458,0.0000,2936584.2458,750263278.3432,3914.0717,0,0.000000,34.016239,112.082945,0.478929,-45.884129,15707832813,30686.85,511875,511875
142,-2885341.1429,0.0000,2885341.1429,738241852.1647,3908.3955,0,0.000000,34.058558,82.399395,0.492920,-45.083455,15695978790,30686.18,511500,511500
143,-2858451.1816,0.0000,2858451.1816,729403638.2277,3918.8880,0,0.000000,34.204558,87.012191,0.476212,-44.663300,15698205935,30686.27,511571,511571
144,-2893407.9169,0.0000,2893407.9169,742124455.5102,3898.8176,0,0.000000,34.085625,126.025162,0.529606,-45.209499,15676393418,30686.52,510856,510856
145,-2854139.0898,0.0000,2854139.0898,726265593.3503,3929.8834,0,0.000000,33.529742,103.969652,0.459585,-44.595923,15719423322,30686.24,512263,512263
146,-2889752.0742,0.0000,2889752.0742,742404512.6075,3892.4226,0,0.000000,33.978382,98.779532,0.483976,-45.152376,15728750945,30686.35,512565,512565
147,-2922567.2498,0.0000,2922567.2498,746984103.8103,3912.4892,0,0.000000,34.867580,96.838591,0.485846,-45.665113,15707771491,30686.79,511874,511874
148,-2863473.5567,0.0000,2863473.5567,730658978.1070,3919.0288,0,0.000000,35.169538,89.158090,0.472470,-44.741774,15748727034,30686.29,513217,513217
149,-2936808.2220,0.0000,2936808.2220,749779695.9254,3916.8948,0,0.000000,35.119511,92.586064,0.452326,-45.887628,15719361014,30686.77,512252,512252
150,-2834551.9271,0.0000,2834551.9271,724378493.1587,3913.0813,0,0.000000,34.761764,107.674026,0.428522,-44.289874,15725243759,30686.28,512452,512452
151,-2954164.8649,0.0000,2954164.8649,757572064.1782,3899.5166,0,0.000000,36.470369,94.785151,0.512371,-46.158826,15714614468,30686.79,512097,512097
152,-2854998.8504,0.0000,2854998.8504,728015384.7947,3921.6188,0,0.000000,34.919928,91.298995,0.405866,-44.609357,15705004612,30686.66,511786,511786
153,-2898127.5900,0.0000,2898127.5900,739274622.3502,3920.2314,0,0.000000,33.095399,82.563662,0.453932,-45.283244,15714278810,30686.62,512089,512089
154,-2874324.1777,0.0000,2874324.1777,739839710.5107,3885.0634,0,0.000000,34.698663,87.907415,0.486774,-44.911315,15733368242,30686.68,512710,512710
155,-2981014.6750,0.0000,2981014.6750,756961128.8066,3938.1344,0,0.000000,35.717093,113.906828,0.415957,-46.578354,15693866250,30687.20,511414,511414
156,-2937560.8256,0.0000,2937560.8256,752603754.2403,3903.1971,0,0.000000,34.543840,87.040206,0.472230,-45.899388,15721285701,30686.70,512316,512316
157,-2946406.0363,0.0000,2946406.0363,752167170.8726,3917.2223,0,0.000000,34.825663,100.169795,0.466131,-46.037594,15727199161,30686.80,512507,512507
158,-2852728.9974,0.0000,2852728.9974,725379030.4093,3932.7426,0,0.000000,33.168327,117.302697,0.405072,-44.573891,15729012592,30686.51,512571,512571
159,-2932804.5926,0.0000,2932804.5926,750574643.2287,3907.4123,0,0.000000,35.055448,94.343672,0.489808,-45.825072,15697028615,30686.91,511522,511522
160,-2993118.7582,0.0000,2993118.7582,757116032.4861,3953.3158,0,0.000000,35.969526,90.893732,0.523725,-46.767481,15706354012,30686.96,511825,511825
161,-2832715.8883,0.0000,2832715.8883,723498219.5578,3915.3046,0,0.000000,35.570741,116.405757,0.466329,-44.261186,15698624838,30686.37,511583,511583
162,-2849133.3588,0.0000,2849133.3588,730266052.2927,3901.5005,0,0.000000,33.261912,111.025715,0.513915,-44.517709,15714823548,30686.24,512113,512113
163,-2899096.0006,0.0000,2899096.0006,738139302.6217,3927.5730,0,0.000000,36.125593,122.246607,0.454642,-45.298375,15706637612,30686.56,511841,511841
164,-2873997.8501,0.0000,2873997.8501,728953517.4768,3942.6353,0,0.000000,36.315862,86.639072,0.470387,-44.906216,15709333702,30686.19,511935,511935
165,-2903775.0503,0.0000,2903775.0503,744404099.7826,3900.8048,0,0.000000,33.110965,102.824727,0.499787,-45.371485,15692057234,30686.61,511365,511365
166,-2869063.4945,0.0000,2869063.4945,734792220.9035,3904.5915,0,0.000000,35.301974,90.683881,0.498251,-44.829117,15707813374,30686.28,511884,511884
167,-3000101.3300,0.0000,3000101.3300,765783351.0195,3917.6894,0,0.000000,35.609748,77.406422,0.513258,-46.876583,15706571942,30686.97,511832,511832
168,-2911491.5254,0.0000,2911491.5254,744903605.4402,3908.5480,0,0.000000,35.436203,85.188748,0.545249,-45.492055,15692743066,30686.57,511388,511388
169,-2849765.5996,0.0000,2849765.5996,731443112.0719,3896.0865,0,0.000000,34.674515,84.848887,0.487495,-44.527587,15703650126,30686.30,511748,511748
170,-2918137.5604,0.0000,2918137.5604,739283785.3986,3947.2495,0,0.000000,35.093010,98.061025,0.446605,-45.595899,15713644012,30686.46,512071,512071
171,-2886280.9238,0.0000,2886280.9238,733873178.7450,3932.9424,0,0.000000,34.089399,88.719294,0.436289,-45.098139,15722715959,30686.49,512366,512366
172,-2837120.3893,0.0000,2837120.3893,725530592.2903,3910.4077,0,0.000000,34.259825,106.857780,0.459232,-44.330006,15710107119,30686.50,511955,511955
173,-2856753.9459,0.0000,2856753.9459,729216614.8390,3917.5656,0,0.000000,34.337914,93.528650,0.425607,-44.636780,15712148455,30686.47,512022,512022
174,-2895946.1455,0.0000,2895946.1455,739929421.8050,3913.8140,0,0.000000,33.918631,89.735979,0.437503,-45.249159,15723877026,30686.66,512401,512401
175,-2889317.9241,0.0000,2889317.9241,737898391.5453,3915.6040,0,0.000000,35.743660,89.616032,0.466980,-45.145593,15720998401,30686.38,512312,512312
176,-2776968.3517,0.0000,2776968.3517,707333428.1701,3925.9679,0,0.000000,34.799413,98.480720,0.462197,-43.390130,15718789297,30685.90,512248,512248
177,-2907405.2431,0.0000,2907405.2431,738914620.3486,3934.6971,0,0.000000,33.403785,88.193996,0.511789,-45.428207,15703163967,30686.54,511728,511728
178,-2990129.0334,0.0000,2990129.0334,766282821.6727,3902.1220,0,0.000000,35.640216,103.091269,0.477840,-46.720766,15721393218,30687.27,512310,512310
179,-2867527.1317,0.0000,2867527.1317,731567745.1193,3919.7014,0,0.000000,35.660631,96.721780,0.455524,-44.805111,15708754222,30686.61,511909,511909
180,-2830048.6722,0.0000,2830048.6722,725439870.1131,3901.1485,0,0.000000,33.719166,88.298968,0.470710,-44.219511,15738850516,30686.06,512899,512899
181,-2921416.0294,0.0000,2921416.0294,745620181.1111,3918.1021,0,0.000000,34.255549,96.683069,0.432729,-45.647125,15713474419,30686.84,512059,512059
182,-2883107.1617,0.0000,2883107.1617,736685011.4199,3913.6227,0,0.000000,35.225344,86.126180,0.437715,-45.048549,15729930155,30686.68,512598,512598
183,-2771804.6249,0.0000,2771804.6249,704342126.6961,3935.3100,0,0.000000,34.648846,94.744428,0.397670,-43.309447,15741112989,30685.87,512976,512976
184,-2895699.5406,0.0000,2895699.5406,739823678.0642,3914.0401,0,0.000000,35.140448,106.493128,0.429668,-45.245305,15688617695,30686.54,511254,511254
185,-2838070.0735,0.0000,2838070.0735,723825411.4159,3920.9318,0,0.000000,34.785237,87.549900,0.404340,-44.344845,15719338734,30686.01,512264,512264
186,-2903779.9825,0.0000,2903779.9825,742443305.4330,3911.1134,0,0.000000,34.164291,89.734363,0.421817,-45.371562,15688521136,30686.65,511249,511249
187,-2925590.5837,0.0000,2925590.5837,746967333.1032,3916.6245,0,0.000000,35.151894,81.945803,0.472950,-45.712353,15698045020,30686.74,511558,511558
188,-2940599.9602,0.0000,2940599.9602,750939554.2850,3915.8944,0,0.000000,35.005100,105.946841,0.447930,-45.946874,15666967143,30686.69,510546,510546
189,-2873935.6226,0.0000,2873935.6226,733786138.6498,3916.5848,0,0.000000,34.022964,87.350596,0.419778,-44.905244,15696783243,30686.55,511520,511520
190,-2883543.8018,0.0000,2883543.8018,732453642.5820,3936.8277,0,0.000000,34.267513,89.900216,0.363139,-45.055372,15725346708,30686.60,512450,512450
191,-2989245.4082,0.0000,2989245.4082,756915560.1912,3949.2456,0,0.000000,36.085055,100.425798,0.394314,-46.706960,15719874897,30687.30,512260,512260
192,-2891015.7653,0.0000,2891015.7653,742362239.6676,3894.3465,0,0.000000,35.672495,113.229626,0.549439,-45.172121,15716689370,30686.35,512172,512172
193,-2971351.5712,0.0000,2971351.5712,757003787.7943,3925.1476,0,0.000000,35.017576,92.285019,0.431394,-46.427368,15713924982,30687.24,512067,512067
194,-2895566.9218,0.0000,2895566.9218,738981295.6805,3918.3223,0,0.000000,33.814508,119.221913,0.538390,-45.243233,15691287757,30686.18,511347,511347
195,-2915129.4878,0.0000,2915129.4878,742335354.0006,3926.9711,0,0.000000,34.575832,102.235467,0.403731,-45.548898,15710566251,30686.56,511969,511969
196,-2909790.1251,0.0000,2909790.1251,741830988.2743,3922.4435,0,0.000000,34.636543,99.193288,0.410486,-45.465471,15715662850,30686.98,512128,512128
197,-2954497.5346,0.0000,2954497.5346,754327774.6850,3916.7291,0,0.000000,35.167823,100.651491,0.449812,-46.164024,15699901808,30687.07,511613,511613
198,-2942262.7450,0.0000,2942262.7450,746752991.7123,3940.0749,0,0.000000,35.478361,85.166420,0.432456,-45.972855,15697318292,30686.81,511533,511533
199,-2944092.6105,0.0000,2944092.6105,747557496.7929,3938.2825,0,0.000000,35.250043,103.872597,0.492489,-46.001447,15720846269,30686.74,512301,512301
200,-2891067.3519,0.0000,2891067.3519,735722292.8362,3929.5633,0,0.000000,33.894062,76.421249,0.474974,-45.172927,15684865225,30686.53,511132,511132
201,-2872791.6064,0.0000,2872791.6064,734405689.5167,3911.7230,0,0.000000,34.263094,87.711913,0.499708,-44.887369,15706234091,30686.19,511834,511834
202,-3011547.5837,0.0000,3011547.5837,768958168.7801,3916.3998,0,0.000000,35.503557,107.399192,0.528636,-47.055431,15710569053,30687.34,511956,511956
203,-3002190.9986,0.0000,3002190.9986,760730949.3977,3946.4557,0,0.000000,35.115307,90.177807,0.465172,-46.909234,15722177961,30687.00,512340,512340
204,-2930326.6386,0.0000,2930326.6386,747344416.3698,3920.9855,0,0.000000,35.934828,110.517642,0.500946,-45.786354,15724446782,30686.70,512419,512419
205,-2951672.1456,0.0000,2951672.1456,749162600.2374,3939.9620,0,0.000000,33.429596,92.370745,0.386752,-46.119877,15732197697,30686.73,512671,512671
206,-2919599.3306,0.0000,2919599.3306,738015589.3084,3956.0131,0,0.000000,35.407404,104.596127,0.425626,-45.618740,15717888812,30686.83,512203,512203
207,-2893585.6146,0.0000,2893585.6146,737917504.2188,3921.2860,0,0.000000,34.375815,97.438725,0.485381,-45.212275,15725572070,30686.68,512456,512456
208,-2947459.7894,0.0000,2947459.7894,756499208.3248,3896.1836,0,0.000000,33.583132,107.699940,0.532865,-46.054059,15727438364,30687.09,512510,512510
209,-2857917.5898,0.0000,2857917.5898,726350758.8280,3934.6246,0,0.000000,35.807639,97.737586,0.450488,-44.654962,15718011132,30686.06,512220,512220
210,-2884989.1331,0.0000,2884989.1331,737129256.9599,3913.8172,0,0.000000,35.252802,106.751921,0.426250,-45.077955,15712191430,30686.44,512024,512024
211,-2897723.4643,0.0000,2897723.4643,739521470.0418,3918.3764,0,0.000000,34.902604,94.726316,0.403303,-45.276929,15711466632,30686.88,511993,511993
212,-2917928.5848,0.0000,2917928.5848,743747645.4701,3923.2777,0,0.000000,35.069029,84.499681,0.424986,-45.592634,15687334627,30686.85,511207,511207
213,-2981747.2018,0.0000,2981747.2018,763562524.7923,3905.0465,0,0.000000,34.618477,88.366872,0.468224,-46.589800,15749045018,30687.21,513212,513212
214,-2906746.4788,0.0000,2906746.4788,741859182.3807,3918.1917,0,0.000000,33.974934,86.350677,0.491820,-45.417914,15707323502,30686.46,511865,511865
215,-2903749.3815,0.0000,2903749.3815,738784530.8058,3930.4415,0,0.000000,35.991119,89.107064,0.419820,-45.371084,15695295308,30686.64,511470,511470
216,-2896213.9145,0.0000,2896213.9145,741051018.8086,3908.2517,0,0.000000,35.405570,99.706219,0.488598,-45.253342,15717323188,30686.63,512188,512188
217,-2864661.8671,0.0000,2864661.8671,726292568.3402,3944.2258,0,0.000000,35.003209,96.131603,0.408662,-44.760342,15692259006,30686.58,511372,511372
218,-2890745.5056,0.0000,2890745.5056,736828680.8816,3923.2261,0,0.000000,34.985757,87.900789,0.453448,-45.167899,15720981288,30686.52,512309,512309
219,-2844292.9221,0.0000,2844292.9221,722554999.4001,3936.4380,0,0.000000,34.698484,83.256636,0.412750,-44.442077,15717931951,30686.38,512212,512212
220,-2918817.2119,0.0000,2918817.2119,745663880.3931,3914.3873,0,0.000000,35.570530,107.363784,0.463595,-45.606519,15747271858,30686.69,513163,513163
221,-2932020.5949,0.0000,2932020.5949,753181556.3019,3892.8470,0,0.000000,34.719417,102.096744,0.426428,-45.812822,15748886253,30687.14,513208,513208
222,-2940775.4741,0.0000,2940775.4741,751402182.0861,3913.7170,0,0.000000,35.329710,95.973387,0.417376,-45.949617,15743064452,30687.10,513019,513019
223,-2887850.4756,0.0000,2887850.4756,736878953.2673,3919.0297,0,0.000000,35.169586,90.466610,0.422688,-45.122664,15709958726,30686.39,511952,511952
224,-2968911.1454,0.0000,2968911.1454,758435202.2633,3914.5218,0,0.000000,34.985418,98.863316,0.515605,-46.389237,15727455887,30687.12,512510,512510
225,-2919340.9005,0.0000,2919340.9005,747645601.1995,3904.7122,0,0.000000,33.797506,81.064495,0.561107,-45.614702,15693428568,30686.53,511411,511411
226,-2907164.4904,0.0000,2907164.4904,743429741.5562,3910.4764,0,0.000000,34.398683,85.618058,0.448908,-45.424445,15729153021,30686.96,512568,512568
227,-2971710.8457,0.0000,2971710.8457,759664413.5750,3911.8732,0,0.000000,34.562985,102.901664,0.512065,-46.432982,15735913382,30687.10,512786,512786
228,-2927235.4683,0.0000,2927235.4683,744361821.0610,3932.5438,0,0.000000,35.563850,103.349330,0.399468,-45.738054,15701738864,30686.88,511676,511676
229,-2934084.9161,0.0000,2934084.9161,751493284.3097,3904.3395,0,0.000000,35.178381,102.789383,0.489468,-45.845077,15715396712,30686.82,512122,512122
230,-2878741.4039,0.0000,2878741.4039,734823413.8994,3917.5962,0,0.000000,35.236032,98.135259,0.428539,-44.980334,15709345538,30686.09,511937,511937
231,-2897286.0492,0.0000,2897286.0492,736633745.5404,3933.1433,0,0.000000,34.894377,85.635370,0.522576,-45.270095,15732104184,30686.43,512673,512673
232,-2870344.7857,0.0000,2870344.7857,731824883.9460,3922.1743,0,0.000000,35.287337,104.032873,0.405166,-44.849137,15694436543,30686.34,511447,511447
233,-2907932.9121,0.0000,2907932.9121,745334643.3614,3901.5131,0,0.000000,35.141632,93.191524,0.453012,-45.436452,15712639345,30686.95,512030,512030
234,-2901794.4890,0.0000,2901794.4890,735730530.4614,3944.0996,0,0.000000,35.103484,85.787725,0.482264,-45.340539,15711848817,30686.61,512010,512010
235,-2942021.0820,0.0000,2942021.0820,753458957.6279,3904.6866,0,0.000000,35.385540,110.991444,0.483536,-45.969079,15718514169,30686.98,512221,512221
236,-2910380.0536,0.0000,2910380.0536,739945372.4286,3933.2364,0,0.000000,35.349428,87.607551,0.381009,-45.474688,15728529774,30686.82,512550,512550
237,-2900394.0312,0.0000,2900394.0312,739484160.6856,3922.1855,0,0.000000,35.477607,110.021545,0.452825,-45.318657,15709076111,30686.58,511920,511920
238,-2923353.0790,0.0000,2923353.0790,746476552.7524,3916.2021,0,0.000000,35.171265,104.445267,0.413922,-45.677392,15698451108,30687.11,511565,511565
239,-2891155.3779,0.0000,2891155.3779,736095773.3782,3927.6891,0,0.000000,35.297383,88.477573,0.421494,-45.174303,15722378541,30686.49,512355,512355
240,-2808396.3616,0.0000,2808396.3616,713494123.5432,3936.1170,0,0.000000,34.233876,80.622640,0.424423,-43.881193,15726210372,30686.01,512488,512488
241,-2908072.3989,0.0000,2908072.3989,745274467.5526,3902.0153,0,0.000000,33.945329,97.855753,0.487102,-45.438631,15701489919,30686.69,511671,511671
242,-2853031.8075,0.0000,2853031.8075,730202570.0480,3907.1785,0,0.000000,34.524112,92.180352,0.413657,-44.578622,15710818634,30686.39,511980,511980
243,-2905285.0011,0.0000,2905285.0011,743890065.4640,3905.5300,0,0.000000,35.207573,102.077909,0.473799,-45.395078,15708926176,30686.77,511912,511912
244,-2917255.3403,0.0000,2917255.3403,743173553.0573,3925.4025,0,0.000000,35.487540,84.876845,0.407767,-45.582115,15706725303,30686.91,511838,511838
245,-2944847.5213,0.0000,2944847.5213,754093595.0283,3905.1486,0,0.000000,35.468540,127.755849,0.466842,-46.013243,15710372192,30686.78,511959,511959
246,-2917039.1000,0.0000,2917039.1000,742409679.3621,3929.1501,0,0.000000,34.693653,90.401682,0.442108,-45.578736,15710629614,30686.44,511973,511973
247,-2888924.1669,0.0000,2888924.1669,735943367.6570,3925.4708,0,0.000000,35.355590,103.518220,0.463306,-45.139440,15711153074,30686.45,511990,511990
248,-2937065.4613,0.0000,2937065.4613,750858559.2424,3911.6095,0,0.000000,35.342543,95.412433,0.542400,-45.891648,15716124760,30686.63,512149,512149
249,-2870609.8894,0.0000,2870609.8894,731460432.1900,3924.4910,0,0.000000,34.654147,84.541241,0.448886,-44.853280,15735289723,30686.60,512774,512774
250,-2842296.2256,0.0000,2842296.2256,722574348.5149,3933.5692,0,0.000000,34.485817,92.940030,0.415206,-44.410879,15700799392,30686.30,511655,511655
251,-2907308.0156,0.0000,2907308.0156,742984537.8248,3913.0128,0,0.000000,34.398343,92.368538,0.446262,-45.426688,15686939391,30686.68,511197,511197
252,-2883445.4885,0.0000,2883445.4885,736192745.7065,3916.6991,0,0.000000,33.773291,83.874355,0.467815,-45.053836,15704099860,30686.69,511756,511756
253,-2804843.8435,0.0000,2804843.8435,715328699.6678,3921.0559,0,0.000000,35.646675,90.136341,0.408761,-43.825685,15721577361,30686.07,512336,512336
254,-2880901.8454,0.0000,2880901.8454,737358175.7489,3907.0589,0,0.000000,33.607110,79.195501,0.455085,-45.014091,15696317819,30686.84,511500,511500
255,-2814226.0826,0.0000,2814226.0826,717626871.0805,3921.5729,0,0.000000,34.276987,107.645225,0.426200,-43.972283,15706680430,30685.62,511858,511858
256,-2885197.5225,0.0000,2885197.5225,739126797.0594,3903.5217,0,0.000000,34.385288,116.501009,0.397382,-45.081211,15708878626,30686.68,511912,511912
257,-2937921.9237,0.0000,2937921.9237,750064282.8572,3916.8935,0,0.000000,35.341084,97.730206,0.522584,-45.905030,15739043872,30686.56,512897,512897
258,-2950302.7983,0.0000,2950302.7983,754321426.6988,3911.2011,0,0.000000,35.128029,98.856274,0.444021,-46.098481,15701332145,30686.92,511662,511662
259,-2878760.1945,0.0000,2878760.1945,737370609.7540,3904.0886,0,0.000000,35.082008,91.902660,0.411923,-44.980628,15714870720,30686.15,512116,512116
260,-2888943.0391,0.0000,2888943.0391,737323832.8983,3918.1468,0,0.000000,34.986981,85.389578,0.435445,-45.139735,15722670883,30686.59,512363,512363
261,-2837644.3294,0.0000,2837644.3294,722614823.3509,3926.9113,0,0.000000,34.720145,104.589207,0.429704,-44.338193,15742975271,30685.97,513035,513035
262,-2913655.2659,0.0000,2913655.2659,741684298.1207,3928.4306,0,0.000000,35.547092,82.374441,0.477563,-45.525864,15693150980,30686.35,511405,511405
263,-2911228.4801,0.0000,2911228.4801,743206196.0157,3917.1208,0,0.000000,35.807502,89.275359,0.441076,-45.487945,15722574603,30686.76,512357,512357
264,-2885635.8488,0.0000,2885635.8488,733923299.4964,3931.7948,0,0.000000,33.484146,104.616146,0.382059,-45.088060,15700921680,30686.48,511656,511656
265,-2891269.7920,0.0000,2891269.7920,739485748.9856,3909.8384,0,0.000000,33.666756,93.134762,0.495112,-45.176091,15725795340,30686.16,512472,512472
266,-2960449.4296,0.0000,2960449.4296,751390604.8680,3939.9607,0,0.000000,36.091991,88.028267,0.416131,-46.257022,15703072057,30687.08,511716,511716
267,-2839091.0606,0.0000,2839091.0606,725274355.7440,3914.5063,0,0.000000,34.643974,79.115389,0.442836,-44.360798,15729849384,30686.40,512600,512600
268,-2981498.5543,0.0000,2981498.5543,760715286.7015,3919.3357,0,0.000000,35.085502,94.222238,0.475511,-46.585915,15712227274,30687.22,512012,512012
269,-2906745.3865,0.0000,2906745.3865,744519537.8938,3904.1895,0,0.000000,34.675577,98.534117,0.443683,-45.417897,15708725664,30686.80,511905,511905
270,-2890195.8088,0.0000,2890195.8088,738148509.2218,3915.4666,0,0.000000,35.085782,109.639775,0.448064,-45.159310,15694732348,30686.50,511454,511454
271,-2919390.3034,0.0000,2919390.3034,745937981.2993,3913.7172,0,0.000000,35.423657,90.722440,0.536446,-45.615473,15704671022,30686.43,511779,511779
272,-2842186.1578,0.0000,2842186.1578,724955430.1999,3920.4978,0,0.000000,33.390141,101.574814,0.368041,-44.409159,15693648061,30686.60,511417,511417
273,-2856336.1136,0.0000,2856336.1136,729823924.9807,3913.7332,0,0.000000,33.053811,106.380372,0.440097,-44.630252,15680855553,30686.85,510996,510996
274,-2886238.6464,0.0000,2886238.6464,738223895.1650,3909.7063,0,0.000000,33.799291,97.151947,0.499054,-45.097479,15694365845,30686.74,511438,511438
275,-2965430.7954,0.0000,2965430.7954,757205549.6745,3916.2824,0,0.000000,34.248126,97.265568,0.525674,-46.334856,15726312962,30687.05,512474,512474
276,-2851656.1125,0.0000,2851656.1125,725183913.4476,3932.3212,0,0.000000,34.691095,103.565776,0.427624,-44.557127,15725084153,30686.32,512446,512446
277,-2882582.0494,0.0000,2882582.0494,738335529.9430,3904.1627,0,0.000000,35.535267,90.694214,0.444893,-45.040345,15732963696,30686.37,512702,512702
278,-2923594.7398,0.0000,2923594.7398,749415257.2893,3901.1679,0,0.000000,34.492552,83.342002,0.464878,-45.681168,15726230504,30686.76,512476,512476
279,-2986392.2988,0.0000,2986392.2988,765346002.8239,3902.0159,0,0.000000,35.329657,81.280353,0.516441,-46.662380,15699832701,30687.17,511609,511609
280,-2971527.5252,0.0000,2971527.5252,754156669.9353,3940.1992,0,0.000000,33.614184,103.997749,0.451491,-46.430118,15720281065,30686.89,512280,512280
281,-2927212.3068,0.0000,2927212.3068,750110465.8705,3902.3750,0,0.000000,33.829481,78.927495,0.471894,-45.737692,15723333838,30686.92,512379,512379
282,-2860199.0219,0.0000,2860199.0219,725718505.7379,3941.1962,0,0.000000,34.533428,91.656513,0.344478,-44.690610,15708450274,30686.56,511900,511900
283,-2872221.4596,0.0000,2872221.4596,733268165.7302,3917.0137,0,0.000000,34.450049,97.741215,0.427291,-44.878460,15699437153,30686.88,511601,511601
284,-2904804.7722,0.0000,2904804.7722,741976156.5674,3914.9570,0,0.000000,33.357700,90.196573,0.463795,-45.387575,15710588391,30686.90,511964,511964
285,-2900507.6276,0.0000,2900507.6276,739496245.8401,3922.2750,0,0.000000,35.274532,92.521297,0.432470,-45.320432,15725806151,30686.42,512468,512468
286,-2881230.7022,0.0000,2881230.7022,731449851.1581,3939.0680,0,0.000000,32.851826,88.023036,0.388408,-45.019230,15684741230,30686.52,511128,511128
287,-2859830.1324,0.0000,2859830.1324,729574968.6862,3919.8578,0,0.000000,33.779025,88.844541,0.442576,-44.684846,15726286497,30686.34,512485,512485
288,-2905256.6623,0.0000,2905256.6623,736173559.2829,3946.4290,0,0.000000,35.274583,134.312763,0.436129,-45.394635,15707610246,30686.54,511873,511873
289,-2862516.5519,0.0000,2862516.5519,729903267.9371,3921.7752,0,0.000000,34.664639,97.157599,0.427671,-44.726821,15709248687,30686.44,511928,511928
290,-2983142.0451,0.0000,2983142.0451,760312467.5956,3923.5738,0,0.000000,33.995635,95.576707,0.461558,-46.611594,15724004030,30687.33,512394,512394
291,-2824497.3624,0.0000,2824497.3624,721460948.4092,3914.9692,0,0.000000,33.740719,81.971162,0.443610,-44.132771,15700437606,30686.07,511647,511647
292,-2834943.7286,0.0000,2834943.7286,723166932.8930,3920.1789,0,0.000000,34.756879,86.720529,0.448803,-44.295996,15688862186,30686.42,511264,511264
293,-2928335.4017,0.0000,2928335.4017,748476764.4801,3912.3932,0,0.000000,34.353129,96.815760,0.445756,-45.755241,15730730544,30686.86,512621,512621
294,-2889679.4843,0.0000,2889679.4843,737665460.4764,3917.3306,0,0.000000,35.754862,90.597978,0.435256,-45.151242,15700187402,30686.48,511632,511632
295,-2889329.2693,0.0000,2889329.2693,736244257.9577,3924.4167,0,0.000000,35.429384,87.778772,0.402349,-45.145770,15710793311,30686.64,511975,511975
296,-2926935.7077,0.0000,2926935.7077,746576089.9123,3920.4788,0,0.000000,34.487880,98.822490,0.418898,-45.733370,15713932227,30687.08,512070,512070
297,-2888983.4187,0.0000,2888983.4187,736752446.4033,3921.2403,0,0.000000,34.390278,79.669080,0.461708,-45.140366,15740387992,30686.19,512947,512947
298,-2857747.0151,0.0000,2857747.0151,727747147.5518,3926.8406,0,0.000000,34.906061,91.135065,0.414463,-44.652297,15714562005,30686.57,512099,512099
299,-2900501.0630,0.0000,2900501.0630,744338176.0772,3896.7517,0,0.000000,34.809177,100.806482,0.495539,-45.320329,15706041593,30686.71,511819,511819
300,-2893559.0272,0.0000,2893559.0272,739283378.0388,3914.0053,0,0.000000,35.031419,89.276626,0.441331,-45.211860,15707865391,30686.62,511880,511880
301,-2955550.0768,0.0000,2955550.0768,754793914.2034,3915.7047,0,0.000000,35.027864,97.555328,0.418694,-46.180470,15695581988,30686.96,511474,511474
302,-2918638.3516,0.0000,2918638.3516,745018262.1592,3917.5393,0,0.000000,36.513557,104.510481,0.446845,-45.603724,15717077507,30686.93,512175,512175
303,-2869593.0339,0.0000,2869593.0339,734855954.0920,3904.9735,0,0.000000,35.325982,103.190430,0.497294,-44.837391,15723708662,30686.27,512402,512402
304,-2886592.5822,0.0000,2886592.5822,738446428.0090,3909.0074,0,0.000000,34.264044,96.144763,0.458327,-45.103009,15712054423,30686.59,512017,512017
305,-2903558.2633,0.0000,2903558.2633,738521771.1429,3931.5811,0,0.000000,35.498583,104.058457,0.414044,-45.368098,15722631366,30686.87,512357,512357
306,-2870202.3496,0.0000,2870202.3496,735252395.4500,3903.6967,0,0.000000,34.787328,110.846475,0.412699,-44.846912,15714766123,30686.67,512104,512104
307,-2839112.9697,0.0000,2839112.9697,724085278.7829,3920.9649,0,0.000000,33.343793,86.650054,0.428257,-44.361140,15720853627,30686.33,512308,512308
308,-2953471.1569,0.0000,2953471.1569,753791062.7661,3918.1562,0,0.000000,33.823363,93.872612,0.520218,-46.147987,15731328698,30686.77,512642,512642
309,-2801404.9413,0.0000,2801404.9413,716433337.7428,3910.2102,0,0.000000,33.963379,88.983807,0.539625,-43.771952,15711741613,30685.68,512022,512022
310,-2941197.5731,0.0000,2941197.5731,746943534.1620,3937.6438,0,0.000000,33.662589,81.661469,0.523780,-45.956212,15715233533,30686.50,512122,512122
311,-2882189.0434,0.0000,2882189.0434,737465250.0551,3908.2371,0,0.000000,34.993145,108.445559,0.444787,-45.034204,15715552571,30686.47,512133,512133
312,-2882917.0118,0.0000,2882917.0118,736682547.1070,3913.3776,0,0.000000,34.344779,88.229311,0.447027,-45.045578,15720315163,30686.66,512285,512285
313,-2803097.9159,0.0000,2803097.9159,715198485.2463,3919.3287,0,0.000000,34.831370,89.952982,0.451703,-43.798405,15725711795,30686.17,512469,512469
314,-2898258.8694,0.0000,2898258.8694,740029671.6063,3916.4090,0,0.000000,34.873264,97.128805,0.459030,-45.285295,15708374676,30686.71,511895,511895
315,-2887865.8591,0.0000,2887865.8591,738591562.8124,3909.9632,0,0.000000,35.310534,97.454385,0.483550,-45.122904,15728321266,30686.77,512544,512544
316,-2920075.8125,0.0000,2920075.8125,749096853.2886,3898.1285,0,0.000000,36.408149,102.104063,0.504038,-45.626185,15727953625,30686.71,512533,512533
317,-2861948.2994,0.0000,2861948.2994,728814547.8914,3926.8540,0,0.000000,35.841693,84.174279,0.346916,-44.717942,15710499969,30686.73,511964,511964
318,-2901583.4412,0.0000,2901583.4412,738955948.1415,3926.5987,0,0.000000,35.508998,97.586437,0.466928,-45.337241,15732950709,30686.58,512698,512698
319,-2896081.3335,0.0000,2896081.3335,737407944.9906,3927.3802,0,0.000000,35.766505,96.533575,0.457267,-45.251271,15725236745,30686.62,512446,512446
320,-2855122.2666,0.0000,2855122.2666,728299495.1874,3920.2585,0,0.000000,35.004755,96.096420,0.419935,-44.611285,15711255387,30686.47,511993,511993
321,-2900922.2986,0.0000,2900922.2986,744840935.1614,3894.6870,0,0.000000,35.791802,97.583629,0.457586,-45.326911,15705181929,30686.65,511792,511792
322,-2808558.7388,0.0000,2808558.7388,717312473.3130,3915.3909,0,0.000000,33.128701,91.250751,0.392577,-43.883730,15699878817,30686.00,511630,511630
323,-2840123.9536,0.0000,2840123.9536,726059463.2881,3911.6961,0,0.000000,33.724019,103.303871,0.510010,-44.376937,15714005308,30686.08,512089,512089
324,-2867216.2364,0.0000,2867216.2364,734606648.6495,3903.0633,0,0.000000,34.527272,95.391948,0.483391,-44.800254,15719029038,30686.48,512246,512246
325,-2848669.3816,0.0000,2848669.3816,730144077.4353,3901.5168,0,0.000000,34.226595,106.396382,0.437576,-44.510459,15694266013,30686.49,511439,511439
326,-2943667.1273,0.0000,2943667.1273,748477810.1876,3932.8716,0,0.000000,34.744425,99.922895,0.393531,-45.994799,15722846468,30687.11,512360,512360
327,-2877181.8520,0.0000,2877181.8520,734411836.3847,3917.6681,0,0.000000,33.926745,93.720393,0.465267,-44.955966,15719864020,30686.32,512276,512276
328,-2918520.2900,0.0000,2918520.2900,744451595.4645,3920.3627,0,0.000000,35.434765,119.072801,0.446270,-45.601880,15714380234,30686.63,512092,512092
329,-2875934.5939,0.0000,2875934.5939,737574896.8534,3899.1763,0,0.000000,35.627703,90.560891,0.467926,-44.936478,15698521401,30686.77,511573,511573
330,-2850558.3688,0.0000,2850558.3688,727126485.8824,3920.3061,0,0.000000,34.151815,81.636672,0.412000,-44.539975,15708311945,30686.35,511899,511899
331,-2879608.4384,0.0000,2879608.4384,735978723.3173,3912.6246,0,0.000000,34.344352,94.357969,0.446080,-44.993882,15705107853,30686.75,511788,511788
332,-2913245.9991,0.0000,2913245.9991,741797620.4397,3927.2787,0,0.000000,35.139076,81.883460,0.458136,-45.519469,15703414493,30686.79,511732,511732
333,-2962395.1736,0.0000,2962395.1736,753755759.8272,3930.1792,0,0.000000,35.153012,96.934899,0.435468,-46.287425,15684771808,30687.24,511117,511117
334,-2871621.6022,0.0000,2871621.6022,731889450.5776,3923.5729,0,0.000000,34.931206,87.725305,0.415125,-44.869088,15686306080,30686.70,511176,511176
335,-2857393.2698,0.0000,2857393.2698,729298064.8191,3918.0047,0,0.000000,34.539062,97.967850,0.404662,-44.646770,15720033161,30686.77,512274,512274
336,-2878897.8255,0.0000,2878897.8255,734857724.8881,3917.6261,0,0.000000,34.698631,87.655721,0.493406,-44.982779,15675474846,30686.40,510828,510828
337,-2899537.8600,0.0000,2899537.8600,740429967.9012,3916.0191,0,0.000000,34.034962,108.430698,0.468595,-45.305279,15729256324,30686.50,512579,512579
338,-2868799.9430,0.0000,2868799.9430,733505455.5672,3911.0819,0,0.000000,35.090671,100.119017,0.414961,-44.824999,15710666561,30686.75,511969,511969
339,-2907716.8880,0.0000,2907716.8880,742699475.4738,3915.0652,0,0.000000,35.505231,92.848609,0.487794,-45.433076,15724937988,30686.52,512438,512438
340,-2879876.0293,0.0000,2879876.0293,731685282.9402,3935.9491,0,0.000000,34.272586,87.297268,0.405892,-44.998063,15725360707,30686.62,512450,512450
341,-2807609.6915,0.0000,2807609.6915,709700095.3654,3956.0509,0,0.000000,33.713317,86.162010,0.407309,-43.868901,15709840265,30685.74,511959,511959
342,-2938291.8660,0.0000,2938291.8660,747921632.5923,3928.6093,0,0.000000,34.701075,91.725242,0.440441,-45.910810,15714580686,30686.85,512095,512095
343,-2862814.0002,0.0000,2862814.0002,733554742.2797,3902.6590,0,0.000000,34.316972,89.321391,0.465452,-44.731469,15721331689,30686.73,512317,512317
344,-2881337.6935,0.0000,2881337.6935,735811032.1280,3915.8664,0,0.000000,33.405610,89.596159,0.455213,-45.020901,15736021288,30686.53,512799,512799
345,-2871808.0249,0.0000,2871808.0249,728565803.9083,3941.7277,0,0.000000,33.261427,85.732742,0.454523,-44.872000,15708988455,30686.29,511922,511922
346,-2922154.6020,0.0000,2922154.6020,746054627.1432,3916.8105,0,0.000000,34.139449,108.691363,0.408178,-45.658666,15725687460,30686.72,512459,512459
347,-2903052.3591,0.0000,2903052.3591,743069733.7438,3906.8370,0,0.000000,34.618107,104.256524,0.468686,-45.360193,15704094026,30686.68,511756,511756
348,-2940353.6539,0.0000,2940353.6539,750678716.1228,3916.9269,0,0.000000,35.908723,97.433039,0.407493,-45.943026,15702814754,30687.00,511709,511709
349,-2891990.9680,0.0000,2891990.9680,732630472.6512,3947.4074,0,0.000000,35.025654,90.181506,0.424525,-45.187359,15748794981,30686.48,513216,513216
350,-2967904.6678,0.0000,2967904.6678,754499255.9057,3933.6085,0,0.000000,35.312166,97.525938,0.380656,-46.373510,15700420142,30687.36,511625,511625
351,-3019327.4230,0.0000,3019327.4230,772317879.7448,3909.4361,0,0.000000,35.521218,95.133202,0.483863,-47.176991,15729407947,30687.46,512568,512568
352,-2883604.1666,0.0000,2883604.1666,736053567.4913,3917.6553,0,0.000000,35.232550,98.710141,0.383881,-45.056315,15694753341,30686.66,511452,511452
353,-2903611.6084,0.0000,2903611.6084,742903589.9518,3908.4636,0,0.000000,35.669582,105.199805,0.484258,-45.368931,15714530347,30686.39,512101,512101
354,-2859268.0128,0.0000,2859268.0128,723631202.1553,3951.2779,0,0.000000,34.705011,100.228566,0.406977,-44.676063,15722030755,30686.29,512347,512347
355,-2881223.4699,0.0000,2881223.4699,735150632.9480,3919.2287,0,0.000000,35.348088,108.777893,0.431662,-45.019117,15716811634,30686.77,512169,512169
356,-2843801.4922,0.0000,2843801.4922,727643521.3835,3908.2345,0,0.000000,35.313556,95.302167,0.399268,-44.434398,15716479743,30686.36,512165,512165
357,-2847117.8504,0.0000,2847117.8504,725300279.9064,3925.4333,0,0.000000,34.149867,88.979567,0.412151,-44.486216,15741904505,30686.21,512996,512996
358,-2959110.6079,0.0000,2959110.6079,752278669.7023,3933.5299,0,0.000000,35.747378,110.579887,0.499364,-46.236103,15691179685,30686.93,511331,511331
359,-2838722.1067,0.0000,2838722.1067,717949676.9514,3953.9291,0,0.000000,34.631553,89.320823,0.387206,-44.355033,15724035288,30686.31,512412,512412
360,-2859405.6786,0.0000,2859405.6786,727669589.7199,3929.5385,0,0.000000,34.839652,93.896649,0.398509,-44.678214,15718890184,30686.69,512238,512238
361,-2970866.1596,0.0000,2970866.1596,758583191.9451,3916.3353,0,0.000000,36.256776,104.156716,0.533014,-46.419784,15713236740,30686.80,512052,512052
362,-2900810.7423,0.0000,2900810.7423,739059964.8140,3925.0005,0,0.000000,34.677825,82.072123,0.394645,-45.325168,15679318592,30686.66,510949,510949
363,-2842658.5253,0.0000,2842658.5253,723193203.6857,3930.7041,0,0.000000,33.917082,141.063376,0.407466,-44.416539,15703248390,30686.35,511734,511734
364,-2964700.7661,0.0000,2964700.7661,753686371.0368,3933.6001,0,0.000000,34.955198,81.164520,0.387784,-46.323449,15730311816,30687.24,512601,512601
365,-2880381.7352,0.0000,2880381.7352,734175933.2015,3923.2854,0,0.000000,34.242797,99.254557,0.438016,-45.005965,15729763227,30686.41,512597,512597
366,-2927482.6134,0.0000,2927482.6134,745349433.6214,3927.6646,0,0.000000,34.415552,85.493989,0.408409,-45.741916,15708096693,30687.19,511878,511878
367,-2903849.8461,0.0000,2903849.8461,738697352.5354,3931.0414,0,0.000000,34.985380,103.735598,0.424315,-45.372654,15731999270,30686.41,512670,512670
368,-2898920.7146,0.0000,2898920.7146,742613803.3969,3903.6720,0,0.000000,35.139995,103.835877,0.519182,-45.295636,15682059977,30686.44,511042,511042
369,-2897651.6848,0.0000,2897651.6848,738844565.4281,3921.8691,0,0.000000,34.467580,87.861109,0.487151,-45.275808,15743019559,30686.35,513030,513030
370,-2866437.4821,0.0000,2866437.4821,731874381.6481,3916.5703,0,0.000000,33.789878,96.989871,0.417578,-44.788086,15730605871,30686.74,512619,512619
371,-2890668.0474,0.0000,2890668.0474,738749856.5548,3912.9186,0,0.000000,35.672652,101.418629,0.407503,-45.166688,15707053555,30686.83,511850,511850
372,-2938652.0381,0.0000,2938652.0381,752188388.6735,3906.8032,0,0.000000,34.796866,101.077254,0.471797,-45.916438,15714416561,30687.01,512087,512087
373,-2920902.1869,0.0000,2920902.1869,744885206.5858,3921.2783,0,0.000000,34.391688,94.551611,0.460967,-45.639097,15731599493,30686.76,512651,512651
374,-2957299.4844,0.0000,2957299.4844,754136050.9986,3921.4403,0,0.000000,34.571116,126.186718,0.426691,-46.207804,15715446783,30686.86,512123,512123
375,-2903777.8540,0.0000,2903777.8540,740709511.0019,3920.2654,0,0.000000,34.911090,96.060121,0.465003,-45.371529,15701757760,30686.79,511678,511678
376,-2878145.1278,0.0000,2878145.1278,735104135.5563,3915.2890,0,0.000000,34.081419,103.992173,0.439632,-44.971018,15701985252,30686.70,511687,511687
377,-2960409.0811,0.0000,2960409.0811,760003382.9772,3895.2578,0,0.000000,36.228806,103.350663,0.505998,-46.256392,15712583878,30687.08,512026,512026
378,-2839185.8559,0.0000,2839185.8559,723776587.1103,3922.7379,0,0.000000,35.547272,105.000777,0.420024,-44.362279,15690475938,30686.16,511321,511321
379,-2842003.4033,0.0000,2842003.4033,722947198.3411,3931.1355,0,0.000000,33.949941,80.705490,0.414043,-44.406303,15726886109,30686.55,512501,512501
380,-2871874.7746,0.0000,2871874.7746,732201250.6887,3922.2478,0,0.000000,34.888979,89.853616,0.434006,-44.873043,15735185545,30686.45,512773,512773
381,-2899112.0410,0.0000,2899112.0410,741353162.6493,3910.5681,0,0.000000,35.253024,98.707865,0.453833,-45.298626,15726779368,30686.52,512498,512498
382,-2922468.4073,0.0000,2922468.4073,744368880.6077,3926.1023,0,0.000000,35.236859,99.130378,0.406936,-45.663569,15738069212,30686.75,512862,512862
383,-2888739.3582,0.0000,2888739.3582,736432651.7708,3922.6117,0,0.000000,35.489870,100.656658,0.423899,-45.136552,15708079670,30686.56,511888,511888
384,-2971068.7387,0.0000,2971068.7387,753905831.4434,3940.9017,0,0.000000,34.581404,97.870891,0.436525,-46.422949,15708277024,30687.06,511886,511886
385,-2895743.9649,0.0000,2895743.9649,737171258.4720,3928.1835,0,0.000000,36.177652,93.180815,0.392750,-45.245999,15736883462,30686.71,512824,512824
386,-2816675.2696,0.0000,2816675.2696,721053880.1954,3906.3312,0,0.000000,34.473822,80.220786,0.451103,-44.010551,15703262909,30686.26,511736,511736
387,-2859928.1559,0.0000,2859928.1559,726651705.1743,3935.7620,0,0.000000,34.534859,88.514267,0.410468,-44.686377,15697274186,30686.67,511534,511534
388,-2915488.7869,0.0000,2915488.7869,740705833.8150,3936.0953,0,0.000000,34.428854,83.781065,0.423858,-45.554512,15716202520,30686.84,512148,512148
389,-2839340.2519,0.0000,2839340.2519,728348256.9583,3898.3278,0,0.000000,35.437161,82.739866,0.443650,-44.364691,15720089400,30686.28,512284,512284
390,-2921234.2258,0.0000,2921234.2258,748654830.7703,3901.9774,0,0.000000,33.460105,102.141242,0.495752,-45.644285,15679549864,30687.05,510950,510950
391,-2930328.7153,0.0000,2930328.7153,747203970.5634,3921.7253,0,0.000000,35.476964,84.949561,0.419712,-45.786386,15709525539,30686.62,511934,511934
392,-2922222.8516,0.0000,2922222.8516,743710941.1038,3929.2455,0,0.000000,35.100339,88.998687,0.446909,-45.659732,15696984603,30687.12,511517,511517
393,-2835240.5066,0.0000,2835240.5066,719769139.8283,3939.0971,0,0.000000,35.342917,88.586285,0.364153,-44.300633,15727781369,30686.26,512535,512535
394,-2937827.4517,0.0000,2937827.4517,752957360.7310,3901.7182,0,0.000000,35.635433,99.972185,0.442176,-45.903554,15719891628,30687.15,512263,512263
395,-2880525.0472,0.0000,2880525.0472,734732823.9828,3920.5068,0,0.000000,33.345720,97.487413,0.416943,-45.008204,15727345296,30686.72,512513,512513
396,-2919756.8305,0.0000,2919756.8305,743711685.0721,3925.9257,0,0.000000,36.565478,97.969741,0.397415,-45.621200,15714259920,30687.00,512082,512082
397,-2863102.7242,0.0000,2863102.7242,733600594.2881,3902.8086,0,0.000000,34.717870,90.449899,0.436470,-44.735980,15702932908,30686.69,511718,511718
398,-2873207.8849,0.0000,2873207.8849,730249180.7822,3934.5582,0,0.000000,35.251236,113.581781,0.391320,-44.893873,15708713168,30686.59,511908,511908
399,-2967047.4818,0.0000,2967047.4818,759036996.0745,3908.9629,0,0.000000,34.313220,97.472723,0.524537,-46.360117,15713595635,30687.02,512060,512060
400,-2875749.7850,0.0000,2875749.7850,732093731.0929,3928.1169,0,0.000000,35.265435,91.406056,0.410791,-44.933590,15723597422,30686.54,512394,512394
401,-2915795.0980,0.0000,2915795.0980,742862576.9621,3925.0801,0,0.000000,35.005999,93.948281,0.437522,-45.559298,15748700032,30686.66,513210,513210
402,-2935031.5411,0.0000,2935031.5411,746922414.4856,3929.4999,0,0.000000,33.992035,98.566915,0.384538,-45.859868,15712298070,30687.24,512014,512014
403,-2914977.2773,0.0000,2914977.2773,744846373.4089,3913.5282,0,0.000000,33.768720,86.789896,0.508686,-45.546520,15702224596,30686.57,511697,511697
404,-2970889.7706,0.0000,2970889.7706,755368388.8830,3933.0343,0,0.000000,35.992602,93.083562,0.459512,-46.420153,15712289534,30686.99,512018,512018
405,-2848060.1223,0.0000,2848060.1223,722524989.9104,3941.8154,0,0.000000,34.626065,94.334411,0.378462,-44.500939,15695924237,30686.55,511492,511492
406,-2906426.1684,0.0000,2906426.1684,745333424.4382,3899.4980,0,0.000000,34.830538,86.957015,0.488881,-45.412909,15737395596,30686.87,512838,512838
407,-2850572.0983,0.0000,2850572.0983,727669753.4945,3917.3981,0,0.000000,35.128987,105.184999,0.445383,-44.540189,15708868231,30686.48,511915,511915
408,-2843157.6978,0.0000,2843157.6978,721211782.8987,3942.1953,0,0.000000,33.531203,83.958131,0.397914,-44.424339,15693816713,30686.27,511428,511428
409,-2967488.1523,0.0000,2967488.1523,752605262.0353,3942.9543,0,0.000000,34.110687,84.935091,0.453815,-46.367002,15705902167,30686.98,511810,511810
410,-2978719.5774,0.0000,2978719.5774,761065129.2052,3913.8826,0,0.000000,36.458836,113.901478,0.438738,-46.542493,15687008630,30687.06,511193,511193
411,-2887154.2061,0.0000,2887154.2061,738886615.7861,3907.4388,0,0.000000,35.179337,99.297126,0.418529,-45.111784,15697684051,30686.75,511546,511546
412,-2893954.3417,0.0000,2893954.3417,740376220.7765,3908.7619,0,0.000000,34.287881,92.387870,0.515440,-45.218037,15736832063,30686.61,512824,512824
413,-2893614.8089,0.0000,2893614.8089,736092905.4504,3931.0456,0,0.000000,34.814462,101.177488,0.430295,-45.212731,15737601172,30686.50,512851,512851
414,-2969642.6599,0.0000,2969642.6599,759071275.0520,3912.2053,0,0.000000,36.339095,103.335250,0.490964,-46.400667,15699186025,30687.11,511589,511589
415,-2948034.5160,0.0000,2948034.5160,749193826.5187,3934.9423,0,0.000000,35.122566,94.205625,0.486509,-46.063039,15734355269,30686.69,512742,512742
416,-2923276.4623,0.0000,2923276.4623,749079972.1852,3902.4891,0,0.000000,36.259096,105.181526,0.446966,-45.676195,15712365553,30687.25,512016,512016
417,-2895501.9510,0.0000,2895501.9510,737317564.4395,3927.0758,0,0.000000,34.912045,85.714826,0.435452,-45.242218,15690265917,30686.83,511303,511303
418,-2880645.1368,0.0000,2880645.1368,733842490.0288,3925.4270,0,0.000000,33.634910,82.186628,0.404232,-45.010080,15703302558,30686.88,511727,511727
419,-2864174.4392,0.0000,2864174.4392,729296948.4042,3927.3090,0,0.000000,35.113208,97.487642,0.449133,-44.752726,15722729243,30686.76,512362,512362
42,-2869292.8445,0.0000,2869292.8445,729706022.8219,3932.1216,0,0.000000,34.999282,84.413131,0.474911,-44.832701,15717186535,30686.24,512190,512190
420,-2920326.5576,0.0000,2920326.5576,742594836.0895,3932.5974,0,0.000000,32.675553,82.992682,0.443737,-45.630102,15721424203,30686.79,512319,512319
421,-2913740.2596,0.0000,2913740.2596,742207450.8619,3925.7761,0,0.000000,33.898456,101.394473,0.412357,-45.527192,15718735207,30686.93,512229,512229
422,-2867659.6374,0.0000,2867659.6374,728966238.3912,3933.8717,0,0.000000,34.265464,88.097348,0.375519,-44.807182,15713734968,30686.57,512072,512072
423,-2852622.4239,0.0000,2852622.4239,728208652.5074,3917.3147,0,0.000000,34.213807,85.212340,0.392268,-44.572225,15714147803,30686.60,512085,512085
424,-2900558.0394,0.0000,2900558.0394,740010641.5284,3919.6167,0,0.000000,34.651272,88.857913,0.397667,-45.321219,15721059586,30687.03,512303,512303
425,-2866317.9868,0.0000,2866317.9868,728062234.0969,3936.9134,0,0.000000,35.500620,90.228547,0.372994,-44.786219,15707170287,30686.64,511857,511857
426,-2950268.6702,0.0000,2950268.6702,756113825.2571,3901.8843,0,0.000000,34.016928,94.832928,0.437063,-46.097948,15723390553,30687.15,512377,512377
427,-2853288.9573,0.0000,2853288.9573,730820624.5372,3904.2261,0,0.000000,34.048433,92.537664,0.430798,-44.582640,15689827973,30686.75,511290,511290
428,-2964585.5391,0.0000,2964585.5391,757174357.0679,3915.3274,0,0.000000,34.030394,107.767109,0.439465,-46.321649,15713855732,30687.29,512064,512064
429,-2865840.8719,0.0000,2865840.8719,729541704.5411,3928.2756,0,0.000000,34.633548,91.731691,0.415679,-44.778764,15718272918,30686.63,512219,512219
43,-2942210.6707,0.0000,2942210.6707,753200796.1460,3906.2766,0,0.000000,35.729871,101.330442,0.446080,-45.972042,15697676737,30687.04,511541,511541
430,-2926786.7464,0.0000,2926786.7464,742945918.1193,3939.4345,0,0.000000,34.300921,87.483760,0.382519,-45.731043,15727321344,30686.80,512511,512511
431,-2856556.4014,0.0000,2856556.4014,726925776.4159,3929.6397,0,0.000000,34.322417,92.862622,0.370997,-44.633694,15719456920,30686.78,512255,512255
432,-2850905.5342,0.0000,2850905.5342,724872362.7511,3932.9759,0,0.000000,34.795325,85.430081,0.378769,-44.545399,15747252550,30686.41,513167,513167
433,-2904225.0098,0.0000,2904225.0098,739704284.8414,3926.1974,0,0.000000,33.934544,88.277424,0.378321,-45.378516,15717965374,30686.74,512207,512207
434,-2935803.0347,0.0000,2935803.0347,746217640.9950,3934.2450,0,0.000000,34.657504,100.890781,0.429828,-45.871922,15729156040,30686.90,512569,512569
435,-2982222.8683,0.0000,2982222.8683,756315421.0638,3943.0941,0,0.000000,34.155391,89.890613,0.381596,-46.597232,15705191080,30687.33,511781,511781
436,-2917164.4412,0.0000,2917164.4412,746206140.6580,3909.3278,0,0.000000,35.286827,82.741283,0.439951,-45.580694,15709365893,30686.85,511925,511925
437,-2917918.0294,0.0000,2917918.0294,746824116.8099,3907.1020,0,0.000000,34.076994,87.470652,0.445800,-45.592469,15696279951,30686.88,511498,511498
438,-2895326.5606,0.0000,2895326.5606,735911224.9744,3934.3422,0,0.000000,34.513731,83.329224,0.437957,-45.239478,15721278523,30686.86,512313,512313
439,-2913723.2970,0.0000,2913723.2970,743462341.4332,3919.1269,0,0.000000,35.549825,94.097017,0.384214,-45.526927,15750787458,30686.84,513275,513275
44,-2832314.8077,0.0000,2832314.8077,723566823.2773,3914.3790,0,0.000000,33.126128,100.909081,0.417316,-44.254919,15722950435,30686.53,512373,512373
440,-2979977.5877,0.0000,2979977.5877,761647066.0641,3912.5439,0,0.000000,34.927749,95.300943,0.417969,-46.562150,15729596151,30687.34,512576,512576
441,-2826516.4620,0.0000,2826516.4620,721866002.4337,3915.5694,0,0.000000,35.805795,96.098042,0.487642,-44.164320,15710762783,30686.10,511983,511983
442,-2962523.8621,0.0000,2962523.8621,758590140.9643,3905.3024,0,0.000000,34.274347,84.835559,0.456283,-46.289435,15709058002,30687.15,511910,511910
443,-2871109.9860,0.0000,2871109.9860,732802194.3405,3917.9877,0,0.000000,35.328763,97.254861,0.398624,-44.861094,15726730515,30686.78,512492,512492
444,-2867181.1833,0.0000,2867181.1833,731729397.8198,3918.3627,0,0.000000,34.340807,97.380303,0.459641,-44.799706,15738685385,30686.58,512885,512885
445,-2967433.6780,0.0000,2967433.6780,757894862.6869,3915.3632,0,0.000000,34.719970,93.793417,0.431291,-46.366151,15722196907,30687.10,512339,512339
446,-2860860.6140,0.0000,2860860.6140,730534576.0421,3916.1194,0,0.000000,35.441723,86.518809,0.452910,-44.700947,15706797183,30686.39,511849,511849
447,-2875867.5888,0.0000,2875867.5888,733512356.2518,3920.6805,0,0.000000,34.338596,90.599394,0.400416,-44.935431,15707181414,30686.90,511853,511853
448,-2921679.6813,0.0000,2921679.6813,741623167.7058,3939.5744,0,0.000000,34.738919,93.392842,0.385955,-45.651245,15704763615,30686.91,511774,511774
449,-2841719.0339,0.0000,2841719.0339,726492578.7077,3911.5596,0,0.000000,35.084400,105.837580,0.498155,-44.401860,15706228127,30686.42,511830,511830
45,-2877012.6074,0.0000,2877012.6074,733848665.5844,3920.4440,0,0.000000,34.820546,87.780282,0.434712,-44.953322,15716211763,30686.38,512156,512156
450,-2880889.9015,0.0000,2880889.9015,731819346.8667,3936.6135,0,0.000000,33.587185,84.515347,0.359693,-45.013905,15676851230,30686.70,510868,510868
451,-2884765.1088,0.0000,2884765.1088,734896095.4733,3925.4054,0,0.000000,33.917266,144.112990,0.462114,-45.074455,15711555399,30686.63,512000,512000
452,-2916909.1019,0.0000,2916909.1019,745112849.3193,3914.7212,0,0.000000,36.336054,87.490585,0.462705,-45.576705,15729434371,30686.67,512582,512582
453,-2929764.1616,0.0000,2929764.1616,750295422.3517,3904.8141,0,0.000000,35.668496,129.015234,0.424168,-45.777565,15695872451,30687.05,511482,511482
454,-2902823.1008,0.0000,2902823.1008,741598615.6495,3914.2779,0,0.000000,34.823110,100.666192,0.467519,-45.356611,15729564654,30686.86,512583,512583
455,-2937423.1151,0.0000,2937423.1151,746262672.3536,3936.1785,0,0.000000,35.092619,99.513508,0.385063,-45.897236,15719218954,30687.04,512243,512243
456,-2950458.7813,0.0000,2950458.7813,751013128.1939,3928.6381,0,0.000000,35.334079,80.408118,0.419291,-46.100918,15733931568,30687.00,512723,512723
457,-2909101.2758,0.0000,2909101.2758,741201817.0978,3924.8437,0,0.000000,33.624871,93.953767,0.447591,-45.454707,15701085696,30686.80,511656,511656
458,-2925420.7293,0.0000,2925420.7293,744171364.9277,3931.1117,0,0.000000,35.914363,94.569407,0.431695,-45.709699,15712925896,30686.85,512041,512041
459,-2932625.0505,0.0000,2932625.0505,748141437.8866,3919.8805,0,0.000000,34.417094,85.627335,0.531845,-45.822266,15701423068,30686.50,511672,511672
46,-2834697.9517,0.0000,2834697.9517,720062049.0558,3936.7412,0,0.000000,33.897659,88.908969,0.406525,-44.292155,15672191979,30686.23,510724,510724
460,-2845012.5070,0.0000,2845012.5070,725159358.2872,3923.2928,0,0.000000,33.935603,111.611645,0.400390,-44.453320,15712035595,30686.43,512019,512019
461,-2831531.4374,0.0000,2831531.4374,724490047.9536,3908.3096,0,0.000000,34.650194,83.251516,0.468307,-44.242679,15714786481,30686.05,512115,512115
462,-2838853.0573,0.0000,2838853.0573,725501475.7046,3912.9528,0,0.000000,34.613217,88.803726,0.422162,-44.357079,15724180521,30686.48,512414,512414
463,-2921273.1398,0.0000,2921273.1398,746751610.8504,3911.9743,0,0.000000,34.743389,101.376050,0.414980,-45.644893,15690423644,30686.83,511308,511308
464,-2873105.4555,0.0000,2873105.4555,734243406.9425,3913.0150,0,0.000000,35.095041,104.231648,0.415925,-44.892273,15744863982,30686.54,513087,513087
465,-2905941.6848,0.0000,2905941.6848,738904979.3233,3932.7678,0,0.000000,32.719400,91.813180,0.415358,-45.405339,15713155462,30686.76,512050,512050
466,-2856593.5062,0.0000,2856593.5062,724975684.2794,3940.2611,0,0.000000,34.639781,80.949594,0.402616,-44.634274,15705830232,30686.48,511816,511816
467,-2820282.2530,0.0000,2820282.2530,716772515.4706,3934.6964,0,0.000000,35.191839,92.060592,0.412431,-44.066910,15705528418,30686.13,511812,511812
468,-2839983.0442,0.0000,2839983.0442,723980909.9728,3922.7319,0,0.000000,34.480662,80.189509,0.398027,-44.374735,15718615837,30686.16,512238,512238
469,-2858741.3310,0.0000,2858741.3310,727657814.4279,3928.6891,0,0.000000,35.094907,103.259229,0.349390,-44.667833,15720689482,30686.61,512298,512298
47,-2957787.4200,0.0000,2957787.4200,751009141.1642,3938.4173,0,0.000000,35.598900,99.223321,0.442412,-46.215428,15735631559,30686.61,512785,512785
470,-2981328.4417,0.0000,2981328.4417,761608400.4895,3914.5162,0,0.000000,36.547115,99.384054,0.443081,-46.583257,15708304424,30687.17,511885,511885
471,-2791818.7289,0.0000,2791818.7289,714964718.7446,3904.8343,0,0.000000,33.608790,85.860208,0.458870,-43.622168,15711760293,30685.89,512019,512019
472,-2925544.2765,0.0000,2925544.2765,750543817.6929,3897.8994,0,0.000000,35.071280,86.689322,0.508738,-45.711629,15711641834,30686.86,511999,511999
473,-2882849.5294,0.0000,2882849.5294,735754664.9283,3918.2212,0,0.000000,33.038013,81.652608,0.374976,-45.044524,15724470176,30686.74,512419,512419
474,-2826271.4306,0.0000,2826271.4306,721984717.8674,3914.5862,0,0.000000,34.580217,86.759856,0.426942,-44.160491,15714086796,30686.30,512088,512088
475,-2913695.7073,0.0000,2913695.7073,741055246.8371,3931.8198,0,0.000000,35.457959,109.361841,0.426753,-45.526495,15740263362,30687.08,512928,512928
476,-2886517.5373,0.0000,2886517.5373,735977037.0035,3922.0212,0,0.000000,34.539261,95.875198,0.387239,-45.101837,15701746314,30687.01,511674,511674
477,-2960823.4135,0.0000,2960823.4135,759178836.4415,3900.0342,0,0.000000,35.815723,102.150316,0.489524,-46.262866,15710901344,30686.91,511974,511974
478,-2880614.1323,0.0000,2880614.1323,735992086.2949,3913.9200,0,0.000000,36.052470,95.180613,0.405821,-45.009596,15739205523,30686.81,512898,512898
479,-2954029.1518,0.0000,2954029.1518,752321707.4953,3926.5505,0,0.000000,36.436953,103.697892,0.460609,-46.156705,15727015874,30687.16,512495,512495
48,-2828432.6105,0.0000,2828432.6105,722471516.5817,3914.9400,0,0.000000,35.350278,100.302824,0.478241,-44.194260,15690975577,30686.05,511339,511339
480,-2910174.4242,0.0000,2910174.4242,742566596.1836,3919.0753,0,0.000000,35.231826,90.071638,0.447629,-45.471475,15694831519,30686.81,511452,511452
481,-2916619.6951,0.0000,2916619.6951,740836441.2193,3936.9280,0,0.000000,35.808061,95.818294,0.463732,-45.572183,15734858186,30686.95,512754,512754
482,-2962888.4083,0.0000,2962888.4083,752246765.1605,3938.7187,0,0.000000,34.207542,93.789574,0.393925,-46.295131,15702479194,30687.19,511695,511695
483,-2912907.9662,0.0000,2912907.9662,745995493.5776,3904.7260,0,0.000000,35.955967,88.284823,0.442210,-45.514187,15685965013,30686.88,511162,511162
484,-2951863.2765,0.0000,2951863.2765,753774871.5866,3916.1073,0,0.000000,36.464496,102.776683,0.440386,-46.122864,15710854785,30686.94,511972,511972
485,-2839164.0904,0.0000,2839164.0904,723759256.1324,3922.8018,0,0.000000,35.551059,100.207624,0.366567,-44.361939,15726396321,30686.43,512487,512487
486,-2886753.4912,0.0000,2886753.4912,736423455.9886,3919.9641,0,0.000000,35.111918,80.277778,0.405200,-45.105523,15681901580,30686.85,511030,511030
487,-2889682.9486,0.0000,2889682.9486,737129810.7768,3920.1819,0,0.000000,34.666398,87.223398,0.391041,-45.151296,15725182640,30686.46,512447,512447
488,-2896745.9090,0.0000,2896745.9090,740789048.5275,3910.3520,0,0.000000,35.138067,98.107706,0.422741,-45.261655,15692500213,30686.93,511374,511374
489,-2861954.6636,0.0000,2861954.6636,731071996.7003,3914.7371,0,0.000000,34.456293,87.049695,0.487687,-44.718042,15708594854,30686.42,511907,511907
49,-2862220.0489,0.0000,2862220.0489,731952845.6583,3910.3886,0,0.000000,33.837012,108.341334,0.482228,-44.722188,15713731979,30686.45,512074,512074
490,-2989375.0566,0.0000,2989375.0566,756276083.4778,3952.7563,0,0.000000,34.249071,101.856989,0.436454,-46.708985,15709305968,30687.21,511917,511917
491,-2862897.3536,0.0000,2862897.3536,731981805.3596,3911.1592,0,0.000000,33.925015,110.526771,0.436961,-44.732771,15712106393,30686.45,512021,512021
492,-2956292.5887,0.0000,2956292.5887,749580638.6367,3943.9287,0,0.000000,35.901450,115.051698,0.411417,-46.192072,15706009647,30687.01,511813,511813
493,-2937387.1541,0.0000,2937387.1541,752962386.8613,3901.1074,0,0.000000,34.126756,87.143755,0.436889,-45.896674,15721388097,30687.08,512313,512313
494,-2976546.6904,0.0000,2976546.6904,754266807.1555,3946.2782,0,0.000000,34.738739,100.606682,0.347277,-46.508542,15720619018,30687.43,512282,512282
495,-2926577.4720,0.0000,2926577.4720,747446967.2505,3915.4316,0,0.000000,35.985792,91.445051,0.428764,-45.727773,15703906419,30687.10,511743,511743
496,-2930015.6420,0.0000,2930015.6420,746991210.9108,3922.4232,0,0.000000,33.777652,91.812245,0.374114,-45.781494,15716949578,30686.86,512172,512172
497,-2878208.7496,0.0000,2878208.7496,736445625.9508,3908.2434,0,0.000000,33.780483,81.925232,0.467875,-44.972012,15710333557,30686.58,511961,511961
498,-2898471.5229,0.0000,2898471.5229,737458683.2319,3930.3511,0,0.000000,35.180639,91.199215,0.451893,-45.288618,15722138757,30686.56,512346,512346
499,-2887089.9598,0.0000,2887089.9598,732088511.1478,3943.6351,0,0.000000,34.995549,87.034874,0.398761,-45.110781,15722197971,30686.50,512349,512349
50,-2840803.6740,0.0000,2840803.6740,727425218.0259,3905.2862,0,0.000000,36.075154,90.339309,0.518380,-44.387557,15695207439,30685.87,511480,511480
500,-2893059.0153,0.0000,2893059.0153,737576993.2189,3922.3824,0,0.000000,35.401041,105.669631,0.420058,-45.204047,15716738303,30686.81,512166,512166
501,-2897275.0822,0.0000,2897275.0822,742976299.1394,3899.5525,0,0.000000,35.281892,96.250680,0.463357,-45.269923,15694806473,30686.88,511450,511450
502,-2931462.6709,0.0000,2931462.6709,750527731.6109,3905.8686,0,0.000000,34.704464,101.255029,0.453482,-45.804104,15742165551,30687.02,512991,512991
503,-2866311.9960,0.0000,2866311.9960,728611482.1133,3933.9375,0,0.000000,34.958212,87.393899,0.348431,-44.786125,15731770086,30686.56,512660,512660
504,-2891856.2064,0.0000,2891856.2064,735125687.6098,3933.8255,0,0.000000,35.017421,90.772487,0.410456,-45.185253,15728303622,30686.98,512540,512540
505,-2948229.0216,0.0000,2948229.0216,749423427.8523,3933.9963,0,0.000000,35.787852,89.016932,0.414191,-46.066078,15737431481,30687.12,512835,512835
506,-2849325.9768,0.0000,2849325.9768,726716636.4792,3920.8212,0,0.000000,34.803322,90.766159,0.475652,-44.520718,15716465620,30686.45,512163,512163
507,-2918073.3614,0.0000,2918073.3614,740520905.8081,3940.5685,0,0.000000,35.117730,114.325830,0.366441,-45.594896,15720360847,30686.99,512281,512281
508,-2870904.2486,0.0000,2870904.2486,731391152.9731,3925.2652,0,0.000000,33.842056,87.213761,0.434808,-44.857879,15718888247,30686.57,512240,512240
509,-2884331.6481,0.0000,2884331.6481,732317623.8377,3938.6348,0,0.000000,35.134159,104.535962,0.411768,-45.067682,15699737408,30686.80,511612,511612
51,-2978933.6921,0.0000,2978933.6921,763170848.2885,3903.3641,0,0.000000,34.222908,108.256607,0.502039,-46.545839,15734478484,30686.93,512742,512742
510,-2776713.8961,0.0000,2776713.8961,703137845.1017,3949.0321,0,0.000000,34.640508,86.921644,0.452811,-43.386155,15709878418,30685.57,511963,511963
511,-2951440.7314,0.0000,2951440.7314,747083522.0751,3950.6168,0,0.000000,34.787425,95.099576,0.341460,-46.116261,15718274094,30687.35,512207,512207
512,-2861120.4068,0.0000,2861120.4068,729449785.0836,3922.2993,0,0.000000,34.341581,87.024556,0.417006,-44.705006,15684928305,30686.41,511136,511136
513,-2828063.6514,0.0000,2828063.6514,719339075.0339,3931.4751,0,0.000000,35.568243,103.669281,0.376297,-44.188495,15715342670,30686.18,512131,512131
514,-2881816.0289,0.0000,2881816.0289,733054168.2439,3931.2457,0,0.000000,34.582998,98.993636,0.403624,-45.028375,15701146115,30686.74,511659,511659
515,-2876231.0764,0.0000,2876231.0764,734884385.2581,3913.8552,0,0.000000,35.265398,91.568374,0.443264,-44.941111,15710498662,30686.73,511964,511964
516,-2957894.1709,0.0000,2957894.1709,756036411.1255,3912.3700,0,0.000000,33.941184,85.965847,0.472214,-46.217096,15709970653,30687.07,511941,511941
517,-2918089.7255,0.0000,2918089.7255,739977069.3840,3943.4867,0,0.000000,34.288646,94.470969,0.382933,-45.595152,15694472250,30686.95,511438,511438
518,-2919667.4421,0.0000,2919667.4421,744181006.8777,3923.3297,0,0.000000,34.186146,94.367944,0.414907,-45.619804,15719280875,30686.98,512246,512246
519,-2960832.8134,0.0000,2960832.8134,746540383.2754,3966.0719,0,0.000000,36.570973,92.902617,0.397661,-46.263013,15686853846,30686.99,511189,511189
52,-2910503.1655,0.0000,2910503.1655,741587401.6492,3924.6934,0,0.000000,34.793510,76.959054,0.401274,-45.476612,15705640989,30686.95,511802,511802
520,-2918895.3721,0.0000,2918895.3721,741748430.6360,3935.1554,0,0.000000,35.038145,85.385396,0.391874,-45.607740,15726596329,30687.00,512484,512484
521,-2870040.3594,0.0000,2870040.3594,727723296.0817,3943.8621,0,0.000000,34.144622,95.615606,0.404198,-44.844381,15699632711,30686.72,511610,511610
522,-2868779.9233,0.0000,2868779.9233,730334538.2044,3928.0354,0,0.000000,34.805418,93.442027,0.392802,-44.824686,15710115223,30686.52,511955,511955
523,-2914504.6204,0.0000,2914504.6204,747424689.1672,3899.3957,0,0.000000,33.596615,81.514071,0.452448,-45.539135,15699418811,30686.48,511607,511607
524,-2927659.2699,0.0000,2927659.2699,743158126.8269,3939.4836,0,0.000000,34.961010,88.202663,0.387357,-45.744676,15703181060,30687.00,511721,511721
525,-2867091.5566,0.0000,2867091.5566,734727798.8845,3902.2500,0,0.000000,34.467242,84.464316,0.467877,-44.798306,15694777697,30686.71,511452,511452
526,-2953873.0053,0.0000,2953873.0053,750715550.2178,3934.7433,0,0.000000,34.509512,91.590424,0.425435,-46.154266,15720064592,30687.13,512269,512269
527,-2858239.6153,0.0000,2858239.6153,728475708.3671,3923.5895,0,0.000000,35.575220,84.280900,0.361885,-44.659994,15677528253,30686.70,510890,510890
528,-2954670.3738,0.0000,2954670.3738,753689125.7434,3920.2773,0,0.000000,34.355644,96.261884,0.388142,-46.166725,15729397221,30687.32,512570,512570
529,-2906115.0933,0.0000,2906115.0933,738405553.5658,3935.6626,0,0.000000,35.388656,82.811817,0.415853,-45.408048,15709473147,30686.70,511931,511931
53,-2889771.1415,0.0000,2889771.1415,738889128.6938,3910.9672,0,0.000000,34.578617,121.261325,0.476159,-45.152674,15695382485,30686.45,511476,511476
530,-2880665.2211,0.0000,2880665.2211,731472302.7267,3938.1740,0,0.000000,36.150657,108.589053,0.394097,-45.010394,15721471688,30686.52,512325,512325
531,-2980923.7365,0.0000,2980923.7365,762442909.8168,3909.7009,0,0.000000,35.695570,98.564112,0.482666,-46.576933,15734576700,30687.36,512738,512738
532,-2894810.5551,0.0000,2894810.5551,744438161.6331,3888.5843,0,0.000000,33.404421,86.283026,0.456994,-45.231415,15705662303,30686.75,511806,511806
533,-2864343.0497,0.0000,2864343.0497,730226874.2344,3922.5385,0,0.000000,34.938831,95.490655,0.422220,-44.755360,15672967120,30686.72,510741,510741
534,-2917563.6926,0.0000,2917563.6926,746226417.6040,3909.7566,0,0.000000,35.551568,90.542234,0.426077,-45.586933,15692606616,30686.96,511377,511377
535,-2946321.9609,0.0000,2946321.9609,751997467.4041,3917.9945,0,0.000000,36.050949,118.466027,0.431958,-46.036281,15685881131,30687.13,511155,511155
536,-2861585.1120,0.0000,2861585.1120,728383679.9232,3928.6782,0,0.000000,35.314625,112.228893,0.407328,-44.712267,15709267794,30686.54,511927,511927
537,-2880196.7284,0.0000,2880196.7284,736811186.8662,3909.0024,0,0.000000,34.523807,87.567165,0.447734,-45.003074,15722642184,30686.89,512357,512357
538,-2883545.2910,0.0000,2883545.2910,730633044.0103,3946.6396,0,0.000000,35.045848,88.405385,0.389074,-45.055395,15728547612,30686.56,512555,512555
539,-2850804.2305,0.0000,2850804.2305,728129319.5554,3915.2444,0,0.000000,35.778891,114.456259,0.366116,-44.543816,15709339497,30686.50,511930,511930
54,-2967708.5260,0.0000,2967708.5260,753599358.4488,3938.0455,0,0.000000,34.451962,101.649072,0.387075,-46.370446,15704707221,30687.04,511770,511770
540,-2941248.4744,0.0000,2941248.4744,751449598.1989,3914.0995,0,0.000000,36.912984,113.169321,0.443325,-45.957007,15706769253,30687.17,511835,511835
541,-2936778.4468,0.0000,2936778.4468,746004868.1397,3936.6746,0,0.000000,33.205493,86.960234,0.399146,-45.887163,15696565636,30686.96,511506,511506
542,-2880253.9899,0.0000,2880253.9899,736646338.0920,3909.9549,0,0.000000,34.225354,91.233686,0.460099,-45.003969,15720163146,30686.66,512280,512280
543,-2947126.1976,0.0000,2947126.1976,748205945.2357,3938.9238,0,0.000000,36.802199,106.410779,0.398850,-46.048847,15708793741,30686.99,511904,511904
544,-2926156.0143,0.0000,2926156.0143,746840060.1790,3918.0491,0,0.000000,36.308801,120.489942,0.448204,-45.721188,15722578848,30686.76,512357,512357
545,-2849596.7767,0.0000,2849596.7767,726136759.6031,3924.3252,0,0.000000,34.675835,102.931866,0.400407,-44.524950,15706213644,30686.57,511827,511827
546,-2919859.0087,0.0000,2919859.0087,738611038.4588,3953.1754,0,0.000000,35.663328,111.553345,0.401689,-45.622797,15719862498,30686.67,512270,512270
547,-2927204.4580,0.0000,2927204.4580,745448837.4550,3926.7678,0,0.000000,34.612750,87.257036,0.456346,-45.737570,15696142032,30686.73,511496,511496
548,-2937384.7251,0.0000,2937384.7251,753236071.6903,3899.6867,0,0.000000,35.532632,92.358224,0.430038,-45.896636,15742441818,30687.32,512995,512995
549,-2881349.6080,0.0000,2881349.6080,739047692.3168,3898.7330,0,0.000000,35.933802,120.679895,0.445828,-45.021088,15707342709,30686.91,511858,511858
55,-2930029.9022,0.0000,2930029.9022,747783701.7404,3918.2853,0,0.000000,35.217063,89.517803,0.509401,-45.781717,15723646800,30686.51,512396,512396
550,-2825140.1025,0.0000,2825140.1025,719604924.7110,3925.9599,0,0.000000,33.480822,90.000405,0.377794,-44.142814,15705043200,30686.38,511792,511792
551,-2960274.3615,0.0000,2960274.3615,751995909.1517,3936.5565,0,0.000000,35.590835,92.238695,0.412543,-46.254287,15720628796,30687.09,512288,512288
552,-2896503.9791,0.0000,2896503.9791,736645126.2054,3932.0208,0,0.000000,35.480284,103.586134,0.381682,-45.257875,15726202841,30687.19,512468,512468
553,-2948925.2483,0.0000,2948925.2483,752760938.7535,3917.4791,0,0.000000,36.035844,94.018875,0.415116,-46.076957,15671906640,30687.35,510696,510696
554,-2855365.6288,0.0000,2855365.6288,725755895.7789,3934.3334,0,0.000000,34.758455,97.375438,0.378099,-44.615088,15704669224,30686.55,511777,511777
555,-2904908.7031,0.0000,2904908.7031,742055712.0096,3914.6774,0,0.000000,34.171254,104.946704,0.395016,-45.389198,15718890609,30686.93,512234,512234
556,-2949881.2775,0.0000,2949881.2775,754982110.1453,3907.2201,0,0.000000,34.084228,92.297221,0.455076,-46.091895,15718035673,30687.30,512200,512200
557,-2941881.9331,0.0000,2941881.9331,750696889.2218,3918.8679,0,0.000000,35.286241,91.486375,0.402844,-45.966905,15689973397,30687.21,511287,511287
558,-2913912.8283,0.0000,2913912.8283,743729706.8364,3917.9729,0,0.000000,35.116110,83.701244,0.482238,-45.529888,15713551107,30686.69,512064,512064
559,-2961742.8534,0.0000,2961742.8534,760044477.6560,3896.8020,0,0.000000,34.166211,107.975169,0.491953,-46.277232,15737798703,30687.18,512846,512846
56,-2975108.8407,0.0000,2975108.8407,761213736.1165,3908.3751,0,0.000000,36.109063,114.094274,0.526933,-46.486076,15717333928,30686.71,512187,512187
560,-2860397.0141,0.0000,2860397.0141,725751388.2432,3941.2904,0,0.000000,34.053119,83.475350,0.381983,-44.693703,15742901983,30686.66,513021,513021
561,-2922864.6408,0.0000,2922864.6408,742713820.9287,3935.3847,0,0.000000,34.735082,95.023062,0.424635,-45.669760,15718093744,30687.00,512207,512207
562,-2929665.4878,0.0000,2929665.4878,745051742.5827,3932.1638,0,0.000000,34.953780,87.079422,0.408092,-45.776023,15705764796,30686.71,511810,511810
563,-2935604.6700,0.0000,2935604.6700,752576633.0027,3900.7385,0,0.000000,35.182380,94.122755,0.456802,-45.868823,15706225933,30687.37,511814,511814
564,-2857909.6467,0.0000,2857909.6467,729968514.3210,3915.1136,0,0.000000,34.279023,88.405685,0.372134,-44.654838,15701197664,30686.84,511659,511659
565,-2931086.8031,0.0000,2931086.8031,745270677.5927,3932.9158,0,0.000000,35.184836,93.582578,0.413950,-45.798231,15734599711,30686.81,512748,512748
566,-2939322.9144,0.0000,2939322.9144,746927985.9570,3935.2159,0,0.000000,34.360697,87.685923,0.391469,-45.926921,15698076899,30686.86,511557,511557
567,-2885699.6757,0.0000,2885699.6757,734104824.3359,3930.9096,0,0.000000,36.201587,103.944095,0.423685,-45.089057,15718200153,30686.72,512215,512215
568,-3029435.9291,0.0000,3029435.9291,769539510.4807,3936.6867,0,0.000000,35.000369,94.660280,0.444297,-47.334936,15721320211,30687.24,512308,512308
569,-2890002.9799,0.0000,2890002.9799,737769327.3392,3917.2176,0,0.000000,34.869887,92.330750,0.422854,-45.156297,15718119578,30686.87,512210,512210
57,-2932036.2972,0.0000,2932036.2972,748983054.4306,3914.6898,0,0.000000,35.060311,103.030502,0.460899,-45.813067,15735251381,30687.00,512766,512766
570,-2914593.4112,0.0000,2914593.4112,744752053.0920,3913.5084,0,0.000000,34.422568,91.405338,0.483098,-45.540522,15717874026,30686.81,512203,512203
571,-2899252.2449,0.0000,2899252.2449,736998574.7211,3933.8641,0,0.000000,35.207911,100.123610,0.399444,-45.300816,15705157141,30686.96,511786,511786
572,-2988572.2046,0.0000,2988572.2046,759294478.9619,3935.9857,0,0.000000,35.116289,92.699501,0.445751,-46.696441,15683698304,30687.06,511085,511085
573,-2899439.2603,0.0000,2899439.2603,737437685.1413,3931.7753,0,0.000000,35.380422,110.633600,0.410177,-45.303738,15723280581,30686.70,512381,512381
574,-2924184.2016,0.0000,2924184.2016,746592154.4830,3916.7090,0,0.000000,35.290228,94.479983,0.445621,-45.690378,15718765507,30686.93,512230,512230
575,-2819427.3437,0.0000,2819427.3437,718959464.6432,3921.5387,0,0.000000,32.916115,98.767234,0.410332,-44.053552,15709296713,30686.54,511928,511928
576,-2938246.0292,0.0000,2938246.0292,747063520.3224,3933.0605,0,0.000000,35.411032,108.447073,0.390074,-45.910094,15693466536,30687.26,511400,511400
577,-2858000.1425,0.0000,2858000.1425,728238844.4937,3924.5368,0,0.000000,33.966143,80.965779,0.383450,-44.656252,15722844924,30686.33,512373,512373
578,-2872333.9684,0.0000,2872333.9684,735463961.4589,3905.4721,0,0.000000,34.812352,87.153773,0.453561,-44.880218,15726796363,30686.55,512498,512498
579,-2902503.1104,0.0000,2902503.1104,741830025.2210,3912.6256,0,0.000000,35.445171,115.281387,0.390753,-45.351611,15679475158,30686.97,510949,510949
58,-2913643.7355,0.0000,2913643.7355,742846233.7048,3922.2703,0,0.000000,35.420093,85.766931,0.436076,-45.525683,15718940594,30686.73,512239,512239
580,-2888731.1853,0.0000,2888731.1853,736175085.5936,3923.9730,0,0.000000,36.049395,107.654573,0.476253,-45.136425,15725411102,30686.48,512454,512454
581,-2948964.4823,0.0000,2948964.4823,755602557.2731,3902.7984,0,0.000000,35.858730,97.025929,0.509713,-46.077570,15715702051,30686.82,512132,512132
582,-2962626.0172,0.0000,2962626.0172,753657109.8178,3930.9999,0,0.000000,34.586782,91.205571,0.434747,-46.291032,15695575122,30687.31,511468,511468
583,-2916612.6470,0.0000,2916612.6470,739760375.0712,3942.6451,0,0.000000,34.529386,101.620117,0.355032,-45.572073,15737091961,30686.70,512831,512831
584,-2898294.3805,0.0000,2898294.3805,738102480.8572,3926.6829,0,0.000000,34.096416,88.518923,0.365137,-45.285850,15713056600,30686.75,512047,512047
585,-2884151.1337,0.0000,2884151.1337,734409546.3288,3927.1700,0,0.000000,34.864670,93.222310,0.421501,-45.064861,15710042862,30686.79,511948,511948
586,-2853844.7341,0.0000,2853844.7341,727824393.2143,3921.0622,0,0.000000,34.644409,103.261383,0.391890,-44.591324,15709113463,30686.60,511921,511921
587,-2824321.7170,0.0000,2824321.7170,717326785.0644,3937.2874,0,0.000000,34.076725,88.757450,0.415635,-44.130027,15725879467,30686.32,512472,512472
588,-2861513.4634,0.0000,2861513.4634,726764429.8592,3937.3328,0,0.000000,34.238404,98.267658,0.349791,-44.711148,15699334861,30686.74,511600,511600
589,-2940016.9870,0.0000,2940016.9870,752171281.3244,3908.7068,0,0.000000,35.107000,114.587845,0.418285,-45.937765,15705207925,30687.12,511785,511785
59,-2851870.8299,0.0000,2851870.8299,730878296.0674,3901.9777,0,0.000000,35.255969,110.649957,0.475471,-44.560482,15704485161,30686.37,511774,511774
590,-2896034.7150,0.0000,2896034.7150,735136999.3900,3939.4490,0,0.000000,35.284145,107.299415,0.393287,-45.250542,15710768462,30686.89,511970,511970
591,-2888711.1294,0.0000,2888711.1294,736360048.4426,3922.9602,0,0.000000,33.436731,92.013933,0.420103,-45.136111,15695039896,30686.86,511458,511458
592,-2936297.1267,0.0000,2936297.1267,743216388.2323,3950.7971,0,0.000000,35.897509,96.750979,0.460729,-45.879643,15688639216,30686.88,511249,511249
593,-2927537.7763,0.0000,2927537.7763,741279285.8682,3949.3047,0,0.000000,35.103231,89.174987,0.435623,-45.742778,15719214298,30686.73,512248,512248
594,-2937389.7722,0.0000,2937389.7722,743696905.9230,3949.7136,0,0.000000,35.706682,95.072349,0.385301,-45.896715,15697500683,30687.05,511535,511535
595,-2874122.3533,0.0000,2874122.3533,729482823.3700,3939.9452,0,0.000000,34.890761,85.991583,0.406872,-44.908162,15719278945,30686.43,512255,512255
596,-2984827.5050,0.0000,2984827.5050,760267186.2539,3926.0244,0,0.000000,34.771892,94.520825,0.343506,-46.637930,15708549239,30687.41,511889,511889
597,-2944384.5821,0.0000,2944384.5821,748225448.4156,3935.1570,0,0.000000,35.357248,91.066751,0.433860,-46.006009,15722626094,30686.74,512359,512359
598,-2807881.2066,0.0000,2807881.2066,714594815.5827,3929.3333,0,0.000000,34.961991,98.297601,0.446035,-43.873144,15694329303,30686.13,511447,511447
599,-2921103.2957,0.0000,2921103.2957,742302638.3542,3935.1919,0,0.000000,35.553966,100.078996,0.425483,-45.642239,15739969561,30687.05,512919,512919
60,-2962809.6362,0.0000,2962809.6362,756806037.8866,3914.8864,0,0.000000,36.146252,103.135466,0.458802,-46.293901,15714661552,30687.24,512091,512091
600,-2947517.5870,0.0000,2947517.5870,749811622.6747,3931.0108,0,0.000000,34.589911,108.884425,0.412738,-46.054962,15709636487,30687.14,511929,511929
601,-2927168.4541,0.0000,2927168.4541,745632064.8876,3925.7545,0,0.000000,34.347881,106.477594,0.486857,-45.737007,15685562095,30686.75,511151,511151
602,-2940149.7753,0.0000,2940149.7753,751835814.9969,3910.6274,0,0.000000,35.014980,104.886670,0.432118,-45.939840,15713936144,30687.03,512071,512071
603,-2892150.5649,0.0000,2892150.5649,739075988.5019,3913.1978,0,0.000000,34.924042,103.077333,0.385010,-45.189853,15698074114,30686.97,511555,511555
604,-2900257.8333,0.0000,2900257.8333,742267339.0177,3907.2955,0,0.000000,34.485763,92.497211,0.444559,-45.316529,15717269345,30686.82,512183,512183
605,-2987655.2161,0.0000,2987655.2161,756773504.6824,3947.8856,0,0.000000,35.068557,106.241415,0.503904,-46.682113,15710530606,30686.97,511961,511961
606,-2966373.3998,0.0000,2966373.3998,754220305.4434,3933.0331,0,0.000000,34.370149,103.335911,0.441706,-46.349584,15717830926,30687.02,512198,512198
607,-2925433.6505,0.0000,2925433.6505,745644540.3016,3923.3623,0,0.000000,34.314898,102.157090,0.354758,-45.709901,15717368555,30687.26,512179,512179
608,-2841514.6526,0.0000,2841514.6526,724448208.4483,3922.3158,0,0.000000,36.002489,88.349848,0.419661,-44.398666,15727803683,30686.48,512532,512532
609,-2881863.0498,0.0000,2881863.0498,732614418.6531,3933.6696,0,0.000000,35.666733,84.376146,0.430840,-45.029110,15726829549,30686.68,512497,512497
61,-2792072.6220,0.0000,2792072.6220,712214628.5723,3920.2686,0,0.000000,34.156636,91.407267,0.439657,-43.626135,15707778904,30685.91,511889,511889
610,-2853095.2056,0.0000,2853095.2056,731159599.2556,3902.1511,0,0.000000,34.282381,93.206863,0.442097,-44.579613,15704082753,30686.54,511758,511758
611,-2887784.2217,0.0000,2887784.2217,739103094.8601,3907.1467,0,0.000000,34.721966,98.645115,0.433978,-45.121628,15722272156,30686.89,512345,512345
612,-2859952.9519,0.0000,2859952.9519,730077314.9405,3917.3289,0,0.000000,33.765501,91.541196,0.383272,-44.686765,15715315886,30686.78,512120,512120
613,-2821948.0911,0.0000,2821948.0911,720025019.3288,3919.2362,0,0.000000,34.537565,91.238948,0.424430,-44.092939,15689814110,30686.42,511295,511295
614,-2914290.0672,0.0000,2914290.0672,746026053.1303,3906.4186,0,0.000000,34.480982,86.889997,0.447366,-45.535782,15715403850,30686.84,512122,512122
615,-2950069.7871,0.0000,2950069.7871,753020815.5423,3917.6471,0,0.000000,34.846783,105.300609,0.401811,-46.094840,15730004331,30687.06,512594,512594
616,-2954509.8550,0.0000,2954509.8550,752007243.1730,3928.8316,0,0.000000,36.235182,81.031785,0.372944,-46.164216,15686073165,30687.21,511160,511160
617,-2926033.4832,0.0000,2926033.4832,749163326.0908,3905.7351,0,0.000000,36.517107,128.622747,0.419623,-45.719273,15697146695,30686.84,511527,511527
618,-2901900.6013,0.0000,2901900.6013,740363462.9238,3919.5621,0,0.000000,36.002584,84.026664,0.411726,-45.342197,15714868917,30686.99,512102,512102
619,-2930591.4641,0.0000,2930591.4641,747430626.5578,3920.8876,0,0.000000,34.787569,86.068593,0.465225,-45.790492,15710007653,30686.79,511947,511947
62,-2939400.1206,0.0000,2939400.1206,748612132.1233,3926.4660,0,0.000000,34.662672,101.822750,0.466934,-45.928127,15731624292,30686.81,512651,512651
620,-2899852.6461,0.0000,2899852.6461,740679648.3804,3915.1240,0,0.000000,34.767896,86.513947,0.420488,-45.310198,15727930820,30686.79,512531,512531
621,-2823297.4037,0.0000,2823297.4037,719481482.4045,3924.0724,0,0.000000,34.373840,104.485042,0.347056,-44.114022,15678806380,30686.68,510932,510932
622,-2884546.5971,0.0000,2884546.5971,737628566.9598,3910.5679,0,0.000000,34.145956,107.180538,0.447760,-45.071041,15740526808,30686.76,512942,512942
623,-2818331.5991,0.0000,2818331.5991,718447025.2046,3922.8106,0,0.000000,34.180475,76.873817,0.411521,-44.036431,15692274724,30686.31,511377,511377
624,-2947035.4315,0.0000,2947035.4315,747649275.5733,3941.7352,0,0.000000,33.515170,87.360771,0.368652,-46.047429,15708248242,30687.54,511877,511877
625,-2924356.7651,0.0000,2924356.7651,740885670.1503,3947.1094,0,0.000000,35.571278,96.064090,0.425089,-45.693074,15705797362,30686.89,511808,511808
626,-2831167.9100,0.0000,2831167.9100,722351942.7551,3919.3747,0,0.000000,33.891666,91.275241,0.388183,-44.236999,15696310611,30686.76,511501,511501
627,-2911579.2688,0.0000,2911579.2688,742592966.6950,3920.8280,0,0.000000,35.357106,91.951265,0.393272,-45.493426,15711239245,30686.91,511985,511985
628,-2925987.0210,0.0000,2925987.0210,748178422.4882,3910.8145,0,0.000000,36.024208,104.482586,0.398728,-45.718547,15686448974,30687.16,511173,511173
629,-2883959.5820,0.0000,2883959.5820,736507055.2674,3915.7257,0,0.000000,35.718327,96.840386,0.446866,-45.061868,15696280978,30686.89,511498,511498
63,-2891327.2772,0.0000,2891327.2772,736009977.2195,3928.3805,0,0.000000,35.008968,90.929391,0.426223,-45.176989,15717743643,30686.43,512205,512205
630,-2881868.9898,0.0000,2881868.9898,732974963.8879,3931.7427,0,0.000000,34.776002,95.735766,0.397026,-45.029203,15721172978,30686.78,512311,512311
631,-2977092.7310,0.0000,2977092.7310,762182612.6975,3906.0098,0,0.000000,36.493566,105.823156,0.456108,-46.517074,15710142189,30687.23,511944,511944
632,-2897142.7930,0.0000,2897142.7930,737617566.1218,3927.7031,0,0.000000,36.134064,112.418240,0.416571,-45.267856,15714101091,30686.93,512078,512078
633,-2858506.6537,0.0000,2858506.6537,725704985.4258,3938.9376,0,0.000000,33.451246,91.521077,0.348154,-44.664166,15736774850,30686.62,512822,512822
634,-2883942.1064,0.0000,2883942.1064,738510812.4770,3905.0777,0,0.000000,35.257012,102.786872,0.449927,-45.061595,15714644485,30687.09,512093,512093
635,-2922890.6788,0.0000,2922890.6788,739489399.5773,3952.5796,0,0.000000,35.161993,86.465433,0.352460,-45.670167,15697228919,30687.18,511524,511524
636,-2800574.7282,0.0000,2800574.7282,712005221.7486,3933.3626,0,0.000000,35.700812,98.763793,0.403393,-43.758980,15722488895,30686.17,512364,512364
637,-2957646.4115,0.0000,2957646.4115,754040564.3202,3922.3970,0,0.000000,35.203484,104.139818,0.431860,-46.213225,15725568603,30687.21,512447,512447
638,-2904951.6983,0.0000,2904951.6983,742930850.0787,3910.1239,0,0.000000,34.642725,94.246795,0.376050,-45.389870,15729499648,30686.92,512580,512580
639,-2945571.2085,0.0000,2945571.2085,752620557.7837,3913.7533,0,0.000000,35.343199,120.240698,0.439202,-46.024550,15702574297,30687.13,511699,511699
64,-2935022.2609,0.0000,2935022.2609,743442103.0558,3947.8828,0,0.000000,35.281928,106.234351,0.438191,-45.859723,15720431248,30686.53,512291,512291
640,-2891074.8196,0.0000,2891074.8196,739151648.9259,3911.3419,0,0.000000,34.620134,102.928233,0.396803,-45.173044,15692025595,30686.85,511360,511360
641,-2915197.2758,0.0000,2915197.2758,743020315.6786,3923.4422,0,0.000000,34.905354,91.927297,0.414202,-45.549957,15714034434,30687.10,512073,512073
642,-2887985.5980,0.0000,2887985.5980,734426891.9410,3932.2983,0,0.000000,34.327661,84.004965,0.372352,-45.124775,15721149971,30686.79,512310,512310
643,-2842042.2550,0.0000,2842042.2550,723891783.2098,3926.0596,0,0.000000,34.946501,100.107563,0.440263,-44.406910,15710855218,30686.46,511980,511980
644,-2898884.7964,0.0000,2898884.7964,739560062.6048,3919.7422,0,0.000000,34.837594,104.225232,0.374032,-45.295075,15690474663,30687.11,511305,511305
645,-2879760.0137,0.0000,2879760.0137,731371664.4845,3937.4782,0,0.000000,34.939129,90.641228,0.380146,-44.996250,15706894702,30686.64,511848,511848
646,-2917209.8959,0.0000,2917209.8959,739293879.8268,3945.9408,0,0.000000,34.534915,119.288309,0.346630,-45.581405,15723814912,30687.20,512390,512390
647,-2932825.8374,0.0000,2932825.8374,745575364.4071,3933.6410,0,0.000000,35.015300,99.617261,0.385258,-45.825404,15717302035,30686.83,512184,512184
648,-2932221.4077,0.0000,2932221.4077,743392596.8073,3944.3780,0,0.000000,35.311973,97.097299,0.409321,-45.815959,15678556097,30687.15,510916,510916
649,-2905700.3651,0.0000,2905700.3651,737597475.6535,3939.4120,0,0.000000,35.422303,97.393746,0.404181,-45.401568,15729238076,30686.94,512571,512571
65,-2861458.7822,0.0000,2861458.7822,732815642.6897,3904.7458,0,0.000000,34.693077,112.235625,0.498921,-44.710293,15703858335,30686.22,511756,511756
650,-2978475.6617,0.0000,2978475.6617,758846327.4873,3925.0050,0,0.000000,35.271958,82.594859,0.391079,-46.538682,15736895646,30687.52,512811,512811
651,-2912700.8221,0.0000,2912700.8221,740952275.7736,3931.0235,0,0.000000,33.887614,87.765838,0.353965,-45.510950,15697776409,30687.11,511543,511543
652,-2888709.8381,0.0000,2888709.8381,738144794.4855,3913.4732,0,0.000000,34.998461,102.138622,0.414507,-45.136091,15728911045,30687.03,512559,512559
653,-2927792.9712,0.0000,2927792.9712,749002094.2500,3908.9249,0,0.000000,35.502338,99.552739,0.447790,-45.746765,15717455088,30686.47,512195,512195
654,-2871159.5831,0.0000,2871159.5831,730563964.6120,3930.0591,0,0.000000,35.088703,112.166311,0.380548,-44.861868,15695727463,30686.64,511484,511484
655,-2931786.7412,0.0000,2931786.7412,747675618.7302,3921.2015,0,0.000000,34.398206,99.243301,0.406905,-45.809168,15711461443,30686.69,511996,511996
656,-2937231.3344,0.0000,2937231.3344,745672012.7940,3939.0393,0,0.000000,34.537822,86.579136,0.450263,-45.894240,15697283462,30686.93,511530,511530
657,-2875568.6078,0.0000,2875568.6078,727531677.7989,3952.4995,0,0.000000,34.190508,109.967764,0.353448,-44.930759,15701658783,30686.84,511674,511674
658,-2971353.6718,0.0000,2971353.6718,754219015.0843,3939.6430,0,0.000000,34.879448,91.779155,0.312679,-46.427401,15706876861,30687.50,511833,511833
659,-2946978.9666,0.0000,2946978.9666,751833193.0843,3919.7245,0,0.000000,35.251947,87.285217,0.426996,-46.046546,15706926283,30687.00,511843,511843
66,-2866510.4519,0.0000,2866510.4519,734389168.8294,3903.2581,0,0.000000,34.546660,92.423561,0.479430,-44.789226,15715726063,30686.33,512141,512141
660,-2926064.8796,0.0000,2926064.8796,746553089.3406,3919.4331,0,0.000000,34.299404,100.103174,0.413737,-45.719764,15718511669,30686.97,512221,512221
661,-2952621.3493,0.0000,2952621.3493,750334466.5936,3935.0736,0,0.000000,36.269469,90.037759,0.383829,-46.134709,15703109717,30687.16,511716,511716
662,-2997338.4375,0.0000,2997338.4375,753434487.7214,3978.2337,0,0.000000,34.598126,84.960540,0.370478,-46.833413,15685782663,30687.24,511150,511150
663,-2872134.7924,0.0000,2872134.7924,727455251.7597,3948.1945,0,0.000000,33.142175,97.453168,0.386211,-44.877106,15693687156,30686.85,511414,511414
664,-2925340.9279,0.0000,2925340.9279,740777542.6711,3949.0141,0,0.000000,35.464809,96.584739,0.363796,-45.708452,15708069951,30687.02,511880,511880
665,-2922129.1784,0.0000,2922129.1784,750672277.8325,3892.6830,0,0.000000,34.781158,87.232313,0.475387,-45.658268,15696761930,30687.05,511511,511511
666,-2919169.9277,0.0000,2919169.9277,745471584.0259,3915.8702,0,0.000000,35.617344,86.774831,0.428600,-45.612030,15728450375,30686.96,512545,512545
667,-2905167.4275,0.0000,2905167.4275,738607129.3629,3933.3054,0,0.000000,33.801502,92.247194,0.403151,-45.393241,15728781759,30686.89,512557,512557
668,-2934765.0636,0.0000,2934765.0636,749050666.2064,3917.9794,0,0.000000,35.038274,87.780802,0.394307,-45.855704,15698649801,30687.14,511571,511571
669,-2939157.2062,0.0000,2939157.2062,748653799.0023,3925.9231,0,0.000000,34.837099,92.105912,0.436003,-45.924331,15710201945,30687.16,511947,511947
67,-2944574.4609,0.0000,2944574.4609,752139230.3620,3914.9327,0,0.000000,34.395150,89.484610,0.478726,-46.008976,15722135597,30686.98,512339,512339
670,-2897040.7827,0.0000,2897040.7827,735020366.2692,3941.4429,0,0.000000,34.487288,98.810263,0.428493,-45.266262,15720141569,30686.44,512283,512283
671,-2935313.6605,0.0000,2935313.6605,748364069.3308,3922.3070,0,0.000000,35.909684,104.655930,0.516266,-45.864276,15709747799,30687.00,511935,511935
672,-2934223.4821,0.0000,2934223.4821,753165164.1775,3895.8566,0,0.000000,33.789237,80.844048,0.492229,-45.847242,15706169993,30686.96,511819,511819
673,-2923669.4804,0.0000,2923669.4804,743795104.8711,3930.7458,0,0.000000,34.566281,83.822486,0.400668,-45.682336,15744021211,30686.93,513053,513053
674,-2948820.5171,0.0000,2948820.5171,749013196.6340,3936.9407,0,0.000000,35.991018,104.683326,0.382987,-46.075321,15689407979,30687.19,511269,511269
675,-2879766.2187,0.0000,2879766.2187,732673214.4537,3930.4920,0,0.000000,34.119205,90.789566,0.398414,-44.996347,15694244417,30686.80,511433,511433
676,-2939523.9096,0.0000,2939523.9096,743903652.0739,3951.4847,0,0.000000,34.594438,89.017186,0.375871,-45.930061,15701808555,30687.25,511672,511672
677,-2961761.4217,0.0000,2961761.4217,753685247.6056,3929.7060,0,0.000000,35.460678,91.524659,0.402089,-46.277522,15702554328,30687.21,511697,511697
678,-2884864.0180,0.0000,2884864.0180,735231776.5975,3923.7477,0,0.000000,35.750325,104.848057,0.368637,-45.076000,15704480862,30686.90,511765,511765
679,-2818930.6285,0.0000,2818930.6285,717798217.8399,3927.1909,0,0.000000,34.728103,95.883840,0.354464,-44.045791,15709595085,30686.34,511941,511941
68,-2884746.9488,0.0000,2884746.9488,739013610.8586,3903.5099,0,0.000000,35.210295,89.622686,0.501735,-45.074171,15698229854,30686.44,511569,511569
680,-2829639.8108,0.0000,2829639.8108,724266641.9511,3906.9034,0,0.000000,33.776265,96.546731,0.394972,-44.213122,15730543568,30686.56,512620,512620
681,-2978396.2532,0.0000,2978396.2532,757160290.6522,3933.6403,0,0.000000,34.062566,101.843830,0.437527,-46.537441,15713873882,30687.26,512065,512065
682,-2902773.5188,0.0000,2902773.5188,735970916.1062,3944.1416,0,0.000000,36.204989,84.215365,0.443506,-45.355836,15700404441,30686.43,511640,511640
683,-2946125.1580,0.0000,2946125.1580,747980945.2400,3938.7703,0,0.000000,34.815972,93.945141,0.352964,-46.033206,15706501036,30687.31,511824,511824
684,-3009357.0352,0.0000,3009357.0352,764168123.1134,3938.0824,0,0.000000,34.515324,93.414587,0.392933,-47.021204,15702570665,30687.48,511693,511693
685,-2886098.4659,0.0000,2886098.4659,732193730.7126,3941.7143,0,0.000000,34.620464,98.008245,0.420994,-45.095289,15727466569,30686.54,512520,512520
686,-2951564.3398,0.0000,2951564.3398,752069380.7730,3924.5905,0,0.000000,33.527518,93.058632,0.391386,-46.118193,15748401370,30687.21,513191,513191
687,-2862074.6246,0.0000,2862074.6246,726250705.0272,3940.8907,0,0.000000,33.751136,115.393310,0.428200,-44.719916,15734027327,30686.47,512735,512735
688,-2861654.0462,0.0000,2861654.0462,728557012.4448,3927.8382,0,0.000000,35.769624,111.182680,0.388128,-44.713344,15704469090,30686.58,511770,511770
689,-2829004.4362,0.0000,2829004.4362,725105989.2721,3901.5047,0,0.000000,33.296021,125.828705,0.429518,-44.203194,15697767993,30686.55,511552,511552
69,-2876354.7674,0.0000,2876354.7674,729899816.1023,3940.7528,0,0.000000,34.904255,91.408659,0.526551,-44.943043,15711522408,30686.33,512004,512004
690,-2848871.9837,0.0000,2848871.9837,732422384.4594,3889.6572,0,0.000000,34.681701,88.490143,0.497286,-44.513625,15700050478,30686.40,511629,511629
691,-2891295.2767,0.0000,2891295.2767,739552948.8311,3909.5176,0,0.000000,35.438279,93.509215,0.400001,-45.176489,15680936272,30686.76,511000,511000
692,-2888248.8186,0.0000,2888248.8186,735719097.6309,3925.7494,0,0.000000,34.342917,101.814332,0.374693,-45.128888,15728855885,30686.98,512558,512558
693,-2861171.6528,0.0000,2861171.6528,729723723.0968,3920.8971,0,0.000000,35.393776,98.297607,0.420599,-44.705807,15712783439,30686.51,512042,512042
694,-2873303.6589,0.0000,2873303.6589,731169014.5666,3929.7394,0,0.000000,35.541824,96.111773,0.354399,-44.895370,15710714776,30686.91,511968,511968
695,-2868406.1625,0.0000,2868406.1625,730429211.6004,3927.0146,0,0.000000,35.282082,96.356244,0.427761,-44.818846,15712425421,30686.53,512030,512030
696,-2928616.4211,0.0000,2928616.4211,745709335.1632,3927.2895,0,0.000000,33.990882,93.461929,0.381343,-45.759632,15720768554,30687.36,512288,512288
697,-2874483.3588,0.0000,2874483.3588,732819653.4145,3922.4976,0,0.000000,34.839974,86.126664,0.432232,-44.913802,15698644231,30686.65,511579,511579
698,-2806076.0385,0.0000,2806076.0385,716469162.3789,3916.5343,0,0.000000,33.861916,87.645410,0.407036,-43.844938,15717997718,30686.03,512220,512220
699,-2861813.1341,0.0000,2861813.1341,730169182.8473,3919.3836,0,0.000000,36.419702,92.171437,0.399724,-44.715830,15691321476,30686.55,511342,511342
70,-2937235.0767,0.0000,2937235.0767,748098263.1927,3926.2691,0,0.000000,34.559983,91.626555,0.486603,-45.894298,15711007249,30686.94,511977,511977
700,-2918552.3354,0.0000,2918552.3354,743079860.0064,3927.6429,0,0.000000,34.648963,93.354343,0.418680,-45.602380,15702701576,30687.08,511704,511704
701,-2958054.0737,0.0000,2958054.0737,750854525.0196,3939.5835,0,0.000000,35.589329,108.668392,0.325487,-46.219595,15717438316,30687.27,512181,512181
702,-2866224.0030,0.0000,2866224.0030,731354767.1344,3919.0611,0,0.000000,34.585159,89.931039,0.399227,-44.784750,15722282227,30686.55,512351,512351
703,-2868138.8987,0.0000,2868138.8987,729713962.1882,3930.4975,0,0.000000,34.698478,113.242422,0.401234,-44.814670,15725762663,30686.57,512464,512464
704,-2900980.9968,0.0000,2900980.9968,738258659.1837,3929.4913,0,0.000000,35.869156,103.477128,0.386458,-45.327828,15717217047,30687.20,512175,512175
705,-2970767.0900,0.0000,2970767.0900,755815266.7847,3930.5466,0,0.000000,35.805326,85.052885,0.409913,-46.418236,15723281382,30687.60,512366,512366
706,-2916381.0705,0.0000,2916381.0705,740074934.0988,3940.6565,0,0.000000,35.256033,88.691643,0.423682,-45.568454,15725669925,30686.99,512454,512454
707,-2866532.3224,0.0000,2866532.3224,729005865.3700,3932.1115,0,0.000000,34.266359,89.806724,0.446384,-44.789568,15726896661,30686.45,512503,512503
708,-2944873.2427,0.0000,2944873.2427,749359555.2846,3929.8535,0,0.000000,34.278110,93.105765,0.436155,-46.013644,15701035528,30687.18,511648,511648
709,-2979719.0796,0.0000,2979719.0796,763464203.6381,3902.8930,0,0.000000,35.319135,88.780033,0.485502,-46.558111,15699662630,30687.32,511601,511601
71,-2923444.9524,0.0000,2923444.9524,749857378.1482,3898.6680,0,0.000000,34.727975,80.653575,0.456338,-45.678827,15717866371,30686.79,512203,512203
710,-2928429.8789,0.0000,2928429.8789,747466779.0609,3917.8061,0,0.000000,34.659170,86.203313,0.412084,-45.756717,15727074618,30687.03,512499,512499
711,-2902312.6204,0.0000,2902312.6204,739961306.1349,3922.2492,0,0.000000,34.347165,112.824582,0.374381,-45.348635,15717304578,30686.89,512183,512183
712,-2881552.4444,0.0000,2881552.4444,735356991.3206,3918.5763,0,0.000000,33.311883,102.156923,0.387293,-45.024257,15717115939,30687.00,512175,512175
713,-2917361.6920,0.0000,2917361.6920,740777677.9245,3938.2419,0,0.000000,34.163052,101.156515,0.338494,-45.583776,15710573940,30686.99,511962,511962
714,-2934965.2114,0.0000,2934965.2114,747597230.2632,3925.8642,0,0.000000,35.070542,87.260649,0.444633,-45.858831,15705331889,30686.76,511795,511795
715,-2970964.2439,0.0000,2970964.2439,754947476.8380,3935.3257,0,0.000000,35.421025,92.879867,0.420613,-46.421316,15695743022,30687.15,511476,511476
716,-2860067.1300,0.0000,2860067.1300,726389807.8318,3937.3723,0,0.000000,34.494714,90.598469,0.378107,-44.688549,15728586479,30686.51,512557,512557
717,-2874673.7369,0.0000,2874673.7369,731013773.9178,3932.4481,0,0.000000,34.901155,92.634980,0.387979,-44.916777,15743133700,30686.52,513031,513031
718,-2907140.0794,0.0000,2907140.0794,736206483.3792,3948.8108,0,0.000000,34.276539,78.595499,0.375848,-45.424064,15712194661,30686.62,512021,512021
719,-2834238.0667,0.0000,2834238.0667,720043873.8804,3936.2019,0,0.000000,34.049809,97.149036,0.352060,-44.284970,15711762852,30686.44,512010,512010
72,-2856965.5853,0.0000,2856965.5853,729868024.8500,3914.3592,0,0.000000,33.774308,84.118769,0.451780,-44.640087,15705903766,30686.50,511818,511818
720,-2896980.7912,0.0000,2896980.7912,738213485.4113,3924.3130,0,0.000000,34.356942,88.595986,0.447265,-45.265325,15701672886,30686.57,511679,511679
721,-2878817.5027,0.0000,2878817.5027,734874782.8712,3917.4259,0,0.000000,34.738980,84.468413,0.405156,-44.981523,15708086329,30686.69,511886,511886
722,-2898902.8483,0.0000,2898902.8483,737216558.1316,3932.2270,0,0.000000,35.148436,93.949536,0.374110,-45.295357,15711594754,30687.13,511993,511993
723,-2872639.0740,0.0000,2872639.0740,734567645.7439,3910.6529,0,0.000000,34.023794,80.684573,0.448502,-44.884986,15725443518,30686.79,512450,512450
724,-2937185.8487,0.0000,2937185.8487,744895972.1543,3943.0819,0,0.000000,35.647437,98.738704,0.470549,-45.893529,15737778622,30686.96,512849,512849
725,-2878605.2467,0.0000,2878605.2467,732055453.4748,3932.2229,0,0.000000,34.988989,95.508630,0.364594,-44.978207,15702170953,30686.82,511691,511691
726,-2919945.6100,0.0000,2919945.6100,747571023.8976,3905.9106,0,0.000000,34.870813,125.791486,0.515908,-45.624150,15700547762,30686.65,511641,511641
727,-2915832.8674,0.0000,2915832.8674,740493265.6796,3937.6899,0,0.000000,34.896619,89.507956,0.437291,-45.559889,15682487225,30686.98,511047,511047
728,-2889635.0147,0.0000,2889635.0147,735992437.4389,3926.1749,0,0.000000,35.483594,92.156511,0.366105,-45.150547,15703199923,30686.91,511723,511723
729,-2951145.0129,0.0000,2951145.0129,747629169.0612,3947.3380,0,0.000000,34.864116,93.358333,0.406924,-46.111641,15687446450,30687.13,511206,511206
73,-2854834.3526,0.0000,2854834.3526,728776225.2508,3917.2990,0,0.000000,34.348983,87.658798,0.426113,-44.606787,15715582311,30686.29,512137,512137
730,-2853033.6660,0.0000,2853033.6660,724590168.8266,3937.4446,0,0.000000,34.519241,82.300736,0.391932,-44.578651,15704208033,30686.37,511765,511765
731,-2829460.9031,0.0000,2829460.9031,716037757.3985,3951.5527,0,0.000000,34.777995,101.904480,0.336982,-44.210327,15719349060,30686.69,512253,512253
732,-2902384.6739,0.0000,2902384.6739,743021772.3566,3906.1906,0,0.000000,35.074675,88.903074,0.494943,-45.349761,15709924146,30686.68,511946,511946
733,-3023419.2945,0.0000,3023419.2945,772205170.8138,3915.3057,0,0.000000,35.052998,95.056923,0.462025,-47.240926,15719687134,30687.65,512248,512248
734,-2893605.3424,0.0000,2893605.3424,736438713.8085,3929.1869,0,0.000000,35.009140,90.419639,0.367567,-45.212583,15729732764,30686.65,512592,512592
735,-2904134.8012,0.0000,2904134.8012,742017300.8252,3913.8370,0,0.000000,34.812938,108.370601,0.425210,-45.377106,15719862846,30686.97,512265,512265
736,-2936933.0365,0.0000,2936933.0365,748108415.8751,3925.8121,0,0.000000,35.009910,106.326190,0.427554,-45.889579,15699425480,30686.97,511599,511599
737,-2855492.9321,0.0000,2855492.9321,727308440.3661,3926.1100,0,0.000000,33.514557,84.530934,0.426095,-44.617077,15713678551,30686.28,512075,512075
738,-2831574.7976,0.0000,2831574.7976,721938752.2799,3922.1815,0,0.000000,34.169814,84.064640,0.402328,-44.243356,15703267805,30686.45,511733,511733
739,-2889282.2607,0.0000,2889282.2607,733223556.8340,3940.5202,0,0.000000,34.288053,84.512335,0.368394,-45.145035,15692738392,30686.80,511384,511384
74,-2910134.9611,0.0000,2910134.9611,744410463.1919,3909.3150,0,0.000000,34.808446,103.290220,0.535234,-45.470859,15706295119,30686.43,511832,511832
740,-2923360.3649,0.0000,2923360.3649,741936762.9507,3940.1746,0,0.000000,34.273985,97.029226,0.400262,-45.677506,15729249012,30686.97,512571,512571
741,-2947942.7341,0.0000,2947942.7341,750790109.3759,3926.4539,0,0.000000,35.415995,104.415071,0.444769,-46.061605,15729869457,30687.04,512590,512590
742,-2920959.9743,0.0000,2920959.9743,743144546.6769,3930.5408,0,0.000000,35.235554,90.259863,0.443756,-45.640000,15732431454,30686.89,512676,512676
743,-2869007.1610,0.0000,2869007.1610,731715075.6062,3920.9349,0,0.000000,34.292665,93.553021,0.434366,-44.828237,15737896877,30686.48,512861,512861
744,-2910164.9072,0.0000,2910164.9072,742018021.4545,3921.9599,0,0.000000,33.743454,89.242555,0.419073,-45.471327,15711641999,30686.98,511997,511997
745,-2807698.3944,0.0000,2807698.3944,711062833.9018,3948.5939,0,0.000000,33.520391,94.256796,0.414792,-43.870287,15689453583,30686.44,511283,511283
746,-2935593.4258,0.0000,2935593.4258,745743010.7806,3936.4679,0,0.000000,35.398975,97.107673,0.364222,-45.868647,15691758301,30687.40,511342,511342
747,-2859488.9008,0.0000,2859488.9008,725074580.1612,3943.7169,0,0.000000,34.814025,94.279688,0.314790,-44.679514,15693682632,30686.97,511412,511412
748,-2888484.3211,0.0000,2888484.3211,736209628.1348,3923.4536,0,0.000000,35.003057,103.897002,0.365824,-45.132568,15743068541,30686.99,513021,513021
749,-2888092.4163,0.0000,2888092.4163,733734734.9003,3936.1533,0,0.000000,35.746342,124.522849,0.387871,-45.126444,15671099722,30686.91,510677,510677
75,-2905111.3179,0.0000,2905111.3179,743437086.5474,3907.6761,0,0.000000,34.409332,93.307445,0.490228,-45.392364,15725575021,30686.56,512458,512458
750,-2944757.8689,0.0000,2944757.8689,750519795.8340,3923.6245,0,0.000000,34.561449,116.569786,0.410544,-46.011842,15702748982,30687.11,511705,511705
751,-2880747.2217,0.0000,2880747.2217,733565112.3161,3927.0505,0,0.000000,36.107937,88.568428,0.385788,-45.011675,15701357339,30686.79,511665,511665
752,-2894202.3310,0.0000,2894202.3310,736052310.6077,3932.0607,0,0.000000,34.778094,96.783832,0.379664,-45.221911,15727687189,30687.09,512518,512518
753,-2877570.8119,0.0000,2877570.8119,734468746.8206,3917.8942,0,0.000000,34.796126,88.085319,0.423136,-44.962044,15701129178,30686.53,511662,511662
754,-2857145.3915,0.0000,2857145.3915,726555916.5292,3932.4508,0,0.000000,34.944291,108.064346,0.354929,-44.642897,15718249621,30686.82,512215,512215
755,-2891273.3499,0.0000,2891273.3499,737936930.3179,3918.0494,0,0.000000,35.579382,102.474630,0.413866,-45.176146,15733442960,30686.77,512711,512711
756,-2963530.8947,0.0000,2963530.8947,755890236.6053,3920.5836,0,0.000000,34.612461,96.306955,0.391816,-46.305170,15687036464,30687.35,511189,511189
757,-2954977.9372,0.0000,2954977.9372,751808937.8705,3930.4906,0,0.000000,34.366709,103.608966,0.416441,-46.171530,15707203614,30687.12,511850,511850
758,-2855794.7187,0.0000,2855794.7187,725865196.4529,3934.3321,0,0.000000,35.267220,98.754890,0.436882,-44.621792,15694645273,30686.51,511451,511451
759,-2932655.7546,0.0000,2932655.7546,744334358.2122,3939.9710,0,0.000000,34.578605,86.034714,0.364377,-45.822746,15710372937,30687.14,511953,511953
76,-2914571.2643,0.0000,2914571.2643,741496338.1133,3930.6617,0,0.000000,33.851754,84.314885,0.404687,-45.540176,15732482838,30686.81,512679,512679
760,-2916020.8437,0.0000,2916020.8437,741680927.3388,3931.6379,0,0.000000,34.540491,90.905814,0.370764,-45.562826,15695795012,30687.26,511476,511476
761,-2941264.6288,0.0000,2941264.6288,749558500.3005,3923.9961,0,0.000000,35.368528,95.634057,0.448616,-45.957260,15738864486,30686.93,512885,512885
762,-2891200.3389,0.0000,2891200.3389,741482597.3332,3899.2154,0,0.000000,34.490443,106.618296,0.481752,-45.175005,15733555187,30686.57,512718,512718
763,-2929260.8012,0.0000,2929260.8012,744990923.9109,3931.9416,0,0.000000,33.362152,96.602676,0.369514,-45.769700,15703896978,30687.08,511743,511743
764,-2894717.7393,0.0000,2894717.7393,734101368.7957,3943.2126,0,0.000000,34.587636,79.988917,0.416159,-45.229965,15759917541,30686.51,513578,513578
765,-2908773.8784,0.0000,2908773.8784,741846299.6870,3920.9926,0,0.000000,34.263741,97.090471,0.405878,-45.449592,15723113565,30686.79,512374,512374
766,-2967256.5744,0.0000,2967256.5744,756264630.5034,3923.5692,0,0.000000,35.705092,107.245512,0.437730,-46.363384,15717859027,30687.08,512198,512198
767,-2844018.2300,0.0000,2844018.2300,726560894.1046,3914.3563,0,0.000000,34.477524,82.219036,0.435070,-44.437785,15747091128,30686.33,513163,513163
768,-2899627.8321,0.0000,2899627.8321,740409230.6777,3916.2502,0,0.000000,35.098365,85.358326,0.420836,-45.306685,15686111303,30686.86,511167,511167
769,-2889940.1610,0.0000,2889940.1610,737712647.1618,3917.4334,0,0.000000,35.270258,94.031523,0.428360,-45.155315,15712104736,30686.75,512016,512016
77,-2908083.2374,0.0000,2908083.2374,742536089.2469,3916.4201,0,0.000000,34.604937,99.894476,0.460432,-45.438801,15728363254,30686.68,512547,512547
770,-2877463.8988,0.0000,2877463.8988,733242744.8482,3924.2992,0,0.000000,33.659355,102.903299,0.436408,-44.960373,15695809862,30686.87,511483,511483
771,-2894317.0375,0.0000,2894317.0375,734550608.5945,3940.2554,0,0.000000,35.026389,93.105438,0.362358,-45.223704,15699800610,30686.99,511611,511611
772,-2995662.4430,0.0000,2995662.4430,759319004.2644,3945.1962,0,0.000000,35.528851,99.717885,0.396398,-46.807226,15698035601,30687.44,511546,511546
773,-2959652.6736,0.0000,2959652.6736,756983833.1078,3909.7964,0,0.000000,34.267201,84.749954,0.422618,-46.244573,15695293870,30687.18,511461,511461
774,-2870275.0998,0.0000,2870275.0998,732067374.4574,3920.7800,0,0.000000,34.137308,98.827405,0.392763,-44.848048,15709820571,30686.66,511943,511943
775,-2845378.7282,0.0000,2845378.7282,723727174.7740,3931.5626,0,0.000000,35.036268,122.707141,0.341915,-44.459043,15696970709,30686.55,511526,511526
776,-2902793.9824,0.0000,2902793.9824,741434554.7085,3915.1048,0,0.000000,34.381376,88.826381,0.386904,-45.356156,15730026997,30687.17,512593,512593
777,-2887627.9023,0.0000,2887627.9023,733274228.9065,3937.9918,0,0.000000,35.568135,87.866977,0.408481,-45.119186,15703722507,30686.92,511740,511740
778,-2883543.2415,0.0000,2883543.2415,734171004.8022,3927.6180,0,0.000000,33.621109,80.460509,0.371688,-45.055363,15718580017,30686.75,512227,512227
779,-2967690.2781,0.0000,2967690.2781,758530894.3340,3912.4185,0,0.000000,35.822941,111.816377,0.468107,-46.370161,15761981852,30686.95,513638,513638
78,-2925424.8557,0.0000,2925424.8557,746610677.9918,3918.2735,0,0.000000,33.966454,95.719677,0.463902,-45.709763,15713366224,30686.81,512056,512056
780,-2935462.1202,0.0000,2935462.1202,741708836.4109,3957.7014,0,0.000000,34.637786,91.607793,0.431287,-45.866596,15738020810,30686.90,512858,512858
781,-2849407.0552,0.0000,2849407.0552,723675463.5851,3937.4101,0,0.000000,33.966122,93.038007,0.367113,-44.521985,15714231029,30686.64,512087,512087
782,-2956457.9727,0.0000,2956457.9727,745421797.9169,3966.1544,0,0.000000,33.525185,98.933880,0.341682,-46.194656,15681320544,30687.34,511003,511003
783,-2925991.1331,0.0000,2925991.1331,747668406.3805,3913.4877,0,0.000000,35.978038,95.999549,0.455481,-45.718611,15711759967,30687.09,511999,511999
784,-2822649.2882,0.0000,2822649.2882,715549733.8153,3944.7283,0,0.000000,34.794926,79.503852,0.422839,-44.103895,15700683081,30686.43,511649,511649
785,-2869279.3993,0.0000,2869279.3993,729463322.6875,3933.4115,0,0.000000,34.033009,85.089962,0.369157,-44.832491,15717637897,30686.64,512198,512198
786,-2951617.4196,0.0000,2951617.4196,752972473.5980,3919.9539,0,0.000000,36.171872,108.198950,0.417504,-46.119022,15720230947,30686.91,512278,512278
787,-2776348.2837,0.0000,2776348.2837,708200922.3480,3920.2833,0,0.000000,34.234596,86.614468,0.355171,-43.380442,15686365340,30686.28,511185,511185
788,-2889312.8146,0.0000,2889312.8146,734062364.0090,3936.0591,0,0.000000,34.392857,85.992625,0.454738,-45.145513,15714495502,30686.38,512100,512100
789,-2830654.9528,0.0000,2830654.9528,726775022.4404,3894.8160,0,0.000000,33.883306,91.054248,0.452606,-44.228984,15720344676,30686.60,512287,512287
79,-2868745.7022,0.0000,2868745.7022,730235149.1776,3928.5232,0,0.000000,34.104674,84.334308,0.424403,-44.824152,15691206724,30686.32,511342,511342
790,-2925277.8289,0.0000,2925277.8289,740418498.7632,3950.8438,0,0.000000,35.170415,91.065216,0.339366,-45.707466,15693644808,30687.25,511406,511406
791,-2917045.6111,0.0000,2917045.6111,745566154.6867,3912.5242,0,0.000000,34.548318,75.129865,0.427121,-45.578838,15706777747,30687.19,511835,511835
792,-2917017.3638,0.0000,2917017.3638,746157813.4707,3909.3839,0,0.000000,34.589222,90.496760,0.425806,-45.578396,15680551782,30687.09,510982,510982
793,-2887580.7133,0.0000,2887580.7133,733211818.9469,3938.2626,0,0.000000,34.717728,92.941510,0.352423,-45.118449,15716332159,30686.67,512155,512155
794,-2921749.2575,0.0000,2921749.2575,739381586.8371,3951.6121,0,0.000000,34.946792,96.639331,0.362776,-45.652332,15718633166,30686.91,512226,512226
795,-2898261.6386,0.0000,2898261.6386,736290742.7126,3936.3005,0,0.000000,35.417336,94.374472,0.345053,-45.285338,15726894209,30686.86,512496,512496
796,-2938219.6872,0.0000,2938219.6872,749667129.2852,3919.3658,0,0.000000,36.270942,88.537770,0.449516,-45.909683,15709184848,30687.10,511915,511915
797,-2933849.3641,0.0000,2933849.3641,750017770.3152,3911.7065,0,0.000000,34.777704,106.805022,0.464181,-45.841396,15691071325,30686.96,511327,511327
798,-2929834.6540,0.0000,2929834.6540,744365759.8847,3936.0148,0,0.000000,34.240632,84.459273,0.402805,-45.778666,15743046659,30687.12,513018,513018
799,-2878817.7271,0.0000,2878817.7271,730039302.3476,3943.3736,0,0.000000,34.227836,99.507554,0.394972,-44.981527,15717468586,30686.91,512188,512188
80,-2956288.5862,0.0000,2956288.5862,752169105.1711,3930.3510,0,0.000000,35.637377,103.211256,0.438759,-46.192009,15689104468,30686.95,511263,511263
800,-2856054.5103,0.0000,2856054.5103,726334328.2718,3932.1486,0,0.000000,33.524556,87.113039,0.410922,-44.625852,15721746600,30686.34,512337,512337
801,-2924048.3289,0.0000,2924048.3289,744419748.8470,3927.9564,0,0.000000,35.193326,98.019480,0.382442,-45.688255,15702964828,30686.93,511715,511715
802,-2909922.1358,0.0000,2909922.1358,737467757.4190,3945.8296,0,0.000000,33.612775,93.576430,0.355665,-45.467533,15727378767,30687.09,512508,512508
803,-2939524.5601,0.0000,2939524.5601,747217246.8240,3933.9624,0,0.000000,34.438261,83.193696,0.385276,-45.930071,15700010351,30687.40,511611,511611
804,-2929100.1066,0.0000,2929100.1066,741360139.9025,3950.9814,0,0.000000,35.663652,90.388162,0.371804,-45.767189,15722574293,30687.12,512351,512351
805,-2861390.3282,0.0000,2861390.3282,727901485.2315,3931.0132,0,0.000000,35.804560,124.589855,0.379644,-44.709224,15742811732,30686.79,513016,513016
806,-2911596.8097,0.0000,2911596.8097,740898034.3631,3929.8212,0,0.000000,35.681704,102.396741,0.340912,-45.493700,15722433104,30687.08,512347,512347
807,-2917543.8512,0.0000,2917543.8512,744175813.8914,3920.5035,0,0.000000,34.768981,91.188705,0.395851,-45.586623,15727757651,30686.81,512525,512525
808,-2909926.1578,0.0000,2909926.1578,739274082.0828,3936.1939,0,0.000000,36.189286,107.244791,0.398804,-45.467596,15722325936,30686.63,512351,512351
809,-2904416.7308,0.0000,2904416.7308,741349140.0154,3917.7448,0,0.000000,35.074880,101.993148,0.410066,-45.381511,15717793995,30687.01,512197,512197
81,-2839190.3464,0.0000,2839190.3464,722355266.9633,3930.4626,0,0.000000,36.194729,140.803116,0.411217,-44.362349,15693076244,30686.26,511404,511404
810,-2892134.5250,0.0000,2892134.5250,734030582.6279,3940.0736,0,0.000000,33.767150,83.468498,0.375324,-45.189602,15725486158,30687.05,512447,512447
811,-2966446.5752,0.0000,2966446.5752,755857560.6448,3924.6106,0,0.000000,36.993533,97.555044,0.438391,-46.350728,15699189241,30687.11,511589,511589
812,-2855698.2658,0.0000,2855698.2658,728692152.2345,3918.9365,0,0.000000,34.136915,87.622388,0.371227,-44.620285,15718197724,30686.60,512217,512217
813,-2893723.8765,0.0000,2893723.8765,731853003.3309,3953.9687,0,0.000000,34.071739,95.114072,0.376852,-45.214436,15713085161,30686.86,512046,512046
814,-2876636.1975,0.0000,2876636.1975,730137947.3284,3939.8530,0,0.000000,34.428538,100.565127,0.320524,-44.947441,15729281630,30687.03,512571,512571
815,-2880808.2196,0.0000,2880808.2196,734451539.6069,3922.3939,0,0.000000,35.114921,111.048658,0.419796,-45.012628,15710696316,30686.87,511968,511968
816,-2830070.8367,0.0000,2830070.8367,721309970.5355,3923.5155,0,0.000000,33.665154,85.184170,0.405758,-44.219857,15705882357,30686.40,511819,511819
817,-2905079.3110,0.0000,2905079.3110,739367596.1912,3929.1407,0,0.000000,34.221441,98.484191,0.340448,-45.391864,15722985362,30687.02,512366,512366
818,-2993516.6776,0.0000,2993516.6776,761218998.9441,3932.5302,0,0.000000,36.167657,94.412433,0.412814,-46.773698,15721806297,30687.29,512323,512323
819,-2963222.2248,0.0000,2963222.2248,751763041.3296,3941.6971,0,0.000000,35.937954,105.834804,0.416987,-46.300347,15710797851,30687.19,511966,511966
82,-2870472.0109,0.0000,2870472.0109,733344607.9727,3914.2198,0,0.000000,34.320745,93.560754,0.460937,-44.851125,15731985481,30686.38,512670,512670
820,-2853116.7056,0.0000,2853116.7056,728987731.9506,3913.8062,0,0.000000,33.347184,88.060372,0.493647,-44.579949,15702653118,30686.57,511711,511711
821,-2893868.6127,0.0000,2893868.6127,734878623.2926,3937.8865,0,0.000000,35.041449,98.025086,0.425997,-45.216697,15707055284,30686.83,511850,511850
822,-2912586.2585,0.0000,2912586.2585,740170058.5281,3935.0231,0,0.000000,35.083671,81.985361,0.351411,-45.509160,15689908915,30687.21,511285,511285
823,-2909070.6782,0.0000,2909070.6782,738139041.0027,3941.0877,0,0.000000,35.447185,91.663474,0.383433,-45.454229,15716264485,30687.02,512147,512147
824,-2983269.4796,0.0000,2983269.4796,756975423.5967,3941.0388,0,0.000000,35.603317,80.340012,0.432602,-46.613586,15712470676,30686.98,512024,512024
825,-2912473.5803,0.0000,2912473.5803,742150828.7053,3924.3688,0,0.000000,33.285106,88.337965,0.396697,-45.507400,15711021611,30687.09,511975,511975
826,-2936575.4975,0.0000,2936575.4975,745719327.7412,3937.9099,0,0.000000,34.868790,91.997138,0.363186,-45.883992,15739690814,30687.10,512909,512909
827,-2873677.2654,0.0000,2873677.2654,730222136.3137,3935.3467,0,0.000000,33.909695,83.812300,0.428336,-44.901207,15721085971,30686.61,512311,512311
828,-2961475.0355,0.0000,2961475.0355,753528615.8004,3930.1428,0,0.000000,35.599209,81.611006,0.393215,-46.273047,15702559715,30687.28,511696,511696
829,-2966312.7997,0.0000,2966312.7997,755101279.0022,3928.3642,0,0.000000,35.393175,91.852221,0.366624,-46.348637,15707667187,30687.43,511860,511860
83,-2860764.0282,0.0000,2860764.0282,729934991.0037,3919.2039,0,0.000000,34.737683,94.861309,0.425364,-44.699438,15693265792,30686.39,511408,511408
830,-2869980.5450,0.0000,2869980.5450,730855035.9091,3926.8807,0,0.000000,34.115833,107.616074,0.400976,-44.843446,15700631742,30686.63,511644,511644
831,-2936352.2435,0.0000,2936352.2435,748645904.3655,3922.2177,0,0.000000,35.063495,93.039881,0.409966,-45.880504,15728989408,30687.12,512560,512560
832,-2899072.5181,0.0000,2899072.5181,737240986.0992,3932.3268,0,0.000000,34.495599,95.707571,0.445547,-45.298008,15690555453,30686.79,511313,511313
833,-2928796.0246,0.0000,2928796.0246,743786020.1728,3937.6863,0,0.000000,34.268926,94.862337,0.380058,-45.762438,15721901620,30687.12,512329,512329
834,-2896874.3985,0.0000,2896874.3985,734217853.3832,3945.5243,0,0.000000,35.483400,95.192904,0.356944,-45.263662,15721891891,30687.04,512330,512330
835,-2906173.2850,0.0000,2906173.2850,738312416.1143,3936.2379,0,0.000000,34.061775,85.716784,0.386628,-45.408958,15732861119,30687.01,512688,512688
836,-2951827.0686,0.0000,2951827.0686,752883110.5188,3920.6977,0,0.000000,35.314867,96.327444,0.436008,-46.122298,15723567416,30687.20,512382,512382
837,-2870457.3832,0.0000,2870457.3832,726734243.8850,3949.8034,0,0.000000,35.524906,96.717873,0.315626,-44.850897,15693979220,30686.83,511424,511424
838,-2921057.8337,0.0000,2921057.8337,742095290.1279,3936.2301,0,0.000000,34.592364,97.273978,0.455956,-45.641529,15698327679,30686.81,511566,511566
839,-2961217.1681,0.0000,2961217.1681,749484623.6953,3951.0046,0,0.000000,33.870172,109.197754,0.409332,-46.269018,15704803718,30687.17,511771,511771
84,-3001248.7598,0.0000,3001248.7598,765768927.1680,3919.2616,0,0.000000,34.915025,133.557184,0.493542,-46.894512,15706694325,30687.03,511835,511835
840,-2918979.4368,0.0000,2918979.4368,738023091.7148,3955.1329,0,0.000000,34.790957,98.270878,0.392979,-45.609054,15732991735,30686.90,512694,512694
841,-2883359.9039,0.0000,2883359.9039,736190349.2995,3916.5956,0,0.000000,36.460040,87.148359,0.394973,-45.052498,15708793388,30686.99,511904,511904
842,-2969356.2804,0.0000,2969356.2804,758072782.0903,3916.9805,0,0.000000,35.930196,93.872722,0.462214,-46.396192,15728133847,30687.13,512532,512532
843,-2958704.4028,0.0000,2958704.4028,751375254.9116,3937.7187,0,0.000000,34.896625,95.004568,0.397782,-46.229756,15719679459,30687.04,512258,512258
844,-2896901.3354,0.0000,2896901.3354,739359582.5337,3918.1224,0,0.000000,35.393642,105.189116,0.418906,-45.264083,15702822488,30686.60,511716,511716
845,-2887760.2891,0.0000,2887760.2891,731820449.0152,3945.9956,0,0.000000,34.846592,98.069652,0.426816,-45.121255,15712132832,30686.86,512015,512015
846,-2865268.0255,0.0000,2865268.0255,728865663.8415,3931.1332,0,0.000000,34.252559,110.850476,0.370794,-44.769813,15701820366,30686.74,511681,511681
847,-2935989.0956,0.0000,2935989.0956,747167589.6987,3929.4920,0,0.000000,34.460959,84.023820,0.367541,-45.874830,15716646151,30687.22,512156,512156
848,-2867563.2428,0.0000,2867563.2428,727720268.5559,3940.4746,0,0.000000,34.845231,108.203185,0.351842,-44.805676,15723084515,30686.61,512376,512376
849,-2877083.2174,0.0000,2877083.2174,728023545.1660,3951.9096,0,0.000000,35.366648,82.923700,0.319886,-44.954425,15706268715,30686.55,511829,511829
85,-2945674.3985,0.0000,2945674.3985,751303831.8127,3920.7499,0,0.000000,34.407393,95.310973,0.482668,-46.026162,15693641239,30686.89,511412,511412
850,-2951648.4278,0.0000,2951648.4278,752987967.6635,3919.9145,0,0.000000,34.329992,100.719041,0.454052,-46.119507,15709161474,30687.05,511915,511915
851,-2901931.6453,0.0000,2901931.6453,735889445.5846,3943.4343,0,0.000000,33.592049,100.830293,0.309366,-45.342682,15682946290,30687.09,511060,511060
852,-2981319.7405,0.0000,2981319.7405,757064782.5836,3937.9982,0,0.000000,35.510531,127.656513,0.369673,-46.583121,15727693575,30687.46,512512,512512
853,-2857943.3311,0.0000,2857943.3311,728211864.5978,3924.6042,0,0.000000,34.578366,133.741088,0.372589,-44.655365,15714383975,30686.76,512090,512090
854,-2868835.2950,0.0000,2868835.2950,732224354.4719,3917.9731,0,0.000000,34.878544,112.416884,0.432163,-44.825551,15694741672,30686.34,511457,511457
855,-2877647.8836,0.0000,2877647.8836,730785690.5909,3937.7453,0,0.000000,35.016999,89.645685,0.408619,-44.963248,15684747542,30686.72,511125,511125
856,-2937242.9043,0.0000,2937242.9043,746783976.2243,3933.1895,0,0.000000,34.392653,91.244859,0.379917,-45.894420,15685064871,30687.04,511130,511130
857,-2951015.7795,0.0000,2951015.7795,756460346.1221,3901.0846,0,0.000000,35.357064,106.784217,0.489927,-46.109622,15700376874,30686.91,511631,511631
858,-2881355.6016,0.0000,2881355.6016,732680226.1673,3932.6237,0,0.000000,36.236420,87.665991,0.351611,-45.021181,15706298432,30686.67,511828,511828
859,-2903899.7875,0.0000,2903899.7875,740494320.4413,3921.5693,0,0.000000,35.167256,94.808941,0.427463,-45.373434,15659603934,30686.63,510307,510307
86,-2908770.7604,0.0000,2908770.7604,742729379.1140,3916.3265,0,0.000000,35.958638,101.387893,0.405432,-45.449543,15731153153,30686.73,512637,512637
860,-2925378.2443,0.0000,2925378.2443,737534788.8629,3966.4275,0,0.000000,34.931484,88.167150,0.314183,-45.709035,15735160833,30687.18,512760,512760
861,-2882436.6018,0.0000,2882436.6018,732803599.8622,3933.4367,0,0.000000,35.514345,97.203433,0.399306,-45.038072,15703805182,30686.84,511744,511744
862,-2904055.2561,0.0000,2904055.2561,738284896.4946,3933.5157,0,0.000000,34.860261,95.637969,0.406041,-45.375863,15697092068,30686.79,511526,511526
863,-2839389.8665,0.0000,2839389.8665,720739466.8532,3939.5510,0,0.000000,34.208929,82.086017,0.348561,-44.365467,15686879744,30686.62,511196,511196
864,-2885471.2020,0.0000,2885471.2020,736840938.1542,3916.0028,0,0.000000,35.189937,94.695914,0.407980,-45.085488,15724963148,30686.57,512438,512438
865,-2869926.3499,0.0000,2869926.3499,731941661.7375,3920.9769,0,0.000000,34.459923,83.652234,0.359379,-44.842599,15696665798,30686.92,511510,511510
866,-2928884.4192,0.0000,2928884.4192,743616385.8129,3938.7034,0,0.000000,33.671494,92.349647,0.429369,-45.763819,15727018620,30686.87,512500,512500
867,-2957853.3114,0.0000,2957853.3114,752977406.5979,3928.2099,0,0.000000,35.392596,105.735801,0.426802,-46.216458,15722401935,30687.44,512340,512340
868,-2947458.9718,0.0000,2947458.9718,747741702.0095,3941.8144,0,0.000000,34.645873,115.784186,0.335260,-46.054046,15712387767,30687.30,512016,512016
869,-2786266.2520,0.0000,2786266.2520,708292717.4200,3933.7779,0,0.000000,35.349870,113.787500,0.341521,-43.535410,15709914312,30686.36,511951,511951
87,-2953533.3895,0.0000,2953533.3895,756353594.3573,3904.9638,0,0.000000,36.783338,101.003841,0.527836,-46.148959,15739836324,30686.61,512922,512922
870,-2919622.8175,0.0000,2919622.8175,742722816.5437,3930.9723,0,0.000000,35.418330,92.196971,0.427224,-45.619107,15707079027,30687.00,511848,511848
871,-2875636.8280,0.0000,2875636.8280,727665629.4042,3951.8657,0,0.000000,34.181377,90.124778,0.322807,-44.931825,15729652830,30686.86,512586,512586
872,-2927396.0827,0.0000,2927396.0827,745681215.3702,3925.8010,0,0.000000,34.479476,86.089361,0.414512,-45.740564,15699242766,30687.10,511591,511591
873,-2859586.0262,0.0000,2859586.0262,729461756.2144,3920.1315,0,0.000000,35.060344,88.495154,0.392099,-44.681032,15726576106,30686.84,512486,512486
874,-2989750.8083,0.0000,2989750.8083,758830759.0078,3939.9441,0,0.000000,37.110818,98.851120,0.409222,-46.714856,15726779668,30687.30,512485,512485
875,-2893859.7547,0.0000,2893859.7547,736540737.6312,3928.9880,0,0.000000,34.084510,81.469475,0.360230,-45.216559,15706209284,30687.16,511817,511817
876,-2924603.2369,0.0000,2924603.2369,746385574.5791,3918.3544,0,0.000000,35.274212,110.890785,0.394710,-45.696926,15692766351,30687.15,511379,511379
877,-2932958.4177,0.0000,2932958.4177,746584687.6835,3928.5006,0,0.000000,34.867159,94.015110,0.458369,-45.827475,15714175951,30687.07,512078,512078
878,-2926631.5984,0.0000,2926631.5984,741059554.5085,3949.2529,0,0.000000,35.638473,88.032390,0.403365,-45.728619,15726862451,30687.04,512492,512492
879,-2854655.0374,0.0000,2854655.0374,725539771.3652,3934.5259,0,0.000000,33.834574,87.431132,0.353465,-44.603985,15702783440,30686.70,511713,511713
88,-2873889.1471,0.0000,2873889.1471,733553338.3204,3917.7644,0,0.000000,34.673668,93.334129,0.402706,-44.904518,15725966083,30686.61,512470,512470
880,-2964310.2664,0.0000,2964310.2664,753307844.6893,3935.0583,0,0.000000,35.332242,94.400173,0.383426,-46.317348,15735739124,30687.30,512777,512777
881,-2942538.3414,0.0000,2942538.3414,750552083.4254,3920.4985,0,0.000000,36.203519,90.835926,0.447921,-45.977162,15717807995,30686.98,512198,512198
882,-2912425.3202,0.0000,2912425.3202,742779270.1887,3920.9836,0,0.000000,34.842698,88.390049,0.372930,-45.506646,15698457614,30687.18,511564,511564
883,-2873226.4678,0.0000,2873226.4678,728734320.3528,3942.7627,0,0.000000,33.840643,98.818337,0.346390,-44.894164,15707153603,30686.96,511851,511851
884,-2942484.5804,0.0000,2942484.5804,749240349.5492,3927.2906,0,0.000000,34.874880,81.251426,0.398555,-45.976322,15694139360,30686.72,511431,511431
885,-2838022.8055,0.0000,2838022.8055,717182334.0325,3957.1845,0,0.000000,35.193707,91.687909,0.342376,-44.344106,15695867179,30686.26,511495,511495
886,-3029258.5122,0.0000,3029258.5122,768617753.3934,3941.1769,0,0.000000,35.979923,92.596356,0.372863,-47.332164,15672185489,30687.90,510696,510696
887,-2902303.9253,0.0000,2902303.9253,739133849.0755,3926.6283,0,0.000000,34.372934,91.686169,0.395886,-45.348499,15740410678,30686.95,512935,512935
888,-2887119.2795,0.0000,2887119.2795,733303441.7118,3937.1413,0,0.000000,34.765185,93.708172,0.341740,-45.111239,15764163408,30686.83,513711,513711
889,-2956622.5949,0.0000,2956622.5949,751266205.1853,3935.5192,0,0.000000,35.758143,94.028195,0.390155,-46.197228,15720399984,30687.30,512277,512277
89,-2859298.9396,0.0000,2859298.9396,731934151.8523,3906.4975,0,0.000000,35.404902,83.908450,0.472967,-44.676546,15704010852,30686.52,511756,511756
890,-2907739.4533,0.0000,2907739.4533,740915101.3660,3924.5245,0,0.000000,34.345864,87.439047,0.374992,-45.433429,15708120543,30687.18,511879,511879
891,-2861132.0603,0.0000,2861132.0603,725599121.2964,3943.1305,0,0.000000,35.971379,99.638576,0.364781,-44.705188,15728857318,30686.62,512564,512564
892,-2848256.9293,0.0000,2848256.9293,723779369.9507,3935.2558,0,0.000000,34.628391,97.522928,0.376894,-44.504015,15704361624,30686.73,511764,511764
893,-2888111.8971,0.0000,2888111.8971,732693465.0770,3941.7738,0,0.000000,34.902018,95.124178,0.398502,-45.126748,15692725990,30686.90,511382,511382
894,-2952987.6493,0.0000,2952987.6493,749252600.8539,3941.2444,0,0.000000,34.300993,95.995470,0.403678,-46.140432,15734667091,30687.30,512742,512742
895,-2933454.7685,0.0000,2933454.7685,743393051.2938,3946.0347,0,0.000000,35.193894,107.157297,0.409583,-45.835231,15701659106,30686.90,511673,511673
896,-2902619.7402,0.0000,2902619.7402,737216797.7747,3937.2675,0,0.000000,35.736367,84.764985,0.372110,-45.353433,15713275192,30686.81,512053,512053
897,-2912519.4430,0.0000,2912519.4430,742234061.0998,3923.9906,0,0.000000,33.615966,85.173291,0.382170,-45.508116,15702864584,30686.98,511711,511711
898,-2908231.9957,0.0000,2908231.9957,737490162.0843,3943.4180,0,0.000000,35.487378,84.288545,0.369108,-45.441125,15719100055,30686.68,512245,512245
899,-2863791.7793,0.0000,2863791.7793,731015683.3381,3917.5518,0,0.000000,35.501406,86.086415,0.412594,-44.746747,15694558329,30686.82,511443,511443
90,-2885082.0560,0.0000,2885082.0560,739646317.5126,3900.6238,0,0.000000,34.219496,114.257318,0.439566,-45.079407,15721625548,30686.76,512326,512326
900,-2880494.3921,0.0000,2880494.3921,730670625.8952,3942.2611,0,0.000000,34.452453,116.834622,0.400921,-45.007725,15744311689,30686.66,513067,513067
901,-2923400.3060,0.0000,2923400.3060,746534961.9050,3915.9590,0,0.000000,34.138473,90.477846,0.401852,-45.678130,15705675760,30687.08,511801,511801
902,-2865698.3061,0.0000,2865698.3061,729776479.7094,3926.8165,0,0.000000,34.783263,85.138829,0.410218,-44.776536,15701475172,30686.90,511667,511667
903,-2825769.4293,0.0000,2825769.4293,719227385.7652,3928.8958,0,0.000000,32.034397,91.537360,0.411341,-44.152647,15737737463,30686.64,512853,512853
904,-2907258.8249,0.0000,2907258.8249,736905521.3431,3945.2260,0,0.000000,35.112533,86.506500,0.348838,-45.425919,15731408196,30687.11,512639,512639
905,-2928394.5828,0.0000,2928394.5828,745444310.0310,3928.3881,0,0.000000,35.006342,96.831653,0.397003,-45.756165,15729778171,30687.04,512587,512587
906,-2853439.0082,0.0000,2853439.0082,727450761.7794,3922.5184,0,0.000000,34.288807,94.907495,0.359973,-44.584985,15683454396,30686.77,511082,511082
907,-2943586.5888,0.0000,2943586.5888,746349938.7782,3943.9765,0,0.000000,34.304300,89.090585,0.366871,-45.993540,15717524335,30687.08,512187,512187
908,-2927052.1146,0.0000,2927052.1146,747298174.2859,3916.8463,0,0.000000,35.114346,84.898669,0.403924,-45.735189,15716084332,30687.21,512138,512138
909,-2843041.9197,0.0000,2843041.9197,723480069.5801,3929.6755,0,0.000000,33.950583,99.982245,0.424659,-44.422530,15727414150,30686.62,512517,512517
91,-2914345.1944,0.0000,2914345.1944,748839073.0820,3891.8177,0,0.000000,35.274202,91.934214,0.484017,-45.536644,15714847452,30686.59,512108,512108
910,-2954218.2325,0.0000,2954218.2325,751158013.8742,3932.8852,0,0.000000,36.013205,106.510263,0.357673,-46.159660,15687654163,30687.24,511211,511211
911,-2919167.0058,0.0000,2919167.0058,740688416.6514,3941.1539,0,0.000000,34.414587,84.395522,0.389171,-45.611984,15741585979,30686.97,512973,512973
912,-2817900.6927,0.0000,2817900.6927,716031084.6056,3935.4446,0,0.000000,34.615497,83.496686,0.362007,-44.029698,15696509171,30686.55,511511,511511
913,-2869828.3318,0.0000,2869828.3318,731060775.0713,3925.5674,0,0.000000,35.081006,105.686635,0.420518,-44.841068,15710055536,30686.34,511956,511956
914,-2900611.3907,0.0000,2900611.3907,738572513.4149,3927.3211,0,0.000000,35.658959,90.108551,0.406086,-45.322053,15744937562,30686.92,513083,513083
915,-2968908.7461,0.0000,2968908.7461,753103797.6693,3942.2305,0,0.000000,34.648042,102.190718,0.419580,-46.389199,15692271394,30687.21,511362,511362
916,-2932553.2479,0.0000,2932553.2479,749590121.6341,3912.2090,0,0.000000,33.920017,98.710219,0.394681,-45.821144,15688307321,30687.50,511228,511228
917,-2914112.2689,0.0000,2914112.2689,740498192.8340,3935.3401,0,0.000000,34.933736,94.124825,0.369976,-45.533004,15725398018,30687.12,512443,512443
918,-2821363.7925,0.0000,2821363.7925,716365595.5743,3938.4412,0,0.000000,34.337776,92.816410,0.364163,-44.083809,15718240741,30686.38,512222,512222
919,-2831042.6316,0.0000,2831042.6316,722897807.3866,3916.2418,0,0.000000,34.662709,94.763086,0.386993,-44.235041,15699955549,30686.69,511621,511621
92,-2859077.7353,0.0000,2859077.7353,733466219.1696,3898.0360,0,0.000000,35.044635,99.172883,0.488090,-44.673090,15707321083,30686.09,511871,511871
920,-3012916.5321,0.0000,3012916.5321,764089802.7807,3943.1445,0,0.000000,36.865539,108.418891,0.379873,-47.076821,15691185963,30687.60,511320,511320
921,-2895206.9695,0.0000,2895206.9695,737507260.5265,3925.6657,0,0.000000,35.349059,91.281777,0.359715,-45.237609,15716337242,30686.86,512152,512152
922,-2823254.4399,0.0000,2823254.4399,719464981.3304,3924.1027,0,0.000000,33.137380,92.972952,0.390729,-44.113351,15728726873,30686.67,512559,512559
923,-2979937.6130,0.0000,2979937.6130,757835239.6946,3932.1708,0,0.000000,35.108092,91.099250,0.381932,-46.561525,15731519735,30687.27,512640,512640
924,-2925903.0887,0.0000,2925903.0887,746453648.3171,3919.7385,0,0.000000,34.729893,102.859371,0.422160,-45.717236,15718892443,30687.12,512231,512231
925,-2899853.9780,0.0000,2899853.9780,738240990.3988,3928.0587,0,0.000000,34.829038,86.971124,0.378616,-45.310218,15719239948,30687.02,512244,512244
926,-2852100.4406,0.0000,2852100.4406,727429533.8178,3920.7927,0,0.000000,35.042792,82.678962,0.428882,-44.564069,15695926445,30686.61,511491,511491
927,-2878007.2547,0.0000,2878007.2547,731642949.2610,3933.6226,0,0.000000,34.604706,83.235020,0.353615,-44.968863,15692058273,30686.85,511361,511361
928,-2890330.1629,0.0000,2890330.1629,739510347.1813,3908.4378,0,0.000000,35.501651,101.037078,0.425747,-45.161409,15723563676,30686.89,512387,512387
929,-2933026.2233,0.0000,2933026.2233,749903507.5722,3911.2048,0,0.000000,36.179991,124.806749,0.406944,-45.828535,15705728525,30687.18,511801,511801
93,-2816888.7780,0.0000,2816888.7780,720728974.8325,3908.3884,0,0.000000,34.720771,90.266328,0.461230,-44.013887,15704907209,30686.05,511793,511793
930,-2880995.0150,0.0000,2880995.0150,730602739.6097,3943.3126,0,0.000000,35.451338,103.312649,0.424976,-45.015547,15710250279,30686.72,511956,511956
931,-2885912.2551,0.0000,2885912.2551,735677945.2537,3922.7929,0,0.000000,34.810222,83.808727,0.338175,-45.092379,15719844822,30687.00,512264,512264
932,-2880379.1271,0.0000,2880379.1271,730845738.6803,3941.1588,0,0.000000,35.657517,95.127191,0.390819,-45.005924,15720785517,30686.62,512301,512301
933,-2898646.4963,0.0000,2898646.4963,737686611.1825,3929.3739,0,0.000000,35.363341,114.572513,0.411013,-45.291352,15718404221,30686.88,512219,512219
934,-2930189.6036,0.0000,2930189.6036,749317607.8765,3910.4774,0,0.000000,34.276171,98.607976,0.463272,-45.784213,15742699698,30687.05,513008,513008
935,-2878227.2125,0.0000,2878227.2125,733990355.0886,3921.3420,0,0.000000,35.467391,105.363049,0.379726,-44.972300,15710315762,30686.79,511957,511957
936,-2967825.0712,0.0000,2967825.0712,754495015.2543,3933.5251,0,0.000000,34.785269,102.588927,0.350197,-46.372267,15723339734,30687.29,512373,512373
937,-2939867.4941,0.0000,2939867.4941,751517401.7948,3911.9087,0,0.000000,34.874242,89.536621,0.425856,-45.935430,15727600563,30687.16,512514,512514
938,-2887942.4780,0.0000,2887942.4780,732333786.0662,3943.4784,0,0.000000,33.837400,93.851368,0.322682,-45.124101,15698934643,30687.21,511579,511579
939,-2867085.7502,0.0000,2867085.7502,730452549.3505,3925.0814,0,0.000000,35.632589,94.763501,0.347797,-44.798215,15699981289,30686.92,511618,511618
94,-2887448.2553,0.0000,2887448.2553,740348830.3249,3900.1186,0,0.000000,34.241565,89.392314,0.524664,-45.116379,15673400492,30686.31,510762,510762
940,-2931640.7357,0.0000,2931640.7357,746689694.1950,3926.1835,0,0.000000,35.674980,99.295433,0.388970,-45.806886,15700759118,30687.00,511642,511642
941,-2970521.0368,0.0000,2970521.0368,756877979.9964,3924.7027,0,0.000000,34.594613,85.903302,0.401252,-46.414391,15722726543,30687.41,512351,512351
942,-2927357.1063,0.0000,2927357.1063,746524275.1814,3921.3154,0,0.000000,34.999688,99.566421,0.405203,-45.739955,15725332419,30686.93,512444,512444
943,-2841532.1897,0.0000,2841532.1897,725726428.5782,3915.4316,0,0.000000,35.537817,95.352091,0.417274,-44.398940,15712349786,30686.62,512026,512026
944,-2876433.2985,0.0000,2876433.2985,733551000.6421,3921.2451,0,0.000000,35.633368,87.375231,0.368084,-44.944270,15703107657,30686.67,511724,511724
945,-2893319.4263,0.0000,2893319.4263,739187217.4932,3914.1903,0,0.000000,35.683751,82.844660,0.398119,-45.208116,15709199652,30687.07,511916,511916
946,-2874827.6622,0.0000,2874827.6622,734452384.8076,3914.2465,0,0.000000,34.585479,81.323966,0.426945,-44.919182,15703224516,30686.72,511727,511727
947,-2946114.4503,0.0000,2946114.4503,750084014.3112,3927.7126,0,0.000000,34.823181,98.429926,0.420023,-46.033038,15718210427,30687.16,512208,512208
948,-2895619.7942,0.0000,2895619.7942,736077489.3412,3933.8519,0,0.000000,35.073732,103.152477,0.376168,-45.244059,15737929077,30687.14,512851,512851
949,-2869716.9427,0.0000,2869716.9427,728722663.7461,3938.0097,0,0.000000,34.061335,83.834094,0.337430,-44.839327,15665137507,30686.89,510483,510483
95,-2818265.6153,0.0000,2818265.6153,719575913.2004,3916.5647,0,0.000000,34.522520,84.655919,0.467813,-44.035400,15696309087,30686.22,511510,511510
950,-2958708.8409,0.0000,2958708.8409,750458356.2669,3942.5357,0,0.000000,34.821572,91.886854,0.361329,-46.229826,15739588206,30687.32,512902,512902
951,-2855530.8551,0.0000,2855530.8551,727629466.6902,3924.4299,0,0.000000,34.568960,101.771907,0.421193,-44.617670,15697724499,30686.77,511547,511547
952,-2978618.1849,0.0000,2978618.1849,753182516.2633,3954.7097,0,0.000000,35.278875,91.173704,0.331381,-46.540909,15713128504,30687.67,512034,512034
953,-2884253.8995,0.0000,2884253.8995,734892250.2273,3924.7303,0,0.000000,35.200665,90.681667,0.369328,-45.066467,15700128793,30686.91,511623,511623
954,-2917227.5572,0.0000,2917227.5572,743450782.7695,3923.9014,0,0.000000,34.664073,92.047307,0.387316,-45.581681,15712415332,30686.93,512023,512023
955,-2828895.6113,0.0000,2828895.6113,719540467.9758,3931.5309,0,0.000000,34.648944,93.092572,0.351930,-44.201494,15708193615,30686.60,511891,511891
956,-2905403.7952,0.0000,2905403.7952,742788155.2219,3911.4837,0,0.000000,35.116682,95.049140,0.410172,-45.396934,15715636599,30686.93,512128,512128
957,-2889403.7577,0.0000,2889403.7577,736282273.9691,3924.3153,0,0.000000,34.717224,106.609777,0.410573,-45.146934,15726380917,30686.64,512483,512483
958,-2873004.8065,0.0000,2873004.8065,726238076.1147,3956.0096,0,0.000000,34.290898,84.132341,0.354084,-44.890700,15711765351,30686.74,512005,512005
959,-2947044.3282,0.0000,2947044.3282,751190789.2726,3923.1636,0,0.000000,34.830211,95.311982,0.390389,-46.047568,15704257109,30687.48,511748,511748
96,-2977570.9356,0.0000,2977570.9356,757653480.4740,3929.9904,0,0.000000,35.736809,116.520530,0.501362,-46.524546,15760139263,30687.00,513577,513577
960,-2891414.9742,0.0000,2891414.9742,732650329.6561,3946.5143,0,0.000000,33.029646,101.857400,0.352378,-45.178359,15716963028,30687.06,512169,512169
961,-2920395.8798,0.0000,2920395.8798,744818264.3781,3920.9509,0,0.000000,35.233514,93.259156,0.380825,-45.631186,15716056749,30686.97,512141,512141
962,-2829225.6651,0.0000,2829225.6651,716667759.0893,3947.7507,0,0.000000,33.283023,101.217864,0.365004,-44.206651,15722355900,30686.63,512352,512352
963,-2899251.0608,0.0000,2899251.0608,741126671.1017,3911.9508,0,0.000000,34.879076,93.673196,0.415193,-45.300798,15708160890,30686.77,511887,511887
964,-2837893.2323,0.0000,2837893.2323,716970932.7804,3958.1706,0,0.000000,33.230435,97.088608,0.294838,-44.342082,15702963968,30686.99,511714,511714
965,-2873351.8499,0.0000,2873351.8499,731976004.4141,3925.4727,0,0.000000,33.861873,102.779649,0.369031,-44.896123,15689879976,30686.79,511291,511291
966,-2872237.9758,0.0000,2872237.9758,732438935.8751,3921.4709,0,0.000000,33.526525,94.643892,0.440720,-44.878718,15713107941,30686.73,512049,512049
967,-2925026.8391,0.0000,2925026.8391,742547001.5368,3939.1807,0,0.000000,36.637032,98.038168,0.389355,-45.703544,15701777747,30687.31,511670,511670
968,-2886233.3347,0.0000,2886233.3347,735400365.7821,3924.7102,0,0.000000,35.497935,94.167618,0.366094,-45.097396,15687235450,30686.72,511206,511206
969,-2892587.0165,0.0000,2892587.0165,737923745.6503,3919.8996,0,0.000000,34.821621,98.117920,0.376101,-45.196672,15721243005,30686.79,512313,512313
97,-2823948.7279,0.0000,2823948.7279,724803200.7620,3896.1593,0,0.000000,33.922396,95.207102,0.465338,-44.124199,15725388170,30686.32,512456,512456
970,-2841522.9403,0.0000,2841522.9403,722520796.4972,3932.7905,0,0.000000,35.277206,137.561834,0.389934,-44.398796,15708462996,30686.77,511897,511897
971,-2909135.5584,0.0000,2909135.5584,739177008.6793,3935.6413,0,0.000000,34.745767,85.642933,0.367655,-45.455243,15728006220,30687.18,512527,512527
972,-2967525.1859,0.0000,2967525.1859,754140455.6156,3934.9768,0,0.000000,35.465201,91.216545,0.365372,-46.367581,15694438015,30687.48,511428,511428
973,-2935581.1193,0.0000,2935581.1193,748810176.0364,3920.3275,0,0.000000,33.550764,84.059790,0.415466,-45.868455,15732163628,30687.20,512662,512662
974,-2900997.7281,0.0000,2900997.7281,741158537.4812,3914.1393,0,0.000000,35.199777,96.522826,0.430385,-45.328090,15710741982,30687.14,511965,511965
975,-2975533.1282,0.0000,2975533.1282,756692096.8631,3932.2905,0,0.000000,35.837842,93.452950,0.367351,-46.492705,15715072797,30687.15,512106,512106
976,-2867806.1393,0.0000,2867806.1393,729290191.7643,3932.3251,0,0.000000,35.589140,101.073704,0.379057,-44.809471,15733107187,30686.59,512703,512703
977,-2943009.1499,0.0000,2943009.1499,749794589.6289,3925.0872,0,0.000000,34.635397,89.629263,0.397432,-45.984518,15707722789,30687.42,511862,511862
978,-2919345.7894,0.0000,2919345.7894,742211399.5697,3933.3077,0,0.000000,34.417614,92.503209,0.373038,-45.614778,15712433748,30686.91,512024,512024
979,-2938276.6804,0.0000,2938276.6804,747218244.4281,3932.2871,0,0.000000,34.600576,108.124918,0.354409,-45.910573,15714025235,30687.14,512072,512072
98,-2986616.2684,0.0000,2986616.2684,763862323.6463,3909.8882,0,0.000000,36.198260,83.205400,0.542280,-46.665879,15735100735,30687.07,512760,512760
980,-2854357.4316,0.0000,2854357.4316,724462802.8876,3939.9641,0,0.000000,33.038372,78.878161,0.341620,-44.599335,15716199888,30686.77,512149,512149
981,-2863538.9027,0.0000,2863538.9027,731400140.3434,3915.1468,0,0.000000,34.850446,89.841200,0.494066,-44.742795,15729408092,30686.56,512583,512583
982,-2862473.9832,0.0000,2862473.9832,723515401.6589,3956.3415,0,0.000000,32.805594,97.413300,0.291960,-44.726156,15735550767,30686.87,512778,512778
983,-2998856.4402,0.0000,2998856.4402,763697202.5319,3926.7611,0,0.000000,35.790804,90.570261,0.371115,-46.857132,15734239031,30687.42,512726,512726
984,-2932276.2873,0.0000,2932276.2873,746991669.4412,3925.4471,0,0.000000,35.992916,93.782596,0.376497,-45.816817,15696985402,30687.00,511519,511519
985,-2929657.0477,0.0000,2929657.0477,748410491.9910,3914.5056,0,0.000000,34.732324,108.179230,0.403803,-45.775891,15717349858,30687.16,512180,512180
986,-2891276.2870,0.0000,2891276.2870,732486070.4791,3947.2099,0,0.000000,33.840570,92.694213,0.386040,-45.176192,15704641671,30686.73,511773,511773
987,-2862754.2378,0.0000,2862754.2378,728211062.6452,3931.2150,0,0.000000,34.436136,92.282742,0.372268,-44.730535,15709119102,30686.67,511920,511920
988,-2870038.6779,0.0000,2870038.6779,728195047.7224,3941.3049,0,0.000000,34.576506,97.434466,0.340277,-44.844354,15697757268,30686.95,511545,511545
989,-2923521.1622,0.0000,2923521.1622,745763296.5223,3920.1730,0,0.000000,35.585558,98.088607,0.409693,-45.680018,15689660273,30687.32,511275,511275
99,-2919499.2666,0.0000,2919499.2666,742903316.4592,3929.8509,0,0.000000,34.870398,104.996145,0.438304,-45.617176,15700135552,30686.80,511625,511625
990,-2954912.5749,0.0000,2954912.5749,748741311.6248,3946.5067,0,0.000000,36.749772,101.937593,0.356347,-46.170509,15698607361,30687.23,511568,511568
991,-2835597.5522,0.0000,2835597.5522,723292060.6260,3920.4046,0,0.000000,34.463440,95.600995,0.387633,-44.306212,15700413964,30686.63,511637,511637
992,-2817528.2077,0.0000,2817528.2077,715945059.9261,3935.3972,0,0.000000,33.965203,84.839949,0.380394,-44.023878,15740292366,30686.42,512940,512940
993,-2917994.2399,0.0000,2917994.2399,741851452.8336,3933.3943,0,0.000000,34.577351,90.168552,0.382023,-45.593660,15712328725,30687.06,512018,512018
994,-2907289.1474,0.0000,2907289.1474,739529494.5343,3931.2687,0,0.000000,35.352663,82.459443,0.397353,-45.426393,15668796050,30687.03,510600,510600
995,-2982049.1619,0.0000,2982049.1619,757046313.1431,3939.0578,0,0.000000,34.389626,88.659875,0.340395,-46.594518,15695489197,30687.56,511461,511461
996,-2925792.1045,0.0000,2925792.1045,745538966.9348,3924.3986,0,0.000000,33.864232,103.420900,0.398898,-45.715502,15734794509,30687.19,512748,512748
997,-2962029.4522,0.0000,2962029.4522,757344389.5498,3911.0733,0,0.000000,34.956987,92.757349,0.440373,-46.281710,15716809076,30687.36,512159,512159
998,-2944532.3117,0.0000,2944532.3117,747920932.8160,3936.9567,0,0.000000,35.685109,81.585624,0.394868,-46.008317,15735613944,30687.17,512775,512775
999,-2859632.1118,0.0000,2859632.1118,726564749.3049,3935.8256,0,0.000000,32.238098,87.850713,0.340166,-44.681752,15732057069,30686.88,512664,512664
