seed,user_pnl,arb_profit,lp_profit_value,total_volume,lp_profit_per_1m_vol,arb_trade_count,intervention_rate,avg_spread_pct,max_spread_pct,rmse_price,impermanent_loss_pct,total_compute_units,avg_cu_per_swap,total_swaps,successful_swaps
100,-738535.0122,0.0000,738535.0122,183570706.6163,4023.1637,0,0.000000,38.894052,86.122053,0.296460,-11.539610,3933965522,30686.64,128198,128198
1000,-703241.0882,0.0000,703241.0882,173621047.3191,4050.4369,0,0.000000,34.759773,79.719247,0.246315,-10.988142,3917606581,30686.37,127666,127666
1001,-705279.1641,0.0000,705279.1641,175793266.8208,4011.9805,0,0.000000,33.713948,90.264251,0.245999,-11.019987,3936288547,30686.81,128273,128273
1002,-739392.8386,0.0000,739392.8386,183391466.0665,4031.7734,0,0.000000,39.154619,94.648722,0.313229,-11.553013,3928883526,30686.97,128031,128031
1003,-711350.7335,0.0000,711350.7335,178084578.1305,3994.4544,0,0.000000,36.749335,82.374932,0.246338,-11.114855,3928759097,30686.96,128027,128027
1004,-745001.4392,0.0000,745001.4392,186818854.3696,3987.8279,0,0.000000,39.425463,84.184197,0.300573,-11.640647,3934412296,30687.01,128211,128211
1005,-721194.5233,0.0000,721194.5233,180053948.5327,4005.4358,0,0.000000,37.792527,99.782301,0.256383,-11.268664,3922757491,30686.82,127832,127832
1006,-722371.5406,0.0000,722371.5406,182631868.0173,3955.3422,0,0.000000,35.365559,77.798766,0.318124,-11.287055,3938854682,30686.95,128356,128356
1007,-741458.3621,0.0000,741458.3621,185358181.9430,4000.1383,0,0.000000,36.921502,74.081722,0.261938,-11.585287,3930970361,30687.21,128098,128098
1008,-721420.1773,0.0000,721420.1773,179984733.4695,4008.2298,0,0.000000,37.700089,93.291494,0.236923,-11.272190,3929411940,30687.26,128047,128047
1009,-726802.2974,0.0000,726802.2974,180705749.2346,4022.0209,0,0.000000,36.973004,94.508621,0.258078,-11.356286,3939588273,30687.17,128379,128379
101,-719914.6861,0.0000,719914.6861,180429736.6056,3990.0002,0,0.000000,38.105542,88.604820,0.275321,-11.248667,3913736577,30686.83,127538,127538
1010,-721533.9007,0.0000,721533.9007,180154139.7255,4005.0920,0,0.000000,36.219716,84.415286,0.279667,-11.273967,3932226535,30686.72,128141,128141
1011,-710215.1297,0.0000,710215.1297,177617381.6662,3998.5677,0,0.000000,37.230668,85.416414,0.250687,-11.097111,3941470033,30686.77,128442,128442
1012,-715514.5720,0.0000,715514.5720,179918747.2504,3976.8761,0,0.000000,37.350783,91.891294,0.296908,-11.179915,3923521630,30687.04,127856,127856
1013,-731802.1188,0.0000,731802.1188,182310819.6194,4014.0356,0,0.000000,35.485194,82.626170,0.236008,-11.434408,3930844943,30687.43,128093,128093
1014,-757056.5532,0.0000,757056.5532,189437496.6539,3996.3395,0,0.000000,36.924337,88.321515,0.287780,-11.829009,3920436278,30688.11,127751,127751
1015,-725140.1838,0.0000,725140.1838,179344536.0877,4043.2800,0,0.000000,40.198344,91.765473,0.285009,-11.330315,3922548947,30686.63,127826,127826
1016,-734327.6574,0.0000,734327.6574,183216972.0169,4007.9674,0,0.000000,38.889847,126.001380,0.262708,-11.473870,3943925659,30687.01,128521,128521
1017,-716389.6183,0.0000,716389.6183,179193747.3194,3997.8494,0,0.000000,37.791851,82.490054,0.295734,-11.193588,3918864362,30686.85,127705,127705
1018,-730537.9111,0.0000,730537.9111,179904861.8065,4060.6902,0,0.000000,38.752762,95.431456,0.302066,-11.414655,3931223088,30687.03,128107,128107
1019,-714153.2447,0.0000,714153.2447,178305277.7683,4005.2277,0,0.000000,36.915151,86.985037,0.259211,-11.158644,3938404774,30687.04,128341,128341
102,-712407.5998,0.0000,712407.5998,175415328.7309,4061.2619,0,0.000000,37.586583,97.325972,0.279332,-11.131369,3939431904,30686.43,128377,128377
1020,-754339.1310,0.0000,754339.1310,187414681.6564,4024.9735,0,0.000000,35.885139,94.680517,0.262579,-11.786549,3919243611,30687.90,127713,127713
1021,-692534.5411,0.0000,692534.5411,173893825.6532,3982.5137,0,0.000000,35.996061,83.505070,0.261839,-10.820852,3922831807,30686.92,127834,127834
1022,-715404.4478,0.0000,715404.4478,177655905.5657,4026.9106,0,0.000000,38.479231,83.833949,0.281824,-11.178194,3931807388,30687.04,128126,128126
1023,-712267.3312,0.0000,712267.3312,178750745.7083,3984.6957,0,0.000000,37.512654,82.659549,0.304748,-11.129177,3926530417,30686.81,127955,127955
1024,-735644.0654,0.0000,735644.0654,185489699.5680,3965.9564,0,0.000000,38.449436,90.556743,0.313415,-11.494439,3933960197,30687.55,128194,128194
1025,-702543.6536,0.0000,702543.6536,174479478.0482,4026.5117,0,0.000000,34.155206,86.084044,0.226507,-10.977245,3925610620,30686.57,127926,127926
1026,-731190.4972,0.0000,731190.4972,182776862.6982,4000.4544,0,0.000000,37.736528,101.048707,0.284593,-11.424852,3928141609,30687.17,128006,128006
1027,-711645.5749,0.0000,711645.5749,176036431.3795,4042.6040,0,0.000000,37.370421,100.922453,0.272872,-11.119462,3930989536,30686.40,128102,128102
1028,-749402.2368,0.0000,749402.2368,186633173.8798,4015.3753,0,0.000000,37.081732,77.027566,0.267378,-11.709410,3932067942,30687.87,128131,128131
1029,-744826.3988,0.0000,744826.3988,184569933.9544,4035.4698,0,0.000000,36.780187,95.423919,0.294367,-11.637912,3922123860,30687.14,127810,127810
103,-692610.7830,0.0000,692610.7830,172048310.2953,4025.6762,0,0.000000,38.473290,100.025241,0.307514,-10.822043,3932251912,30685.48,128147,128147
1030,-732197.8698,0.0000,732197.8698,183338844.5526,3993.6865,0,0.000000,35.393164,84.742650,0.289084,-11.440592,3943201357,30687.59,128495,128495
1031,-716803.5224,0.0000,716803.5224,179652296.6654,3989.9491,0,0.000000,37.538953,85.364250,0.283219,-11.200055,3925954019,30686.86,127936,127936
1032,-716047.8738,0.0000,716047.8738,179284029.3004,3993.9301,0,0.000000,37.631957,108.400969,0.264175,-11.188248,3943156317,30687.00,128496,128496
1033,-701559.9448,0.0000,701559.9448,173940975.7191,4033.3219,0,0.000000,37.295330,87.498551,0.217422,-10.961874,3940220377,30686.60,128402,128402
1034,-716048.6067,0.0000,716048.6067,177279806.5984,4039.0873,0,0.000000,37.036429,90.791416,0.289254,-11.188259,3922234307,30686.33,127817,127817
1035,-735163.7859,0.0000,735163.7859,182988871.3809,4017.5328,0,0.000000,38.988536,118.963951,0.246966,-11.486934,3922606966,30687.56,127824,127824
1036,-738334.4790,0.0000,738334.4790,185473479.8577,3980.8089,0,0.000000,40.144982,100.203669,0.274194,-11.536476,3921525139,30687.50,127789,127789
1037,-740744.9553,0.0000,740744.9553,184152673.4665,4022.4502,0,0.000000,40.360232,93.013433,0.268583,-11.574140,3939517793,30687.34,128376,128376
1038,-730023.9513,0.0000,730023.9513,181574993.2710,4020.5093,0,0.000000,39.307385,80.300637,0.284403,-11.406624,3945094312,30686.79,128560,128560
1039,-724174.9374,0.0000,724174.9374,181686415.7504,3985.8508,0,0.000000,38.096253,108.579668,0.271909,-11.315233,3919992074,30687.27,127740,127740
104,-726031.6856,0.0000,726031.6856,182427907.3565,3979.8280,0,0.000000,37.601581,82.137879,0.301079,-11.344245,3921009850,30687.07,127774,127774
1040,-754561.6371,0.0000,754561.6371,187711682.2694,4019.7905,0,0.000000,40.063600,106.297385,0.292108,-11.790026,3933251152,30687.77,128170,128170
1041,-734611.4254,0.0000,734611.4254,182597633.9167,4023.1158,0,0.000000,39.331887,97.525498,0.262159,-11.478304,3914651245,30687.02,127567,127567
105,-725155.6064,0.0000,725155.6064,180048843.2025,4027.5494,0,0.000000,36.286323,82.460929,0.285869,-11.330556,3927828271,30685.92,128001,128001
106,-683642.5486,0.0000,683642.5486,171683087.4155,3982.0029,0,0.000000,37.313580,91.927582,0.261539,-10.681915,3943346476,30686.09,128506,128506
107,-701351.5450,0.0000,701351.5450,174519146.6268,4018.7656,0,0.000000,37.468966,94.556003,0.310339,-10.958618,3931953263,30685.54,128137,128137
108,-758579.4013,0.0000,758579.4013,190625584.1147,3979.4207,0,0.000000,37.821612,87.210620,0.305074,-11.852803,3931970492,30688.07,128127,128127
109,-726460.0002,0.0000,726460.0002,181728074.7483,3997.5111,0,0.000000,36.118870,88.805248,0.261852,-11.350938,3924829534,30687.42,127897,127897
110,-754361.9058,0.0000,754361.9058,186127297.7786,4052.9354,0,0.000000,41.623454,117.786077,0.313038,-11.786905,3925664420,30687.23,127925,127925
111,-747113.5341,0.0000,747113.5341,183715943.3538,4066.6777,0,0.000000,37.699710,95.049044,0.318795,-11.673649,3929183507,30686.92,128041,128041
112,-711283.4747,0.0000,711283.4747,178909786.5842,3975.6544,0,0.000000,34.955216,88.491713,0.267512,-11.113804,3914440966,30686.82,127561,127561
113,-727923.7173,0.0000,727923.7173,183233129.0295,3972.6643,0,0.000000,36.124864,92.658431,0.245260,-11.373808,3933044069,30687.59,128164,128164
114,-707749.7628,0.0000,707749.7628,177313242.4717,3991.5223,0,0.000000,36.877489,93.446013,0.325263,-11.058590,3932670562,30686.35,128157,128157
115,-717243.9116,0.0000,717243.9116,179448367.2764,3996.9375,0,0.000000,36.189637,90.303325,0.292783,-11.206936,3942205353,30686.52,128467,128467
116,-694480.5736,0.0000,694480.5736,174432143.6855,3981.3796,0,0.000000,37.204212,95.639547,0.260639,-10.851259,3922879441,30685.85,127840,127840
117,-766732.8578,0.0000,766732.8578,191421947.0160,4005.4595,0,0.000000,37.514072,86.191323,0.307724,-11.980201,3931888768,30687.67,128126,128126
118,-729688.4214,0.0000,729688.4214,182251266.0014,4003.7495,0,0.000000,41.392951,109.065004,0.320555,-11.401382,3916998032,30686.65,127645,127645
119,-742224.1957,0.0000,742224.1957,185205775.4912,4007.5651,0,0.000000,37.513260,106.808399,0.286095,-11.597253,3927473477,30687.22,127984,127984
120,-750286.9966,0.0000,750286.9966,188490252.2610,3980.5082,0,0.000000,38.177251,86.314962,0.333134,-11.723234,3916814914,30687.62,127635,127635
121,-747876.7526,0.0000,747876.7526,184896963.1563,4044.8298,0,0.000000,39.064035,90.095690,0.251546,-11.685574,3938049850,30687.38,128328,128328
122,-718015.0382,0.0000,718015.0382,180992538.1410,3967.0975,0,0.000000,38.868031,88.177846,0.321702,-11.218985,3933073785,30686.62,128169,128169
123,-706581.6996,0.0000,706581.6996,176492854.2649,4003.4578,0,0.000000,36.382217,97.128089,0.335675,-11.040339,3930997732,30685.75,128105,128105
124,-706699.6567,0.0000,706699.6567,177045329.3072,3991.6312,0,0.000000,36.111508,81.791999,0.267330,-11.042182,3921921703,30686.76,127805,127805
125,-702829.7298,0.0000,702829.7298,172905118.9936,4064.8289,0,0.000000,36.650494,105.058705,0.215601,-10.981715,3926130068,30686.08,127945,127945
126,-748473.0551,0.0000,748473.0551,187073371.1097,4000.9599,0,0.000000,39.420245,101.274670,0.267174,-11.694891,3925288780,30687.42,127912,127912
127,-774622.1414,0.0000,774622.1414,192790874.0974,4017.9399,0,0.000000,40.203636,96.509412,0.271456,-12.103471,3930920375,30688.02,128093,128093
128,-711883.6642,0.0000,711883.6642,176285239.5822,4038.2488,0,0.000000,37.338492,93.119018,0.250955,-11.123182,3931185294,30686.01,128110,128110
129,-685119.9065,0.0000,685119.9065,170618410.4116,4015.5098,0,0.000000,35.660715,89.231018,0.266271,-10.704999,3924047257,30685.39,127880,127880
130,-744747.9002,0.0000,744747.9002,184631473.2019,4033.6996,0,0.000000,39.290058,84.827209,0.299160,-11.636686,3926277407,30687.23,127945,127945
131,-727720.6136,0.0000,727720.6136,178280692.6546,4081.8812,0,0.000000,37.135270,90.277721,0.316390,-11.370635,3932065855,30686.66,128136,128136
132,-708857.9150,0.0000,708857.9150,175693375.1097,4034.6309,0,0.000000,36.959944,101.981404,0.326419,-11.075905,3941014374,30686.09,128430,128430
133,-675721.0999,0.0000,675721.0999,168487707.6577,4010.5068,0,0.000000,36.238914,83.898129,0.269589,-10.558142,3920844115,30685.29,127776,127776
134,-725936.4431,0.0000,725936.4431,181265303.2372,4004.8284,0,0.000000,39.608945,84.935888,0.277531,-11.342757,3934370608,30686.69,128211,128211
135,-725694.4140,0.0000,725694.4140,181792665.3122,3991.8795,0,0.000000,38.514243,84.027125,0.335274,-11.338975,3922190320,30687.18,127812,127812
136,-770451.2747,0.0000,770451.2747,190578997.3951,4042.6872,0,0.000000,38.438404,81.309861,0.296491,-12.038301,3925986275,30687.83,127933,127933
137,-725202.0663,0.0000,725202.0663,180292282.8373,4022.3689,0,0.000000,37.999183,99.908743,0.283828,-11.331282,3928044209,30687.13,128003,128003
138,-729651.4375,0.0000,729651.4375,183457902.9541,3977.2145,0,0.000000,41.896870,114.738759,0.338224,-11.400804,3941507197,30686.58,128444,128444
139,-761029.0613,0.0000,761029.0613,189149777.3506,4023.4203,0,0.000000,38.526440,94.232728,0.308731,-11.891079,3923011993,30687.37,127838,127838
140,-710491.8205,0.0000,710491.8205,177663591.0205,3999.0851,0,0.000000,34.742359,94.875318,0.250423,-11.101435,3937917937,30686.59,128327,128327
141,-686764.5459,0.0000,686764.5459,173360487.5285,3961.4825,0,0.000000,33.600967,92.320269,0.311133,-10.730696,3921108304,30685.92,127782,127782
142,-727831.1356,0.0000,727831.1356,180486756.7051,4032.6013,0,0.000000,39.937117,85.610161,0.312687,-11.372361,3913245768,30686.59,127523,127523
143,-741780.1406,0.0000,741780.1406,185371573.2416,4001.5852,0,0.000000,38.034719,96.478486,0.281051,-11.590315,3931373776,30687.49,128110,128110
144,-712417.5380,0.0000,712417.5380,177850001.0862,4005.7213,0,0.000000,37.165347,120.717215,0.293550,-11.131524,3909500851,30685.62,127405,127405
145,-704577.8474,0.0000,704577.8474,174681415.9612,4033.5020,0,0.000000,36.182720,83.066416,0.262257,-11.009029,3927579469,30686.61,127990,127990
146,-724926.5353,0.0000,724926.5353,183695940.5706,3946.3394,0,0.000000,38.187143,86.864457,0.333683,-11.326977,3931129929,30686.54,128106,128106
147,-746308.3993,0.0000,746308.3993,185466678.4219,4023.9487,0,0.000000,39.198945,95.677338,0.322768,-11.661069,3932642858,30687.33,128152,128152
148,-736771.5999,0.0000,736771.5999,183155388.3553,4022.6586,0,0.000000,36.759516,81.951742,0.292635,-11.512056,3934469986,30687.22,128212,128212
149,-722440.5931,0.0000,722440.5931,180787636.0325,3996.0730,0,0.000000,36.485225,88.741797,0.318566,-11.288134,3930144464,30687.23,128071,128071
150,-726201.9848,0.0000,726201.9848,181167660.5135,4008.4526,0,0.000000,39.767497,100.645633,0.266949,-11.346906,3929502291,30686.77,128052,128052
151,-749940.6553,0.0000,749940.6553,187686430.9078,3995.7106,0,0.000000,38.181632,98.421173,0.325059,-11.717823,3938755888,30687.14,128352,128352
152,-697849.8323,0.0000,697849.8323,171845276.1144,4060.9195,0,0.000000,36.899983,88.558902,0.290687,-10.903904,3927050092,30686.07,127975,127975
153,-722693.9814,0.0000,722693.9814,182115543.3118,3968.3267,0,0.000000,37.764425,88.768445,0.290471,-11.292093,3930668074,30687.01,128089,128089
154,-690850.2002,0.0000,690850.2002,173151340.4162,3989.8634,0,0.000000,34.520821,93.306511,0.250697,-10.794534,3925349369,30686.21,127919,127919
155,-733777.9296,0.0000,733777.9296,182775775.8643,4014.6345,0,0.000000,38.868145,107.228121,0.258116,-11.465280,3922309997,30687.40,127815,127815
156,-734863.4081,0.0000,734863.4081,184215318.7255,3989.1547,0,0.000000,38.979264,103.824583,0.284615,-11.482241,3928361582,30686.73,128015,128015
157,-767363.5142,0.0000,767363.5142,191445627.9078,4008.2582,0,0.000000,39.627895,84.844785,0.339572,-11.990055,3933360207,30687.66,128174,128174
158,-683235.4699,0.0000,683235.4699,169715704.3397,4025.7646,0,0.000000,36.365057,107.353426,0.241223,-10.675554,3935338101,30685.85,128246,128246
159,-736244.4601,0.0000,736244.4601,182244414.0489,4039.8739,0,0.000000,37.354241,86.174784,0.285037,-11.503820,3925573523,30686.76,127924,127924
160,-752440.2600,0.0000,752440.2600,187809920.3212,4006.3925,0,0.000000,38.229192,92.526402,0.300102,-11.756879,3928656181,30687.83,128020,128020
161,-676034.4574,0.0000,676034.4574,169245031.5261,3994.4124,0,0.000000,37.624319,99.086417,0.284954,-10.563038,3941123342,30685.26,128437,128437
162,-746410.0929,0.0000,746410.0929,185422137.0570,4025.4638,0,0.000000,37.649612,109.105208,0.313607,-11.662658,3924826057,30687.16,127898,127898
163,-716662.4243,0.0000,716662.4243,178940175.3499,4005.0392,0,0.000000,41.077971,110.952320,0.325523,-11.197850,3923920991,30686.08,127873,127873
164,-752653.3340,0.0000,752653.3340,187829724.0361,4007.1045,0,0.000000,39.395614,86.097349,0.322877,-11.760208,3937264926,30687.24,128303,128303
165,-740084.7878,0.0000,740084.7878,185316705.3956,3993.6215,0,0.000000,36.497235,115.900586,0.315979,-11.563825,3922588669,30687.42,127824,127824
166,-738249.6109,0.0000,738249.6109,182241555.1269,4050.9400,0,0.000000,37.377456,82.842492,0.264056,-11.535150,3926374076,30686.78,127950,127950
167,-722120.9741,0.0000,722120.9741,179169852.3328,4030.3710,0,0.000000,37.840526,91.349477,0.306389,-11.283140,3921643666,30686.27,127798,127798
168,-709858.0931,0.0000,709858.0931,177369104.0075,4002.1519,0,0.000000,37.536617,101.164414,0.337884,-11.091533,3922330231,30686.84,127818,127818
169,-679168.3335,0.0000,679168.3335,168648485.9996,4027.1238,0,0.000000,35.877466,74.729412,0.317831,-10.612005,3931307671,30685.05,128118,128118
170,-662191.0437,0.0000,662191.0437,164771544.8289,4018.8434,0,0.000000,35.481028,81.512686,0.251360,-10.346735,3942677926,30684.71,128490,128490
171,-723984.7447,0.0000,723984.7447,180789348.6166,4004.5763,0,0.000000,37.103096,94.036392,0.285713,-11.312262,3925886064,30687.05,127933,127933
172,-706653.0072,0.0000,706653.0072,176445454.6592,4004.9374,0,0.000000,36.698451,102.409244,0.302051,-11.041453,3940945285,30686.03,128428,128428
173,-708217.7234,0.0000,708217.7234,177503494.8945,3989.8804,0,0.000000,35.893682,87.854297,0.264687,-11.065902,3928656821,30686.40,128026,128026
174,-718118.1436,0.0000,718118.1436,180147442.9875,3986.2800,0,0.000000,36.419233,81.222604,0.298058,-11.220596,3938932289,30686.84,128359,128359
175,-735347.4244,0.0000,735347.4244,184514556.6877,3985.3085,0,0.000000,38.855727,93.337924,0.326269,-11.489804,3927032283,30686.89,127971,127971
176,-661477.1214,0.0000,661477.1214,165842281.0408,3988.5916,0,0.000000,33.304036,91.794294,0.250832,-10.335580,3918876713,30685.51,127711,127711
177,-724037.3026,0.0000,724037.3026,179109029.9768,4042.4389,0,0.000000,36.091117,78.233460,0.310419,-11.313083,3940129343,30686.84,128398,128398
178,-731845.9635,0.0000,731845.9635,181566547.1500,4030.7313,0,0.000000,38.748816,102.494719,0.290007,-11.435093,3928180079,30686.99,128008,128008
179,-743173.6003,0.0000,743173.6003,185646494.3296,4003.1653,0,0.000000,39.406222,94.180639,0.331867,-11.612088,3936299134,30687.37,128271,128271
180,-721280.0211,0.0000,721280.0211,178191509.4195,4047.7800,0,0.000000,38.779914,92.661422,0.274235,-11.270000,3933037859,30686.58,128168,128168
181,-725589.4377,0.0000,725589.4377,183511798.5421,3953.9116,0,0.000000,39.747448,95.383254,0.305497,-11.337335,3925427583,30686.82,127919,127919
182,-733667.2726,0.0000,733667.2726,181908900.6881,4033.1576,0,0.000000,38.674075,86.686184,0.297436,-11.463551,3934009000,30686.74,128199,128199
183,-700018.3825,0.0000,700018.3825,173171067.9479,4042.3518,0,0.000000,36.803849,84.540963,0.251814,-10.937787,3942791317,30686.31,128487,128487
184,-708344.1295,0.0000,708344.1295,175828547.3080,4028.6071,0,0.000000,37.104957,88.579428,0.268517,-11.067877,3922817045,30686.33,127836,127836
185,-723819.3374,0.0000,723819.3374,178254741.3408,4060.5895,0,0.000000,37.121210,80.148928,0.275042,-11.309677,3939536275,30686.77,128379,128379
186,-728348.8147,0.0000,728348.8147,182440358.5797,3992.2571,0,0.000000,37.524669,93.127211,0.267468,-11.380450,3927115926,30687.31,127972,127972
187,-741046.5282,0.0000,741046.5282,182493080.3537,4060.6829,0,0.000000,36.803676,94.306225,0.293114,-11.578852,3925663746,30686.99,127926,127926
188,-763708.8393,0.0000,763708.8393,190182161.5710,4015.6702,0,0.000000,39.416625,84.889602,0.310865,-11.932951,3909729404,30687.89,127403,127403
189,-718503.0522,0.0000,718503.0522,181539357.3777,3957.8363,0,0.000000,38.509012,93.983728,0.290166,-11.226610,3923356518,30687.18,127850,127850
190,-734467.3278,0.0000,734467.3278,184544900.4973,3979.8842,0,0.000000,37.677373,104.782768,0.277294,-11.476052,3926944738,30687.17,127967,127967
191,-746497.5781,0.0000,746497.5781,187630864.2508,3978.5436,0,0.000000,38.032891,114.529905,0.304705,-11.664025,3938933336,30687.81,128355,128355
192,-718046.1689,0.0000,718046.1689,179625418.7320,3997.4641,0,0.000000,38.057275,125.638407,0.323617,-11.219471,3938948520,30686.97,128359,128359
193,-755317.7908,0.0000,755317.7908,187203860.8619,4034.7340,0,0.000000,36.593761,87.128985,0.284848,-11.801840,3931156306,30687.70,128102,128102
194,-720144.3846,0.0000,720144.3846,180173630.5887,3996.9466,0,0.000000,38.887027,109.268953,0.324055,-11.252256,3923182450,30686.30,127848,127848
195,-739367.4160,0.0000,739367.4160,184480044.6748,4007.8450,0,0.000000,39.369968,101.834856,0.275824,-11.552616,3937968506,30687.22,128326,128326
196,-697328.3418,0.0000,697328.3418,174361801.1336,3999.3183,0,0.000000,35.822178,95.283263,0.236174,-10.895755,3916486830,30686.02,127631,127631
197,-734305.3734,0.0000,734305.3734,183222021.6737,4007.7354,0,0.000000,37.530484,106.053845,0.298092,-11.473521,3924816885,30686.85,127899,127899
198,-729545.2044,0.0000,729545.2044,180030142.1239,4052.3503,0,0.000000,36.813413,75.711680,0.279519,-11.399144,3913572088,30686.50,127534,127534
199,-730284.7512,0.0000,730284.7512,182372810.4814,4004.3510,0,0.000000,38.383720,90.046627,0.310099,-11.410699,3924304176,30686.92,127882,127882
200,-693211.2731,0.0000,693211.2731,172148819.1992,4026.8140,0,0.000000,36.200092,78.767979,0.265415,-10.831426,3927111808,30686.07,127977,127977
201,-758375.5155,0.0000,758375.5155,187777538.6285,4038.6913,0,0.000000,38.402531,99.357809,0.291130,-11.849617,3932530537,30687.65,128147,128147
202,-736193.0166,0.0000,736193.0166,185537012.6857,3967.9038,0,0.000000,38.582997,101.383818,0.292407,-11.503016,3936308594,30686.96,128273,128273
203,-745133.5970,0.0000,745133.5970,185391454.3685,4019.2446,0,0.000000,36.320099,86.606172,0.311409,-11.642712,3929005605,30686.97,128035,128035
204,-712066.0017,0.0000,712066.0017,176734837.2033,4029.0076,0,0.000000,37.251664,97.890738,0.329050,-11.126031,3926140913,30686.40,127944,127944
205,-739913.8248,0.0000,739913.8248,184313110.6037,4014.4395,0,0.000000,40.140479,91.592081,0.319874,-11.561154,3936404071,30686.99,128276,128276
206,-746283.3217,0.0000,746283.3217,181836743.3297,4104.1393,0,0.000000,39.683293,96.292813,0.292366,-11.660677,3939701775,30687.10,128383,128383
207,-691679.2979,0.0000,691679.2979,172518990.9282,4009.2937,0,0.000000,36.260407,81.699845,0.313997,-10.807489,3932894679,30686.42,128164,128164
208,-743423.0483,0.0000,743423.0483,185103690.0280,4016.2519,0,0.000000,35.268053,95.976329,0.328475,-11.615985,3927839616,30687.21,127996,127996
209,-708585.4962,0.0000,708585.4962,177549003.8623,3990.9292,0,0.000000,39.403082,94.459824,0.282760,-11.071648,3923946094,30686.28,127873,127873
210,-751191.8417,0.0000,751191.8417,187407145.9151,4008.3415,0,0.000000,38.857818,109.116393,0.304342,-11.737373,3935044703,30687.40,128230,128230
211,-743920.1823,0.0000,743920.1823,183931701.9687,4044.5457,0,0.000000,37.758952,88.274701,0.237483,-11.623753,3935326482,30687.68,128238,128238
212,-745449.4275,0.0000,745449.4275,185021595.4629,4028.9861,0,0.000000,37.453474,88.603128,0.274538,-11.647647,3919320958,30687.30,127718,127718
213,-738548.6510,0.0000,738548.6510,185867611.3316,3973.5199,0,0.000000,38.373432,97.007438,0.332971,-11.539823,3924161741,30687.24,127876,127876
214,-722010.9568,0.0000,722010.9568,180560759.7274,3998.7147,0,0.000000,33.851454,89.659830,0.243853,-11.281421,3926827341,30686.97,127964,127964
215,-706459.1272,0.0000,706459.1272,176455052.0653,4003.6209,0,0.000000,38.003746,85.238766,0.248064,-11.038424,3923206983,30686.49,127848,127848
216,-718065.1393,0.0000,718065.1393,179495288.0783,4000.4679,0,0.000000,37.991444,86.615690,0.289879,-11.219768,3935503098,30686.90,128247,128247
217,-730404.4925,0.0000,730404.4925,182782685.8020,3996.0267,0,0.000000,37.355377,84.581904,0.266392,-11.412570,3914719698,30687.08,127569,127569
218,-679661.6781,0.0000,679661.6781,167844591.4944,4049.3511,0,0.000000,33.028253,81.315943,0.316482,-10.619714,3924902445,30685.36,127908,127908
219,-729059.8579,0.0000,729059.8579,181426365.2515,4018.4890,0,0.000000,36.771099,79.745353,0.276725,-11.391560,3926295094,30687.13,127946,127946
220,-716979.5874,0.0000,716979.5874,179636027.9440,3991.2906,0,0.000000,36.524481,88.304605,0.316321,-11.202806,3946137695,30686.32,128596,128596
221,-763340.1956,0.0000,763340.1956,190611427.2589,4004.6927,0,0.000000,38.735061,88.015543,0.289629,-11.927191,3931304890,30687.43,128108,128108
222,-738732.7361,0.0000,738732.7361,184338972.8873,4007.4691,0,0.000000,38.202649,79.948553,0.285847,-11.542699,3939127096,30686.92,128365,128365
223,-713784.6652,0.0000,713784.6652,179670986.9263,3972.7319,0,0.000000,39.421687,113.803286,0.302818,-11.152885,3931273141,30686.46,128111,128111
224,-754849.0711,0.0000,754849.0711,189365269.2509,3986.2065,0,0.000000,39.048567,111.581044,0.350335,-11.794517,3939664824,30687.53,128380,128380
225,-760390.6043,0.0000,760390.6043,189381390.7890,4015.1284,0,0.000000,37.158581,83.155634,0.360153,-11.881103,3923898070,30687.34,127867,127867
226,-757527.5365,0.0000,757527.5365,188564772.5189,4017.3333,0,0.000000,39.408735,80.474788,0.284871,-11.836368,3931356169,30688.07,128107,128107
227,-737770.4158,0.0000,737770.4158,184908364.9248,3989.9245,0,0.000000,40.890791,107.081260,0.337866,-11.527663,3937185327,30687.34,128300,128300
228,-726788.3889,0.0000,726788.3889,181481802.7226,4004.7453,0,0.000000,35.475090,87.911700,0.313860,-11.356069,3912272155,30687.14,127489,127489
229,-754559.2820,0.0000,754559.2820,188996997.8256,3992.4406,0,0.000000,40.212113,92.205759,0.297488,-11.789989,3939351642,30687.48,128370,128370
230,-692518.6004,0.0000,692518.6004,171277984.3258,4043.2435,0,0.000000,37.887635,90.969706,0.256856,-10.820603,3935284685,30685.44,128246,128246
231,-693407.9165,0.0000,693407.9165,171988149.3669,4031.7192,0,0.000000,36.566175,88.857166,0.243109,-10.834499,3936125436,30686.49,128269,128269
232,-712418.4403,0.0000,712418.4403,177050772.6844,4023.8087,0,0.000000,39.746991,91.841551,0.255743,-11.131538,3927118996,30686.61,127975,127975
233,-712057.0766,0.0000,712057.0766,178362840.5558,3992.1829,0,0.000000,38.252965,94.223622,0.278276,-11.125892,3923061043,30686.79,127842,127842
234,-711377.2784,0.0000,711377.2784,178078647.7549,3994.7365,0,0.000000,37.983487,107.641935,0.271530,-11.115270,3930512486,30686.99,128084,128084
235,-748304.7093,0.0000,748304.7093,185244352.5056,4039.5548,0,0.000000,36.333224,76.372988,0.325888,-11.692261,3925288748,30687.42,127912,127912
236,-728327.3368,0.0000,728327.3368,181618112.8711,4010.2131,0,0.000000,38.605545,90.302242,0.250616,-11.380115,3934066669,30687.19,128199,128199
237,-750037.1296,0.0000,750037.1296,185869730.9863,4035.2839,0,0.000000,40.312280,106.008415,0.302187,-11.719330,3917827206,30687.14,127670,127670
238,-730392.7806,0.0000,730392.7806,182122010.3697,4010.4586,0,0.000000,38.586383,85.350910,0.322264,-11.412387,3924998195,30687.06,127904,127904
239,-765007.2055,0.0000,765007.2055,188206734.2816,4064.7175,0,0.000000,39.033760,111.542824,0.266760,-11.953238,3933136189,30687.35,128168,128168
240,-676902.2340,0.0000,676902.2340,168931013.2709,4006.9743,0,0.000000,40.430629,134.333760,0.287113,-10.576597,3913970338,30685.53,127551,127551
241,-738482.3315,0.0000,738482.3315,186021497.3024,3969.8763,0,0.000000,37.699840,84.400591,0.313245,-11.538786,3920753238,30686.98,127766,127766
242,-750232.1601,0.0000,750232.1601,184631348.1849,4063.4062,0,0.000000,38.534142,99.325894,0.247719,-11.722378,3927001034,30687.13,127969,127969
243,-748544.6239,0.0000,748544.6239,186108167.1926,4022.0944,0,0.000000,37.913119,91.625252,0.324365,-11.696010,3919060911,30687.43,127709,127709
244,-755458.4810,0.0000,755458.4810,189439397.5330,3987.8636,0,0.000000,37.967767,76.153674,0.268786,-11.804039,3926123745,30687.95,127937,127937
245,-756738.7114,0.0000,756738.7114,189229350.4096,3999.0557,0,0.000000,40.325361,93.699488,0.303535,-11.824042,3920285405,30687.17,127750,127750
246,-763982.3827,0.0000,763982.3827,188592269.6229,4050.9740,0,0.000000,38.328186,103.155356,0.256402,-11.937225,3928180926,30687.71,128005,128005
247,-701311.0221,0.0000,701311.0221,174742639.7437,4013.3938,0,0.000000,38.104688,75.126762,0.289754,-10.957985,3930887696,30686.33,128099,128099
248,-736129.7763,0.0000,736129.7763,182342762.8404,4037.0660,0,0.000000,40.705751,90.911058,0.370324,-11.502028,3923828945,30686.80,127867,127867
249,-717637.0807,0.0000,717637.0807,180125288.8272,3984.0995,0,0.000000,35.392501,79.210386,0.290772,-11.213079,3940091566,30687.03,128396,128396
250,-719699.6915,0.0000,719699.6915,178504108.2340,4031.8383,0,0.000000,39.244843,99.855556,0.280531,-11.245308,3924128982,30686.75,127877,127877
251,-749441.6171,0.0000,749441.6171,188211852.7186,3981.9045,0,0.000000,37.930212,82.283777,0.292488,-11.710025,3912093345,30687.66,127481,127481
252,-733676.9157,0.0000,733676.9157,184526162.0037,3976.0049,0,0.000000,37.276121,97.699350,0.275577,-11.463702,3926216569,30687.47,127942,127942
253,-704353.0146,0.0000,704353.0146,175563568.8267,4011.9543,0,0.000000,37.330353,80.306474,0.257697,-11.005516,3942275293,30685.87,128472,128472
254,-719416.6192,0.0000,719416.6192,179184601.1101,4014.9467,0,0.000000,35.604291,80.422956,0.300685,-11.240885,3919568677,30686.60,127729,127729
255,-673649.2260,0.0000,673649.2260,167817902.5075,4014.1678,0,0.000000,38.540082,87.963463,0.256268,-10.525769,3925034620,30684.71,127915,127915
256,-714571.0361,0.0000,714571.0361,177750929.7671,4020.0692,0,0.000000,37.516876,94.116677,0.286337,-11.165172,3921842818,30686.63,127803,127803
257,-721767.4583,0.0000,721767.4583,179332484.7381,4024.7446,0,0.000000,38.239996,94.529288,0.323836,-11.277617,3933411142,30686.86,128179,128179
258,-726892.9378,0.0000,726892.9378,181375612.7987,4007.6663,0,0.000000,38.987408,87.173818,0.258126,-11.357702,3917567294,30687.03,127662,127662
259,-742193.5787,0.0000,742193.5787,182800036.0149,4060.1391,0,0.000000,40.702220,103.313432,0.289081,-11.596775,3931325369,30686.39,128113,128113
260,-691925.8672,0.0000,691925.8672,174002612.8731,3976.5257,0,0.000000,38.479971,109.918771,0.279839,-10.811342,3935862492,30686.59,128260,128260
261,-702025.3174,0.0000,702025.3174,174482637.9566,4023.4680,0,0.000000,37.958167,99.838796,0.304508,-10.969146,3937565316,30685.75,128319,128319
262,-727855.3520,0.0000,727855.3520,178934887.4345,4067.7107,0,0.000000,37.642297,83.917957,0.325085,-11.372740,3926518671,30686.00,127958,127958
263,-742811.7322,0.0000,742811.7322,185032347.4358,4014.4966,0,0.000000,38.504719,93.271124,0.294288,-11.606433,3927877626,30687.26,127997,127997
264,-728745.2011,0.0000,728745.2011,179807613.7753,4052.9163,0,0.000000,39.276342,93.518508,0.255206,-11.386644,3934737951,30686.92,128222,128222
265,-720718.6402,0.0000,720718.6402,180167193.2677,4000.2768,0,0.000000,36.764559,89.981994,0.297043,-11.261229,3929122133,30686.68,128040,128040
266,-727339.0710,0.0000,727339.0710,183031124.9858,3973.8546,0,0.000000,37.802030,86.150385,0.265702,-11.364673,3922747416,30687.22,127830,127830
267,-707226.0013,0.0000,707226.0013,176379374.6864,4009.6865,0,0.000000,35.949279,86.804186,0.264425,-11.050406,3926779947,30686.36,127965,127965
268,-735911.5155,0.0000,735911.5155,180979493.4893,4066.2702,0,0.000000,38.103852,101.727361,0.285913,-11.498617,3937367587,30686.84,128308,128308
269,-721690.9402,0.0000,721690.9402,181270991.9967,3981.2820,0,0.000000,36.889135,90.676094,0.276354,-11.276421,3924213433,30686.69,127880,127880
270,-695847.2329,0.0000,695847.2329,174508302.2326,3987.4735,0,0.000000,35.872313,96.359584,0.297670,-10.872613,3922436295,30686.23,127824,127824
271,-739586.6789,0.0000,739586.6789,184616123.0453,4006.0785,0,0.000000,37.967172,94.653396,0.288106,-11.556042,3914109567,30687.35,127548,127548
272,-744276.1273,0.0000,744276.1273,184893777.2022,4025.4255,0,0.000000,34.426935,87.928176,0.247519,-11.629314,3928257241,30687.59,128008,128008
273,-756724.1139,0.0000,756724.1139,187088122.4211,4044.7470,0,0.000000,36.932440,86.010594,0.286951,-11.823814,3912673141,30687.87,127499,127499
274,-704527.7995,0.0000,704527.7995,174266929.7708,4042.8084,0,0.000000,34.142757,77.812691,0.281701,-11.008247,3918483876,30686.03,127696,127696
275,-707344.5451,0.0000,707344.5451,177425233.7072,3986.7190,0,0.000000,38.175042,110.491078,0.277351,-11.052259,3943247758,30686.75,128500,128500
276,-703548.7949,0.0000,703548.7949,176690959.8496,3981.8041,0,0.000000,39.021663,97.442227,0.289041,-10.992950,3928960154,30686.13,128037,128037
277,-747059.9667,0.0000,747059.9667,184645277.3344,4045.9197,0,0.000000,37.323500,72.434315,0.251702,-11.672812,3936668286,30686.42,128287,128287
278,-736856.6806,0.0000,736856.6806,184944886.1862,3984.1960,0,0.000000,36.134030,90.851792,0.321224,-11.513386,3929168140,30687.28,128039,128039
279,-752782.1687,0.0000,752782.1687,187656719.3054,4011.4853,0,0.000000,40.227007,132.238686,0.310944,-11.762221,3927656529,30687.93,127987,127987
280,-746536.8910,0.0000,746536.8910,187098940.8400,3990.0648,0,0.000000,35.874568,91.068654,0.262368,-11.664639,3935027234,30687.26,128230,128230
281,-756898.3498,0.0000,756898.3498,189025195.8937,4004.2194,0,0.000000,36.171586,75.153377,0.289045,-11.826537,3929814197,30687.53,128059,128059
282,-680362.2438,0.0000,680362.2438,169279547.8408,4019.1639,0,0.000000,33.968454,79.337197,0.255588,-10.630660,3934386280,30685.61,128216,128216
283,-694520.7528,0.0000,694520.7528,174465967.1762,3980.8380,0,0.000000,37.977285,99.351918,0.260674,-10.851887,3911344676,30686.12,127463,127463
284,-722084.2636,0.0000,722084.2636,180659939.8038,3996.9252,0,0.000000,36.278466,88.721525,0.264563,-11.282567,3926090434,30687.21,127939,127939
285,-747469.8209,0.0000,747469.8209,185348556.6678,4032.7793,0,0.000000,38.288707,91.357382,0.292616,-11.679216,3935351394,30687.15,128241,128241
286,-734144.2160,0.0000,734144.2160,184227318.3192,3984.9911,0,0.000000,35.072903,77.100884,0.260512,-11.471003,3914083693,30686.90,127549,127549
287,-695601.2288,0.0000,695601.2288,172528626.1144,4031.8018,0,0.000000,37.147914,89.721952,0.276149,-10.868769,3938045966,30686.15,128333,128333
288,-733706.3180,0.0000,733706.3180,181095192.9616,4051.4953,0,0.000000,37.271048,80.877297,0.287570,-11.464161,3928236817,30686.47,128012,128012
289,-731817.5977,0.0000,731817.5977,182003793.9656,4020.8920,0,0.000000,40.830533,90.630983,0.290377,-11.434650,3923192110,30686.86,127846,127846
290,-765388.4383,0.0000,765388.4383,192699742.9512,3971.9225,0,0.000000,39.056737,95.116432,0.281825,-11.959194,3940978730,30688.20,128420,128420
291,-719256.3555,0.0000,719256.3555,180505722.6801,3984.6734,0,0.000000,38.000845,77.100615,0.253476,-11.238381,3939573378,30686.58,128381,128381
292,-695633.4719,0.0000,695633.4719,174325887.4997,3990.4198,0,0.000000,34.904992,79.520970,0.316927,-10.869273,3922509583,30686.08,127827,127827
293,-719463.5484,0.0000,719463.5484,180681948.9517,3981.9337,0,0.000000,38.343833,102.502127,0.274773,-11.241618,3929783068,30686.33,128063,128063
294,-731228.8336,0.0000,731228.8336,183876656.6072,3976.7355,0,0.000000,37.037499,88.849763,0.263506,-11.425451,3924346208,30687.24,127882,127882
295,-725849.1313,0.0000,725849.1313,180112466.6471,4029.9772,0,0.000000,37.233376,81.943912,0.277896,-11.341393,3928958245,30686.84,128034,128034
296,-709220.2063,0.0000,709220.2063,178525247.5839,3972.6605,0,0.000000,37.464236,90.538010,0.301503,-11.081566,3930583822,30686.59,128088,128088
297,-747678.7290,0.0000,747678.7290,186084790.6860,4017.9465,0,0.000000,37.947125,91.315061,0.281697,-11.682480,3943272598,30687.19,128499,128499
298,-726425.9434,0.0000,726425.9434,180742763.7349,4019.1149,0,0.000000,39.549226,110.898818,0.265709,-11.350405,3928391026,30686.96,128015,128015
299,-707384.8750,0.0000,707384.8750,176432773.5354,4009.3734,0,0.000000,34.949657,83.631327,0.302266,-11.052889,3917962152,30686.51,127677,127677
300,-759519.3926,0.0000,759519.3926,187634318.2176,4047.8703,0,0.000000,37.382148,93.290356,0.314164,-11.867491,3926819617,30687.15,127963,127963
301,-756639.9527,0.0000,756639.9527,188366386.7271,4016.8523,0,0.000000,39.135647,97.934171,0.276329,-11.822499,3924847525,30687.33,127898,127898
302,-739252.1981,0.0000,739252.1981,184634632.3365,4003.8653,0,0.000000,42.066000,94.096103,0.290878,-11.550816,3930752662,30687.19,128091,128091
303,-725620.8195,0.0000,725620.8195,182103138.8759,3984.6695,0,0.000000,38.049043,84.677395,0.297702,-11.337825,3935012140,30686.66,128232,128232
304,-705092.0030,0.0000,705092.0030,176879017.1023,3986.2953,0,0.000000,37.569388,84.891953,0.321904,-11.017063,3923714235,30685.66,127868,127868
305,-686626.6771,0.0000,686626.6771,171067779.4496,4013.7697,0,0.000000,38.037662,86.330041,0.264930,-10.728542,3946500424,30686.04,128609,128609
306,-728891.2496,0.0000,728891.2496,182401199.6431,3996.0880,0,0.000000,39.029018,99.771809,0.310461,-11.388926,3932324325,30686.52,128145,128145
307,-691543.8926,0.0000,691543.8926,173924727.9969,3976.1102,0,0.000000,38.439415,103.243202,0.290036,-10.805373,3940208183,30686.02,128404,128404
308,-745047.9596,0.0000,745047.9596,185059277.6503,4025.9963,0,0.000000,37.059438,82.296787,0.281249,-11.641374,3935194524,30687.13,128236,128236
309,-733519.0132,0.0000,733519.0132,181809478.8372,4034.5477,0,0.000000,35.666781,86.423722,0.328564,-11.461235,3918665758,30686.74,127699,127699
310,-755593.3158,0.0000,755593.3158,189816762.7248,3980.6459,0,0.000000,37.685018,91.067097,0.366540,-11.806146,3928160947,30687.08,128007,128007
311,-732918.9838,0.0000,732918.9838,180991661.5271,4049.4627,0,0.000000,37.087288,103.719481,0.300094,-11.451859,3925803847,30686.88,127931,127931
312,-697128.7402,0.0000,697128.7402,175249530.0811,3977.9207,0,0.000000,35.812624,84.718780,0.319150,-10.892637,3931717007,30686.57,128125,128125
313,-695962.0713,0.0000,695962.0713,175046525.5787,3975.8691,0,0.000000,37.013956,95.184367,0.312875,-10.874407,3933286590,30686.61,128176,128176
314,-704647.6379,0.0000,704647.6379,175810666.1906,4007.9914,0,0.000000,37.835901,98.394123,0.268831,-11.010119,3925009283,30686.19,127908,127908
315,-720108.4350,0.0000,720108.4350,181487494.7082,3967.8130,0,0.000000,37.210845,88.910115,0.299370,-11.251694,3941358715,30687.10,128437,128437
316,-747228.1955,0.0000,747228.1955,184932851.6997,4040.5379,0,0.000000,35.815020,84.841730,0.262651,-11.675441,3923965223,30687.14,127870,127870
317,-748373.0971,0.0000,748373.0971,185157124.9155,4041.8272,0,0.000000,39.725575,100.817935,0.260868,-11.693330,3925073959,30687.42,127905,127905
318,-749852.5114,0.0000,749852.5114,185871824.0532,4034.2452,0,0.000000,36.091442,105.723918,0.307741,-11.716445,3930139847,30687.20,128071,128071
319,-713693.4811,0.0000,713693.4811,179451321.2297,3977.0868,0,0.000000,35.889944,93.572634,0.268004,-11.151461,3923259220,30686.66,127849,127849
320,-739871.7820,0.0000,739871.7820,185500714.5390,3988.5118,0,0.000000,37.917724,118.305741,0.342102,-11.560497,3943827638,30686.49,128520,128520
321,-725516.9778,0.0000,725516.9778,182069142.4278,3984.8432,0,0.000000,39.882115,94.425319,0.286326,-11.336203,3922952751,30687.39,127836,127836
322,-715417.2999,0.0000,715417.2999,178333012.7789,4011.6930,0,0.000000,39.668045,106.935435,0.270073,-11.178395,3931622601,30686.07,128124,128124
323,-685215.4727,0.0000,685215.4727,171679528.3103,3991.2474,0,0.000000,39.718551,98.116374,0.291908,-10.706492,3924673959,30686.45,127896,127896
324,-688247.1790,0.0000,688247.1790,173285283.5709,3971.7578,0,0.000000,36.918365,94.077000,0.273212,-10.753862,3933083316,30685.98,128172,128172
325,-737398.2380,0.0000,737398.2380,184941485.4992,3987.1976,0,0.000000,36.457515,88.389994,0.322198,-11.521847,3936087492,30686.91,128266,128266
326,-746213.7907,0.0000,746213.7907,187306749.4945,3983.9130,0,0.000000,38.171003,93.491892,0.281231,-11.659590,3912823187,30687.61,127505,127505
327,-705897.4357,0.0000,705897.4357,177221118.5510,3983.1451,0,0.000000,36.245868,102.833307,0.296992,-11.029647,3929379671,30686.29,128050,128050
328,-706893.3206,0.0000,706893.3206,177060416.3826,3992.3848,0,0.000000,39.038469,91.226437,0.277887,-11.045208,3919470239,30686.31,127727,127727
329,-708441.5353,0.0000,708441.5353,177409941.5098,3993.2460,0,0.000000,38.988311,98.832590,0.293291,-11.069399,3927340130,30686.90,127981,127981
330,-717553.5981,0.0000,717553.5981,179554819.8156,3996.2926,0,0.000000,37.365106,87.886440,0.253587,-11.211775,3926870720,30686.35,127968,127968
331,-696315.5186,0.0000,696315.5186,172519975.7571,4036.1443,0,0.000000,37.897830,95.300172,0.308333,-10.879930,3920807561,30686.45,127770,127770
332,-714870.7451,0.0000,714870.7451,177666101.7606,4023.6755,0,0.000000,39.218300,84.004792,0.272752,-11.169855,3926151085,30686.72,127943,127943
333,-711053.7353,0.0000,711053.7353,177232188.5886,4011.9898,0,0.000000,38.890409,89.157586,0.288469,-11.110215,3917921066,30686.67,127675,127675
334,-742677.2772,0.0000,742677.2772,187038474.0562,3970.7193,0,0.000000,38.849142,86.059072,0.280917,-11.604332,3925915381,30687.52,127932,127932
335,-692520.2088,0.0000,692520.2088,174175027.3999,3976.0017,0,0.000000,36.131950,78.156678,0.243350,-10.820628,3934193300,30686.26,128207,128207
336,-710740.6244,0.0000,710740.6244,177847728.8068,3996.3436,0,0.000000,37.659242,82.598510,0.285781,-11.105322,3912793444,30686.65,127508,127508
337,-721404.3987,0.0000,721404.3987,180889375.4439,3988.0971,0,0.000000,37.780744,86.512709,0.285508,-11.271944,3941944168,30686.64,128458,128458
338,-700931.8998,0.0000,700931.8998,173332985.2718,4043.8460,0,0.000000,37.813280,84.745244,0.254623,-10.952061,3933565056,30685.91,128188,128188
339,-735356.2758,0.0000,735356.2758,184463828.3425,3986.4524,0,0.000000,39.051531,93.075762,0.326014,-11.489942,3937012119,30686.70,128297,128297
340,-734349.3184,0.0000,734349.3184,183164374.5481,4009.2366,0,0.000000,37.795692,82.565746,0.280130,-11.474208,3933827329,30687.00,128192,128192
341,-709139.8253,0.0000,709139.8253,176521232.5671,4017.3061,0,0.000000,34.131847,82.880234,0.281369,-11.080310,3921079652,30686.66,127778,127778
342,-774029.5579,0.0000,774029.5579,190859292.8855,4055.4984,0,0.000000,39.380013,92.108855,0.291442,-12.094212,3923085128,30687.46,127840,127840
343,-731452.8943,0.0000,731452.8943,181321870.1451,4034.0026,0,0.000000,35.849789,110.638533,0.303190,-11.428951,3928728445,30686.96,128026,128026
344,-709290.6863,0.0000,709290.6863,177664511.6358,3992.3037,0,0.000000,34.572939,94.862498,0.244224,-11.082667,3933521619,30686.77,128183,128183
345,-697770.6954,0.0000,697770.6954,175068628.8241,3985.6981,0,0.000000,35.657738,96.688271,0.298843,-10.902667,3929529887,30685.79,128057,128057
346,-760183.4707,0.0000,760183.4707,188253096.7423,4038.0928,0,0.000000,39.218409,110.766656,0.272007,-11.877867,3931519533,30686.71,128118,128118
347,-734597.4569,0.0000,734597.4569,182674238.3933,4021.3522,0,0.000000,36.778364,92.677175,0.295442,-11.478085,3918081402,30686.49,127681,127681
348,-741084.2392,0.0000,741084.2392,185053945.9130,4004.6930,0,0.000000,38.615572,105.131304,0.319557,-11.579441,3925506987,30687.20,127920,127920
349,-710216.2815,0.0000,710216.2815,176079821.4827,4033.4905,0,0.000000,38.218088,112.787310,0.257536,-11.097129,3933369867,30686.30,128180,128180
350,-728081.8803,0.0000,728081.8803,181512507.2417,4011.1940,0,0.000000,38.123451,85.828537,0.280722,-11.376279,3929586320,30686.71,128055,128055
351,-758584.5704,0.0000,758584.5704,191042561.1987,3970.7621,0,0.000000,38.051377,97.744409,0.282284,-11.852884,3934956965,30687.91,128225,128225
352,-735536.1866,0.0000,735536.1866,183998810.6647,3997.5051,0,0.000000,37.785955,94.006931,0.303081,-11.492753,3918114685,30687.23,127679,127679
353,-729156.1089,0.0000,729156.1089,181788393.5454,4011.0157,0,0.000000,39.067566,101.139963,0.290996,-11.393064,3922014813,30686.53,127809,127809
354,-742602.6097,0.0000,742602.6097,186503541.1794,3981.7078,0,0.000000,39.542817,103.051795,0.287210,-11.603166,3935254036,30687.59,128236,128236
355,-725728.8588,0.0000,725728.8588,181431780.4453,4000.0096,0,0.000000,38.420080,92.864861,0.285511,-11.339513,3934612604,30686.66,128219,128219
356,-709421.6846,0.0000,709421.6846,177441546.6288,3998.0585,0,0.000000,39.967457,92.464234,0.287353,-11.084714,3933740327,30686.08,128193,128193
357,-716143.4022,0.0000,716143.4022,178742299.7303,4006.5693,0,0.000000,37.898605,94.869853,0.259277,-11.189741,3945722203,30686.67,128581,128581
358,-737279.0268,0.0000,737279.0268,181220222.5989,4068.4148,0,0.000000,35.961690,87.592142,0.354944,-11.519985,3922742974,30686.47,127833,127833
359,-717027.2090,0.0000,717027.2090,179619729.7271,3991.9179,0,0.000000,36.988448,94.469946,0.288766,-11.203550,3931033255,30686.98,128101,128101
360,-700540.6821,0.0000,700540.6821,175578201.3161,3989.9069,0,0.000000,38.330888,85.880402,0.301065,-10.945948,3934223312,30686.25,128208,128208
361,-731223.8146,0.0000,731223.8146,183373025.0948,3987.6302,0,0.000000,38.817362,99.866748,0.395535,-11.425372,3924982259,30686.22,127907,127907
362,-700362.3086,0.0000,700362.3086,174874172.6882,4004.9499,0,0.000000,38.098822,90.586709,0.257457,-10.943161,3929683261,30686.03,128061,128061
363,-719522.4991,0.0000,719522.4991,179668221.7676,4004.7288,0,0.000000,37.214464,159.238422,0.266049,-11.242539,3931591096,30686.79,128120,128120
364,-741542.2080,0.0000,741542.2080,184898337.6161,4010.5402,0,0.000000,38.682593,89.230619,0.263889,-11.586597,3938694378,30687.62,128348,128348
365,-711702.0849,0.0000,711702.0849,177663746.4799,4005.8937,0,0.000000,38.784725,105.979589,0.299296,-11.120345,3928850373,30685.99,128034,128034
366,-726579.0728,0.0000,726579.0728,180416368.3741,4027.2348,0,0.000000,36.502716,88.296444,0.286398,-11.352798,3913097442,30686.63,127518,127518
367,-727867.0458,0.0000,727867.0458,182653670.2397,3984.9571,0,0.000000,37.726162,87.688839,0.321775,-11.372923,3935906231,30686.70,128261,128261
368,-712051.0049,0.0000,712051.0049,178803154.5211,3982.3179,0,0.000000,38.363603,99.548018,0.289579,-11.125797,3915636159,30687.04,127599,127599
369,-724717.0318,0.0000,724717.0318,177640170.3087,4079.6912,0,0.000000,37.290308,101.860434,0.318391,-11.323704,3923768294,30687.04,127864,127864
370,-749716.2984,0.0000,749716.2984,187962576.5378,3988.6466,0,0.000000,39.526714,99.085018,0.267011,-11.714317,3938053771,30687.89,128326,128326
371,-714129.4150,0.0000,714129.4150,177910673.0881,4013.9774,0,0.000000,39.167405,95.793155,0.274408,-11.158272,3927814237,30686.77,127997,127997
372,-734004.2656,0.0000,734004.2656,184179171.0125,3985.2729,0,0.000000,39.430926,102.770576,0.314942,-11.468817,3928880820,30687.19,128030,128030
373,-738437.8208,0.0000,738437.8208,183198716.7899,4030.8024,0,0.000000,38.583558,93.100984,0.302964,-11.538091,3925392024,30686.78,127918,127918
374,-762916.0569,0.0000,762916.0569,191209614.2316,3989.9461,0,0.000000,38.699577,84.684292,0.278753,-11.920563,3922633922,30687.53,127825,127825
375,-702576.2452,0.0000,702576.2452,175680260.3900,3999.1758,0,0.000000,41.066300,96.374155,0.283711,-10.977754,3924488315,30686.20,127891,127891
376,-742166.8916,0.0000,742166.8916,184341055.6631,4026.0532,0,0.000000,37.646691,87.662552,0.263364,-11.596358,3924798010,30687.66,127895,127895
377,-765457.1243,0.0000,765457.1243,189395386.4817,4041.5827,0,0.000000,40.932030,99.571716,0.338156,-11.960268,3926256414,30687.78,127942,127942
378,-702096.7280,0.0000,702096.7280,176579436.3691,3976.0956,0,0.000000,39.038493,89.247555,0.275544,-10.970261,3914022803,30686.42,127549,127549
379,-698359.0743,0.0000,698359.0743,174839493.2990,3994.2868,0,0.000000,36.858590,97.810753,0.251134,-10.911861,3925425648,30686.57,127920,127920
380,-733217.1681,0.0000,733217.1681,180725272.9895,4057.0815,0,0.000000,39.626876,95.040834,0.323061,-11.456518,3943998709,30686.87,128524,128524
381,-733276.3894,0.0000,733276.3894,183184287.8281,4002.9437,0,0.000000,38.016510,90.271311,0.323155,-11.457444,3936099744,30687.01,128266,128266
382,-713312.6073,0.0000,713312.6073,176490558.1492,4041.6474,0,0.000000,37.538991,88.971496,0.278203,-11.145509,3936991938,30686.55,128297,128297
383,-733776.2474,0.0000,733776.2474,182196407.7841,4027.3914,0,0.000000,37.133866,89.381168,0.249265,-11.465254,3916715046,30687.56,127632,127632
384,-710948.8825,0.0000,710948.8825,178762261.9767,3977.0636,0,0.000000,36.218144,81.848099,0.260186,-11.108576,3928538915,30686.68,128021,128021
385,-749296.5722,0.0000,749296.5722,184805456.2922,4054.5154,0,0.000000,36.619344,76.849363,0.274923,-11.707759,3928961043,30687.34,128032,128032
386,-713884.0163,0.0000,713884.0163,176732156.5100,4039.3555,0,0.000000,36.977779,83.910891,0.321758,-11.154438,3926530831,30686.57,127956,127956
387,-684163.1374,0.0000,684163.1374,171026760.7363,4000.3280,0,0.000000,38.030278,82.983336,0.259234,-10.690049,3930218661,30686.13,128078,128078
388,-719450.3466,0.0000,719450.3466,180305707.4488,3990.1696,0,0.000000,37.626523,87.015568,0.303390,-11.241412,3933363517,30686.97,128177,128177
389,-692749.8801,0.0000,692749.8801,171106686.9512,4048.6429,0,0.000000,38.572305,101.507339,0.292474,-10.824217,3935674470,30685.85,128257,128257
390,-725256.2103,0.0000,725256.2103,182544105.2919,3973.0465,0,0.000000,36.442581,96.335887,0.309021,-11.332128,3916229332,30686.88,127619,127619
391,-763359.3622,0.0000,763359.3622,188831258.9925,4042.5476,0,0.000000,39.579156,120.464044,0.262202,-11.927490,3943348543,30687.54,128500,128500
392,-724492.2615,0.0000,724492.2615,181838577.6004,3984.2605,0,0.000000,37.132615,82.882317,0.283103,-11.320192,3921460558,30687.24,127788,127788
393,-724569.0836,0.0000,724569.0836,180007479.9376,4025.2165,0,0.000000,36.885810,98.416952,0.255481,-11.321392,3927564454,30687.21,127987,127987
394,-716188.6290,0.0000,716188.6290,179731377.3640,3984.7724,0,0.000000,37.090416,93.377732,0.278687,-11.190447,3929602518,30686.83,128055,128055
395,-715893.5249,0.0000,715893.5249,178965442.1676,4000.1774,0,0.000000,38.045677,86.648166,0.255374,-11.185836,3930111152,30686.97,128071,128071
396,-716342.1624,0.0000,716342.1624,180246544.2140,3974.2352,0,0.000000,38.981462,80.953906,0.283829,-11.192846,3941195422,30687.26,128431,128431
397,-697678.0047,0.0000,697678.0047,174244559.4586,4004.0160,0,0.000000,36.704113,81.708693,0.269131,-10.901219,3922421592,30687.07,127820,127820
398,-743567.5620,0.0000,743567.5620,185448164.9070,4009.5709,0,0.000000,38.737905,96.622653,0.246792,-11.618243,3936760586,30687.61,128285,128285
399,-739238.4673,0.0000,739238.4673,182927457.5289,4041.1564,0,0.000000,35.173428,88.597506,0.280455,-11.550601,3922355517,30687.04,127818,127818
400,-702866.9678,0.0000,702866.9678,174887689.2845,4018.9619,0,0.000000,39.327600,106.169351,0.235167,-10.982296,3922295401,30686.33,127819,127819
401,-730729.7985,0.0000,730729.7985,183108677.2207,3990.6891,0,0.000000,37.813402,96.341249,0.322879,-11.417653,3941275261,30686.45,128437,128437
402,-725038.7790,0.0000,725038.7790,181948252.6832,3984.8626,0,0.000000,37.569739,102.738146,0.266773,-11.328731,3928447191,30686.92,128017,128017
403,-710455.2215,0.0000,710455.2215,177025581.2270,4013.2913,0,0.000000,35.899233,83.587050,0.294914,-11.100863,3930884705,30686.78,128097,128097
404,-707796.3481,0.0000,707796.3481,177325329.0712,3991.5130,0,0.000000,36.928351,92.324751,0.280626,-11.059318,3924226800,30686.79,127880,127880
405,-690127.6468,0.0000,690127.6468,169587403.0483,4069.4511,0,0.000000,38.499452,98.486481,0.232248,-10.783244,3923464788,30686.11,127858,127858
406,-733709.6564,0.0000,733709.6564,182780762.9086,4014.1514,0,0.000000,37.264095,83.658158,0.284685,-11.464213,3936023804,30687.13,128263,128263
407,-678458.0463,0.0000,678458.0463,171204742.8381,3962.8461,0,0.000000,37.173477,87.688452,0.280430,-10.600907,3928270616,30686.02,128015,128015
408,-706608.6444,0.0000,706608.6444,176287174.5030,4008.2816,0,0.000000,35.212784,77.303895,0.254430,-11.040760,3930047067,30686.47,128071,128071
409,-747439.6772,0.0000,747439.6772,185834467.4354,4022.0724,0,0.000000,37.661254,90.323807,0.269074,-11.678745,3934907631,30686.80,128228,128228
410,-734713.4951,0.0000,734713.4951,182969782.9262,4015.4909,0,0.000000,41.315840,93.366370,0.338641,-11.479898,3922000192,30686.90,127807,127807
411,-700149.0531,0.0000,700149.0531,173939734.6629,4025.2393,0,0.000000,38.247871,115.918313,0.271831,-10.939829,3917615222,30686.20,127667,127667
412,-721696.0179,0.0000,721696.0179,180890419.7822,3989.6862,0,0.000000,37.933382,92.373488,0.277344,-11.276500,3937520874,30686.84,128313,128313
413,-733588.5317,0.0000,733588.5317,183464749.4618,3998.5258,0,0.000000,38.936812,88.908054,0.304981,-11.462321,3930938527,30686.96,128098,128098
414,-795492.5336,0.0000,795492.5336,198931223.9358,3998.8319,0,0.000000,42.504099,110.346493,0.318484,-12.429571,3925839528,30688.60,127925,127925
415,-751975.1180,0.0000,751975.1180,189459270.2242,3969.0595,0,0.000000,39.832595,90.274558,0.308068,-11.749611,3926472100,30687.79,127949,127949
416,-741570.6842,0.0000,741570.6842,185201006.8382,4004.1396,0,0.000000,38.726913,95.260668,0.339077,-11.587042,3929965710,30687.27,128065,128065
417,-721862.0635,0.0000,721862.0635,179516059.8583,4021.1559,0,0.000000,40.191227,97.549128,0.296428,-11.279095,3920531269,30686.69,127760,127760
418,-716186.5537,0.0000,716186.5537,180042087.2991,3977.8841,0,0.000000,36.174066,82.055819,0.263848,-11.190415,3921809078,30687.08,127800,127800
419,-729939.1028,0.0000,729939.1028,180836270.0561,4036.4640,0,0.000000,39.341672,96.432529,0.289233,-11.405298,3927508570,30686.78,127987,127987
42,-681152.3071,0.0000,681152.3071,171793637.5201,3964.9449,0,0.000000,36.278888,79.100404,0.353621,-10.643005,3927895246,30685.72,128004,128004
420,-692005.3331,0.0000,692005.3331,174681681.1104,3961.5221,0,0.000000,33.428921,73.337192,0.276588,-10.812583,3937748819,30686.23,128323,128323
421,-715352.7200,0.0000,715352.7200,177408281.9382,4032.2397,0,0.000000,37.815133,85.000481,0.304750,-11.177386,3933551625,30686.52,128185,128185
422,-716028.3676,0.0000,716028.3676,175841911.4144,4072.0006,0,0.000000,36.347666,92.125085,0.254513,-11.187943,3927970576,30686.07,128005,128005
423,-724298.9333,0.0000,724298.9333,179489413.6898,4035.3295,0,0.000000,36.388646,91.084482,0.241638,-11.317171,3925765088,30687.06,127929,127929
424,-709161.0350,0.0000,709161.0350,176252800.3160,4023.5448,0,0.000000,35.755272,93.060594,0.254304,-11.080641,3945691142,30686.66,128580,128580
425,-686726.1296,0.0000,686726.1296,171612654.2650,4001.6054,0,0.000000,36.891741,89.397619,0.266986,-10.730096,3931851727,30685.95,128132,128132
426,-771680.3673,0.0000,771680.3673,192643176.1704,4005.7498,0,0.000000,38.738729,87.883134,0.303762,-12.057506,3938914288,30687.90,128354,128354
427,-736677.7461,0.0000,736677.7461,183158149.1282,4022.0856,0,0.000000,39.302431,94.429480,0.299179,-11.510590,3924874777,30687.30,127899,127899
428,-759384.2039,0.0000,759384.2039,190028663.6056,3996.1561,0,0.000000,37.894047,113.347755,0.287406,-11.865378,3921465026,30687.99,127785,127785
429,-741253.0950,0.0000,741253.0950,182993959.5680,4050.6971,0,0.000000,38.118697,88.156602,0.322380,-11.582080,3929617288,30686.95,128055,128055
43,-750395.4886,0.0000,750395.4886,187859628.7738,3994.4478,0,0.000000,37.816963,91.407794,0.360172,-11.724930,3920635297,30687.50,127760,127760
430,-720696.8477,0.0000,720696.8477,180837523.9280,3985.3280,0,0.000000,35.266072,77.017470,0.250222,-11.260888,3937200738,30686.98,128302,128302
431,-727160.0458,0.0000,727160.0458,181283518.2356,4011.1757,0,0.000000,34.820717,87.749601,0.300969,-11.361876,3935362794,30686.53,128244,128244
432,-726992.6224,0.0000,726992.6224,181215242.7939,4011.7631,0,0.000000,35.711891,86.853515,0.257754,-11.359260,3940170299,30687.16,128398,128398
433,-703813.1119,0.0000,703813.1119,174321331.5632,4037.4469,0,0.000000,35.537000,84.188777,0.307891,-10.997080,3927007356,30686.70,127971,127971
434,-728926.8476,0.0000,728926.8476,182939656.6541,3984.5207,0,0.000000,38.704017,93.600012,0.283394,-11.389482,3936575919,30687.13,128281,128281
435,-743118.0827,0.0000,743118.0827,184629157.4425,4024.9227,0,0.000000,37.173484,89.279914,0.263252,-11.611220,3923551027,30687.27,127856,127856
436,-744642.0810,0.0000,744642.0810,184014611.7611,4046.6465,0,0.000000,39.148309,91.169849,0.314647,-11.635033,3926548616,30686.71,127956,127956
437,-750911.1725,0.0000,750911.1725,187047430.4227,4014.5495,0,0.000000,39.124114,114.507437,0.267890,-11.732987,3921133688,30687.56,127776,127776
438,-719754.2064,0.0000,719754.2064,176889826.1420,4068.9407,0,0.000000,36.553468,80.819863,0.284682,-11.246159,3943687458,30686.59,128515,128515
439,-734181.3395,0.0000,734181.3395,183065831.8554,4010.4772,0,0.000000,36.224946,86.448440,0.259183,-11.471583,3926457731,30686.48,127954,127954
44,-714919.4566,0.0000,714919.4566,177446822.0471,4028.9223,0,0.000000,35.862577,85.720226,0.255870,-11.170617,3926797584,30686.74,127964,127964
440,-769387.0830,0.0000,769387.0830,192298936.2763,4000.9950,0,0.000000,40.060523,98.710332,0.327132,-12.021673,3937340315,30687.83,128303,128303
441,-701737.5407,0.0000,701737.5407,174296773.6197,4026.1075,0,0.000000,39.058420,103.461271,0.328924,-10.964649,3935605884,30686.03,128254,128254
442,-770632.1583,0.0000,770632.1583,192200496.6566,4009.5222,0,0.000000,38.432641,81.054215,0.316781,-12.041127,3920399834,30688.06,127750,127750
443,-709776.8728,0.0000,709776.8728,177244761.9865,4004.5013,0,0.000000,35.925153,87.503991,0.300054,-11.090264,3927188965,30686.68,127977,127977
444,-699820.1722,0.0000,699820.1722,176024101.7577,3975.7065,0,0.000000,35.295935,87.439640,0.271595,-10.934690,3932026649,30686.35,128136,128136
445,-729564.3051,0.0000,729564.3051,182528179.5506,3996.9955,0,0.000000,39.431254,100.338936,0.283385,-11.399442,3921476882,30687.12,127789,127789
446,-694731.2235,0.0000,694731.2235,174458920.4333,3982.2052,0,0.000000,35.974632,100.120405,0.294920,-10.855175,3928940697,30685.74,128038,128038
447,-734195.8263,0.0000,734195.8263,183052739.5295,4010.8431,0,0.000000,39.343435,96.611119,0.274985,-11.471810,3930907082,30687.68,128094,128094
448,-691013.5811,0.0000,691013.5811,172510771.1137,4005.6257,0,0.000000,36.068349,92.853397,0.263777,-10.797087,3933805406,30686.35,128194,128194
449,-686523.5705,0.0000,686523.5705,172872563.4361,3971.2697,0,0.000000,36.023319,100.762048,0.297110,-10.726931,3940814713,30685.97,128424,128424
45,-715055.6794,0.0000,715055.6794,179029739.7547,3994.0609,0,0.000000,38.441894,81.938091,0.279156,-11.172745,3934044962,30686.30,128202,128202
450,-713101.1198,0.0000,713101.1198,178798810.4209,3988.2878,0,0.000000,39.777186,84.068481,0.268168,-11.142205,3919677293,30686.73,127732,127732
451,-717411.0173,0.0000,717411.0173,179555322.8217,3995.4873,0,0.000000,35.524209,105.892250,0.370843,-11.209547,3931757453,30686.41,128127,128127
452,-714462.6426,0.0000,714462.6426,178474340.0574,4003.1673,0,0.000000,34.808123,77.357680,0.282455,-11.163479,3936665745,30686.16,128288,128288
453,-725035.4015,0.0000,725035.4015,180943213.1311,4006.9776,0,0.000000,38.167005,92.714449,0.304708,-11.328678,3936430345,30686.95,128277,128277
454,-727855.7486,0.0000,727855.7486,181245867.4425,4015.8474,0,0.000000,38.700435,89.655194,0.285061,-11.372746,3929179313,30686.88,128041,128041
455,-744181.0123,0.0000,744181.0123,186136473.2403,3998.0397,0,0.000000,39.525058,98.427751,0.281240,-11.627828,3940261160,30687.15,128401,128401
456,-736051.8093,0.0000,736051.8093,181339517.7077,4058.9708,0,0.000000,37.939665,92.616140,0.247888,-11.500810,3930476596,30686.95,128083,128083
457,-745888.9933,0.0000,745888.9933,185636011.3424,4018.0189,0,0.000000,38.146925,88.894230,0.300212,-11.654516,3916229113,30687.60,127616,127616
458,-736511.5793,0.0000,736511.5793,184687519.8649,3987.8795,0,0.000000,38.266266,93.019850,0.272345,-11.507993,3932447558,30687.48,128145,128145
459,-729282.5561,0.0000,729282.5561,182912513.9872,3987.0567,0,0.000000,36.875088,91.707655,0.346221,-11.395040,3911293927,30686.44,127460,127460
46,-683386.3936,0.0000,683386.3936,172242044.2288,3967.5934,0,0.000000,35.906000,79.718628,0.247839,-10.677912,3917537683,30685.83,127666,127666
460,-693397.5680,0.0000,693397.5680,170661705.2284,4062.9945,0,0.000000,36.908677,84.529795,0.260101,-10.834337,3924506920,30685.86,127893,127893
461,-707501.2633,0.0000,707501.2633,174003176.3766,4066.0250,0,0.000000,37.934453,97.826071,0.281152,-11.054707,3928067858,30685.87,128009,128009
462,-719840.7839,0.0000,719840.7839,178713935.6114,4027.8940,0,0.000000,38.868656,87.610164,0.291954,-11.247512,3930007145,30686.40,128070,128070
463,-741829.4073,0.0000,741829.4073,185804055.5548,3992.5361,0,0.000000,39.415559,101.365809,0.294780,-11.591084,3919874237,30687.07,127737,127737
464,-736716.1698,0.0000,736716.1698,184682285.9406,3989.1003,0,0.000000,39.296665,96.373368,0.320805,-11.511190,3937667187,30687.03,128317,128317
465,-743890.7478,0.0000,743890.7478,184354934.2375,4035.1008,0,0.000000,36.166961,82.018491,0.261353,-11.623293,3920955932,30687.85,127769,127769
466,-711844.7547,0.0000,711844.7547,174174119.6341,4086.9720,0,0.000000,35.908803,78.694913,0.264550,-11.122574,3932903254,30686.73,128163,128163
467,-706591.5174,0.0000,706591.5174,175686702.7572,4021.8839,0,0.000000,37.033310,89.550754,0.280455,-11.040492,3928198476,30686.17,128012,128012
468,-708890.0204,0.0000,708890.0204,176577055.2960,4014.6214,0,0.000000,38.273581,91.140084,0.267961,-11.076407,3934771177,30686.22,128226,128226
469,-731046.7427,0.0000,731046.7427,182511773.2565,4005.4772,0,0.000000,38.400012,86.999285,0.276402,-11.422605,3929799628,30687.17,128060,128060
47,-700187.4402,0.0000,700187.4402,176214100.3385,3973.5040,0,0.000000,40.218632,110.906757,0.347360,-10.940429,3932657143,30686.01,128158,128158
470,-762494.6839,0.0000,762494.6839,188711354.4719,4040.5342,0,0.000000,39.885906,98.711341,0.302614,-11.913979,3925623766,30687.64,127922,127922
471,-684733.3003,0.0000,684733.3003,171376867.8361,3995.4826,0,0.000000,36.394289,75.424416,0.286349,-10.698958,3933162404,30685.64,128176,128176
472,-775796.0120,0.0000,775796.0120,194328018.9737,3992.1984,0,0.000000,38.082507,92.258009,0.320111,-12.121813,3936862374,30688.41,128285,128285
473,-674954.5193,0.0000,674954.5193,168371751.0449,4008.7159,0,0.000000,35.768656,79.584108,0.276037,-10.546164,3926733767,30685.28,127968,127968
474,-735363.9225,0.0000,735363.9225,183281270.2093,4012.2153,0,0.000000,34.683664,78.807755,0.324217,-11.490061,3922184670,30686.90,127813,127813
475,-738701.9518,0.0000,738701.9518,183450430.6953,4026.7115,0,0.000000,39.309925,100.307560,0.275303,-11.542218,3925873859,30687.19,127932,127932
476,-730922.9295,0.0000,730922.9295,182376178.2162,4007.7763,0,0.000000,34.700033,83.482651,0.233216,-11.420671,3920741090,30687.37,127764,127764
477,-741774.2614,0.0000,741774.2614,185563214.5363,3997.4208,0,0.000000,37.785526,97.641585,0.312508,-11.590223,3914543380,30687.14,127563,127563
478,-709329.4910,0.0000,709329.4910,179059450.0473,3961.4189,0,0.000000,41.792999,88.225163,0.295748,-11.083273,3936307878,30686.72,128274,128274
479,-753837.1279,0.0000,753837.1279,187591074.1917,4018.5128,0,0.000000,39.180286,100.112010,0.310969,-11.778705,3926505919,30687.10,127953,127953
48,-702847.8058,0.0000,702847.8058,176133121.2563,3990.4352,0,0.000000,35.386758,80.873291,0.321966,-10.981997,3929349784,30686.06,128050,128050
480,-737573.0683,0.0000,737573.0683,184426045.8129,3999.2891,0,0.000000,39.042951,106.458268,0.335051,-11.524579,3926714502,30687.05,127960,127960
481,-726009.7258,0.0000,726009.7258,178613039.1802,4064.7073,0,0.000000,40.722480,95.703491,0.339783,-11.343902,3943630876,30686.63,128513,128513
482,-762171.6020,0.0000,762171.6020,190048689.1686,4010.4018,0,0.000000,36.815870,102.754183,0.257433,-11.908931,3914835480,30687.74,127570,127570
483,-747604.2006,0.0000,747604.2006,186330229.8583,4012.2539,0,0.000000,38.399528,85.541388,0.278347,-11.681316,3909062044,30687.71,127382,127382
484,-719518.6254,0.0000,719518.6254,180427505.7968,3987.8544,0,0.000000,40.258746,100.651063,0.266604,-11.242479,3928460203,30687.02,128017,128017
485,-705966.8138,0.0000,705966.8138,175741603.5749,4017.0728,0,0.000000,38.941965,88.833919,0.250387,-11.030731,3930386540,30686.01,128084,128084
486,-735337.5719,0.0000,735337.5719,185197732.8399,3970.5539,0,0.000000,37.055759,93.718617,0.275177,-11.489650,3922655951,30686.99,127828,127828
487,-735001.6001,0.0000,735001.6001,184799120.6452,3977.3003,0,0.000000,37.703575,87.161872,0.305007,-11.484400,3935937679,30686.46,128263,128263
488,-731828.8695,0.0000,731828.8695,180089338.8239,4063.6990,0,0.000000,39.708000,98.987547,0.280854,-11.434826,3919031145,30686.96,127710,127710
489,-699614.2382,0.0000,699614.2382,175399085.8732,3988.6995,0,0.000000,38.707234,128.352428,0.317147,-10.931472,3934446512,30686.56,128214,128214
49,-734550.0036,0.0000,734550.0036,181995877.0056,4036.0805,0,0.000000,39.109065,101.171561,0.301913,-11.477344,3932959050,30686.92,128164,128164
490,-703473.5031,0.0000,703473.5031,176013563.1382,3996.7005,0,0.000000,36.776952,86.469102,0.290923,-10.991773,3926353161,30686.62,127950,127950
491,-714907.4189,0.0000,714907.4189,178470359.6875,4005.7487,0,0.000000,37.334509,90.582290,0.272095,-11.170428,3929087230,30686.64,128039,128039
492,-757663.0800,0.0000,757663.0800,186613516.5073,4060.0654,0,0.000000,38.991483,97.137538,0.305505,-11.838486,3927134780,30687.21,127973,127973
493,-733716.6079,0.0000,733716.6079,184628710.9065,3974.0114,0,0.000000,38.458426,91.496600,0.268222,-11.464322,3926984152,30687.72,127966,127966
494,-700335.8645,0.0000,700335.8645,174844192.1814,4005.4854,0,0.000000,34.586687,82.558902,0.221972,-10.942748,3929768584,30686.45,128062,128062
495,-728193.2026,0.0000,728193.2026,181102412.7747,4020.8918,0,0.000000,39.582688,80.323801,0.266408,-11.378019,3920409276,30687.17,127754,127754
496,-731791.2983,0.0000,731791.2983,182125334.8031,4018.0643,0,0.000000,38.235850,99.812818,0.317717,-11.434239,3930107275,30686.94,128071,128071
497,-720238.3256,0.0000,720238.3256,180330982.2208,3993.9799,0,0.000000,38.641805,78.464974,0.312399,-11.253724,3915486053,30687.07,127594,127594
498,-725002.7108,0.0000,725002.7108,180143665.9608,4024.5806,0,0.000000,37.350735,86.980857,0.321204,-11.328167,3927442838,30685.78,127989,127989
499,-681003.2338,0.0000,681003.2338,170684081.6454,3989.8462,0,0.000000,34.806583,77.455427,0.263671,-10.640676,3925050405,30685.79,127911,127911
50,-748068.8561,0.0000,748068.8561,186885763.9301,4002.8135,0,0.000000,39.601594,98.571309,0.300420,-11.688576,3912485994,30687.13,127496,127496
500,-707360.6241,0.0000,707360.6241,177044911.8209,3995.3739,0,0.000000,37.552054,82.637385,0.275528,-11.052510,3928633086,30686.69,128024,128024
501,-723410.8413,0.0000,723410.8413,181282387.4063,3990.5192,0,0.000000,38.134825,94.253764,0.318061,-11.303294,3928436408,30686.83,128017,128017
502,-712176.4006,0.0000,712176.4006,178930449.9065,3980.1856,0,0.000000,37.585548,91.755017,0.258557,-11.127756,3939407561,30686.96,128374,128374
503,-678169.4990,0.0000,678169.4990,168483744.6377,4025.1331,0,0.000000,35.589103,90.603762,0.249222,-10.596398,3934083537,30685.40,128207,128207
504,-728253.3898,0.0000,728253.3898,180892899.5711,4025.8816,0,0.000000,35.730009,78.824152,0.286364,-11.378959,3939814733,30686.78,128388,128388
505,-709784.3826,0.0000,709784.3826,178261472.1454,3981.7038,0,0.000000,35.853838,104.358403,0.296738,-11.090381,3942377213,30686.43,128473,128473
506,-721820.1081,0.0000,721820.1081,179652844.2525,4017.8607,0,0.000000,36.070049,88.461033,0.304644,-11.278439,3936949313,30687.17,128293,128293
507,-724529.4394,0.0000,724529.4394,180919025.9219,4004.7167,0,0.000000,36.994873,89.320892,0.312389,-11.320772,3930132954,30686.42,128074,128074
508,-717103.8441,0.0000,717103.8441,175606445.7276,4083.5850,0,0.000000,36.034288,90.847148,0.304735,-11.204748,3936317683,30686.55,128275,128275
509,-737724.1841,0.0000,737724.1841,183926546.7023,4010.9718,0,0.000000,40.399440,101.786358,0.263887,-11.526940,3920887881,30687.32,127769,127769
51,-765639.7060,0.0000,765639.7060,191500804.9530,3998.1018,0,0.000000,38.865330,110.426017,0.333314,-11.963120,3936658575,30687.78,128281,128281
510,-655430.7337,0.0000,655430.7337,162262661.0635,4039.3195,0,0.000000,35.309926,92.434428,0.284372,-10.241105,3919313579,30684.60,127729,127729
511,-738435.6709,0.0000,738435.6709,183871276.9621,4016.0469,0,0.000000,38.462620,92.265529,0.245501,-11.538057,3928027037,30687.23,128002,128002
512,-694803.3051,0.0000,694803.3051,171402987.6921,4053.6242,0,0.000000,35.881359,91.813449,0.291226,-10.856302,3926669078,30685.73,127964,127964
513,-726530.6008,0.0000,726530.6008,180734579.3054,4019.8760,0,0.000000,37.910959,102.650298,0.241202,-11.352041,3926197696,30686.84,127944,127944
514,-713506.9977,0.0000,713506.9977,176957730.1091,4032.0759,0,0.000000,37.431525,107.204963,0.265074,-11.148547,3921189740,30686.56,127782,127782
515,-760008.9032,0.0000,760008.9032,190303920.8388,3993.6587,0,0.000000,36.873189,93.567662,0.282880,-11.875139,3922844832,30687.74,127831,127831
516,-747738.9985,0.0000,747738.9985,185746780.0139,4025.5826,0,0.000000,35.951969,83.045762,0.312584,-11.683422,3906706455,30687.53,127306,127306
517,-712974.1529,0.0000,712974.1529,178407602.8130,3996.3216,0,0.000000,36.914519,96.423986,0.278118,-11.140221,3925376415,30686.90,127917,127917
518,-727027.8602,0.0000,727027.8602,182163348.0121,3991.0765,0,0.000000,35.746603,80.371626,0.239381,-11.359810,3925010228,30687.16,127904,127904
519,-703588.3529,0.0000,703588.3529,174065681.6086,4042.0854,0,0.000000,37.215867,95.413049,0.278721,-10.993568,3918136376,30685.72,127686,127686
52,-736492.6457,0.0000,736492.6457,180872024.2626,4071.8992,0,0.000000,37.878021,97.161268,0.240819,-11.507698,3926085598,30687.17,127939,127939
520,-729997.2919,0.0000,729997.2919,181229592.4120,4028.0248,0,0.000000,37.492936,89.623618,0.291557,-11.406208,3932010255,30686.70,128134,128134
521,-713536.1030,0.0000,713536.1030,179130254.3123,3983.3366,0,0.000000,38.739746,96.049378,0.313478,-11.149002,3919293680,30686.85,127719,127719
522,-709307.6036,0.0000,709307.6036,176997602.1126,4007.4419,0,0.000000,36.659612,93.921725,0.263940,-11.082931,3916766546,30685.80,127641,127641
523,-755960.4697,0.0000,755960.4697,190161167.8006,3975.3672,0,0.000000,38.594354,90.783620,0.299164,-11.811882,3925914786,30687.27,127933,127933
524,-765943.9788,0.0000,765943.9788,190376221.5729,4023.3175,0,0.000000,38.698043,91.756746,0.287963,-11.967875,3924560879,30687.72,127887,127887
525,-702435.9254,0.0000,702435.9254,176217637.3746,3986.1840,0,0.000000,37.350032,81.869477,0.279642,-10.975561,3932937673,30686.52,128165,128165
526,-732033.8426,0.0000,732033.8426,184255542.7486,3972.9271,0,0.000000,36.866657,98.560275,0.320874,-11.438029,3936929937,30687.26,128292,128292
527,-688808.6042,0.0000,688808.6042,171032309.2884,4027.3595,0,0.000000,39.585829,88.952039,0.268048,-10.762634,3918199678,30686.21,127686,127686
528,-758547.8641,0.0000,758547.8641,188273507.9295,4028.9676,0,0.000000,37.405891,87.046266,0.270823,-11.852310,3947340758,30687.32,128631,128631
529,-723666.9352,0.0000,723666.9352,181197712.7472,3993.7973,0,0.000000,37.577979,88.956192,0.310331,-11.307296,3923877398,30686.94,127868,127868
53,-688901.9058,0.0000,688901.9058,172537547.7253,3992.7651,0,0.000000,37.887505,116.462254,0.311862,-10.764092,3927164615,30685.05,127983,127983
530,-692045.1568,0.0000,692045.1568,171800806.5210,4028.1834,0,0.000000,37.458072,92.728680,0.230145,-10.813206,3927326200,30686.31,127983,127983
531,-732855.4775,0.0000,732855.4775,181912441.7442,4028.6166,0,0.000000,36.297027,85.397045,0.277597,-11.450867,3938278835,30687.01,128337,128337
532,-689242.2017,0.0000,689242.2017,171861698.8662,4010.4468,0,0.000000,37.611062,87.293214,0.264462,-10.769409,3926045937,30686.14,127942,127942
533,-764366.5487,0.0000,764366.5487,190767026.6411,4006.8064,0,0.000000,39.708147,103.599384,0.303949,-11.943227,3926264416,30688.09,127941,127941
534,-718069.1356,0.0000,718069.1356,177999897.8362,4034.0986,0,0.000000,40.148223,119.287510,0.256152,-11.219830,3912933645,30686.79,127512,127512
535,-729730.3819,0.0000,729730.3819,181012012.7306,4031.3920,0,0.000000,35.918280,93.278720,0.318168,-11.402037,3918039010,30686.88,127678,127678
536,-717914.4691,0.0000,717914.4691,178340623.4468,4025.5241,0,0.000000,39.292744,93.953488,0.265871,-11.217414,3933599788,30686.90,128185,128185
537,-735035.3836,0.0000,735035.3836,181602799.8463,4047.4893,0,0.000000,36.150984,80.365550,0.291807,-11.484928,3947811302,30687.16,128647,128647
538,-769671.4481,0.0000,769671.4481,187134033.4719,4112.9421,0,0.000000,39.519430,87.506987,0.278180,-12.026116,3932820415,30687.52,128157,128157
539,-766458.4475,0.0000,766458.4475,190666599.1048,4019.8884,0,0.000000,39.904486,83.707957,0.324823,-11.975913,3938031592,30687.71,128326,128326
54,-746601.1502,0.0000,746601.1502,187223055.4093,3987.7629,0,0.000000,35.573086,98.968360,0.296118,-11.665643,3929111436,30687.79,128035,128035
540,-740522.8205,0.0000,740522.8205,185020995.2347,4002.3718,0,0.000000,37.104534,89.511522,0.272087,-11.570669,3937146467,30687.27,128299,128299
541,-713046.0576,0.0000,713046.0576,178326305.3509,3998.5467,0,0.000000,34.728272,84.319692,0.267454,-11.141345,3934562151,30686.26,128219,128219
542,-716815.9264,0.0000,716815.9264,179585305.0793,3991.5066,0,0.000000,37.395539,91.275995,0.280146,-11.200249,3930208295,30687.01,128074,128074
543,-753147.8271,0.0000,753147.8271,188009418.3974,4005.9048,0,0.000000,39.822878,98.887945,0.316905,-11.767935,3930554783,30687.08,128085,128085
544,-710741.5282,0.0000,710741.5282,176711049.0508,4022.0548,0,0.000000,38.436240,87.292529,0.327445,-11.105336,3929012536,30686.06,128039,128039
545,-714312.0306,0.0000,714312.0306,178515691.9832,4001.3963,0,0.000000,40.205404,93.257606,0.322534,-11.161125,3929406508,30686.74,128049,128049
546,-717793.2942,0.0000,717793.2942,177407511.3603,4046.0141,0,0.000000,37.233908,100.994449,0.239907,-11.215520,3925437237,30686.42,127921,127921
547,-736544.6434,0.0000,736544.6434,183162137.2705,4021.2713,0,0.000000,36.885547,87.395956,0.274103,-11.508510,3925961981,30687.16,127935,127935
548,-726067.6240,0.0000,726067.6240,180673210.6237,4018.6789,0,0.000000,39.229517,99.028990,0.263563,-11.344807,3936656982,30687.05,128284,128284
549,-753090.0208,0.0000,753090.0208,187664467.0420,4012.9601,0,0.000000,38.499379,101.474037,0.302043,-11.767032,3927384694,30687.97,127978,127978
55,-695009.3007,0.0000,695009.3007,173148801.4320,4013.9423,0,0.000000,38.776099,74.248254,0.341438,-10.859520,3921212268,30684.81,127790,127790
550,-728954.0036,0.0000,728954.0036,182404768.6488,3996.3539,0,0.000000,36.074957,100.059368,0.269457,-11.389906,3926196894,30687.08,127943,127943
551,-727129.5541,0.0000,727129.5541,181503981.9684,4006.1355,0,0.000000,38.923525,106.693917,0.285393,-11.361399,3919408869,30686.79,127723,127723
552,-730334.8428,0.0000,730334.8428,183071511.0875,3989.3419,0,0.000000,40.167748,92.685838,0.283490,-11.411482,3925929775,30687.39,127933,127933
553,-743911.0309,0.0000,743911.0309,186427743.8505,3990.3451,0,0.000000,40.490149,93.595062,0.294482,-11.623610,3913797145,30687.54,127537,127537
554,-682800.8792,0.0000,682800.8792,169398417.3662,4030.7394,0,0.000000,37.827093,94.108621,0.264489,-10.668764,3908073984,30686.22,127356,127356
555,-749650.8027,0.0000,749650.8027,187565674.1414,3996.7377,0,0.000000,38.645020,112.221484,0.271015,-11.713294,3924995163,30687.52,127902,127902
556,-776542.0351,0.0000,776542.0351,192838551.8152,4026.9024,0,0.000000,38.461860,90.835882,0.284063,-12.133469,3929158373,30688.40,128034,128034
557,-728645.5704,0.0000,728645.5704,181990344.9567,4003.7595,0,0.000000,35.040292,85.534265,0.304692,-11.385087,3901896230,30687.35,127150,127150
558,-745533.7770,0.0000,745533.7770,184835204.8384,4033.5053,0,0.000000,36.526560,78.132427,0.300960,-11.648965,3932757685,30687.51,128155,128155
559,-738932.2178,0.0000,738932.2178,182876288.6233,4040.6125,0,0.000000,36.766111,80.568892,0.300882,-11.545816,3939371061,30686.91,128373,128373
56,-754145.0916,0.0000,754145.0916,185329604.4924,4069.2101,0,0.000000,39.777303,98.725049,0.311190,-11.783517,3927426210,30687.09,127983,127983
560,-715958.0159,0.0000,715958.0159,179586160.5381,3986.7104,0,0.000000,34.095954,83.936114,0.276036,-11.186844,3936876622,30687.08,128291,128291
561,-723670.1281,0.0000,723670.1281,180760997.3886,4003.4639,0,0.000000,36.365267,100.577008,0.261107,-11.307346,3936305713,30686.94,128273,128273
562,-731506.0581,0.0000,731506.0581,183302878.9087,3990.6960,0,0.000000,37.706020,83.693891,0.282298,-11.429782,3909292332,30686.87,127393,127393
563,-760749.1477,0.0000,760749.1477,189355544.2984,4017.5700,0,0.000000,37.399939,86.644742,0.345351,-11.886705,3927766463,30687.83,127991,127991
564,-709893.1975,0.0000,709893.1975,177500701.9101,3999.3825,0,0.000000,36.788724,90.283263,0.263668,-11.092081,3937015803,30686.73,128297,128297
565,-728197.6603,0.0000,728197.6603,182614531.6395,3987.6217,0,0.000000,38.202982,93.946501,0.312958,-11.378088,3939419439,30686.81,128375,128375
566,-742848.4415,0.0000,742848.4415,185168747.4524,4011.7377,0,0.000000,36.259018,75.103781,0.258456,-11.607007,3919652753,30687.74,127727,127727
567,-737046.9449,0.0000,737046.9449,184221986.0668,4000.8631,0,0.000000,39.098997,96.707922,0.280884,-11.516359,3940417137,30687.17,128406,128406
568,-771909.1237,0.0000,771909.1237,193848729.4527,3982.0180,0,0.000000,37.735749,85.584047,0.281805,-12.061080,3929774507,30687.70,128057,128057
569,-742729.0187,0.0000,742729.0187,182666467.0286,4066.0392,0,0.000000,36.581356,85.136529,0.264428,-11.605141,3938156731,30687.02,128333,128333
57,-694617.1720,0.0000,694617.1720,172934881.6036,4016.6401,0,0.000000,37.259826,85.172019,0.257278,-10.853393,3938418244,30686.42,128344,128344
570,-753884.3797,0.0000,753884.3797,188714760.7562,3994.8353,0,0.000000,38.144080,81.635248,0.333498,-11.779443,3925932938,30686.69,127936,127936
571,-694668.3193,0.0000,694668.3193,172210810.1542,4033.8253,0,0.000000,35.629261,102.791894,0.292343,-10.854192,3924849162,30686.14,127903,127903
572,-720797.2742,0.0000,720797.2742,179635087.7083,4012.5639,0,0.000000,37.605450,87.510835,0.269045,-11.262457,3925033037,30686.86,127906,127906
573,-717481.3147,0.0000,717481.3147,177934568.9782,4032.2761,0,0.000000,39.128798,94.610139,0.280533,-11.210646,3935136314,30686.67,128236,128236
574,-772625.9211,0.0000,772625.9211,192159486.9677,4020.7535,0,0.000000,37.428784,78.507916,0.279057,-12.072280,3926964574,30687.32,127967,127967
575,-708661.7745,0.0000,708661.7745,177145488.3990,4000.4506,0,0.000000,38.247806,110.062492,0.267634,-11.072840,3923856716,30687.02,127867,127867
576,-733375.0069,0.0000,733375.0069,182985949.6642,4007.8214,0,0.000000,41.291662,92.494528,0.318570,-11.458984,3919584668,30687.21,127727,127727
577,-683279.1934,0.0000,683279.1934,170635791.8736,4004.3134,0,0.000000,36.212489,100.498981,0.243955,-10.676237,3937164277,30685.74,128306,128306
578,-685873.1517,0.0000,685873.1517,172670563.4135,3972.1487,0,0.000000,34.768065,73.384527,0.315561,-10.716768,3930383439,30685.50,128086,128086
579,-717042.3270,0.0000,717042.3270,179922767.7675,3985.2784,0,0.000000,39.639530,95.334855,0.296390,-11.203786,3927849426,30687.04,127997,127997
58,-715142.2231,0.0000,715142.2231,176502372.8851,4051.7428,0,0.000000,36.564560,82.187762,0.288161,-11.174097,3920366770,30685.88,127758,127758
580,-709914.9684,0.0000,709914.9684,177675361.0600,3995.5735,0,0.000000,37.632564,85.857604,0.270717,-11.092421,3946698847,30686.86,128612,128612
581,-708636.3591,0.0000,708636.3591,177250804.2305,3997.9303,0,0.000000,37.813917,85.348309,0.264945,-11.072443,3928930325,30686.62,128034,128034
582,-744768.6985,0.0000,744768.6985,183847880.0087,4051.0051,0,0.000000,36.647054,79.928661,0.286601,-11.637011,3924544361,30687.59,127887,127887
583,-741298.6684,0.0000,741298.6684,184593999.9952,4015.8330,0,0.000000,38.960104,92.875133,0.275234,-11.582792,3939068423,30687.42,128361,128361
584,-712249.6677,0.0000,712249.6677,178227606.4687,3996.2926,0,0.000000,36.502689,95.015645,0.258187,-11.128901,3928602865,30686.22,128025,128025
585,-705202.4871,0.0000,705202.4871,176315079.9226,3999.6720,0,0.000000,38.447731,94.755712,0.247576,-11.018789,3930104279,30686.44,128073,128073
586,-710259.6916,0.0000,710259.6916,177501076.8821,4001.4388,0,0.000000,39.639593,108.072209,0.253493,-11.097808,3936459121,30686.70,128279,128279
587,-710152.8004,0.0000,710152.8004,179307408.1529,3960.5324,0,0.000000,36.182729,108.444772,0.326900,-11.096138,3938628461,30686.39,128351,128351
588,-699553.6607,0.0000,699553.6607,173444459.2725,4033.3007,0,0.000000,35.237344,96.035289,0.221483,-10.930526,3937764762,30686.83,128321,128321
589,-708684.1461,0.0000,708684.1461,175735522.5814,4032.6744,0,0.000000,39.007239,100.277649,0.274922,-11.073190,3926448369,30686.65,127953,127953
59,-683428.8816,0.0000,683428.8816,171126471.3848,3993.7064,0,0.000000,37.161406,85.165871,0.281015,-10.678576,3929521179,30685.72,128057,128057
590,-723199.0165,0.0000,723199.0165,182166069.3161,3969.9985,0,0.000000,37.917414,97.423315,0.273515,-11.299985,3930812249,30687.17,128093,128093
591,-743999.2294,0.0000,743999.2294,185978351.6774,4000.4615,0,0.000000,37.389210,86.414409,0.246071,-11.624988,3925543689,30687.49,127920,127920
592,-712260.1707,0.0000,712260.1707,176911361.8013,4026.0849,0,0.000000,38.301195,88.283671,0.283416,-11.129065,3924591401,30686.76,127892,127892
593,-758766.6044,0.0000,758766.6044,190440748.2714,3984.2660,0,0.000000,39.322833,85.887873,0.282153,-11.855728,3936241329,30687.63,128268,128268
594,-698911.4748,0.0000,698911.4748,173896929.9664,4019.1134,0,0.000000,39.037694,99.430356,0.274476,-10.920492,3911332838,30686.27,127462,127462
595,-729066.4072,0.0000,729066.4072,181425593.5913,4018.5422,0,0.000000,37.980136,77.829350,0.314143,-11.391663,3924305246,30686.44,127884,127884
596,-752105.6717,0.0000,752105.6717,187744281.5354,4006.0111,0,0.000000,39.856714,105.189879,0.257309,-11.751651,3915056243,30687.79,127577,127577
597,-724576.2613,0.0000,724576.2613,179803330.6005,4029.8267,0,0.000000,38.725132,80.587230,0.338889,-11.321504,3931730767,30686.92,128124,128124
598,-729530.8901,0.0000,729530.8901,183801893.5346,3969.1152,0,0.000000,38.611805,106.562317,0.322184,-11.398920,3924792291,30686.65,127899,127899
599,-709110.1974,0.0000,709110.1974,177563984.6226,3993.5474,0,0.000000,38.001952,80.650905,0.290352,-11.079847,3928984056,30687.04,128034,128034
60,-758599.4627,0.0000,758599.4627,189226074.6687,4008.9584,0,0.000000,37.904249,105.698073,0.290928,-11.853117,3933163389,30687.80,128167,128167
600,-710179.3680,0.0000,710179.3680,177450773.4847,4002.1204,0,0.000000,38.689082,97.793018,0.288955,-11.096553,3921115176,30686.21,127781,127781
601,-735739.4775,0.0000,735739.4775,184463584.0729,3988.5351,0,0.000000,35.826212,83.801279,0.311995,-11.495929,3917976453,30687.59,127673,127673
602,-716867.2428,0.0000,716867.2428,179500724.8729,3993.6732,0,0.000000,38.761672,98.950964,0.268418,-11.201051,3933146667,30686.71,128171,128171
603,-720781.6151,0.0000,720781.6151,180737644.0693,3987.9994,0,0.000000,36.552684,87.389747,0.256193,-11.262213,3925795397,30687.06,127930,127930
604,-734837.1304,0.0000,734837.1304,183565378.0601,4003.1358,0,0.000000,39.305469,88.032277,0.316112,-11.481830,3925128836,30686.41,127911,127911
605,-708995.4164,0.0000,708995.4164,176919427.4029,4007.4481,0,0.000000,37.465114,98.170687,0.329424,-11.078053,3923133056,30686.40,127846,127846
606,-757411.7485,0.0000,757411.7485,186303759.7967,4065.4668,0,0.000000,38.773509,94.504714,0.253521,-11.834559,3915726761,30687.27,127601,127601
607,-766118.7366,0.0000,766118.7366,189783881.5684,4036.7956,0,0.000000,38.162378,88.495217,0.274919,-11.970605,3936509103,30687.57,128277,128277
608,-700904.4927,0.0000,700904.4927,173667375.9660,4035.9019,0,0.000000,39.685751,98.112698,0.255556,-10.951633,3922758594,30686.59,127833,127833
609,-702035.3948,0.0000,702035.3948,173914691.1656,4036.6653,0,0.000000,37.445746,88.750887,0.283668,-10.969303,3936407834,30686.06,128280,128280
61,-681240.6399,0.0000,681240.6399,171173740.2457,3979.8198,0,0.000000,38.016611,113.020807,0.292593,-10.644385,3925097587,30685.44,127914,127914
610,-719582.5965,0.0000,719582.5965,178915596.2998,4021.9110,0,0.000000,37.393083,92.351449,0.243771,-11.243478,3927113351,30686.81,127974,127974
611,-710111.3110,0.0000,710111.3110,177950903.8013,3990.4901,0,0.000000,35.183974,74.098872,0.276052,-11.095489,3923670072,30686.76,127862,127862
612,-717375.8208,0.0000,717375.8208,179157157.3926,4004.1706,0,0.000000,36.776951,83.664161,0.245910,-11.208997,3929525254,30687.19,128051,128051
613,-737035.8221,0.0000,737035.8221,182777669.2164,4032.4172,0,0.000000,38.678817,90.152663,0.294519,-11.516185,3925069991,30687.39,127905,127905
614,-760438.5074,0.0000,760438.5074,185709503.8614,4094.7743,0,0.000000,37.587040,95.402728,0.290673,-11.881852,3933477632,30687.38,128179,128179
615,-755194.0588,0.0000,755194.0588,187066624.6313,4037.0326,0,0.000000,38.252312,96.436201,0.279286,-11.799907,3926868543,30687.29,127964,127964
616,-723890.5734,0.0000,723890.5734,180809392.2419,4003.6116,0,0.000000,38.144138,107.185467,0.253790,-11.310790,3924527729,30686.98,127889,127889
617,-738709.8267,0.0000,738709.8267,185729721.4587,3977.3377,0,0.000000,43.889814,102.845644,0.312187,-11.542341,3917278828,30687.17,127652,127652
618,-692621.7458,0.0000,692621.7458,170852144.0154,4053.9248,0,0.000000,36.092996,83.061304,0.269683,-10.822215,3937352850,30685.77,128312,128312
619,-723738.4015,0.0000,723738.4015,180232890.5058,4015.5734,0,0.000000,37.335388,80.765524,0.279762,-11.308413,3937951667,30686.61,128328,128328
62,-718655.6515,0.0000,718655.6515,180853182.1630,3973.6965,0,0.000000,39.253053,98.526838,0.296818,-11.228995,3928859552,30686.78,128031,128031
620,-714896.3352,0.0000,714896.3352,177391371.2391,4030.0514,0,0.000000,39.025497,86.971134,0.286509,-11.170255,3932960369,30686.46,128166,128166
621,-699354.2235,0.0000,699354.2235,175567167.4743,3983.3998,0,0.000000,38.655825,99.173726,0.264929,-10.927410,3916958117,30686.58,127644,127644
622,-740989.1421,0.0000,740989.1421,185144949.6653,4002.2109,0,0.000000,37.069041,94.274505,0.304901,-11.577955,3937101692,30687.16,128298,128298
623,-759732.5712,0.0000,759732.5712,189174601.0929,4016.0390,0,0.000000,36.880332,79.401283,0.308895,-11.870821,3942018274,30687.22,128458,128458
624,-701990.4189,0.0000,701990.4189,176280279.9181,3982.2402,0,0.000000,35.778788,96.401562,0.268438,-10.968600,3916786517,30686.92,127637,127637
625,-734790.5490,0.0000,734790.5490,182762555.8686,4020.4655,0,0.000000,39.715267,113.516162,0.287412,-11.481102,3932696921,30686.80,128156,128156
626,-712417.6927,0.0000,712417.6927,176119482.1397,4045.0817,0,0.000000,36.858050,101.457637,0.247107,-11.131526,3911933013,30686.64,127480,127480
627,-742048.7002,0.0000,742048.7002,185491849.8223,4000.4383,0,0.000000,39.559408,102.984850,0.272227,-11.594511,3939925903,30687.65,128388,128388
628,-702557.1029,0.0000,702557.1029,175818257.0071,3995.9280,0,0.000000,37.772850,94.675390,0.277785,-10.977455,3921874076,30686.15,127806,127806
629,-700986.9621,0.0000,700986.9621,175723164.6460,3989.1551,0,0.000000,38.074950,103.609531,0.274031,-10.952921,3913035310,30686.86,127515,127515
63,-718421.2837,0.0000,718421.2837,178593161.9953,4022.6696,0,0.000000,38.903665,90.932938,0.294529,-11.225333,3937195514,30686.70,128303,128303
630,-723611.0898,0.0000,723611.0898,180728779.4644,4003.8509,0,0.000000,39.390813,111.637230,0.255762,-11.306423,3937600580,30687.22,128314,128314
631,-761224.8482,0.0000,761224.8482,188168395.1008,4045.4448,0,0.000000,40.930284,102.365414,0.303296,-11.894138,3923441927,30687.61,127851,127851
632,-684121.9352,0.0000,684121.9352,171081231.8023,3998.8135,0,0.000000,37.893633,111.060802,0.282546,-10.689405,3925770517,30685.90,127934,127934
633,-722504.2067,0.0000,722504.2067,180529444.8941,4002.1405,0,0.000000,37.943045,101.536363,0.274978,-11.289128,3927000578,30686.64,127971,127971
634,-714853.6298,0.0000,714853.6298,177595373.6784,4025.1816,0,0.000000,36.004283,85.621195,0.310939,-11.169588,3930455011,30686.54,128084,128084
635,-731507.3833,0.0000,731507.3833,183957717.4871,3976.4974,0,0.000000,39.627953,99.268996,0.300713,-11.429803,3921359831,30687.17,127785,127785
636,-717332.7592,0.0000,717332.7592,179638743.8800,3993.1963,0,0.000000,39.154063,100.413506,0.268171,-11.208324,3929904766,30687.04,128064,128064
637,-739517.0140,0.0000,739517.0140,181687197.6470,4070.2759,0,0.000000,35.478653,72.993555,0.282240,-11.554953,3933928515,30687.07,128195,128195
638,-718896.7000,0.0000,718896.7000,179817255.1602,3997.9294,0,0.000000,37.712766,89.102496,0.319585,-11.232761,3936048287,30686.85,128265,128265
639,-718116.6835,0.0000,718116.6835,178660651.9590,4019.4451,0,0.000000,35.683715,83.004684,0.281429,-11.220573,3921090994,30686.75,127778,127778
64,-736358.8830,0.0000,736358.8830,184393618.9779,3993.4076,0,0.000000,41.140872,108.515558,0.302085,-11.505608,3933466490,30687.29,128179,128179
640,-718138.0341,0.0000,718138.0341,178650844.5343,4019.7853,0,0.000000,37.476288,94.845607,0.307411,-11.220907,3929151893,30686.91,128040,128040
641,-728920.2131,0.0000,728920.2131,182164608.4909,4001.4370,0,0.000000,41.336295,97.507385,0.291115,-11.389378,3935042743,30687.14,128231,128231
642,-714154.5990,0.0000,714154.5990,176658963.7984,4042.5608,0,0.000000,33.926529,84.261459,0.244861,-11.158666,3922826443,30686.88,127834,127834
643,-706718.7316,0.0000,706718.7316,177164914.3076,3989.0445,0,0.000000,36.405697,89.992431,0.276203,-11.042480,3924996166,30686.81,127905,127905
644,-684746.6231,0.0000,684746.6231,170897194.9594,4006.7751,0,0.000000,36.653321,83.723620,0.260865,-10.699166,3923913213,30686.26,127872,127872
645,-727960.9167,0.0000,727960.9167,182092338.8359,3997.7570,0,0.000000,37.393210,92.145900,0.229453,-11.374389,3924473104,30687.28,127886,127886
646,-720892.3754,0.0000,720892.3754,178392897.1757,4041.0374,0,0.000000,36.138251,84.361766,0.234084,-11.263943,3925569428,30687.21,127922,127922
647,-712102.2333,0.0000,712102.2333,177743570.4346,4006.3459,0,0.000000,41.345939,87.814662,0.292995,-11.126597,3925794996,30686.34,127933,127933
648,-707205.0242,0.0000,707205.0242,176767678.6866,4000.7598,0,0.000000,34.888207,85.254862,0.251450,-11.050079,3919850849,30686.65,127738,127738
649,-717243.4818,0.0000,717243.4818,178343648.8579,4021.6934,0,0.000000,36.954880,92.523655,0.263619,-11.206929,3925350003,30686.46,127918,127918
65,-724141.1620,0.0000,724141.1620,181586316.6226,3987.8619,0,0.000000,38.937692,99.776804,0.313291,-11.314706,3920696380,30686.78,127765,127765
650,-761615.7517,0.0000,761615.7517,191378155.6488,3979.6378,0,0.000000,36.558960,86.276834,0.255636,-11.900246,3933073367,30688.30,128162,128162
651,-687821.0718,0.0000,687821.0718,171883545.9188,4001.6691,0,0.000000,35.674282,98.168792,0.229520,-10.747204,3925144587,30685.57,127915,127915
652,-705446.2490,0.0000,705446.2490,176284761.6149,4001.7426,0,0.000000,37.009442,87.928277,0.257546,-11.022598,3937412700,30686.48,128311,128311
653,-727783.8903,0.0000,727783.8903,181933437.4501,4000.2756,0,0.000000,40.972465,94.359327,0.308048,-11.371623,3925252293,30686.65,127914,127914
654,-749080.3203,0.0000,749080.3203,187733841.1868,3990.1188,0,0.000000,41.929537,98.132606,0.299469,-11.704380,3922593974,30687.46,127824,127824
655,-733691.8950,0.0000,733691.8950,183290870.1334,4002.8829,0,0.000000,36.915268,78.309056,0.296215,-11.463936,3918429338,30686.57,127692,127692
656,-726925.2700,0.0000,726925.2700,182613977.4149,3980.6661,0,0.000000,37.403370,87.990302,0.281744,-11.358207,3923495722,30687.07,127855,127855
657,-709362.4212,0.0000,709362.4212,177698945.0428,3991.9338,0,0.000000,35.555755,78.331499,0.283049,-11.083788,3921749833,30686.62,127800,127800
658,-794359.8873,0.0000,794359.8873,198356797.9829,4004.7021,0,0.000000,40.321531,109.686475,0.276126,-12.411873,3922787866,30688.50,127826,127826
659,-714382.3644,0.0000,714382.3644,178047948.8065,4012.3033,0,0.000000,38.232193,86.109432,0.278236,-11.162224,3939035215,30685.97,128366,128366
66,-704961.7277,0.0000,704961.7277,177017707.6130,3982.4362,0,0.000000,35.893667,90.757817,0.300638,-11.015027,3920826856,30686.36,127771,127771
660,-743584.2128,0.0000,743584.2128,184385563.3591,4032.7681,0,0.000000,39.990839,116.946840,0.339980,-11.618503,3936161881,30686.77,128269,128269
661,-758982.2848,0.0000,758982.2848,188659934.9107,4023.0178,0,0.000000,39.583872,85.926918,0.293903,-11.859098,3938293561,30687.12,128337,128337
662,-721053.1498,0.0000,721053.1498,180238728.6811,4000.5450,0,0.000000,35.395716,76.640706,0.249924,-11.266455,3921489599,30686.98,127790,127790
663,-696072.6428,0.0000,696072.6428,175126210.6542,3974.6914,0,0.000000,35.501224,78.919645,0.267005,-10.876135,3924990918,30686.53,127906,127906
664,-723149.8423,0.0000,723149.8423,181067116.5043,3993.8220,0,0.000000,36.811841,104.169146,0.249533,-11.299216,3926177548,30686.93,127943,127943
665,-735295.4241,0.0000,735295.4241,183042145.9830,4017.0826,0,0.000000,37.833990,89.350811,0.284605,-11.488991,3918349358,30687.14,127687,127687
666,-741087.6301,0.0000,741087.6301,184647650.1062,4013.5232,0,0.000000,38.552054,87.608328,0.324559,-11.579494,3946048653,30687.06,128590,128590
667,-747136.6880,0.0000,747136.6880,187694668.0809,3980.5962,0,0.000000,39.425631,94.308626,0.277196,-11.674011,3932953181,30687.36,128162,128162
668,-750313.8930,0.0000,750313.8930,187849480.6660,3994.2293,0,0.000000,38.583299,104.024242,0.265639,-11.723655,3927028075,30687.58,127968,127968
669,-756898.2902,0.0000,756898.2902,188376018.0304,4018.0183,0,0.000000,37.964529,85.269998,0.297351,-11.826536,3930459885,30687.78,128079,128079
67,-743942.0608,0.0000,743942.0608,183904012.4742,4045.2737,0,0.000000,37.951038,113.322947,0.320825,-11.624095,3933154656,30687.01,128170,128170
670,-742226.1739,0.0000,742226.1739,182532165.3421,4066.2761,0,0.000000,37.232648,125.115089,0.326558,-11.597284,3926767627,30686.98,127962,127962
671,-729389.0365,0.0000,729389.0365,181320837.0523,4022.6432,0,0.000000,40.156489,101.910003,0.392624,-11.396704,3935838536,30686.89,128258,128258
672,-764815.7392,0.0000,764815.7392,190072494.6416,4023.8107,0,0.000000,38.143782,96.304243,0.293304,-11.950246,3924446739,30688.03,127882,127882
673,-738015.2365,0.0000,738015.2365,182424643.4698,4045.5896,0,0.000000,37.763187,97.985544,0.303815,-11.531488,3940649454,30686.59,128416,128416
674,-713747.1185,0.0000,713747.1185,179139774.4776,3984.3029,0,0.000000,39.078645,86.244878,0.298615,-11.152299,3916837044,30686.84,127639,127639
675,-718874.0060,0.0000,718874.0060,176482124.4946,4073.3531,0,0.000000,34.439399,80.171784,0.258184,-11.232406,3917304629,30686.65,127655,127655
676,-724072.0593,0.0000,724072.0593,182124080.2014,3975.7074,0,0.000000,37.056639,84.231509,0.310211,-11.313626,3930731673,30687.02,128091,128091
677,-751237.1864,0.0000,751237.1864,183541407.2754,4093.0120,0,0.000000,39.090105,94.596096,0.287857,-11.738081,3930304981,30686.81,128078,128078
678,-722547.3448,0.0000,722547.3448,180315389.5337,4007.1308,0,0.000000,37.218187,88.555791,0.267554,-11.289802,3931210556,30686.69,128108,128108
679,-730894.8459,0.0000,730894.8459,182466265.0651,4005.6437,0,0.000000,39.303544,97.337609,0.261795,-11.420232,3933052843,30687.18,128166,128166
68,-748111.9022,0.0000,748111.9022,184726157.1265,4049.8428,0,0.000000,39.539057,96.597880,0.302113,-11.689248,3929656586,30686.78,128057,128057
680,-724542.3481,0.0000,724542.3481,179989925.2896,4025.4606,0,0.000000,37.480644,101.762419,0.252815,-11.320974,3936529679,30686.77,128281,128281
681,-775411.3198,0.0000,775411.3198,194232327.5190,3992.1847,0,0.000000,36.720320,83.759668,0.300811,-12.115802,3933486326,30687.93,128177,128177
682,-695815.3502,0.0000,695815.3502,173890322.7104,4001.4610,0,0.000000,37.039281,99.442590,0.274137,-10.872115,3922183928,30686.65,127814,127814
683,-750068.1521,0.0000,750068.1521,187171235.5868,4007.3901,0,0.000000,38.569898,92.806358,0.265188,-11.719815,3927432321,30688.10,127979,127979
684,-750625.9841,0.0000,750625.9841,187696126.8521,3999.1554,0,0.000000,38.367434,97.328222,0.301851,-11.728531,3917861127,30687.41,127670,127670
685,-722429.4353,0.0000,722429.4353,180550328.0622,4001.2635,0,0.000000,37.826571,109.250032,0.281160,-11.287960,3935308552,30686.58,128242,128242
686,-734238.5391,0.0000,734238.5391,183428448.0192,4002.8608,0,0.000000,36.743702,89.827955,0.268500,-11.472477,3934845503,30687.52,128223,128223
687,-729921.8700,0.0000,729921.8700,183025925.8233,3988.0791,0,0.000000,36.171867,81.979662,0.314554,-11.405029,3936920412,30687.19,128292,128292
688,-674865.2156,0.0000,674865.2156,167512900.0042,4028.7358,0,0.000000,37.642680,95.400016,0.253643,-10.544769,3929077431,30685.61,128043,128043
689,-749838.9936,0.0000,749838.9936,185979137.8388,4031.8447,0,0.000000,36.886750,131.676992,0.300981,-11.716234,3933270492,30686.48,128176,128176
69,-746531.8127,0.0000,746531.8127,185465959.4227,4025.1689,0,0.000000,34.090672,91.240230,0.281990,-11.664560,3927920159,30687.60,127997,127997
690,-710530.0777,0.0000,710530.0777,177571093.4327,4001.3837,0,0.000000,39.205754,88.111582,0.368795,-11.102032,3907409009,30686.54,127333,127333
691,-689052.3316,0.0000,689052.3316,171242867.7962,4023.8308,0,0.000000,38.027758,89.329343,0.260392,-10.766443,3912137715,30685.60,127491,127491
692,-704514.5574,0.0000,704514.5574,176774450.4315,3985.3868,0,0.000000,35.285952,76.136070,0.295686,-11.008040,3932635859,30686.56,128155,128155
693,-705753.9452,0.0000,705753.9452,175915150.3897,4011.8997,0,0.000000,36.863340,90.048265,0.330807,-11.027405,3928798442,30686.31,128031,128031
694,-724248.5302,0.0000,724248.5302,180220774.6397,4018.6739,0,0.000000,36.332439,71.355206,0.252316,-11.316383,3911985081,30687.05,127480,127480
695,-682766.1402,0.0000,682766.1402,171904699.5739,3971.7712,0,0.000000,35.358989,73.948474,0.265792,-10.668221,3917033955,30685.73,127650,127650
696,-722166.4860,0.0000,722166.4860,180093329.9616,4009.9569,0,0.000000,36.373357,77.830477,0.246145,-11.283851,3927908030,30687.02,127999,127999
697,-728518.2279,0.0000,728518.2279,183239136.5189,3975.7785,0,0.000000,40.042563,92.435469,0.313270,-11.383097,3926932035,30687.55,127965,127965
698,-708710.3778,0.0000,708710.3778,178148984.1896,3978.1893,0,0.000000,36.532892,86.562069,0.275384,-11.073600,3929855421,30686.65,128064,128064
699,-720213.1077,0.0000,720213.1077,179293776.7248,4016.9443,0,0.000000,39.998696,87.772230,0.273926,-11.253330,3920594871,30686.47,127763,127763
70,-729915.1855,0.0000,729915.1855,181842773.5091,4013.9906,0,0.000000,37.913406,92.061211,0.309339,-11.404925,3934041722,30686.75,128200,128200
700,-739859.8782,0.0000,739859.8782,184985775.9686,3999.5501,0,0.000000,38.560659,96.385990,0.279118,-11.560311,3935574266,30687.46,128247,128247
701,-773399.0751,0.0000,773399.0751,191967498.7598,4028.8022,0,0.000000,40.943895,99.707332,0.274441,-12.084361,3918142140,30687.92,127677,127677
702,-738006.2909,0.0000,738006.2909,184041913.4212,4009.9903,0,0.000000,38.794838,95.971068,0.277772,-11.531348,3931049046,30687.35,128100,128100
703,-711188.6038,0.0000,711188.6038,179174683.1117,3969.2472,0,0.000000,35.381122,82.926661,0.253334,-11.112322,3933006548,30687.06,128165,128165
704,-702932.7316,0.0000,702932.7316,174834834.6636,4020.5531,0,0.000000,37.320537,114.473074,0.231547,-10.983324,3934613941,30686.91,128218,128218
705,-734501.0138,0.0000,734501.0138,182629888.4395,4021.8007,0,0.000000,36.968322,81.760305,0.264774,-11.476578,3920517086,30687.30,127757,127757
706,-728258.8445,0.0000,728258.8445,180850487.9729,4026.8558,0,0.000000,36.285977,92.897541,0.280648,-11.379044,3932052831,30686.80,128135,128135
707,-731891.5863,0.0000,731891.5863,182607513.5450,4008.0037,0,0.000000,38.591939,101.393716,0.263144,-11.435806,3928813856,30687.15,128028,128028
708,-731448.0580,0.0000,731448.0580,183182854.3705,3992.9941,0,0.000000,37.302354,93.288797,0.259272,-11.428876,3925708633,30686.86,127928,127928
709,-728598.1794,0.0000,728598.1794,182124933.1072,4000.5405,0,0.000000,38.056842,102.910349,0.291081,-11.384347,3936917475,30686.92,128293,128293
71,-713002.2643,0.0000,713002.2643,178992968.7934,3983.4093,0,0.000000,36.992565,93.976817,0.268291,-11.140660,3927309905,30687.14,127979,127979
710,-746990.1334,0.0000,746990.1334,184070839.1468,4058.1666,0,0.000000,36.332871,77.596645,0.251120,-11.671721,3932571117,30687.01,128151,128151
711,-748790.7282,0.0000,748790.7282,187192305.4828,4000.1149,0,0.000000,36.606094,80.657772,0.264280,-11.699855,3935609432,30687.73,128247,128247
712,-713232.2738,0.0000,713232.2738,177632734.0130,4015.2074,0,0.000000,34.862553,89.226700,0.248594,-11.144254,3940349185,30686.64,128406,128406
713,-740383.5400,0.0000,740383.5400,183569176.3199,4033.2672,0,0.000000,35.143479,90.173204,0.275144,-11.568493,3930294917,30687.45,128075,128075
714,-747075.7740,0.0000,747075.7740,185865331.5708,4019.4466,0,0.000000,37.428618,94.776240,0.299773,-11.673059,3921439747,30687.55,127786,127786
715,-686512.2067,0.0000,686512.2067,171907305.0135,3993.5022,0,0.000000,35.792252,88.214056,0.250447,-10.726753,3925775489,30686.18,127933,127933
716,-720836.4936,0.0000,720836.4936,179115647.5259,4024.4194,0,0.000000,37.068023,99.364581,0.244913,-11.263070,3937190824,30686.42,128304,128304
717,-702330.8028,0.0000,702330.8028,175372372.8362,4004.7973,0,0.000000,37.583672,83.340160,0.263489,-10.973919,3946923647,30685.99,128623,128623
718,-730807.0813,0.0000,730807.0813,180586715.0470,4046.8485,0,0.000000,36.699309,85.759728,0.264878,-11.418861,3926960860,30687.05,127968,127968
719,-704307.8435,0.0000,704307.8435,175099318.9167,4022.3334,0,0.000000,35.325456,89.037423,0.266784,-11.004810,3919019899,30685.67,127715,127715
72,-718336.7039,0.0000,718336.7039,178833609.5992,4016.7880,0,0.000000,35.007138,78.426520,0.270315,-11.224011,3935833833,30686.61,128259,128259
720,-739601.2163,0.0000,739601.2163,183827136.2759,4023.3517,0,0.000000,35.455201,85.533308,0.283934,-11.556269,3929291780,30687.28,128043,128043
721,-671538.0338,0.0000,671538.0338,165208996.7967,4064.7788,0,0.000000,34.250108,76.531517,0.286407,-10.492782,3920866460,30685.47,127776,127776
722,-713954.4241,0.0000,713954.4241,178480399.9140,4000.1839,0,0.000000,37.102993,85.968439,0.245338,-11.155538,3922410133,30686.74,127821,127821
723,-702955.2527,0.0000,702955.2527,175892823.0421,3996.4976,0,0.000000,35.396441,67.519076,0.256827,-10.983676,3925807358,30686.43,127933,127933
724,-750302.8965,0.0000,750302.8965,185486188.0129,4045.0607,0,0.000000,41.121193,91.112779,0.347073,-11.723483,3934864768,30687.19,128225,128225
725,-738619.9120,0.0000,738619.9120,184897651.7130,3994.7501,0,0.000000,39.103487,93.838550,0.252985,-11.540936,3922373758,30687.66,127816,127816
726,-713295.7216,0.0000,713295.7216,178227626.9991,4002.1614,0,0.000000,38.827940,92.263455,0.339261,-11.145246,3923745257,30685.90,127868,127868
727,-726382.2877,0.0000,726382.2877,181287739.2052,4006.7921,0,0.000000,38.767122,81.253351,0.293690,-11.349723,3922855948,30687.83,127831,127831
728,-745625.7826,0.0000,745625.7826,185596639.3103,4017.4530,0,0.000000,36.523306,91.455455,0.269011,-11.650403,3928696876,30687.19,128024,128024
729,-773253.0052,0.0000,773253.0052,192126857.0856,4024.7002,0,0.000000,37.892891,80.959880,0.279442,-12.082078,3925156985,30688.07,127905,127905
73,-714088.9966,0.0000,714088.9966,176192693.2204,4052.8866,0,0.000000,39.615199,90.302392,0.342431,-11.157641,3937013390,30686.00,128300,128300
730,-723278.5600,0.0000,723278.5600,178176841.2640,4059.3298,0,0.000000,39.916407,75.041464,0.309310,-11.301227,3930044490,30686.45,128071,128071
731,-717028.9936,0.0000,717028.9936,178527788.9676,4016.3439,0,0.000000,38.432228,83.935356,0.219166,-11.203578,3932697263,30687.52,128153,128153
732,-749117.3374,0.0000,749117.3374,186288984.1223,4021.2648,0,0.000000,38.339385,108.822670,0.306383,-11.704958,3920684788,30687.89,127760,127760
733,-744741.4910,0.0000,744741.4910,187524105.3100,3971.4440,0,0.000000,38.825443,101.950229,0.290004,-11.636586,3926185112,30687.47,127941,127941
734,-713740.4855,0.0000,713740.4855,175334152.3288,4070.7442,0,0.000000,38.599307,85.790960,0.252115,-11.152195,3924724844,30686.61,127897,127897
735,-708884.1359,0.0000,708884.1359,178229655.8425,3977.3635,0,0.000000,33.563148,97.177458,0.257002,-11.076315,3939751512,30687.01,128385,128385
736,-738824.2862,0.0000,738824.2862,184090863.1885,4013.3675,0,0.000000,39.479950,112.285173,0.296868,-11.544129,3926624595,30687.06,127957,127957
737,-757094.2638,0.0000,757094.2638,188422882.7805,4018.0590,0,0.000000,37.565948,80.204089,0.294189,-11.829598,3925223253,30686.90,127912,127912
738,-696349.3002,0.0000,696349.3002,174392238.7865,3993.0063,0,0.000000,35.359742,81.682626,0.258783,-10.880458,3918055989,30686.29,127681,127681
739,-689673.9282,0.0000,689673.9282,172410714.6695,4000.1802,0,0.000000,35.969236,85.425115,0.256875,-10.776155,3919511502,30685.91,127730,127730
74,-713394.6844,0.0000,713394.6844,176157754.2894,4049.7490,0,0.000000,38.375562,89.488423,0.329670,-11.146792,3922198713,30686.05,127817,127817
740,-739987.1792,0.0000,739987.1792,185970675.7198,3979.0530,0,0.000000,36.146386,85.406360,0.249099,-11.562300,3941329999,30687.59,128434,128434
741,-747247.7115,0.0000,747247.7115,186043652.9688,4016.5182,0,0.000000,38.404600,94.952718,0.277321,-11.675745,3938076761,30687.11,128330,128330
742,-686305.4638,0.0000,686305.4638,172640917.3947,3975.3349,0,0.000000,35.735827,104.537299,0.267257,-10.723523,3938340719,30686.06,128343,128343
743,-684197.9786,0.0000,684197.9786,171397172.7813,3991.8860,0,0.000000,35.522191,85.798590,0.244626,-10.690593,3934519282,30685.93,128219,128219
744,-740075.2028,0.0000,740075.2028,182481454.4065,4055.6187,0,0.000000,34.962646,75.354371,0.282425,-11.563675,3920787107,30687.49,127765,127765
745,-713190.5722,0.0000,713190.5722,178464822.1337,3996.2530,0,0.000000,36.828233,97.691979,0.247891,-11.143603,3926888482,30687.21,127965,127965
746,-770819.1095,0.0000,770819.1095,192536277.0635,4003.5006,0,0.000000,37.561671,95.935811,0.254423,-12.044049,3919438632,30688.22,127718,127718
747,-728289.9294,0.0000,728289.9294,181101019.1325,4021.4568,0,0.000000,37.464643,96.201070,0.284975,-11.379530,3921223471,30687.30,127780,127780
748,-744893.0705,0.0000,744893.0705,186388076.1505,3996.4631,0,0.000000,38.486805,88.656975,0.245959,-11.638954,3941683685,30687.95,128444,128444
749,-724077.5052,0.0000,724077.5052,181801261.6229,3982.7969,0,0.000000,38.932920,106.616000,0.265723,-11.313711,3918575225,30686.99,127695,127695
75,-733017.6492,0.0000,733017.6492,184256602.9108,3978.2436,0,0.000000,36.982802,116.093161,0.308070,-11.453401,3935982786,30687.05,128262,128262
750,-734738.3666,0.0000,734738.3666,182402970.7805,4028.1053,0,0.000000,38.083345,94.819639,0.284361,-11.480287,3930338567,30686.83,128079,128079
751,-733364.5834,0.0000,733364.5834,184352884.7188,3978.0478,0,0.000000,42.074007,94.988241,0.321597,-11.458822,3922224067,30687.21,127813,127813
752,-753072.1366,0.0000,753072.1366,188808096.4883,3988.5585,0,0.000000,37.134142,100.692038,0.301127,-11.766752,3942715258,30687.62,128479,128479
753,-723045.9042,0.0000,723045.9042,181223840.5986,3989.7946,0,0.000000,36.784624,105.987563,0.285278,-11.297592,3925396243,30686.82,127918,127918
754,-746094.1210,0.0000,746094.1210,185360224.7441,4025.1037,0,0.000000,39.254293,95.242466,0.263233,-11.657721,3930893705,30687.57,128094,128094
755,-727092.5848,0.0000,727092.5848,180714748.1208,4023.4269,0,0.000000,40.331531,87.062965,0.301043,-11.360822,3931311143,30687.24,128109,128109
756,-763632.3691,0.0000,763632.3691,190146362.3394,4016.0241,0,0.000000,39.423883,90.306168,0.300799,-11.931756,3919478972,30688.06,127720,127720
757,-783425.1360,0.0000,783425.1360,195894207.7783,3999.2256,0,0.000000,39.997140,100.990419,0.267000,-12.241018,3937346079,30688.35,128301,128301
758,-683972.2568,0.0000,683972.2568,170603131.6860,4009.1424,0,0.000000,38.131216,102.897491,0.291439,-10.687067,3921582545,30685.79,127798,127798
759,-745825.4900,0.0000,745825.4900,186742964.7062,3993.8612,0,0.000000,41.208832,97.698962,0.262199,-11.653523,3933500569,30687.56,128179,128179
76,-772423.0082,0.0000,772423.0082,192682892.0455,4008.7784,0,0.000000,38.395528,86.585263,0.281126,-12.069110,3935185703,30688.02,128232,128232
760,-729318.9936,0.0000,729318.9936,183473371.2156,3975.0673,0,0.000000,36.270999,94.624499,0.274722,-11.395609,3926055479,30687.17,127938,127938
761,-720051.4979,0.0000,720051.4979,177757570.4654,4050.7501,0,0.000000,38.125641,97.496863,0.307794,-11.250805,3923935931,30686.68,127871,127871
762,-699746.2363,0.0000,699746.2363,174335477.9626,4013.7914,0,0.000000,35.827916,85.917947,0.279492,-10.933535,3941704171,30686.44,128451,128451
763,-741077.4195,0.0000,741077.4195,184882662.7546,4008.3662,0,0.000000,38.157607,88.803447,0.278334,-11.579335,3922278894,30687.40,127814,127814
764,-716862.4090,0.0000,716862.4090,177730793.6617,4033.4170,0,0.000000,37.635230,87.919997,0.282074,-11.200975,3945535591,30686.41,128576,128576
765,-707507.4313,0.0000,707507.4313,176832812.6809,4000.9963,0,0.000000,37.959378,89.029812,0.255096,-11.054804,3940001293,30686.80,128394,128394
766,-742709.4566,0.0000,742709.4566,185726606.1043,3998.9395,0,0.000000,40.253918,94.114977,0.279934,-11.604835,3942214179,30687.55,128463,128463
767,-705851.4804,0.0000,705851.4804,174754466.1931,4039.1041,0,0.000000,36.673026,97.298173,0.288755,-11.028929,3940006298,30686.12,128397,128397
768,-727229.5072,0.0000,727229.5072,181270999.8865,4011.8359,0,0.000000,38.593466,91.104950,0.288386,-11.362961,3914146082,30686.91,127551,127551
769,-721850.1441,0.0000,721850.1441,180493105.8704,3999.3225,0,0.000000,37.449662,104.987472,0.280439,-11.278909,3925068544,30687.13,127906,127906
77,-716945.9942,0.0000,716945.9942,180058889.0909,3981.7306,0,0.000000,37.880656,97.510160,0.263498,-11.202281,3936808265,30686.79,128290,128290
770,-729640.0954,0.0000,729640.0954,180956599.0374,4032.1276,0,0.000000,36.242069,100.691130,0.253244,-11.400626,3917782468,30687.27,127668,127668
771,-752840.9961,0.0000,752840.9961,188921344.1962,3984.9441,0,0.000000,39.440685,91.040951,0.286443,-11.763141,3913563684,30688.12,127527,127527
772,-754973.1825,0.0000,754973.1825,188770891.2255,3999.4153,0,0.000000,38.603844,98.783486,0.285354,-11.796456,3921403852,30687.27,127786,127786
773,-766938.1032,0.0000,766938.1032,191406138.7581,4006.8626,0,0.000000,37.922729,90.065090,0.287291,-11.983408,3926930822,30688.02,127963,127963
774,-730669.5545,0.0000,730669.5545,183867280.0174,3973.8966,0,0.000000,33.924722,92.247746,0.266552,-11.416712,3930423966,30687.02,128081,128081
775,-738495.1706,0.0000,738495.1706,180779692.7842,4085.0560,0,0.000000,39.064959,91.705765,0.256265,-11.538987,3925472686,30686.69,127921,127921
776,-721452.4359,0.0000,721452.4359,180675156.2351,3993.0915,0,0.000000,35.838781,77.543617,0.255557,-11.272694,3923605102,30686.97,127859,127859
777,-723061.0687,0.0000,723061.0687,182027436.9549,3972.2642,0,0.000000,38.044935,96.617538,0.294117,-11.297829,3920004628,30687.13,127741,127741
778,-705126.7625,0.0000,705126.7625,173344788.2998,4067.7702,0,0.000000,35.124819,78.713966,0.235133,-11.017606,3932869449,30686.70,128162,128162
779,-750435.8951,0.0000,750435.8951,187786947.7493,3996.2090,0,0.000000,37.516017,92.831000,0.278519,-11.725561,3946522013,30687.16,128605,128605
78,-739638.9395,0.0000,739638.9395,184915643.9221,3999.8722,0,0.000000,36.339203,124.974724,0.260025,-11.556858,3925826611,30687.30,127930,127930
780,-749871.9291,0.0000,749871.9291,187983370.5097,3989.0333,0,0.000000,37.260665,91.566072,0.294503,-11.716749,3940142293,30687.66,128395,128395
781,-759697.9321,0.0000,759697.9321,190134211.3606,3995.5878,0,0.000000,38.020382,101.458803,0.269966,-11.870280,3921467148,30687.53,127787,127787
782,-726011.9461,0.0000,726011.9461,180737502.8988,4016.9413,0,0.000000,38.751326,85.544311,0.257100,-11.343937,3921403799,30687.03,127787,127787
783,-773475.2744,0.0000,773475.2744,194290346.2267,3981.0278,0,0.000000,37.280274,94.996732,0.321320,-12.085551,3930165471,30688.11,128068,128068
784,-675682.4253,0.0000,675682.4253,168443811.8100,4011.3223,0,0.000000,36.278540,84.503970,0.263821,-10.557538,3923182102,30685.82,127850,127850
785,-710554.0133,0.0000,710554.0133,177385866.5434,4005.6969,0,0.000000,37.133378,96.832207,0.264065,-11.102406,3932434051,30686.66,128148,128148
786,-762015.1720,0.0000,762015.1720,189535375.9922,4020.4377,0,0.000000,37.850920,80.452269,0.295297,-11.906487,3935425278,30687.25,128243,128243
787,-716459.8093,0.0000,716459.8093,178640170.5355,4010.6310,0,0.000000,35.963470,85.992574,0.273007,-11.194685,3923574433,30686.73,127859,127859
788,-687637.9459,0.0000,687637.9459,170884818.4460,4023.9850,0,0.000000,36.244353,90.262518,0.298669,-10.744343,3926207155,30685.48,127950,127950
789,-675997.2896,0.0000,675997.2896,169066252.7914,3998.4165,0,0.000000,35.345949,80.623253,0.244688,-10.562458,3928212897,30686.05,128013,128013
79,-714538.7673,0.0000,714538.7673,179158582.7428,3988.3033,0,0.000000,35.447587,84.231623,0.314112,-11.164668,3917730058,30686.86,127668,127668
790,-743734.3354,0.0000,743734.3354,183718306.7696,4048.2320,0,0.000000,41.478463,96.423034,0.293079,-11.620849,3915599687,30687.24,127597,127597
791,-709775.8947,0.0000,709775.8947,176531254.1563,4020.6812,0,0.000000,36.140402,77.795380,0.297805,-11.090248,3929224049,30686.51,128044,128044
792,-731161.3486,0.0000,731161.3486,180366768.6468,4053.7476,0,0.000000,37.430440,79.702599,0.286373,-11.424396,3917484785,30687.10,127659,127659
793,-715298.3131,0.0000,715298.3131,178357101.4985,4010.4841,0,0.000000,35.716038,83.966160,0.251412,-11.176536,3932549057,30686.60,128152,128152
794,-728549.8005,0.0000,728549.8005,180501768.6761,4036.2474,0,0.000000,39.470055,100.946796,0.269315,-11.383591,3931439201,30686.56,128116,128116
795,-733618.8232,0.0000,733618.8232,182683897.7506,4015.7826,0,0.000000,38.865279,90.778889,0.240457,-11.462794,3925060708,30687.55,127904,127904
796,-712585.6246,0.0000,712585.6246,178944789.0002,3982.1535,0,0.000000,40.153263,96.495127,0.330310,-11.134150,3915479527,30686.78,127595,127595
797,-760268.6958,0.0000,760268.6958,188482316.8268,4033.6341,0,0.000000,37.639244,93.143706,0.294579,-11.879198,3924403414,30687.93,127881,127881
798,-740628.0486,0.0000,740628.0486,185744818.8000,3987.3416,0,0.000000,36.514730,85.373010,0.265266,-11.572313,3922497371,30687.43,127821,127821
799,-695077.0657,0.0000,695077.0657,173208630.8260,4012.9471,0,0.000000,38.588598,99.539121,0.287554,-10.860579,3934939325,30686.33,128231,128231
80,-740482.3669,0.0000,740482.3669,185029808.9369,4001.9626,0,0.000000,39.414393,95.107126,0.291544,-11.570037,3925450647,30687.24,127918,127918
800,-711692.6930,0.0000,711692.6930,179119158.7188,3973.2918,0,0.000000,38.730653,107.432018,0.306220,-11.120198,3934275544,30686.42,128209,128209
801,-751975.0213,0.0000,751975.0213,187601891.0603,4008.3552,0,0.000000,38.819296,97.739465,0.285079,-11.749610,3930007822,30687.60,128065,128065
802,-709274.7530,0.0000,709274.7530,176886691.6421,4009.7689,0,0.000000,33.400510,81.309204,0.240948,-11.082418,3921214658,30686.03,127785,127785
803,-740546.4813,0.0000,740546.4813,185376126.8675,3994.8320,0,0.000000,36.653250,82.926158,0.246483,-11.571039,3936760214,30687.85,128284,128284
804,-724719.2410,0.0000,724719.2410,182493029.4180,3971.2160,0,0.000000,37.955446,77.242584,0.282684,-11.323738,3939344343,30687.18,128371,128371
805,-713994.3388,0.0000,713994.3388,178376951.2949,4002.7276,0,0.000000,39.616494,109.893706,0.262481,-11.156162,3930525480,30686.85,128085,128085
806,-690972.9326,0.0000,690972.9326,172484429.9559,4006.0018,0,0.000000,35.795867,81.742770,0.264482,-10.796452,3939199996,30685.82,128372,128372
807,-748663.8638,0.0000,748663.8638,187746851.5940,3987.6241,0,0.000000,37.210299,91.820753,0.247827,-11.697873,3935257668,30687.38,128237,128237
808,-715182.0818,0.0000,715182.0818,177606906.7919,4026.7695,0,0.000000,36.837228,86.608811,0.279641,-11.174720,3930616263,30685.88,128092,128092
809,-740145.3627,0.0000,740145.3627,184826737.1722,4004.5362,0,0.000000,40.282293,114.026606,0.280024,-11.564771,3926563766,30687.07,127955,127955
81,-705215.8206,0.0000,705215.8206,176858363.5219,3987.4610,0,0.000000,38.512048,100.604892,0.291046,-11.018997,3928119978,30686.28,128009,128009
810,-739829.4510,0.0000,739829.4510,184308745.5439,4014.0768,0,0.000000,36.698391,91.803377,0.280602,-11.559835,3928873399,30687.61,128028,128028
811,-718111.8957,0.0000,718111.8957,178191532.7645,4030.0001,0,0.000000,40.247880,93.471764,0.277990,-11.220498,3926076284,30686.62,127941,127941
812,-730265.7812,0.0000,730265.7812,182275786.7436,4006.3784,0,0.000000,36.730483,73.583080,0.249569,-11.410403,3923538182,30687.41,127855,127855
813,-703342.6028,0.0000,703342.6028,177137015.4399,3970.6134,0,0.000000,35.458333,81.177643,0.314030,-10.989728,3932203192,30686.53,128141,128141
814,-736368.5121,0.0000,736368.5121,181375423.7186,4059.9134,0,0.000000,35.675236,94.262676,0.262108,-11.505758,3935613761,30687.05,128250,128250
815,-728823.9593,0.0000,728823.9593,183778463.2471,3965.7746,0,0.000000,38.485819,94.007020,0.274066,-11.387874,3927122514,30687.36,127972,127972
816,-705943.2501,0.0000,705943.2501,176506666.3547,3999.5274,0,0.000000,37.166316,83.528999,0.305770,-11.030363,3927377298,30685.99,127986,127986
817,-734128.4029,0.0000,734128.4029,182578664.1320,4020.8882,0,0.000000,37.857660,78.841381,0.238317,-11.470756,3936578219,30687.39,128280,128280
818,-737369.5703,0.0000,737369.5703,183969018.2418,4008.1182,0,0.000000,37.432489,101.711187,0.275539,-11.521400,3932369387,30687.59,128142,128142
819,-716761.9906,0.0000,716761.9906,179644741.5479,3989.8857,0,0.000000,39.069620,101.378762,0.305980,-11.199406,3933204827,30686.45,128174,128174
82,-722182.6913,0.0000,722182.6913,181072494.2722,3988.3622,0,0.000000,37.023780,86.134601,0.289872,-11.284105,3928255487,30686.38,128013,128013
820,-713373.5795,0.0000,713373.5795,177138034.0155,4027.2186,0,0.000000,37.028906,105.340167,0.327044,-11.146462,3934742048,30686.47,128224,128224
821,-726385.9100,0.0000,726385.9100,180742142.1440,4018.9073,0,0.000000,36.743484,110.753140,0.307802,-11.349780,3918453272,30687.24,127690,127690
822,-760132.7250,0.0000,760132.7250,189631921.6792,4008.4640,0,0.000000,39.359295,84.863242,0.266737,-11.877074,3927005576,30688.12,127965,127965
823,-749465.6082,0.0000,749465.6082,186059253.5377,4028.1018,0,0.000000,37.391545,87.167984,0.276098,-11.710400,3920832610,30687.85,127765,127765
824,-739099.4898,0.0000,739099.4898,184120213.4367,4014.2224,0,0.000000,38.064822,96.367093,0.278644,-11.548430,3921723704,30687.37,127796,127796
825,-741899.9103,0.0000,741899.9103,184356790.9770,4024.2614,0,0.000000,40.876862,94.344969,0.280506,-11.592186,3936896456,30687.24,128291,128291
826,-723538.6805,0.0000,723538.6805,180290401.3525,4013.1847,0,0.000000,39.985383,115.538454,0.262412,-11.305292,3936356602,30686.38,128277,128277
827,-733072.2289,0.0000,733072.2289,182835903.6900,4009.4545,0,0.000000,38.246654,98.545250,0.277824,-11.454254,3922441709,30687.23,127820,127820
828,-728075.7869,0.0000,728075.7869,182073218.2488,3998.8077,0,0.000000,35.539661,78.747189,0.270302,-11.376184,3934768154,30687.15,128222,128222
829,-752232.4593,0.0000,752232.4593,187341964.6101,4015.2908,0,0.000000,37.901863,83.447349,0.256904,-11.753632,3914740279,30687.72,127567,127567
83,-723931.4957,0.0000,723931.4957,181660296.7219,3985.0837,0,0.000000,38.168502,95.034259,0.318705,-11.311430,3915454766,30687.07,127593,127593
830,-713402.9801,0.0000,713402.9801,177746287.1901,4013.6027,0,0.000000,37.069208,93.093227,0.242740,-11.146922,3931088776,30686.46,128105,128105
831,-747285.1736,0.0000,747285.1736,187879509.7345,3977.4703,0,0.000000,36.941721,83.244216,0.289137,-11.676331,3932586153,30687.61,128149,128149
832,-693131.3626,0.0000,693131.3626,171426018.7468,4043.3265,0,0.000000,36.517992,83.256773,0.322450,-10.830178,3920277981,30686.15,127754,127754
833,-721842.9240,0.0000,721842.9240,180455304.5503,4000.1203,0,0.000000,37.125621,87.654570,0.290401,-11.278796,3938369660,30686.76,128341,128341
834,-706367.5820,0.0000,706367.5820,176433047.2906,4003.6013,0,0.000000,38.553403,101.878238,0.252208,-11.036993,3937125059,30686.63,128301,128301
835,-712980.3445,0.0000,712980.3445,178129205.9336,4002.6022,0,0.000000,37.239565,83.203061,0.236362,-11.140318,3943477087,30687.10,128506,128506
836,-739508.7908,0.0000,739508.7908,184660058.6569,4004.7035,0,0.000000,37.217227,93.392432,0.296695,-11.554825,3940806296,30686.86,128420,128420
837,-727917.3749,0.0000,727917.3749,182128081.2782,3996.7333,0,0.000000,37.904147,100.659609,0.246206,-11.373709,3935159688,30687.33,128234,128234
838,-723060.3691,0.0000,723060.3691,179204557.7281,4034.8325,0,0.000000,34.557942,75.193488,0.268407,-11.297818,3917369131,30686.92,127656,127656
839,-753823.7229,0.0000,753823.7229,188318702.1273,4002.9148,0,0.000000,37.970760,135.834562,0.239017,-11.778496,3929039378,30687.95,128032,128032
84,-751404.2487,0.0000,751404.2487,187083082.9649,4016.4201,0,0.000000,40.083355,83.992257,0.353579,-11.740691,3917805332,30687.45,127668,127668
840,-740282.5211,0.0000,740282.5211,183837064.1467,4026.8404,0,0.000000,39.810589,91.492792,0.355535,-11.566914,3922929947,30686.97,127837,127837
841,-740721.4014,0.0000,740721.4014,183565883.1393,4035.1801,0,0.000000,36.760390,81.529029,0.325827,-11.573772,3926858794,30686.98,127965,127965
842,-735438.9370,0.0000,735438.9370,184383916.0574,3988.6285,0,0.000000,37.027151,86.414164,0.324956,-11.491233,3921577792,30686.95,127793,127793
843,-760077.2218,0.0000,760077.2218,191332802.7508,3972.5400,0,0.000000,39.931114,111.056425,0.317415,-11.876207,3930698137,30687.96,128086,128086
844,-735437.8828,0.0000,735437.8828,185107525.2651,3973.0307,0,0.000000,39.979374,111.217328,0.281219,-11.491217,3920291108,30687.21,127750,127750
845,-723564.8455,0.0000,723564.8455,178284149.8079,4058.4923,0,0.000000,36.360693,91.345914,0.295466,-11.305701,3921188683,30687.03,127780,127780
846,-726006.7690,0.0000,726006.7690,180708927.7488,4017.5479,0,0.000000,37.981214,98.085446,0.315092,-11.343856,3924157805,30687.21,127876,127876
847,-724120.2492,0.0000,724120.2492,180353909.9833,4014.9961,0,0.000000,37.266231,92.891289,0.264704,-11.314379,3928391940,30686.49,128017,128017
848,-732890.3185,0.0000,732890.3185,182414393.2184,4017.7220,0,0.000000,35.794342,84.782153,0.251580,-11.451411,3928950626,30687.25,128032,128032
849,-709910.8728,0.0000,709910.8728,177148578.9417,4007.4319,0,0.000000,40.573834,79.544231,0.245546,-11.092357,3928709410,30687.05,128025,128025
85,-764888.0630,0.0000,764888.0630,188444808.7575,4058.9500,0,0.000000,38.230020,82.229090,0.302045,-11.951376,3917792861,30687.35,127668,127668
850,-749515.5896,0.0000,749515.5896,184202195.2874,4068.9829,0,0.000000,40.075302,101.057473,0.315939,-11.711181,3931858485,30687.20,128127,128127
851,-726186.8591,0.0000,726186.8591,181348200.1601,4004.3786,0,0.000000,37.910368,80.963306,0.247039,-11.346670,3924712146,30687.23,127894,127894
852,-759585.0714,0.0000,759585.0714,188570954.7071,4028.1128,0,0.000000,38.910831,111.394976,0.276554,-11.868517,3930469029,30687.37,128081,128081
853,-698124.1532,0.0000,698124.1532,175156878.4714,3985.7079,0,0.000000,37.943781,97.678379,0.273696,-10.908190,3935617171,30686.36,128253,128253
854,-718630.0630,0.0000,718630.0630,177706156.7809,4043.9233,0,0.000000,38.390856,111.235316,0.239792,-11.228595,3922434520,30686.21,127824,127824
855,-676265.9074,0.0000,676265.9074,168641343.5286,4010.0837,0,0.000000,36.685622,91.582776,0.271239,-10.566655,3907040718,30685.82,127324,127324
856,-764583.9241,0.0000,764583.9241,188034291.2153,4066.1941,0,0.000000,38.054469,96.973327,0.277119,-11.946624,3923873424,30687.39,127866,127866
857,-734090.7773,0.0000,734090.7773,185036655.6103,3967.2722,0,0.000000,37.154272,96.270034,0.300742,-11.470168,3931687426,30687.06,128122,128122
858,-739197.9321,0.0000,739197.9321,183920016.8086,4019.1271,0,0.000000,39.615128,82.257910,0.297437,-11.549968,3917795646,30687.13,127669,127669
859,-756671.2638,0.0000,756671.2638,188566400.9286,4012.7576,0,0.000000,40.150258,96.602317,0.289231,-11.822988,3909463191,30687.49,127396,127396
86,-720216.8343,0.0000,720216.8343,178326463.3686,4038.7547,0,0.000000,38.890850,93.980279,0.248501,-11.253388,3926632195,30686.40,127960,127960
860,-740365.8907,0.0000,740365.8907,184726246.2093,4007.9085,0,0.000000,37.309097,87.520462,0.254848,-11.568217,3925520513,30687.31,127920,127920
861,-692688.0944,0.0000,692688.0944,172330881.2216,4019.5239,0,0.000000,37.378208,85.611971,0.276278,-10.823251,3925194930,30686.68,127912,127912
862,-773731.9075,0.0000,773731.9075,192991324.0310,4009.1538,0,0.000000,35.899808,88.281488,0.316364,-12.089561,3918896577,30688.06,127701,127701
863,-717350.3453,0.0000,717350.3453,178109423.0491,4027.5822,0,0.000000,34.662147,97.613013,0.253396,-11.208599,3917139112,30686.80,127649,127649
864,-733730.1277,0.0000,733730.1277,183501498.9653,3998.4966,0,0.000000,36.850171,111.709521,0.264600,-11.464533,3927120932,30687.58,127971,127971
865,-700383.9086,0.0000,700383.9086,176656762.3969,3964.6595,0,0.000000,37.029582,83.369742,0.266586,-10.943499,3920664956,30687.01,127763,127763
866,-709543.1039,0.0000,709543.1039,177952781.5858,3987.2549,0,0.000000,36.702564,81.455642,0.256481,-11.086611,3927669069,30686.83,127992,127992
867,-738621.4014,0.0000,738621.4014,184503273.5920,4003.2970,0,0.000000,38.977270,84.700105,0.325348,-11.540959,3938689373,30686.86,128351,128351
868,-734633.6869,0.0000,734633.6869,183036244.4885,4013.5968,0,0.000000,36.712806,118.206813,0.227614,-11.478651,3926739926,30687.49,127959,127959
869,-698763.7714,0.0000,698763.7714,170642331.4302,4094.9029,0,0.000000,36.566712,83.185522,0.223964,-10.918184,3936022790,30686.65,128265,128265
87,-730712.7817,0.0000,730712.7817,182358690.2586,4007.0083,0,0.000000,39.233035,97.205440,0.290709,-11.417387,3944728234,30686.57,128549,128549
870,-726487.3160,0.0000,726487.3160,181937761.8856,3993.0540,0,0.000000,40.096586,101.267788,0.257244,-11.351364,3935468930,30686.87,128246,128246
871,-717762.0939,0.0000,717762.0939,179120667.9443,4007.1428,0,0.000000,35.692899,98.726294,0.233959,-11.215033,3927644025,30686.88,127991,127991
872,-690409.0953,0.0000,690409.0953,172699743.6802,3997.7424,0,0.000000,37.608506,106.798693,0.287524,-10.787642,3911271804,30685.79,127462,127462
873,-748308.1206,0.0000,748308.1206,186162664.5735,4019.6466,0,0.000000,38.430644,86.497672,0.282744,-11.692314,3923439606,30687.59,127851,127851
874,-778799.2743,0.0000,778799.2743,195678421.6262,3979.9957,0,0.000000,38.294933,86.465949,0.300618,-12.168739,3936951962,30687.91,128290,128290
875,-706327.8539,0.0000,706327.8539,176424031.4300,4003.5807,0,0.000000,36.000190,96.738516,0.246325,-11.036373,3935326433,30686.72,128242,128242
876,-718004.7067,0.0000,718004.7067,179912135.3038,3990.8631,0,0.000000,38.493701,103.340120,0.271627,-11.218824,3920186399,30687.35,127746,127746
877,-742424.1361,0.0000,742424.1361,185289312.3017,4006.8373,0,0.000000,38.035119,103.233048,0.297660,-11.600377,3926612240,30687.21,127956,127956
878,-706643.2473,0.0000,706643.2473,176541671.8159,4002.6994,0,0.000000,37.007643,98.828405,0.249297,-11.041301,3937001498,30687.10,128295,128295
879,-685914.4817,0.0000,685914.4817,171053150.7548,4009.9494,0,0.000000,35.744825,77.833134,0.228201,-10.717414,3922065685,30686.21,127812,127812
88,-714975.1887,0.0000,714975.1887,178847421.5628,3997.6824,0,0.000000,40.537087,90.830820,0.315131,-11.171487,3935816587,30686.24,128260,128260
880,-737679.5420,0.0000,737679.5420,185262837.8986,3981.7999,0,0.000000,37.119159,95.603005,0.280343,-11.526243,3923195788,30687.37,127844,127844
881,-731867.2668,0.0000,731867.2668,182776822.0578,4004.1580,0,0.000000,39.535685,89.348282,0.282177,-11.435426,3940597971,30687.63,128410,128410
882,-752664.3548,0.0000,752664.3548,188727196.0507,3988.1075,0,0.000000,36.427520,85.601909,0.286650,-11.760381,3933407431,30687.79,128175,128175
883,-698320.6841,0.0000,698320.6841,174386724.5331,4004.4372,0,0.000000,37.697225,88.979369,0.249279,-10.911261,3916853925,30686.73,127640,127640
884,-761039.4444,0.0000,761039.4444,190659227.5065,3991.6214,0,0.000000,35.195537,83.645223,0.267275,-11.891241,3917995394,30687.50,127674,127674
885,-735734.0107,0.0000,735734.0107,178949367.2831,4111.4088,0,0.000000,39.174516,96.340424,0.243233,-11.495844,3919601410,30686.38,127731,127731
886,-759044.3958,0.0000,759044.3958,190229354.6677,3990.1539,0,0.000000,38.799185,97.958911,0.282095,-11.860069,3915112837,30687.99,127578,127578
887,-765381.2390,0.0000,765381.2390,189159824.0429,4046.2146,0,0.000000,38.591853,100.256296,0.262700,-11.959082,3930154725,30688.03,128068,128068
888,-700650.4830,0.0000,700650.4830,173196710.5000,4045.4029,0,0.000000,33.897914,78.988317,0.221541,-10.947664,3951836784,30685.77,128784,128784
889,-748258.8591,0.0000,748258.8591,186139135.0725,4019.8901,0,0.000000,36.351422,80.829453,0.247681,-11.691545,3930263739,30687.44,128074,128074
89,-704292.0670,0.0000,704292.0670,176199848.8121,3997.1207,0,0.000000,36.368782,84.611138,0.264555,-11.004564,3920462414,30686.63,127758,127758
890,-713140.4511,0.0000,713140.4511,176113258.6316,4049.3286,0,0.000000,36.362854,79.168563,0.233311,-11.142820,3926945768,30686.70,127969,127969
891,-698850.8450,0.0000,698850.8450,174545211.3174,4003.8385,0,0.000000,37.415438,87.438212,0.262106,-10.919544,3941249474,30685.77,128439,128439
892,-736765.2326,0.0000,736765.2326,184937558.0473,3983.8594,0,0.000000,37.958212,83.357261,0.302437,-11.511957,3923504405,30687.62,127853,127853
893,-708757.4958,0.0000,708757.4958,176960607.7214,4005.1710,0,0.000000,35.938182,80.358395,0.277414,-11.074336,3927494437,30687.15,127985,127985
894,-738890.6659,0.0000,738890.6659,184976344.9223,3994.5144,0,0.000000,36.091846,83.276691,0.302408,-11.545167,3937401185,30687.35,128307,128307
895,-692499.7032,0.0000,692499.7032,171304974.3219,4042.4962,0,0.000000,38.430217,117.349797,0.280433,-10.820308,3924544061,30686.39,127892,127892
896,-725323.8599,0.0000,725323.8599,178714344.9236,4058.5654,0,0.000000,38.445642,92.525432,0.240763,-11.333185,3935146196,30686.75,128236,128236
897,-713103.9761,0.0000,713103.9761,177321472.5101,4021.5320,0,0.000000,36.082076,97.228447,0.215936,-11.142250,3920811879,30686.96,127768,127768
898,-720879.9649,0.0000,720879.9649,178621023.6083,4035.8069,0,0.000000,36.139889,79.050713,0.233982,-11.263749,3920983452,30687.10,127773,127773
899,-717658.0477,0.0000,717658.0477,180189205.7843,3982.8027,0,0.000000,38.192418,89.908908,0.310433,-11.213407,3915212465,30686.85,127586,127586
90,-707890.6264,0.0000,707890.6264,177552969.0437,3986.9264,0,0.000000,35.263867,98.074077,0.299062,-11.060791,3926189840,30686.78,127944,127944
900,-721172.0253,0.0000,721172.0253,179528773.3562,4017.0275,0,0.000000,37.709944,83.746858,0.263187,-11.268313,3936846749,30686.61,128292,128292
901,-746674.6938,0.0000,746674.6938,187495041.1191,3982.3704,0,0.000000,36.681792,88.876126,0.277166,-11.666792,3932580153,30687.56,128149,128149
902,-728126.2328,0.0000,728126.2328,180341929.1435,4037.4761,0,0.000000,35.824394,76.613067,0.288786,-11.376972,3913580321,30687.05,127532,127532
903,-710140.5975,0.0000,710140.5975,176889821.2890,4014.5928,0,0.000000,36.333153,93.873818,0.297796,-11.095947,3933375532,30686.82,128178,128178
904,-735124.5370,0.0000,735124.5370,185187273.8346,3969.6277,0,0.000000,37.557778,84.516311,0.258041,-11.486321,3924409505,30687.74,127882,127882
905,-726690.2351,0.0000,726690.2351,180109126.8137,4034.7219,0,0.000000,39.727841,88.549955,0.309198,-11.354535,3921798920,30687.00,127800,127800
906,-709294.5681,0.0000,709294.5681,177765137.1094,3990.0657,0,0.000000,37.317193,82.082409,0.238169,-11.082728,3917813690,30686.79,127671,127671
907,-741499.6253,0.0000,741499.6253,186033990.9896,3985.8287,0,0.000000,38.676686,90.768245,0.254636,-11.585932,3930063479,30687.32,128068,128068
908,-729991.7817,0.0000,729991.7817,182805528.0435,3993.2697,0,0.000000,40.169955,106.241102,0.298720,-11.406122,3924979669,30686.92,127904,127904
909,-743350.5367,0.0000,743350.5367,186933086.4054,3976.5595,0,0.000000,38.777330,105.429770,0.304466,-11.614852,3919719433,30687.78,127729,127729
91,-729914.1553,0.0000,729914.1553,181562858.1251,4020.1733,0,0.000000,38.382065,93.446303,0.323115,-11.404909,3931050530,30686.88,128102,128102
910,-719810.3202,0.0000,719810.3202,179014289.3770,4020.9657,0,0.000000,36.383306,79.450799,0.294895,-11.247036,3928193975,30686.86,128009,128009
911,-737940.4449,0.0000,737940.4449,184153471.8254,4007.2035,0,0.000000,37.606297,94.976087,0.264749,-11.530319,3931513649,30687.38,128115,128115
912,-717661.8666,0.0000,717661.8666,178950984.5224,4010.3823,0,0.000000,36.060917,107.926687,0.255682,-11.213467,3921065337,30686.79,127777,127777
913,-727068.3970,0.0000,727068.3970,180651888.0307,4024.6930,0,0.000000,38.056843,111.538540,0.269126,-11.360444,3921242208,30686.97,127782,127782
914,-746339.6913,0.0000,746339.6913,184460368.7868,4046.0707,0,0.000000,40.439681,100.895107,0.294994,-11.661558,3936177475,30687.61,128266,128266
915,-703241.8550,0.0000,703241.8550,175873551.4703,3998.5652,0,0.000000,36.347671,90.989074,0.264577,-10.988154,3929444108,30686.80,128050,128050
916,-763318.7716,0.0000,763318.7716,191394190.7164,3988.2024,0,0.000000,37.287476,100.322246,0.307454,-11.926856,3914337440,30688.17,127552,127552
917,-743587.3630,0.0000,743587.3630,186578409.8024,3985.3880,0,0.000000,39.794121,97.790966,0.290571,-11.618553,3928853307,30687.69,128027,128027
918,-687446.0482,0.0000,687446.0482,170772444.5815,4025.5092,0,0.000000,35.883592,74.278121,0.259838,-10.741345,3934093291,30686.20,128204,128204
919,-717638.0748,0.0000,717638.0748,178955877.9425,4010.1397,0,0.000000,38.249994,96.728942,0.289988,-11.213095,3928455697,30686.74,128018,128018
92,-708304.0897,0.0000,708304.0897,177459441.2063,3991.3576,0,0.000000,37.320312,89.701606,0.279718,-11.067251,3929412927,30685.59,128054,128054
920,-759335.4886,0.0000,759335.4886,190029063.6370,3995.8913,0,0.000000,38.679320,127.033796,0.251438,-11.864617,3924289413,30687.76,127878,127878
921,-736994.0452,0.0000,736994.0452,184402972.6656,3996.6495,0,0.000000,35.886793,119.334614,0.229859,-11.515532,3932823737,30687.78,128156,128156
922,-705667.3061,0.0000,705667.3061,176442198.1550,3999.4248,0,0.000000,35.664890,90.620515,0.251373,-11.026052,3931609096,30686.69,128121,128121
923,-760970.5462,0.0000,760970.5462,190055782.3758,4003.9326,0,0.000000,39.193522,88.984411,0.282279,-11.890165,3935954636,30688.03,128257,128257
924,-726399.6778,0.0000,726399.6778,180569104.8123,4022.8348,0,0.000000,36.150520,80.255719,0.261465,-11.349995,3933087495,30686.97,128168,128168
925,-713820.3653,0.0000,713820.3653,177968043.8480,4010.9469,0,0.000000,38.874734,89.486658,0.288494,-11.153443,3926526508,30686.54,127956,127956
926,-699634.3873,0.0000,699634.3873,174813906.9676,4002.1666,0,0.000000,36.080007,85.519014,0.301077,-10.931787,3923456781,30686.29,127857,127857
927,-727601.4231,0.0000,727601.4231,181047594.3273,4018.8406,0,0.000000,35.278551,90.066634,0.251309,-11.368772,3919235769,30686.88,127717,127717
928,-726302.2913,0.0000,726302.2913,182592291.7300,3977.7270,0,0.000000,37.585155,88.937859,0.285243,-11.348473,3923141062,30687.18,127843,127843
929,-747643.5093,0.0000,747643.5093,189077587.5479,3954.1625,0,0.000000,40.051795,96.213321,0.301541,-11.681930,3932124502,30687.60,128134,128134
93,-669200.6166,0.0000,669200.6166,167765710.6876,3988.8998,0,0.000000,34.999399,81.011424,0.249439,-10.456260,3915829971,30685.44,127612,127612
930,-716873.8633,0.0000,716873.8633,179110401.6440,4002.4134,0,0.000000,37.727203,105.275287,0.270023,-11.201154,3931438627,30687.03,128114,128114
931,-738910.8069,0.0000,738910.8069,184046386.7753,4014.8075,0,0.000000,38.329112,87.774899,0.247425,-11.545481,3933145264,30687.18,128169,128169
932,-715693.2661,0.0000,715693.2661,177225384.6228,4038.3225,0,0.000000,38.144167,85.516831,0.271734,-11.182707,3932493562,30686.65,128150,128150
933,-713329.4918,0.0000,713329.4918,179079666.7258,3983.3081,0,0.000000,38.946673,95.997467,0.296178,-11.145773,3924950874,30686.45,127905,127905
934,-711603.2459,0.0000,711603.2459,178681692.8222,3982.5191,0,0.000000,36.118885,81.670281,0.323244,-11.118801,3940828338,30686.79,128421,128421
935,-742071.5925,0.0000,742071.5925,185039159.9408,4010.3489,0,0.000000,38.877513,93.183299,0.283948,-11.594869,3925936446,30687.44,127933,127933
936,-768512.4349,0.0000,768512.4349,189418121.1138,4057.2276,0,0.000000,37.315591,106.305174,0.249420,-12.008007,3949033747,30687.60,128685,128685
937,-744484.4745,0.0000,744484.4745,185672560.3995,4009.6634,0,0.000000,40.993503,109.136444,0.289522,-11.632570,3929445184,30687.76,128046,128046
938,-732179.3008,0.0000,732179.3008,184358905.5286,3971.4886,0,0.000000,36.548773,76.429658,0.257807,-11.440302,3922293900,30687.51,127814,127814
939,-716863.3092,0.0000,716863.3092,176743632.0608,4055.9499,0,0.000000,36.454144,81.753899,0.254120,-11.200989,3918059381,30686.80,127679,127679
94,-721281.9602,0.0000,721281.9602,182893113.8556,3943.7349,0,0.000000,35.943740,83.924991,0.330032,-11.270031,3916536159,30686.88,127629,127629
940,-729882.2641,0.0000,729882.2641,181890687.3701,4012.7522,0,0.000000,38.815597,84.212685,0.250008,-11.404410,3908852675,30687.51,127376,127376
941,-738403.5894,0.0000,738403.5894,184705576.2623,3997.7331,0,0.000000,36.476520,84.209831,0.287021,-11.537556,3927689840,30687.47,127990,127990
942,-774017.2661,0.0000,774017.2661,189830722.0738,4077.4078,0,0.000000,37.971545,80.804998,0.261574,-12.094020,3935063376,30687.78,128229,128229
943,-707615.1682,0.0000,707615.1682,178276522.4069,3969.2000,0,0.000000,39.444913,97.426025,0.304803,-11.056487,3923175421,30686.97,127845,127845
944,-710135.5003,0.0000,710135.5003,178684712.6818,3974.2376,0,0.000000,40.771227,87.210135,0.271491,-11.095867,3926972188,30686.42,127971,127971
945,-715369.7882,0.0000,715369.7882,179099530.2860,3994.2583,0,0.000000,36.498384,94.036232,0.252845,-11.177653,3944472982,30686.97,128539,128539
946,-695482.3160,0.0000,695482.3160,174091325.4660,3994.9280,0,0.000000,37.949880,88.731134,0.242933,-10.866911,3927932302,30686.25,128003,128003
947,-736880.8013,0.0000,736880.8013,184963731.7368,3983.9205,0,0.000000,40.499157,100.465844,0.287402,-11.513763,3931646708,30686.98,128121,128121
948,-752239.4324,0.0000,752239.4324,186656055.9171,4030.0832,0,0.000000,40.182075,85.131263,0.270730,-11.753741,3933197204,30687.59,128169,128169
949,-728277.3376,0.0000,728277.3376,182888642.8464,3982.0807,0,0.000000,35.298503,94.658200,0.256755,-11.379333,3915026790,30687.32,127578,127578
95,-711490.7270,0.0000,711490.7270,178444196.1039,3987.1890,0,0.000000,36.052748,86.233350,0.283473,-11.117043,3931346324,30686.55,128113,128113
950,-725351.1092,0.0000,725351.1092,177798581.7134,4079.6226,0,0.000000,38.680697,99.125637,0.247970,-11.333611,3935274540,30687.03,128239,128239
951,-755849.7947,0.0000,755849.7947,187852710.1905,4023.6300,0,0.000000,37.444860,85.714447,0.269454,-11.810153,3925089598,30687.30,127906,127906
952,-751920.1133,0.0000,751920.1133,187284352.4147,4014.8582,0,0.000000,39.021022,94.250076,0.255901,-11.748752,3924317984,30687.74,127879,127879
953,-716224.5948,0.0000,716224.5948,179031699.9773,4000.5462,0,0.000000,37.346859,89.631791,0.272862,-11.191009,3930048428,30686.96,128069,128069
954,-775763.4805,0.0000,775763.4805,192801599.7746,4023.6361,0,0.000000,37.498962,95.734541,0.315576,-12.121304,3933674101,30687.72,128184,128184
955,-713162.8960,0.0000,713162.8960,177800397.5517,4011.0309,0,0.000000,36.556874,79.793350,0.261498,-11.143170,3929241744,30686.65,128044,128044
956,-718356.3006,0.0000,718356.3006,179227551.2436,4008.0685,0,0.000000,37.790322,110.808866,0.259214,-11.224317,3922862908,30687.40,127833,127833
957,-706599.6152,0.0000,706599.6152,176920132.7475,3993.8904,0,0.000000,41.242740,103.604238,0.272304,-11.040619,3928817529,30686.69,128030,128030
958,-722138.1527,0.0000,722138.1527,179940273.4873,4013.2103,0,0.000000,37.346833,91.737700,0.288995,-11.283409,3930107932,30686.71,128072,128072
959,-760664.8557,0.0000,760664.8557,186546803.7443,4077.6086,0,0.000000,39.851517,97.990873,0.288808,-11.885388,3933296133,30687.64,128172,128172
96,-728728.3390,0.0000,728728.3390,182880420.0250,3984.7259,0,0.000000,38.139171,87.864742,0.277125,-11.386380,3934129521,30686.96,128202,128202
960,-728228.3269,0.0000,728228.3269,183135149.9314,3976.4531,0,0.000000,36.492206,108.399111,0.242950,-11.378568,3928687335,30687.12,128024,128024
961,-727358.2746,0.0000,727358.2746,181872848.6092,3999.2681,0,0.000000,37.974968,105.797391,0.285663,-11.364973,3941227601,30687.03,128433,128433
962,-699743.8804,0.0000,699743.8804,174454967.8624,4011.0287,0,0.000000,37.482049,93.234563,0.232588,-10.933498,3923378294,30686.87,127852,127852
963,-724183.5494,0.0000,724183.5494,182176400.3592,3975.1776,0,0.000000,37.181581,91.359232,0.306185,-11.315368,3935009808,30686.88,128231,128231
964,-730544.5743,0.0000,730544.5743,182962670.9197,3992.8613,0,0.000000,35.638215,102.049381,0.241817,-11.414759,3923066382,30687.56,127839,127839
965,-748037.2071,0.0000,748037.2071,186683001.9820,4006.9915,0,0.000000,39.977960,95.945098,0.272276,-11.688081,3921223458,30687.78,127778,127778
966,-710817.4337,0.0000,710817.4337,178775677.3417,3976.0299,0,0.000000,36.789694,79.908519,0.302871,-11.106522,3932192489,30686.93,128139,128139
967,-710876.9614,0.0000,710876.9614,175660336.6499,4046.8837,0,0.000000,38.504108,84.993400,0.273786,-11.107453,3926358073,30686.42,127951,127951
968,-722216.5608,0.0000,722216.5608,178784308.5004,4039.5970,0,0.000000,38.442256,100.113102,0.237387,-11.284634,3921795754,30686.74,127801,127801
969,-715756.2661,0.0000,715756.2661,179738034.4528,3982.2193,0,0.000000,37.347806,106.260868,0.258310,-11.183692,3925852456,30686.78,127933,127933
97,-695600.8050,0.0000,695600.8050,173741529.3787,4003.6531,0,0.000000,36.897817,80.604564,0.276395,-10.868763,3927190881,30686.21,127979,127979
970,-707970.3493,0.0000,707970.3493,177466004.1321,3989.3294,0,0.000000,42.069347,125.944836,0.278795,-11.062037,3922616767,30686.44,127829,127829
971,-698378.2800,0.0000,698378.2800,175872716.2538,3970.9302,0,0.000000,37.189288,84.665669,0.245677,-10.912161,3930615475,30686.36,128090,128090
972,-757212.9543,0.0000,757212.9543,185634220.5303,4079.0591,0,0.000000,39.992828,88.740574,0.271131,-11.831452,3923902957,30687.62,127866,127866
973,-749751.3860,0.0000,749751.3860,186784487.8304,4013.9917,0,0.000000,37.035704,83.488924,0.317923,-11.714865,3931108360,30687.57,128101,128101
974,-675804.1090,0.0000,675804.1090,169336164.2859,3990.9024,0,0.000000,33.156837,87.282737,0.299890,-10.559439,3921633838,30686.19,127798,127798
975,-763261.0655,0.0000,763261.0655,190508511.8671,4006.4408,0,0.000000,41.319720,90.182428,0.274866,-11.925954,3934198732,30687.50,128202,128202
976,-738011.5744,0.0000,738011.5744,182929534.4164,4034.4036,0,0.000000,39.028834,91.377381,0.248177,-11.531431,3921073451,30687.09,127776,127776
977,-716288.6837,0.0000,716288.6837,178572520.4194,4011.1921,0,0.000000,37.745345,101.207336,0.242702,-11.192011,3917330888,30686.62,127656,127656
978,-727957.2548,0.0000,727957.2548,176716302.5613,4119.3554,0,0.000000,39.815914,120.936294,0.253216,-11.374332,3913201053,30686.72,127521,127521
979,-763337.8556,0.0000,763337.8556,190293304.3067,4011.3753,0,0.000000,38.963895,101.012283,0.276747,-11.927154,3940913895,30687.70,128420,128420
98,-758639.3863,0.0000,758639.3863,190247011.7460,3987.6547,0,0.000000,41.553226,98.176064,0.362369,-11.853740,3934666664,30687.08,128219,128219
980,-724568.5884,0.0000,724568.5884,181878377.8366,3983.8083,0,0.000000,34.669488,91.062326,0.265036,-11.321384,3934086694,30687.58,128198,128198
981,-745830.0616,0.0000,745830.0616,185056883.9554,4030.2746,0,0.000000,39.031382,111.897035,0.302515,-11.653595,3943494669,30687.48,128505,128505
982,-735872.5374,0.0000,735872.5374,184406296.5529,3990.4957,0,0.000000,35.594809,87.159226,0.241934,-11.498008,3928790999,30687.69,128025,128025
983,-742976.9854,0.0000,742976.9854,185598615.8485,4003.1386,0,0.000000,36.360700,73.514767,0.286508,-11.609015,3930955407,30686.85,128099,128099
984,-769318.2112,0.0000,769318.2112,191946129.9214,4007.9902,0,0.000000,39.620476,103.293073,0.272227,-12.020597,3928847472,30687.89,128026,128026
985,-748132.5656,0.0000,748132.5656,184933885.7789,4045.4055,0,0.000000,38.771229,96.506598,0.253567,-11.689571,3918301019,30687.49,127684,127684
986,-687865.3964,0.0000,687865.3964,172640647.9561,3984.3768,0,0.000000,39.383941,98.163525,0.269115,-10.747897,3933096593,30686.08,128172,128172
987,-718102.7585,0.0000,718102.7585,178869739.5610,4014.6688,0,0.000000,36.701565,87.014437,0.280644,-11.220356,3925607621,30686.31,127927,127927
988,-721285.3522,0.0000,721285.3522,176162249.4718,4094.4377,0,0.000000,37.514681,107.081470,0.232983,-11.270084,3915445927,30687.24,127592,127592
989,-748767.1558,0.0000,748767.1558,185039861.9213,4046.5181,0,0.000000,41.997083,97.751658,0.297259,-11.699487,3917616996,30687.42,127662,127662
99,-727322.5602,0.0000,727322.5602,180335899.6382,4033.1546,0,0.000000,36.725616,84.359096,0.294258,-11.364415,3923374842,30687.09,127851,127851
990,-768963.5652,0.0000,768963.5652,189764481.0599,4052.1997,0,0.000000,41.772420,102.556871,0.266469,-12.015056,3927349537,30687.69,127978,127978
991,-686498.0545,0.0000,686498.0545,171961612.5344,3992.1587,0,0.000000,36.128627,83.694170,0.239023,-10.726532,3921090524,30686.26,127780,127780
992,-699423.2586,0.0000,699423.2586,174903851.3890,3998.9014,0,0.000000,37.161775,83.123641,0.325557,-10.928488,3939916299,30686.38,128393,128393
993,-717090.6851,0.0000,717090.6851,178335654.2043,4021.0169,0,0.000000,37.602937,90.245329,0.275245,-11.204542,3930000010,30686.82,128068,128068
994,-740223.5742,0.0000,740223.5742,184092276.0208,4020.9377,0,0.000000,38.526826,90.318503,0.265400,-11.565993,3913115177,30687.73,127514,127514
995,-721492.2215,0.0000,721492.2215,180174801.4011,4004.4014,0,0.000000,37.868737,94.899215,0.239205,-11.273316,3920015147,30687.21,127741,127741
996,-757280.9541,0.0000,757280.9541,187850812.7464,4031.2892,0,0.000000,37.005855,86.956961,0.296769,-11.832515,3934883948,30687.34,128225,128225
997,-739116.7141,0.0000,739116.7141,185436601.5717,3985.8189,0,0.000000,39.579141,92.512754,0.287731,-11.548699,3922132460,30687.69,127808,127808
998,-696104.8359,0.0000,696104.8359,174480212.0195,3989.5919,0,0.000000,36.699426,80.016124,0.248151,-10.876638,3933696657,30686.45,128190,128190
999,-762002.7404,0.0000,762002.7404,189535093.1758,4020.3781,0,0.000000,36.785099,97.200794,0.309694,-11.906293,3945052387,30687.66,128555,128555
