seed,user_pnl,arb_profit,lp_profit_value,total_volume,lp_profit_per_1m_vol,arb_trade_count,intervention_rate,avg_spread_pct,max_spread_pct,rmse_price,impermanent_loss_pct,total_compute_units,avg_cu_per_swap,total_swaps,successful_swaps
100,-5369635.2458,2803242.2803,2634517.9350,575662444.0236,4576.4978,1999,0.003894,11.915193,41.191037,0.081901,-41.027307,16265933308,31688.01,513315,513315
1000,-5511008.5569,2774751.9869,2643302.6602,581646346.2653,4544.5186,1999,0.003910,12.205519,41.508034,0.083014,-41.490483,15686895439,30684.13,511238,511238
1001,-5392512.6049,2675268.7650,2617597.4177,576918293.0539,4537.2065,1999,0.003898,11.980261,39.584674,0.081746,-41.103292,15736898338,30684.05,512869,512869
1002,-5616811.6409,2731116.2448,2660270.0380,589400213.7489,4513.5207,1999,0.003910,12.229520,42.093599,0.083600,-42.022705,15688634934,30684.60,511287,511287
1003,-5558819.6005,2612437.1545,2622469.0602,583551881.2112,4493.9776,1999,0.003908,12.185597,43.693085,0.083015,-41.631478,15696825793,30684.17,511561,511561
1004,-5521287.2556,2860984.4205,2672479.9051,585534836.5667,4564.1689,1999,0.003901,12.149751,37.776492,0.083135,-41.733157,15723763061,30684.17,512439,512439
1005,-5727398.3119,2926534.2156,2733975.8738,601426199.2423,4545.8210,1999,0.003913,12.510463,45.380144,0.084626,-42.855828,15674612096,30684.90,510825,510825
1006,-5354617.2638,2662958.4126,2588925.6754,569805884.9247,4543.5222,1999,0.003897,11.839351,44.320402,0.081543,-40.658786,15738909645,30683.60,512942,512942
1007,-5566718.0075,2898318.1190,2688993.3650,588711310.6762,4567.5925,1999,0.003902,12.208628,41.062971,0.083549,-41.974112,15718632488,30684.27,512270,512270
1008,-5471581.4317,2981511.4883,2677695.6811,581808888.0586,4602.3630,1999,0.003901,12.099299,36.982723,0.083161,-41.458153,15722746917,30684.22,512405,512405
1009,-5480639.7085,2479193.7196,2597746.1686,580621592.5073,4474.0778,1999,0.003902,12.058470,40.356180,0.081959,-41.405374,15718193453,30684.13,512258,512258
101,-5419518.2342,2964641.4794,2623146.3745,568701992.2935,4612.5148,1999,0.003908,12.125575,39.551450,0.083390,-40.646763,16210541141,31687.89,511569,511569
1010,-5494414.9126,2960153.1873,2696848.3708,587129366.4462,4593.2779,1999,0.003904,12.112536,34.826792,0.082918,-41.807569,15712752681,30684.42,512076,512076
1011,-5596048.9602,2712580.7473,2656010.6955,588200718.6332,4515.4836,1999,0.003905,12.171225,35.035985,0.083470,-41.962269,15707748980,30684.35,511914,511914
1012,-5433801.6084,2805190.4827,2643459.4053,578783714.0437,4567.2664,1999,0.003907,12.124784,37.855448,0.082351,-41.273370,15698068337,30684.20,511601,511601
1013,-5564442.0822,2867513.7447,2673012.8017,586510750.2099,4557.4830,1999,0.003905,12.186867,43.274912,0.083658,-41.814504,15707466518,30684.46,511903,511903
1014,-5648069.5523,2888552.0015,2717976.8050,597065891.4781,4552.2225,1999,0.003898,12.195006,41.964126,0.083844,-42.551570,15735974156,30684.70,512828,512828
1015,-5502342.5025,3020472.5260,2672498.7727,579303613.8081,4613.2955,1999,0.003909,12.226648,36.564512,0.083387,-41.370577,15692115229,30684.08,511409,511409
1016,-5632027.0016,2978687.4947,2728820.4803,596351120.5598,4575.8621,1999,0.003897,12.254218,39.625834,0.083908,-42.482604,15738551184,30684.52,512915,512915
1017,-5417273.3429,2942718.9811,2679292.4757,582043578.5936,4603.2506,1999,0.003905,11.934033,37.071602,0.082403,-41.448259,15709246495,30684.28,511964,511964
1018,-5357330.7617,2797571.8520,2621343.6853,572732796.1190,4576.9052,1999,0.003907,12.008675,40.234834,0.081792,-40.834140,15697799997,30683.80,511599,511599
1019,-5516113.1094,2693103.3080,2643606.0283,584519305.9453,4522.7010,1999,0.003901,12.076366,40.880941,0.082816,-41.671734,15723268477,30684.34,512420,512420
102,-5472436.0278,2935099.1697,2658523.6808,579300898.6044,4589.1931,1999,0.003905,12.196953,37.168004,0.083222,-41.295848,16220658156,31688.21,511883,511883
1020,-5548775.2160,2896352.3458,2705419.9952,592229107.5178,4568.1983,1999,0.003902,12.116130,36.215497,0.083244,-42.165607,15719165581,30684.65,512281,512281
1021,-5526880.3973,2759164.0015,2645130.8742,583356804.3308,4534.3276,1999,0.003907,12.257093,39.032941,0.083057,-41.578715,15700968963,30684.35,511693,511693
1022,-5388195.8626,2658720.7863,2602653.1630,573827343.0381,4535.6033,1999,0.003907,11.877254,49.312193,0.081794,-40.921557,15698050520,30683.93,511605,511605
1023,-5329064.0691,2816958.3106,2620197.7755,570986482.4237,4588.8963,1999,0.003903,11.935785,40.961605,0.081460,-40.720163,15714082556,30683.78,512130,512130
1024,-5527875.2646,2820112.6939,2681718.0338,588951919.9762,4553.3734,1999,0.003902,12.113036,42.233843,0.082922,-41.954755,15718417983,30684.51,512259,512259
1025,-5514253.9224,2867294.8590,2653959.9940,581110495.3594,4567.0488,1999,0.003904,12.085029,48.418378,0.083524,-41.455729,15711209379,30683.92,512034,512034
1026,-5436132.1657,2752076.4274,2631163.4118,578009377.4063,4552.1120,1999,0.003905,12.062190,44.839060,0.082270,-41.218663,15707168087,30684.12,511899,511899
1027,-5456565.9848,2857987.3529,2670163.7768,583472562.5611,4576.3313,1999,0.003903,12.049634,36.573058,0.082462,-41.575579,15715426793,30684.12,512168,512168
1028,-5429503.7180,2872604.2346,2641403.1665,575912842.6247,4586.4634,1999,0.003897,12.003467,37.853391,0.082521,-41.098845,15739821674,30684.01,512965,512965
1029,-5450623.3351,2544352.9670,2615265.4473,581541611.4853,4497.1252,1999,0.003907,11.974140,38.036926,0.081871,-41.454909,15698871491,30684.27,511626,511626
103,-5227950.0575,2874614.0573,2603523.1783,563478085.6063,4620.4515,1999,0.003905,11.793816,36.793188,0.081098,-40.176028,16221087041,31687.75,511904,511904
1030,-5400380.7306,2717669.7691,2625949.8970,577133486.3164,4549.9871,1999,0.003890,12.038898,40.524338,0.081774,-41.146627,15768878610,30683.95,513913,513913
1031,-5555807.7638,3010080.5828,2707129.4613,588708779.1428,4598.4187,1999,0.003906,12.116224,48.594459,0.083612,-41.970386,15702914222,30684.38,511756,511756
1032,-5459798.8254,2703465.2892,2647115.4869,582922186.2600,4541.1129,1999,0.003903,11.967885,37.249584,0.082156,-41.582777,15714215177,30684.28,512126,512126
1033,-5540903.2234,2830465.6662,2654300.9908,582677559.0574,4555.3513,1999,0.003903,12.215827,41.892864,0.083271,-41.585918,15714781538,30683.94,512150,512150
1034,-5469765.1375,2908887.0162,2680070.2450,584743401.9310,4583.3270,1999,0.003908,12.192662,39.731782,0.082857,-41.635548,15695772874,30684.39,511523,511523
1035,-5605049.1415,2831818.5413,2686993.3966,591531426.2596,4542.4356,1999,0.003906,12.267696,37.719655,0.083589,-42.161022,15702553448,30684.57,511741,511741
1036,-5432572.4319,2814507.8782,2641621.6848,577922733.1066,4570.8908,1999,0.003904,12.016971,39.243331,0.082347,-41.226988,15710432585,30684.02,512007,512007
1037,-5640156.4557,2858017.6360,2693311.1674,592722246.9983,4543.9684,1999,0.003903,12.334153,40.320766,0.083956,-42.261372,15716431138,30684.53,512194,512194
1038,-5560918.7817,2862829.4931,2672248.4753,586209538.7704,4558.5210,1999,0.003898,12.146475,38.311568,0.083452,-41.807495,15736130805,30684.17,512842,512842
1039,-5561190.4748,2635108.0410,2631575.0623,584889582.8040,4499.2681,1999,0.003904,12.252029,44.010499,0.082883,-41.714352,15713473886,30684.45,512099,512099
104,-5514364.1669,2716794.3769,2640897.2717,582752015.2155,4531.7686,1999,0.003910,12.130540,37.302360,0.082912,-41.580581,16200400436,31688.32,511242,511242
1040,-5449629.0236,2861504.1297,2658085.3625,581015087.9813,4574.8990,1999,0.003902,12.112927,36.652800,0.082426,-41.391177,15719708232,30684.10,512308,512308
1041,-5531583.8002,2947089.5018,2700686.5522,589035148.7148,4584.9328,1999,0.003905,12.177436,37.580801,0.083175,-41.961820,15708013813,30684.45,511921,511921
105,-5599577.9332,3214626.2735,2734152.1817,589374547.9519,4639.0741,1999,0.003899,12.279915,43.779450,0.084748,-42.014582,16244638887,31688.45,512636,512636
106,-5465412.2968,2779740.4352,2639634.9354,579950699.8819,4551.4816,1999,0.003903,12.080201,39.602157,0.082701,-41.338501,16230331791,31688.23,512188,512188
107,-5405393.9431,2681905.2668,2596223.3509,571431753.0292,4543.3656,1999,0.003899,12.025388,36.274214,0.081917,-40.821915,15730811375,30683.37,512682,512682
108,-5578569.3562,2974180.8658,2722647.2030,594239771.4742,4581.7317,1999,0.003905,12.212128,41.256439,0.083577,-42.301718,15708647930,30684.49,511941,511941
109,-5524334.7392,2731318.4654,2667355.0961,588582922.0672,4531.8255,1999,0.003912,12.169981,39.255925,0.082566,-41.931083,15677745239,30684.18,510939,510939
110,-5661549.2741,2910195.3100,2681417.4017,588435074.3536,4556.8620,1999,0.003904,12.298467,45.485329,0.084629,-42.039569,15710352844,30684.16,512002,512002
111,-5655254.4366,2815989.4883,2685773.4030,592595055.8008,4532.2238,1999,0.003907,12.205412,43.807306,0.084196,-42.274620,15698525844,30684.38,511613,511613
112,-5401175.5659,2696825.9015,2603538.8390,572975787.6740,4543.8898,1999,0.003913,11.959238,38.586303,0.082240,-40.885309,15677087314,30683.67,510926,510926
113,-5290126.2927,2778496.8143,2599462.6719,566860338.5702,4585.7198,1999,0.003902,11.822187,46.027612,0.081602,-40.443203,15718607125,30683.56,512281,512281
114,-5423294.2564,3062577.7579,2659820.3227,574172633.3190,4632.4401,1999,0.003905,12.100952,38.818337,0.083104,-40.956167,15707587746,30683.74,511919,511919
115,-5590825.1820,2861195.4529,2667997.8399,586034766.9555,4552.6272,1999,0.003899,12.242953,36.685680,0.083961,-41.812599,15732972635,30684.11,512740,512740
116,-5541875.4455,2594057.3864,2622402.3344,583743915.4873,4492.3849,1999,0.003911,12.125447,45.188585,0.082854,-41.630234,15683587007,30683.90,511134,511134
117,-5690400.8157,2904636.0859,2711007.5595,596081539.4198,4548.0482,1999,0.003912,12.373363,41.089274,0.084580,-42.511416,15681444232,30684.46,511055,511055
118,-5492955.4876,2728065.5296,2643113.7462,582527835.7992,4537.3175,1999,0.003907,12.155473,40.503626,0.082644,-41.543409,15698019799,30684.11,511601,511601
119,-5553036.0712,3021104.3457,2710568.0878,589201103.3811,4600.4124,1999,0.003904,12.214935,37.283193,0.083515,-41.989716,15710044814,30683.86,511997,511997
120,-5492525.6770,2776819.7261,2650969.0205,583162743.6968,4545.8477,1999,0.003911,12.125368,41.110115,0.082864,-41.552580,15682245988,30683.92,511090,511090
121,-5521068.7820,2772532.7551,2652127.6552,584018268.7198,4541.1724,1999,0.003902,12.145917,38.558098,0.083128,-41.636150,15718119243,30684.17,512255,512255
122,-5545857.7783,2797906.9896,2684161.6556,590424138.9890,4546.1584,1999,0.003903,12.090190,36.455466,0.082798,-42.067858,15713892242,30684.18,512117,512117
123,-5431839.6177,2840648.1844,2629027.3624,574422522.0644,4576.8180,1999,0.003902,12.124033,38.503342,0.082735,-41.002346,15719758431,30683.84,512314,512314
124,-5272232.4372,2668298.0449,2594270.9809,568996325.7154,4559.3809,1999,0.003900,11.759982,41.454341,0.080773,-40.555225,15728970628,30683.55,512619,512619
125,-5464891.9217,2963833.7010,2676970.1192,581752975.3074,4601.5581,1999,0.003904,12.040828,38.635179,0.082932,-41.471948,15711271063,30684.10,512033,512033
126,-5361942.9022,2914170.9445,2627545.5918,570346252.3789,4606.9306,1999,0.003907,11.992209,37.828810,0.082374,-40.694010,15701057995,30683.45,511711,511711
127,-5529692.2057,2988569.0912,2700008.6107,587400001.5207,4596.5417,1999,0.003900,12.130638,35.243653,0.083384,-41.866504,15728332677,30684.16,512588,512588
128,-5439348.5834,2894703.1854,2632798.5142,573583591.9349,4590.0869,1999,0.003900,12.119776,35.413331,0.083028,-40.960093,15727708927,30683.48,512579,512579
129,-5354275.0628,2750333.2520,2608370.0500,571301714.8453,4565.6612,1999,0.003899,11.903033,42.881948,0.081760,-40.747712,15732009055,30683.55,512718,512718
130,-5744917.1839,2865363.7009,2709799.7147,598287336.7752,4529.2614,1999,0.003901,12.445453,61.548410,0.084852,-42.681901,15722522544,30684.38,512395,512395
131,-5432496.3785,2786308.7107,2632627.9001,577020484.8665,4562.4514,1999,0.003908,12.024639,37.029149,0.082368,-41.162242,15696020806,30683.74,511542,511542
132,-5450381.7134,2785384.7946,2634722.1008,578339503.2349,4555.6668,1999,0.003904,12.045092,36.591011,0.082552,-41.228755,15713279385,30684.01,512100,512100
133,-5499146.7343,2934058.2421,2666614.0662,581265875.6511,4587.5978,1999,0.003904,12.104650,36.581414,0.083150,-41.461226,15710713484,30683.91,512018,512018
134,-5456379.7578,2935050.2922,2663454.0907,579654868.2137,4594.8964,1999,0.003898,12.099530,40.507512,0.082829,-41.329759,15734734943,30683.66,512805,512805
135,-5529416.8044,2800156.7552,2657013.3025,584603881.0962,4544.9806,1999,0.003902,12.094525,36.349737,0.083123,-41.662023,15719031970,30684.21,512284,512284
136,-5562429.1994,2920058.4922,2678412.8682,585821887.7366,4572.0601,1999,0.003904,12.216413,33.910210,0.083543,-41.775761,15709862164,30683.92,511990,511990
137,-5516579.2002,2853830.6488,2661392.5559,583260914.2447,4562.9537,1999,0.003901,12.196406,41.576185,0.083316,-41.587479,15722747674,30684.04,512408,512408
138,-5501558.9685,2910839.2731,2646466.8668,577910172.2598,4579.3741,1999,0.003900,12.115937,36.467549,0.083564,-41.239993,15725500174,30683.72,512503,512503
139,-5584334.3672,2795750.8197,2663724.3707,586694610.9126,4540.2230,1999,0.003901,12.240678,42.405937,0.083429,-41.870987,15721822508,30684.15,512376,512376
140,-5558272.0010,2792670.6685,2671253.7366,588430767.4988,4539.6228,1999,0.003901,12.163854,42.402395,0.083108,-41.927931,15722412729,30684.22,512394,512394
141,-5553095.5454,2769155.1219,2656849.1332,585983197.9897,4534.0022,1999,0.003905,12.197413,43.909720,0.083280,-41.771325,15706415398,30684.08,511875,511875
142,-5435550.8088,2760588.0946,2637733.2053,578725989.0978,4557.8275,1999,0.003908,12.057232,35.018176,0.082187,-41.288182,15694674285,30683.63,511500,511500
143,-5372818.8405,2786226.8071,2612446.2939,571320895.8343,4572.6426,1999,0.003908,11.979842,38.624695,0.081847,-40.765217,15696892781,30683.70,511571,511571
144,-5484859.6924,2787440.9258,2632151.7595,577612049.1016,4556.9544,1999,0.003913,12.136111,44.870505,0.082923,-41.258338,15674951703,30683.70,510856,510856
145,-5341910.1223,2648684.3365,2596277.4080,571449159.6598,4543.3218,1999,0.003902,11.824730,36.128489,0.081370,-40.761908,15718090530,30683.63,512263,512263
146,-5457332.1420,2814278.8480,2653165.5035,581261944.2953,4564.4920,1999,0.003900,12.041617,40.557866,0.082579,-41.434729,15727484140,30683.88,512565,512565
147,-5511957.0390,2956646.6187,2685861.7515,585047889.3639,4590.8409,1999,0.003905,12.186182,42.288430,0.083359,-41.702199,15706419770,30684.15,511874,511874
148,-5402654.8586,2786672.7682,2615533.5523,572738754.0551,4566.7131,1999,0.003895,12.028003,39.075494,0.082161,-40.868890,15747324892,30683.56,513217,513217
149,-5536769.0895,2905696.1445,2693603.8605,589143800.5919,4572.0652,1999,0.003902,12.183547,43.069319,0.083403,-41.962621,15718078703,30684.27,512252,512252
150,-5387212.4406,2705526.3878,2585843.8310,568438395.2249,4549.0309,1999,0.003901,12.078085,37.701065,0.082393,-40.597251,15723838685,30683.53,512452,512452
151,-5686116.6213,2888272.5254,2657343.3900,584962561.1761,4542.7581,1999,0.003904,12.414487,37.671789,0.085205,-41.804387,15713170818,30683.97,512097,512097
152,-5402233.3115,2827702.6965,2631466.4036,574741073.5713,4578.5251,1999,0.003906,12.013327,39.592175,0.082326,-41.002462,15703538015,30683.80,511786,511786
153,-5452985.7543,2715697.8113,2639992.1317,581306202.5913,4541.4828,1999,0.003904,12.008384,38.635946,0.082288,-41.446771,15712939398,30684.00,512089,512089
154,-5440090.6903,3036602.6772,2681457.1705,579787419.6659,4624.8971,1999,0.003899,12.036995,40.089766,0.083249,-41.335853,15731940067,30683.90,512710,512710
155,-5619802.0801,3222314.2747,2768361.7804,596647466.9725,4639.8618,1999,0.003909,12.319994,45.611063,0.084630,-42.503835,15692431473,30684.40,511414,511414
156,-5615776.7966,2925034.3082,2681183.0583,586921654.5044,4568.2129,1999,0.003902,12.356241,40.830267,0.084104,-41.911025,15719851305,30683.90,512316,512316
157,-5564602.6566,2982521.7769,2700374.3996,588133644.4327,4591.4299,1999,0.003900,12.156513,42.497695,0.083790,-41.952416,15725829909,30684.13,512507,512507
158,-5342521.7736,2843641.5801,2633283.2834,574075536.1349,4586.9979,1999,0.003900,11.920954,48.297320,0.081898,-40.876455,15727512712,30683.58,512571,512571
159,-5576950.9646,2872670.8266,2675879.3195,586358809.4044,4563.5527,1999,0.003908,12.233208,40.400276,0.083524,-41.867034,15695605663,30684.13,511522,511522
160,-5555249.2883,3153700.3165,2734401.2437,590092024.7076,4633.8556,1999,0.003906,12.150157,43.921275,0.084029,-42.051057,15704944071,30684.21,511825,511825
161,-5334318.7101,2840642.8035,2610144.9955,568370644.6199,4592.3290,1999,0.003907,11.848388,40.105016,0.082018,-40.547940,15697198222,30683.58,511583,511583
162,-5382688.8911,2830665.7875,2603284.4903,568041302.8902,4582.9141,1999,0.003903,12.035803,44.394142,0.082468,-40.573212,15713399200,30683.46,512113,512113
163,-5494504.2813,2728068.5774,2624752.9461,578398177.9872,4537.9689,1999,0.003906,12.140717,36.471385,0.083007,-41.298356,15705189947,30683.73,511841,511841
164,-5438640.2411,2552967.2547,2578996.5451,572437984.5358,4505.2855,1999,0.003905,11.989371,35.070747,0.082043,-40.914903,15707991073,30683.57,511935,511935
165,-5448384.4411,3031842.0052,2695033.5599,583345890.7900,4619.9581,1999,0.003909,12.116206,40.728689,0.082818,-41.546374,15690668430,30683.89,511365,511365
166,-5400540.6322,2805849.2842,2630183.1674,575797552.5979,4567.8957,1999,0.003905,11.970598,38.922224,0.082330,-41.025914,15706416078,30683.55,511884,511884
167,-5670577.0910,2946886.8156,2725777.3162,597261195.5405,4563.7944,1999,0.003906,12.330194,41.846044,0.084196,-42.586439,16219246188,31688.61,511832,511832
168,-5459812.5905,2889565.1418,2659785.6643,580362820.0187,4582.9705,1999,0.003909,12.056926,46.778608,0.083104,-41.379949,16205008292,31688.28,511388,511388
169,-5364716.4061,2927557.0275,2641762.3007,573105209.3285,4609.5590,1999,0.003906,11.978163,37.294955,0.082249,-40.863952,16216192013,31687.85,511748,511748
170,-5490730.5060,2745285.7280,2634296.2854,579962193.2872,4542.1862,1999,0.003904,12.085332,37.349740,0.082513,-41.383977,16226503933,31688.00,512071,512071
171,-5430462.8122,2801769.9849,2632020.2782,576577006.1242,4564.9068,1999,0.003902,12.038128,36.014329,0.082536,-41.118101,16235812821,31687.92,512366,512366
172,-5361270.5836,2529213.5955,2564554.6864,569061575.3483,4506.6383,1999,0.003905,11.927246,36.442310,0.081104,-40.604455,16222749067,31687.84,511955,511955
173,-5369653.3929,2784168.9213,2633760.9479,575884068.9501,4573.4221,1999,0.003904,11.994554,35.609020,0.081740,-41.053884,16225102415,31688.29,512022,512022
174,-5476511.8445,2865810.8053,2658086.0807,581326247.0574,4572.4515,1999,0.003901,12.111726,35.291649,0.083015,-41.436448,16237082825,31688.23,512401,512401
175,-5504415.8974,2918488.8847,2632646.4910,574194304.4782,4584.9401,1999,0.003902,12.261641,48.198447,0.083599,-41.039583,16234060706,31687.84,512312,512312
176,-5161941.4648,2659448.9422,2555822.3512,558538095.9870,4575.9141,1999,0.003902,11.737345,37.242620,0.080012,-39.826997,16231884296,31687.55,512248,512248
177,-5406633.5536,2786811.2690,2638065.4322,578033199.5766,4563.8649,1999,0.003906,11.999974,42.709659,0.082111,-41.183636,16215717066,31688.16,511728,511728
178,-5695818.7508,2812597.2746,2711567.9610,598976551.9724,4527.0019,1999,0.003902,12.320051,39.528152,0.084021,-42.714751,16234534191,31688.89,512310,512310
179,-5426757.9012,2719581.8917,2606852.4288,573361651.2578,4546.6111,1999,0.003905,12.052786,39.024023,0.082275,-40.933990,16221493822,31688.24,511909,511909
180,-5373531.6665,2609525.3382,2574109.4535,568666285.1978,4526.5730,1999,0.003897,11.946965,36.409041,0.081815,-40.602023,16252612594,31687.74,512899,512899
181,-5587569.7616,2830254.8018,2652597.4469,583114426.1428,4549.0170,1999,0.003904,12.272860,42.895696,0.083977,-41.658912,16226328723,31688.40,512059,512059
182,-5453833.2121,2753635.9088,2639391.5125,580415344.5388,4547.4186,1999,0.003900,12.061201,44.376416,0.082220,-41.362232,16243400712,31688.38,512598,512598
183,-5183603.1291,2635545.0736,2543799.9117,557618977.0387,4561.8962,1999,0.003897,11.744484,43.957101,0.080432,-39.756288,16254886007,31687.42,512976,512976
184,-5506449.5586,2817873.0690,2649796.1687,581441515.6112,4557.2875,1999,0.003910,12.150316,45.908210,0.083174,-41.482869,16200740151,31688.24,511254,511254
185,-5390562.4736,2694809.7475,2599575.0339,571922209.3294,4545.3298,1999,0.003902,12.022445,38.123020,0.082010,-40.812928,16232426835,31687.62,512264,512264
186,-5501876.1659,2869216.2368,2676385.6976,585859410.8299,4568.3071,1999,0.003910,12.177331,48.826822,0.082935,-41.730745,16200611529,31688.30,511249,511249
187,-5536345.6755,2861490.8335,2669262.2705,584941762.6161,4563.2958,1999,0.003908,12.114441,37.851019,0.083275,-41.718915,16210452570,31688.40,511558,511558
188,-5602697.3141,2843883.0832,2681019.3470,589481423.5407,4548.0981,1999,0.003915,12.253636,37.932151,0.083644,-42.048807,16178327153,31688.28,510546,510546
189,-5473486.9665,2979879.2063,2646796.1343,575012328.5289,4603.0250,1999,0.003908,12.119210,41.637248,0.083631,-41.048723,16209066908,31688.04,511520,511520
190,-5479081.5998,2651560.7667,2622037.6644,580008134.4521,4520.6912,1999,0.003901,12.035500,39.647565,0.082493,-41.382002,16238566757,31688.10,512450,512450
191,-5706974.1713,2833218.0674,2687097.1091,593626677.2880,4526.5774,1999,0.003902,12.402573,38.743106,0.084536,-42.364007,16232843297,31688.68,512260,512260
192,-5442876.4372,2903090.9953,2645521.6714,576715620.6527,4587.2204,1999,0.003903,12.054477,43.065679,0.082942,-41.122904,16229806584,31688.20,512172,512172
193,-5654978.2535,2940647.8477,2707693.7436,593297892.2893,4563.8014,1999,0.003904,12.413591,43.475441,0.084338,-42.322302,16226719649,31688.67,512067,512067
194,-5421605.1147,2769579.2785,2620526.4455,574662164.8081,4560.1165,1999,0.003909,11.987227,36.789301,0.082480,-41.008891,16203472174,31687.82,511347,511347
195,-5529273.7326,3158510.3792,2704297.1131,582887242.7989,4639.4858,1999,0.003905,12.281191,38.942842,0.083870,-41.578772,16223348746,31688.15,511969,511969
196,-5479597.3762,3052988.3817,2698913.7453,584828146.7489,4614.8835,1999,0.003903,12.130585,42.157446,0.083581,-41.621888,16228558518,31688.48,512128,512128
197,-5654060.7141,2881034.7459,2685180.9990,590038546.9111,4550.8569,1999,0.003907,12.391337,41.421035,0.084291,-42.134611,15698433007,30684.19,511613,511613
198,-5542758.1675,2773833.9758,2669025.2197,588114472.9450,4538.2750,1999,0.003908,12.161894,41.532008,0.083020,-41.904754,15695992774,30684.22,511533,511533
199,-5520673.5924,2729505.4561,2650085.7206,584816963.7872,4531.4789,1999,0.003902,12.132469,41.773644,0.083007,-41.693662,15719514789,30684.14,512301,512301
200,-5454101.8238,2766731.3889,2620280.6625,575492640.1969,4553.1089,1999,0.003911,12.066855,42.075162,0.082853,-41.078273,15683451108,30683.76,511132,511132
201,-5394650.7483,2904787.1296,2634676.9518,573032183.5706,4597.7818,1999,0.003906,12.008318,46.764435,0.082629,-40.874824,15704851998,30683.49,511834,511834
202,-5714756.9694,3056263.4388,2732974.8843,596274772.3787,4583.4152,1999,0.003905,12.390273,49.485994,0.085248,-42.552230,15709139459,30684.55,511956,511956
203,-5636017.2348,2843176.6169,2708714.4406,596439197.0539,4541.4762,1999,0.003902,12.265522,41.540409,0.083803,-42.494873,15720842044,30684.39,512340,512340
204,-5519428.5199,2767647.5102,2650656.2676,583906072.2890,4539.5251,1999,0.003901,12.169111,37.731282,0.082981,-41.621681,15723145242,30684.16,512419,512419
205,-5553534.7646,2950975.8787,2718871.2775,593202776.6122,4583.3758,1999,0.003899,12.167269,39.649019,0.083055,-42.245740,15730823613,30684.05,512671,512671
206,-5502206.0939,2785576.5935,2636552.1845,579484827.1166,4549.8209,1999,0.003903,12.107914,40.324709,0.083164,-41.358580,15716455138,30684.04,512203,512203
207,-5445961.9705,2720726.8384,2625000.3209,577779983.0048,4543.2524,1999,0.003901,11.963303,45.383486,0.082331,-41.217590,15724144063,30683.89,512456,512456
208,-5594860.5415,2677576.3626,2653776.1551,588380961.1667,4510.3026,1999,0.003900,12.210498,39.461510,0.083330,-41.996180,15726095850,30684.47,512510,512510
209,-5416270.0938,2648765.1222,2576569.8419,569095672.2608,4527.4810,1999,0.003903,12.064085,42.203248,0.082453,-40.644030,15716571523,30683.24,512220,512220
210,-5504939.3551,2855472.3155,2644933.7319,579058885.0124,4567.6421,1999,0.003904,12.220218,37.779869,0.083325,-41.337305,15710725654,30683.57,512024,512024
211,-5509556.9675,2711499.3435,2645704.0679,583830968.7810,4531.6268,1999,0.003904,12.025019,47.144182,0.082773,-41.647818,15710076698,30684.16,511993,511993
212,-5522057.0147,2789257.4901,2657363.2982,584797815.0970,4544.0719,1999,0.003910,12.179987,38.603584,0.082933,-41.673597,15685939143,30684.12,511207,511207
213,-5671537.6602,2949898.1342,2725806.5891,597113975.3838,4564.9687,1999,0.003895,12.338081,40.721908,0.084312,-42.583034,15747683980,30684.56,513212,513212
214,-5475502.5664,2651264.1588,2630133.9276,581716850.2452,4521.3301,1999,0.003905,12.154208,37.974898,0.082222,-41.487100,15706037464,30683.94,511865,511865
215,-5493313.4182,3081317.8317,2691671.5940,581725159.6824,4627.0503,1999,0.003908,12.163510,44.827912,0.083435,-41.491260,15693780949,30683.68,511470,511470
216,-5489309.8359,2777648.9459,2628441.3631,577658319.8307,4550.1662,1999,0.003903,12.110524,44.491811,0.083136,-41.238520,15715922632,30683.89,512188,512188
217,-5393004.9622,2797548.3656,2624042.3094,573715008.5339,4573.7732,1999,0.003909,12.021212,40.681285,0.082119,-40.943489,15690818540,30683.77,511372,511372
218,-5503917.1663,2829052.8556,2626484.3930,575473623.8292,4564.0396,1999,0.003902,12.183886,38.120342,0.083331,-41.135552,15719484896,30683.60,512309,512309
219,-5318388.2355,2767721.5925,2620507.5548,572710289.0084,4575.6251,1999,0.003903,11.908432,42.970739,0.081625,-40.807331,15716541176,30683.66,512212,512212
220,-5544111.0083,2889286.6865,2666360.0172,583457713.9702,4569.9285,1999,0.003895,12.222083,39.923371,0.083559,-41.639612,15745882862,30683.98,513163,513163
221,-5602388.8858,2870065.9317,2697060.0011,591851973.6695,4556.9840,1999,0.003895,12.245889,38.655356,0.083692,-42.212821,15747420995,30684.29,513208,513208
222,-5582877.8778,2745423.9025,2676340.7745,591920227.5234,4521.4552,1999,0.003897,12.232507,39.820195,0.083238,-42.144823,15741689986,30684.42,513019,513019
223,-5491959.4541,2872457.6098,2645547.2146,578510129.3791,4573.0353,1999,0.003905,12.121412,38.431232,0.083259,-41.283446,15708592025,30683.72,511952,511952
224,-5635027.2688,2734579.5333,2659316.3621,589006135.3075,4514.9213,1999,0.003900,12.256027,36.186659,0.083904,-42.039466,15726039622,30684.36,512510,512510
225,-5459743.6000,2759824.7111,2654808.4782,583038106.5779,4553.4047,1999,0.003909,11.963212,39.570562,0.082251,-41.572127,15692226093,30684.18,511411,511411
226,-5488684.2579,2860039.3577,2665325.3500,583648123.3132,4566.6648,1999,0.003900,12.052000,40.549498,0.083163,-41.573129,15727741198,30684.20,512568,512568
227,-5629369.7042,2585582.6035,2654835.6680,592670851.4362,4479.4436,1999,0.003898,12.286009,37.864209,0.083296,-42.266857,15734548617,30684.43,512786,512786
228,-5574302.5687,2983206.3173,2680216.6565,584377054.7932,4586.4509,1999,0.003907,12.274518,44.500603,0.084145,-41.698496,15700292120,30684.05,511676,511676
229,-5587010.6729,2715534.7403,2646481.7336,585480420.8265,4520.1883,1999,0.003903,12.221538,44.416270,0.083124,-41.802885,15713979318,30684.05,512122,512122
230,-5473123.9964,2666394.0420,2616355.4270,578069959.8893,4526.0187,1999,0.003905,12.102700,38.986986,0.082505,-41.264053,15708012993,30683.49,511937,511937
231,-5404508.0826,2886876.0189,2642748.9544,575247766.9990,4594.1055,1999,0.003899,11.982103,38.784363,0.082494,-41.040251,15730737721,30683.76,512673,512673
232,-5440429.2321,2962737.9827,2650971.9659,575831603.8398,4603.7278,1999,0.003909,12.081773,51.779275,0.083262,-41.073497,15692971989,30683.48,511447,511447
233,-5518936.9040,2918962.0725,2681857.4275,585334127.0517,4581.7548,1999,0.003904,12.108099,35.185530,0.083298,-41.739064,15711199529,30684.14,512030,512030
234,-5433464.5833,2731213.6676,2622826.1634,576564914.4431,4549.0561,1999,0.003904,12.021988,37.289498,0.082431,-41.142122,15710490601,30683.95,512010,512010
235,-5566461.3970,2891555.7633,2694369.3548,589669373.8403,4569.2883,1999,0.003903,12.176024,47.636261,0.083303,-42.060575,15717087931,30684.19,512221,512221
236,-5525283.4768,2872879.2840,2662774.5150,583390921.7922,4564.3057,1999,0.003900,12.154012,35.416700,0.083291,-41.585511,15727060046,30683.95,512550,512550
237,-5510862.0880,2637352.6518,2613275.6750,579395958.2072,4510.3450,1999,0.003905,12.108063,43.902182,0.082813,-41.356265,15707688769,30683.87,511920,511920
238,-5519218.6909,2989486.6584,2709256.3934,589724314.6727,4594.1066,1999,0.003908,12.137824,42.814607,0.083090,-41.969025,15697022260,30684.32,511565,511565
239,-5445908.1138,2650700.9817,2631906.2255,581656190.4325,4524.8486,1999,0.003902,11.933486,38.130068,0.081817,-41.452295,15721086836,30683.97,512355,512355
240,-5234632.7004,2583926.6828,2565720.1443,564934326.4001,4541.6255,1999,0.003901,11.717399,43.072662,0.080458,-40.260493,15724806528,30683.27,512488,512488
241,-5517504.5195,2801763.3942,2646234.8891,581502145.9496,4550.6881,1999,0.003907,12.185611,41.502254,0.083198,-41.488403,15700127206,30684.03,511671,511671
242,-5441344.5244,2843792.9921,2626556.6435,574273808.8490,4573.7009,1999,0.003904,12.094144,42.696551,0.082794,-40.982507,15709435583,30683.69,511980,511980
243,-5515783.3377,2839690.8961,2658199.0101,582435424.8523,4563.9377,1999,0.003905,12.128706,37.661992,0.083111,-41.571193,15707518052,30684.02,511912,511912
244,-5537505.4755,2851988.4994,2667250.8108,584665975.4649,4562.0079,1999,0.003906,12.160149,46.094391,0.083292,-41.712877,15705311162,30684.14,511838,511838
245,-5589263.5696,2953894.1725,2701057.1994,590405975.9080,4574.9151,1999,0.003905,12.210112,38.927472,0.083976,-42.070821,15709066667,30684.23,511959,511959
246,-5535146.7770,2822248.4292,2645649.8464,580807739.0535,4555.1215,1999,0.003905,12.033400,43.416117,0.083463,-41.472394,15709206094,30683.66,511973,511973
247,-5460046.2573,2754531.8580,2621881.8171,576207056.7265,4550.2425,1999,0.003904,12.103494,45.371363,0.082746,-41.134938,15709774640,30683.75,511990,511990
248,-5555874.3316,3119103.1531,2683935.4800,579961464.4747,4627.7824,1999,0.003903,12.209605,49.781981,0.084401,-41.435654,15714706384,30683.86,512149,512149
249,-5378739.3374,2826234.3380,2635058.9855,575557890.2368,4578.2692,1999,0.003898,11.924083,38.145984,0.082481,-41.009455,15733941282,30683.97,512774,512774
250,-5361298.3926,2639574.8771,2584777.0312,570219309.7755,4532.9525,1999,0.003907,11.972546,35.387951,0.081790,-40.664086,15699397901,30683.56,511655,511655
251,-5491847.6008,2919584.3756,2680581.1699,584660936.4893,4584.8474,1999,0.003910,12.031518,41.258887,0.082931,-41.664263,15685633104,30684.13,511197,511197
252,-5425793.6148,2753500.8816,2633722.1077,578510013.8033,4552.5955,1999,0.003906,12.033962,36.270474,0.082296,-41.230647,15702737030,30684.03,511756,511756
253,-5273783.0630,2734608.3858,2597681.3897,567740518.9492,4575.4730,1999,0.003902,11.863484,46.764989,0.081108,-40.472238,15720133642,30683.25,512336,512336
254,-5395189.5572,2972121.8698,2682759.1779,581288457.9407,4615.1943,1999,0.003908,12.055130,42.944444,0.082123,-41.390744,15694912527,30684.09,511500,511500
255,-5260120.6501,2833190.8763,2615415.1177,568145366.8800,4603.4259,1999,0.003905,11.773743,37.366657,0.081095,-40.484951,15705307559,30682.94,511858,511858
256,-5508433.5909,2855247.5650,2666016.0737,583951204.2218,4565.4775,1999,0.003905,12.112385,37.723001,0.083091,-41.631983,15707390914,30683.77,511912,511912
257,-5518917.4676,2821549.2343,2662670.9980,584576407.6957,4554.8725,1999,0.003897,12.099626,39.846703,0.083223,-41.675813,15737724071,30683.99,512897,512897
258,-5687592.9791,2973149.1836,2680608.3876,587055089.0026,4566.1956,1999,0.003907,12.505937,38.450571,0.085075,-41.953345,15699838641,30684.00,511662,511662
259,-5504927.9782,2853638.8268,2648673.2594,579890307.2907,4567.5419,1999,0.003903,12.097265,41.969138,0.083238,-41.390670,15713515909,30683.51,512116,512116
260,-5462303.8781,2920709.9399,2663044.0464,579864619.6008,4592.5272,1999,0.003902,12.122219,37.955986,0.082878,-41.363808,15721342624,30683.99,512363,512363
261,-5331238.6724,2669411.6558,2594241.6329,569902902.3352,4552.0765,1999,0.003896,11.864497,37.374702,0.081157,-40.669639,15741657032,30683.40,513035,513035
262,-5507107.8549,2840159.8602,2645056.1104,579691155.1409,4562.8713,1999,0.003909,12.160763,36.519114,0.083320,-41.373648,15691844980,30683.79,511405,511405
263,-5538732.4194,2699228.7722,2642053.7289,583911261.4147,4524.7521,1999,0.003902,12.179451,36.720755,0.083004,-41.680482,15721149533,30683.98,512357,512357
264,-5480607.6306,2749090.4391,2632164.2024,579216028.3384,4544.3566,1999,0.003907,12.092262,42.895591,0.082573,-41.326429,15699520597,30683.74,511656,511656
265,-5495697.1175,2615695.2555,2594304.3475,575590054.6438,4507.2084,1999,0.003901,12.111978,39.209799,0.082719,-41.110134,15724400551,30683.43,512472,512472
266,-5672566.1795,2592056.3546,2635912.9833,588996822.9197,4475.2584,1999,0.003906,12.328556,38.197951,0.083938,-42.080685,15701579940,30684.17,511716,511716
267,-5335477.9127,2726092.2084,2603453.1845,570944638.3115,4559.9048,1999,0.003900,11.915901,35.878841,0.081557,-40.690593,15728438158,30683.65,512600,512600
268,-5617898.6494,3053677.8153,2738535.5049,596000819.1798,4594.8519,1999,0.003904,12.264871,41.048875,0.084218,-42.436373,15710828944,30684.49,512012,512012
269,-5486804.9735,3003818.3679,2698002.6530,585830457.1546,4605.4325,1999,0.003905,12.165648,38.019143,0.083122,-41.721734,15707325374,30684.06,511905,511905
270,-5463246.2599,2664707.7534,2627748.3935,580694758.9252,4525.1801,1999,0.003908,12.001848,36.542312,0.082288,-41.403129,15693355795,30683.81,511454,511454
271,-5493014.9473,2806085.7869,2645543.2796,580688833.3423,4555.8708,1999,0.003906,12.094512,36.216747,0.083113,-41.421946,15703388930,30683.93,511779,511779
272,-5380356.2363,2724618.7097,2624509.5582,576201375.4246,4554.8478,1999,0.003909,11.970646,40.303829,0.081842,-41.071272,15692211165,30683.79,511417,511417
273,-5395221.5427,2697897.2754,2611107.4971,574579241.7298,4544.3819,1999,0.003912,11.925834,38.972569,0.081997,-40.972472,15679460547,30684.12,510996,510996
274,-5426001.1109,2774499.4443,2632486.2795,577213517.5532,4560.6802,1999,0.003909,11.992997,37.044423,0.082299,-41.169116,15693032114,30684.13,511438,511438
275,-5629100.3934,2779540.7906,2650278.4868,585833252.5302,4523.9468,1999,0.003901,12.350396,48.410001,0.084109,-41.812604,15724912479,30684.31,512474,512474
276,-5395858.9620,2604629.5716,2578921.7714,570420849.7082,4521.0861,1999,0.003901,11.933068,39.018245,0.081786,-40.723630,15723666130,30683.56,512446,512446
277,-5481407.6386,2692692.9166,2628623.3442,580743695.6215,4526.3054,1999,0.003899,12.056134,46.007243,0.082632,-41.397028,15731621930,30683.75,512702,512702
278,-5558216.3976,2858976.5884,2672671.2422,586509158.9317,4556.9131,1999,0.003901,12.162370,46.094266,0.083514,-41.813758,15724874761,30684.12,512476,512476
279,-5655467.4705,2933684.5503,2716218.1659,595396765.3727,4562.0304,1999,0.003907,12.323908,43.588314,0.084190,-42.451185,15698516352,30684.60,511609,511609
280,-5607124.7923,2881792.0709,2689360.4817,590504461.4726,4554.3441,1999,0.003902,12.255735,38.159523,0.084023,-42.095603,15718910660,30684.22,512280,512280
281,-5504559.2833,2805737.2763,2689830.0459,590646864.4910,4554.0410,1999,0.003901,12.065266,42.786222,0.082306,-42.044248,15722040326,30684.40,512379,512379
282,-5428422.1855,2798036.0768,2636462.3579,577436042.3266,4565.8084,1999,0.003905,12.084648,38.312303,0.082287,-41.182522,15707058161,30683.84,511900,511900
283,-5413235.4364,2765629.6444,2642744.9058,579185046.4774,4562.8680,1999,0.003907,11.944182,38.743881,0.081837,-41.301844,15697983647,30684.04,511601,511601
284,-5458368.8275,2826264.2739,2660785.2987,583142881.3095,4562.8359,1999,0.003905,12.081915,35.726603,0.082659,-41.518655,15709145976,30684.08,511964,511964
285,-5495289.6897,2745131.2382,2639969.4648,581493516.2670,4539.9809,1999,0.003901,12.036932,39.149872,0.082670,-41.471556,15724441308,30683.75,512468,512468
286,-5406493.3739,2899368.2866,2661464.6624,578851966.0652,4597.8330,1999,0.003911,11.993914,40.906528,0.082200,-41.271517,15683313552,30683.73,511128,511128
287,-5374634.0055,2697883.6284,2614883.1558,574804531.3377,4549.1693,1999,0.003901,11.976749,43.358634,0.081809,-40.983396,15724932553,30683.69,512485,512485
288,-5503344.1674,2920553.8726,2642471.0391,575959640.8096,4587.9448,1999,0.003905,12.157337,41.293184,0.083696,-41.169605,15706126145,30683.64,511873,511873
289,-5386332.3805,3009214.8916,2662414.1906,575247493.1001,4628.2934,1999,0.003905,11.929935,58.445061,0.082657,-41.024940,15707807185,30683.63,511928,511928
290,-5645915.8890,2897285.8223,2706771.1576,594514166.7845,4552.9128,1999,0.003901,12.282632,38.820863,0.084230,-42.379088,15722616881,30684.62,512394,512394
291,-5290561.6727,2676945.0664,2588306.0293,568261625.3977,4554.7788,1999,0.003907,11.783087,45.921516,0.080951,-40.490289,15699130572,30683.52,511647,511647
292,-5385239.1747,2595877.1094,2568024.7310,567677291.3769,4523.7405,1999,0.003910,11.940788,41.881848,0.081972,-40.570296,16200915888,31687.97,511264,511264
293,-5531743.0752,2884711.8615,2683150.8988,587078189.3403,4570.3468,1999,0.003900,12.100923,43.602159,0.083252,-41.850583,16244151240,31688.42,512621,512621
294,-5505130.0496,2827116.2759,2639843.3774,578757788.7119,4561.2231,1999,0.003907,12.263555,36.543817,0.083231,-41.325043,16212563600,31687.94,511632,511632
295,-5525631.3861,2926060.6145,2651663.1714,578352736.3462,4584.8545,1999,0.003904,12.224937,40.124661,0.083552,-41.326379,16223480673,31688.03,511975,511975
296,-5541760.1822,3032590.4050,2706736.2751,587906244.0451,4604.0271,1999,0.003904,12.249290,40.621561,0.083559,-41.892827,16226801562,31688.64,512070,512070
297,-5439240.0296,2741551.2843,2630654.0211,578154378.3826,4550.0892,1999,0.003897,12.008610,41.781340,0.082179,-41.239153,16254201518,31687.88,512947,512947
298,-5352696.9103,2811743.1137,2638520.6665,576245146.5800,4578.8163,1999,0.003904,11.934870,35.880317,0.081573,-41.030343,16227473568,31688.16,512099,512099
299,-5493463.4558,2824561.1638,2654939.4665,582104985.1826,4560.9289,1999,0.003906,12.147874,40.302414,0.082929,-41.511828,16218683919,31688.32,511819,511819
300,-5440865.4163,2840250.7149,2666084.4079,582969286.2405,4573.2845,1999,0.003905,12.037482,40.608014,0.082296,-41.525328,16220516904,31688.12,511880,511880
301,-5678832.9319,2802412.5538,2674797.7030,591041371.2239,4525.5676,1999,0.003908,12.350295,43.618422,0.084408,-42.201389,16207840573,31688.49,511474,511474
302,-5507142.7517,2770526.8363,2663222.8197,586080025.5897,4544.1283,1999,0.003903,12.036836,38.144886,0.082773,-41.761844,16230129580,31688.64,512175,512175
303,-5435110.7239,2776017.1940,2614295.6888,573648347.3873,4557.3141,1999,0.003901,12.039630,44.413768,0.082726,-40.937417,16236959579,31687.93,512402,512402
304,-5425608.2002,2897812.9285,2670276.1375,581755538.7647,4590.0313,1999,0.003904,12.014037,38.369963,0.082198,-41.434344,16224865535,31688.14,512017,512017
305,-5503166.9842,2733381.0462,2638957.6521,581849599.0760,4535.4636,1999,0.003902,12.087872,40.083066,0.082701,-41.497221,16235736374,31688.33,512357,512357
306,-5473740.8028,2822064.2269,2635522.2284,577830695.5634,4561.0630,1999,0.003904,12.057655,41.788712,0.082938,-41.212776,16227632833,31688.16,512104,512104
307,-5311592.4100,2752083.9398,2620796.7514,573113656.6748,4572.9093,1999,0.003902,11.874750,38.286778,0.081185,-40.826782,16233930606,31687.83,512308,512308
308,-5510873.4767,3097691.6699,2720720.5296,588517921.4401,4623.0037,1999,0.003899,12.272054,41.385603,0.083479,-41.887685,16244830826,31688.45,512642,512642
309,-5277981.0551,2384774.5407,2498807.8570,557425321.7912,4482.7670,1999,0.003904,11.695628,42.147496,0.080795,-39.833038,16224626715,31687.36,512022,512022
310,-5452762.4160,2876145.2051,2671567.3445,583585810.9428,4577.8484,1999,0.003903,11.963458,40.844212,0.082571,-41.551524,16228233428,31688.22,512122,512122
311,-5482373.8836,2885952.0629,2639614.4268,576685000.4276,4577.2205,1999,0.003903,12.131718,38.127788,0.083334,-41.157918,16228490476,31688.04,512133,512133
312,-5444474.0869,2824701.2300,2641106.9143,578191944.6612,4567.8722,1999,0.003902,12.022795,39.562744,0.082770,-41.226221,16233338096,31688.10,512285,512285
313,-5237168.2313,2705452.7747,2577439.6365,563805726.9426,4571.5031,1999,0.003901,11.813250,38.471240,0.080937,-40.180747,16239018497,31687.81,512469,512469
314,-5445937.9723,2756699.6859,2648727.9123,582236743.7420,4549.2284,1999,0.003905,11.969906,42.051614,0.082446,-41.468559,16221042089,31688.22,511895,511895
315,-5473468.2434,2591612.3410,2603779.1969,577909636.9876,4505.5127,1999,0.003900,12.036237,41.140888,0.082266,-41.245249,16241621796,31688.25,512544,512544
316,-5516201.8426,2891817.5561,2680706.1769,585892660.7709,4575.4220,1999,0.003900,12.078762,35.068422,0.082881,-41.770467,16241324618,31688.35,512533,512533
317,-5408618.7246,2883978.0351,2666386.9485,580810898.6222,4590.8005,1999,0.003905,12.054294,37.934491,0.082092,-41.375105,16223236355,31688.24,511964,511964
318,-5457811.8434,2788964.9269,2642326.7402,580204423.7407,4554.1306,1999,0.003899,12.124065,38.169343,0.082734,-41.340340,16246394815,31688.04,512698,512698
319,-5445280.2151,2745861.4053,2644456.9252,580458250.7908,4555.8090,1999,0.003901,12.041990,34.629753,0.081976,-41.429853,16238555679,31688.33,512446,512446
320,-5432223.7702,2644321.4638,2590159.3576,572673258.4107,4522.9270,1999,0.003904,12.037280,36.351486,0.082284,-40.869337,16223949310,31687.83,511993,511993
321,-5518297.7957,2987876.7132,2684312.8875,583931771.9808,4596.9632,1999,0.003906,12.221488,36.996375,0.083696,-41.632155,16217755684,31688.18,511792,511792
322,-5306389.3525,2656861.9514,2588505.1072,568912671.5241,4549.9164,1999,0.003907,11.796338,36.002670,0.081106,-40.568071,16212270836,31687.49,511630,511630
323,-5308892.6168,2761130.2664,2596943.6774,567901962.4289,4572.8732,1999,0.003904,11.897282,37.124333,0.081658,-40.479118,16226983918,31687.82,512089,512089
324,-5445401.5309,2748427.7234,2608157.1551,573303204.8143,4549.3504,1999,0.003902,12.039149,42.742808,0.082820,-40.931209,16232069894,31688.04,512246,512246
325,-5365866.6565,2903483.2899,2652661.2188,576577707.6175,4600.7003,1999,0.003909,11.902374,36.149675,0.082145,-41.063874,16206470904,31687.98,511439,511439
326,-5580161.8534,2922803.7664,2691493.5990,589174755.6891,4568.2432,1999,0.003902,12.284961,33.986478,0.083932,-41.985882,16235922156,31688.50,512360,512360
327,-5457299.2338,2982134.0510,2638362.4640,572896682.4290,4605.3024,1999,0.003902,12.166488,44.791031,0.083469,-40.894283,16232869485,31687.74,512276,512276
328,-5479571.3187,2791225.2286,2661202.4183,584980131.4660,4549.2185,1999,0.003904,12.034514,40.145495,0.082799,-41.637261,16227311901,31688.27,512092,512092
329,-5427801.7237,2908778.6089,2661926.1236,579924106.9765,4590.1284,1999,0.003908,12.023849,38.688243,0.082618,-41.304707,16210925938,31688.39,511573,511573
330,-5386342.9707,2807965.7456,2620013.0010,572894760.9458,4573.2885,1999,0.003905,12.088375,36.307504,0.082282,-40.852612,16220977460,31687.85,511899,511899
331,-5408140.0546,2734574.0223,2648077.6774,581585237.2569,4553.2065,1999,0.003906,11.998164,36.539833,0.081648,-41.427845,16217683427,31688.28,511788,511788
332,-5544642.8699,2767961.0671,2631838.6436,579906412.4543,4538.3851,1999,0.003906,12.233881,36.385205,0.083512,-41.416084,16215930886,31688.33,511732,511732
333,-5654457.8382,2829439.3413,2671422.7445,589709199.4855,4530.0680,1999,0.003911,12.378489,51.969561,0.084229,-42.052526,16196635217,31688.70,511117,511117
334,-5410535.8689,2798499.6177,2643027.8696,578547942.9479,4568.3818,1999,0.003911,12.013522,42.772284,0.082061,-41.233619,16198216440,31688.14,511176,511176
335,-5428414.5415,2735750.9082,2610054.8421,573982833.4094,4547.2699,1999,0.003902,11.918693,40.748976,0.082594,-40.948246,16232959218,31688.04,512274,512274
336,-5410998.7976,2699713.6144,2621411.2623,576668326.3076,4545.7868,1999,0.003913,11.977807,37.896467,0.081756,-41.140115,16187220840,31688.20,510828,510828
337,-5457022.2377,2898930.0993,2661570.3728,580282151.3116,4586.6832,1999,0.003900,11.930191,42.273906,0.082804,-41.377884,16242702599,31688.19,512579,512579
338,-5422994.1871,3056395.6949,2679320.3975,578224607.6163,4633.7018,1999,0.003905,12.081980,49.211506,0.082854,-41.231247,15709207893,30683.90,511969,511969
339,-5483905.7423,2998758.6113,2673584.6944,580173520.4967,4608.2501,1999,0.003901,12.077569,43.328938,0.083279,-41.394114,15723510941,30683.73,512438,512438
340,-5409976.5925,2810126.8757,2651465.7578,579788844.2699,4573.1576,1999,0.003901,12.072953,39.676379,0.081969,-41.324881,15723960316,30683.89,512450,512450
341,-5255411.5254,2406953.9299,2526000.2328,561989552.7147,4494.7459,1999,0.003905,11.760539,38.407572,0.080279,-40.115111,15708531556,30683.18,511959,511959
342,-5563581.5328,2835381.0122,2678504.0372,588169139.9410,4553.9690,1999,0.003904,12.123871,35.142342,0.083079,-41.951608,15713201235,30684.15,512095,512095
343,-5420271.1923,2687180.3047,2611019.2111,575396004.5729,4537.7778,1999,0.003902,11.993034,37.672980,0.082176,-41.043523,15719938196,30684.01,512317,512317
344,-5414946.3989,2691668.6474,2634447.6205,580043179.0586,4541.8129,1999,0.003898,12.000278,39.137982,0.081787,-41.342582,15734683148,30683.92,512799,512799
345,-5368512.2804,3013639.6027,2639273.0244,570516536.9041,4626.1113,1999,0.003905,12.011907,40.977602,0.082701,-40.664061,15707594243,30683.57,511922,511922
346,-5557757.1010,3024164.4554,2698152.5245,586883090.5115,4597.4276,1999,0.003901,12.171335,47.255691,0.084053,-41.826774,15724248375,30683.91,512459,512459
347,-5467298.5599,3052389.3933,2697927.4179,583487872.8764,4623.7935,1999,0.003906,12.069035,37.498432,0.083206,-41.582335,15702759019,30684.07,511756,511756
348,-5610832.5570,2969513.6388,2701686.7435,590400527.4225,4576.0236,1999,0.003907,12.293422,39.817042,0.084320,-42.093519,15701422608,30684.28,511709,511709
349,-5417965.9242,2674664.4632,2623438.2220,578242067.6587,4536.9204,1999,0.003895,12.007443,38.399861,0.081863,-41.233983,15747392660,30683.75,513216,513216
350,-5680962.3118,2922710.1631,2703789.4456,594325216.6238,4549.3433,1999,0.003907,12.341729,40.241422,0.084650,-42.359332,15698935977,30684.46,511625,511625
351,-5791072.6812,2876833.7742,2715360.1319,600275003.5996,4523.5269,1999,0.003900,12.567492,41.411507,0.085210,-42.830155,15727988583,30684.69,512568,512568
352,-5507649.4177,3022311.5254,2677508.3184,580282776.6661,4614.1440,1999,0.003908,12.147941,41.237666,0.083545,-41.447490,15693333808,30683.88,511452,511452
353,-5517982.1156,2552350.2959,2603055.2496,580644586.8918,4483.0440,1999,0.003904,12.023709,38.271266,0.082676,-41.404740,15713200677,30683.79,512101,512101
354,-5359670.9370,2658127.2558,2595982.8749,571994693.8752,4538.4737,1999,0.003902,11.924514,43.714646,0.081549,-40.775658,15720668097,30683.63,512347,512347
355,-5453407.6275,2732201.2096,2629672.4780,578728019.1389,4543.8831,1999,0.003903,12.009752,39.601559,0.082522,-41.274690,15715404017,30684.02,512169,512169
356,-5428592.2916,2904366.2557,2632529.7150,573216470.9849,4592.5577,1999,0.003903,12.102792,43.042973,0.082885,-40.914600,15715039637,30683.55,512165,512165
357,-5386360.2690,2799968.2707,2610473.5400,570921988.9879,4572.3822,1999,0.003897,11.924951,35.580337,0.082318,-40.741455,15740467607,30683.41,512996,512996
358,-5563681.6639,2770098.5739,2664192.8547,587361819.2329,4535.8632,1999,0.003909,12.170797,37.210206,0.083355,-41.889162,15689879036,30684.39,511331,511331
359,-5291446.0115,2649079.0674,2605307.6892,572546386.3263,4550.3871,1999,0.003901,11.793661,38.133542,0.080795,-40.783859,15722728111,30683.76,512412,512412
360,-5418278.6295,2732038.7546,2607279.3845,573425650.7625,4546.8482,1999,0.003902,12.024483,38.346534,0.082510,-40.899113,15717433930,30683.85,512238,512238
361,-5605542.2569,3096515.6518,2716321.3515,588824343.9590,4613.1268,1999,0.003904,12.322035,41.009742,0.084415,-42.022226,15711874022,30684.14,512052,512052
362,-5493427.7073,2839256.9258,2670505.1052,585113988.0124,4564.0767,1999,0.003912,12.096195,39.470919,0.082861,-41.694267,15677924786,30683.93,510949,510949
363,-5299198.5368,2871427.4852,2641101.3605,573748524.7036,4603.2386,1999,0.003906,11.831431,40.607050,0.081376,-40.836880,15701844902,30683.61,511734,511734
364,-5653501.7635,2862464.6272,2688648.7253,592031454.5148,4541.3951,1999,0.003900,12.265952,43.650572,0.084117,-42.216320,15728883244,30684.46,512601,512601
365,-5485838.1804,2702659.1900,2602530.6573,574456668.7760,4530.4212,1999,0.003900,12.103469,42.958400,0.083056,-41.028765,15728372758,30683.70,512597,512597
366,-5530228.7764,2774765.3233,2676660.5038,589391855.6652,4541.3938,1999,0.003905,12.131685,34.113625,0.082810,-41.982110,15706723104,30684.51,511878,511878
367,-5466518.7579,2862567.4804,2669360.3116,583549632.2426,4574.3501,1999,0.003899,12.073732,37.151701,0.082692,-41.578312,15730673805,30683.82,512670,512670
368,-5446659.9864,2819046.1709,2646099.7015,579166073.0074,4568.8099,1999,0.003912,12.029157,40.417869,0.082527,-41.307016,15680736102,30683.85,511042,511042
369,-5416668.5053,2846048.1238,2657738.8454,580461825.2548,4578.6626,1999,0.003896,12.062617,37.023606,0.082200,-41.349182,15741712830,30683.81,513030,513030
370,-5417795.8549,2676703.9507,2614911.8670,577111670.9631,4531.0327,1999,0.003900,11.996530,38.323497,0.082327,-41.114340,15729204490,30684.01,512619,512619
371,-5490232.0598,2816613.8832,2661048.8277,583528870.5688,4560.2694,1999,0.003905,12.078844,40.140971,0.082700,-41.602648,15705591966,30683.97,511850,511850
372,-5569810.1443,2811001.8606,2674386.9279,588859061.3915,4541.6418,1999,0.003904,12.164176,49.349372,0.083523,-41.959691,15713016176,30684.27,512087,512087
373,-5512926.9505,2841437.7165,2665515.1107,584630485.8783,4559.3160,1999,0.003899,12.117698,46.699710,0.083066,-41.661160,15730174812,30683.98,512651,512651
374,-5617651.3243,2741865.1316,2679624.1213,593264587.7961,4516.7438,1999,0.003903,12.151639,47.432861,0.083438,-42.266203,15714116043,30684.26,512123,512123
375,-5502965.1384,2892999.7808,2644403.0983,577621237.2045,4578.0919,1999,0.003907,12.215018,39.225843,0.083423,-41.247826,15700354214,30684.05,511678,511678
376,-5413806.8395,2852606.9978,2655293.8907,579771907.0259,4579.8940,1999,0.003907,11.984490,42.813415,0.082316,-41.298995,15700632841,30684.06,511687,511687
377,-5644311.4573,2672524.0885,2667824.3006,593275035.6159,4496.7749,1999,0.003904,12.218515,44.193809,0.083649,-42.297505,15711288922,30684.55,512026,512026
378,-5379947.0675,2722692.4161,2606628.3355,572295906.0021,4554.6863,1999,0.003909,12.034673,37.480556,0.081868,-40.830870,15689102317,30683.47,511321,511321
379,-5359682.1488,2925555.4032,2624408.2536,569308613.1277,4609.8165,1999,0.003900,12.052232,42.320908,0.082298,-40.621283,15725426007,30683.70,512501,512501
380,-5382747.9715,2889104.8264,2651176.3841,577131341.3938,4593.7141,1999,0.003898,11.955275,43.322611,0.082209,-41.106626,15733779810,30683.71,512773,512773
381,-5510791.6030,2781671.1353,2649786.5073,582382112.3006,4549.9105,1999,0.003901,12.128062,41.027352,0.083013,-41.565051,15725412557,30683.85,512498,512498
382,-5568578.1590,3084444.5833,2687773.9384,582584260.8191,4613.5368,1999,0.003898,12.237820,41.476079,0.084408,-41.585280,15736520465,30683.73,512862,512862
383,-5473327.2064,3021245.1452,2680627.1773,580390698.1548,4618.6598,1999,0.003905,12.145843,38.067495,0.083179,-41.421427,15706759506,30683.98,511888,511888
384,-5607614.2901,2886695.8410,2693451.5357,591481495.4820,4553.7376,1999,0.003905,12.244097,45.678246,0.083792,-42.140750,15706807690,30684.19,511886,511886
385,-5520865.7476,2859249.6580,2653410.0649,581047934.5896,4566.5941,1999,0.003898,12.183416,40.358132,0.083010,-41.474658,15735459976,30683.94,512824,512824
386,-5256655.2346,2941120.5562,2644471.3565,570993153.0949,4631.3539,1999,0.003906,11.793565,43.212547,0.081189,-40.655484,15701932496,30683.66,511736,511736
387,-5421179.9642,2720268.4468,2599441.1657,571692453.6285,4546.9223,1999,0.003908,12.022892,40.933976,0.082444,-40.821324,15695811559,30683.81,511534,511534
388,-5498450.0047,2736953.8069,2640588.7838,582375806.7203,4534.1663,1999,0.003903,12.000029,40.379015,0.082781,-41.505001,15714783171,30684.07,512148,512148
389,-5396180.2707,2786899.7920,2621273.2141,574053171.6820,4566.2551,1999,0.003902,12.047161,42.232999,0.082436,-40.935311,15718713200,30683.59,512284,512284
390,-5557621.2150,2854272.8313,2658292.5405,583639544.7034,4554.6820,1999,0.003912,12.172268,51.516257,0.083681,-41.627106,15678137125,30684.29,510950,510950
391,-5581024.9109,2861273.5683,2670370.2478,586720073.7830,4551.3531,1999,0.003905,12.241130,39.004878,0.084004,-41.826292,15708074988,30683.79,511934,511934
392,-5523745.0666,2729052.4300,2647232.4126,584314483.3892,4530.4925,1999,0.003908,12.097436,39.104232,0.082886,-41.661666,15695550103,30684.32,511517,511517
393,-5409374.6250,2575381.8523,2567447.8304,569336884.9019,4509.5407,1999,0.003900,11.943471,36.478621,0.082257,-40.653757,15726266369,30683.30,512535,512535
394,-5620293.7960,2842160.2660,2683231.0900,590507270.0415,4543.9425,1999,0.003902,12.210577,51.313816,0.083932,-42.118320,15718412413,30684.26,512263,512263
395,-5408912.0544,2746935.2049,2641608.3786,579981842.8317,4554.6398,1999,0.003900,12.039805,36.004827,0.081894,-41.315854,15725948499,30684.00,512513,512513
396,-5594811.7332,2999284.4817,2681807.0164,584712062.9094,4586.5430,1999,0.003904,12.261670,43.937520,0.084353,-41.729872,15712821541,30684.19,512082,512082
397,-5394090.3158,2634800.9050,2629070.7803,580544062.3732,4528.6326,1999,0.003906,11.888606,33.283823,0.081460,-41.343914,15701586348,30684.06,511718,511718
398,-5432090.2914,2798221.4934,2632989.5573,577087046.9824,4562.5518,1999,0.003905,12.069249,38.071030,0.082530,-41.143029,15707341974,30683.92,511908,511908
399,-5566280.4328,3136242.5110,2734811.7141,591134293.4413,4626.3797,1999,0.003904,12.267087,41.419304,0.083962,-42.113177,15712280647,30684.45,512060,512060
400,-5410038.7304,2743153.7496,2636207.5036,579016927.3333,4552.9023,1999,0.003901,11.962067,43.318790,0.082017,-41.252046,15722279998,30683.97,512394,512394
401,-5536339.5597,2537069.0291,2617482.5967,583918865.8025,4482.6135,1999,0.003895,12.112932,40.423362,0.082360,-41.667163,15747255574,30683.84,513210,513210
402,-5627719.0235,2910227.8990,2671739.6289,585937683.9583,4559.7675,1999,0.003904,12.368624,42.011115,0.084201,-41.837628,15710798237,30684.31,512014,512014
403,-5462890.0594,2863923.7570,2674336.7287,584219148.0472,4577.6259,1999,0.003907,12.025121,35.539343,0.082477,-41.634065,15700922443,30684.02,511697,511697
404,-5665153.1045,2868146.5479,2676480.4217,589201847.2690,4542.5527,1999,0.003904,12.347850,42.422531,0.084619,-42.064466,15710890912,30684.26,512018,512018
405,-5346771.1708,2785908.5949,2626343.1718,573810901.8104,4577.0186,1999,0.003908,11.905775,41.728842,0.081689,-40.904494,15694542401,30683.85,511492,511492
406,-5498897.2838,2747484.3733,2648038.6190,583194124.5203,4540.5784,1999,0.003898,12.103467,42.917555,0.082639,-41.584891,15735965805,30684.09,512838,512838
407,-5337528.7823,2751635.0686,2634875.2193,576701729.8168,4568.8700,1999,0.003905,11.975522,36.690225,0.081198,-41.071894,15707519712,30683.84,511915,511915
408,-5341257.9175,2679855.4056,2604928.6405,572161745.2795,4552.7837,1999,0.003909,11.913887,37.761820,0.081220,-40.814841,15692386685,30683.47,511428,511428
409,-5607577.3951,2839795.1057,2683614.1430,589980616.6514,4548.6480,1999,0.003906,12.253325,37.796909,0.083797,-42.101431,15704509231,30684.26,511810,511810
410,-5673325.0240,3025890.8673,2736235.3836,597213459.1983,4581.6707,1999,0.003910,12.347516,38.485218,0.084580,-42.574550,15685594422,30684.29,511193,511193
411,-5534444.2014,2838919.4659,2645617.6391,580289552.6538,4559.1337,1999,0.003908,12.224197,41.855937,0.083382,-41.438975,15696201970,30683.85,511546,511546
412,-5423657.1014,2739567.1094,2637947.0211,579836346.3195,4549.4682,1999,0.003898,11.893052,45.522536,0.082366,-41.313684,15735423670,30683.87,512824,512824
413,-5420706.8507,2962478.9660,2670313.1812,579698161.0756,4606.3855,1999,0.003898,12.025381,36.883459,0.082704,-41.295156,15736258043,30683.88,512851,512851
414,-5652051.7121,2862483.5677,2686244.7870,590720162.2131,4547.4066,1999,0.003907,12.308412,37.755519,0.084169,-42.180001,15697812875,30684.42,511589,511589
415,-5552771.5618,2872117.9061,2668009.7950,584520287.8569,4564.4434,1999,0.003899,12.184821,39.102577,0.083330,-41.713661,15733001017,30684.05,512742,512742
416,-5588786.2189,2889129.1879,2674495.0399,586591763.9912,4559.3805,1999,0.003904,12.260850,40.363498,0.083940,-41.841160,15710868775,30684.33,512016,512016
417,-5457647.3088,2946633.3740,2668095.8988,580471361.9103,4596.4299,1999,0.003910,12.214791,41.141377,0.082997,-41.372189,16202285047,31688.23,511303,511303
418,-5447952.6006,2728555.0985,2637984.2321,580401230.8502,4545.1045,1999,0.003906,12.066748,37.148020,0.082043,-41.382066,16215765064,31688.31,511727,511727
419,-5352020.0598,2652964.2677,2604531.3284,573934678.5810,4538.0275,1999,0.003902,11.858600,43.965220,0.081409,-40.885547,16235888071,31688.31,512362,512362
42,-5375421.7845,3028418.3372,2648624.4803,571448692.5944,4634.9296,1999,0.003903,12.022885,42.213455,0.082722,-40.776864,16230252888,31687.95,512190,512190
420,-5470245.0558,2828735.5776,2667741.0603,584618303.8158,4563.2185,1999,0.003902,12.033217,42.351264,0.082588,-41.629994,16234617102,31688.49,512319,512319
421,-5481636.5322,2997815.0287,2695748.4532,585596499.3492,4603.4231,1999,0.003903,12.100115,39.955971,0.083135,-41.692552,16231712527,31688.39,512229,512229
422,-5406535.7992,3087573.9882,2683435.5805,577920671.6070,4643.2594,1999,0.003904,12.048977,38.069520,0.082913,-41.191034,16226582377,31688.09,512072,512072
423,-5402020.7496,2619259.5771,2606791.6346,576407060.9893,4522.4839,1999,0.003904,11.999834,37.045918,0.081843,-41.086005,16226990915,31688.08,512085,512085
424,-5518366.8459,2673296.8020,2645065.9177,585448521.2152,4518.0162,1999,0.003902,12.023938,40.492551,0.082619,-41.732366,16234108287,31688.49,512303,512303
425,-5415621.6219,2742829.7720,2628892.6911,577386829.6938,4553.0874,1999,0.003905,12.050344,38.628699,0.082007,-41.164141,16219733629,31688.02,511857,511857
426,-5620657.9803,2984008.3122,2708321.7675,591619775.0979,4577.8080,1999,0.003901,12.269052,44.990496,0.084082,-42.172539,16236469207,31688.52,512377,512377
427,-5421750.5003,2789345.8477,2616095.1220,573128527.9820,4564.5872,1999,0.003910,12.030483,45.637726,0.082466,-40.908267,16201848430,31688.18,511290,511290
428,-5634991.0296,3133557.1767,2735750.5566,592791530.0669,4615.0298,1999,0.003904,12.311207,43.851221,0.084596,-42.269070,16226656807,31688.73,512064,512064
429,-5416642.1445,2659834.8174,2609869.8522,575852944.5831,4532.1811,1999,0.003903,12.074602,33.639068,0.082025,-41.076958,16231196222,31688.00,512219,512219
43,-5629501.3962,2905186.2565,2691265.7773,590088203.7520,4560.7856,1999,0.003908,12.385323,37.983897,0.084083,-42.117639,16209969305,31688.50,511541,511541
430,-5522632.7292,3039567.9770,2703815.3921,586581879.9943,4609.4424,1999,0.003900,12.207773,34.970061,0.083356,-41.799446,16240533093,31688.16,512511,512511
431,-5398434.9049,2751739.1849,2630943.8367,577113401.8232,4558.7987,1999,0.003902,11.998249,37.069422,0.081937,-41.139911,16232388714,31688.10,512255,512255
432,-5360216.4097,2812845.5723,2639942.1436,576655830.0417,4578.0204,1999,0.003895,11.978385,38.309817,0.081727,-41.063036,16261170040,31687.87,513167,513167
433,-5518926.4994,2884714.3299,2669618.8641,583914818.9891,4571.9320,1999,0.003903,12.229798,50.220156,0.083228,-41.641712,16230858893,31688.08,512207,512207
434,-5557563.4063,2908741.9262,2673112.9981,585025135.5806,4569.2276,1999,0.003900,12.135029,40.003762,0.083806,-41.718650,16242449915,31688.32,512569,512569
435,-5673207.3492,2891682.7214,2715704.1608,597066764.1809,4548.4095,1999,0.003906,12.385740,42.518585,0.084169,-42.566419,16217685705,31688.72,511781,511781
436,-5554856.5849,2742617.7330,2659536.6919,586336399.6880,4535.8547,1999,0.003905,12.167706,38.495134,0.083025,-41.862816,16221992141,31688.22,511925,511925
437,-5553888.5699,2786721.7198,2655162.0029,584977730.0537,4538.9113,1999,0.003908,12.202858,37.527721,0.083427,-41.712847,16208541858,31688.38,511498,511498
438,-5393422.1211,2881244.0338,2674788.1951,582619500.1707,4590.9692,1999,0.003902,11.949820,38.293786,0.081925,-41.465874,16234402627,31688.45,512313,512313
439,-5527813.4830,2786593.4390,2676114.7108,588720379.3946,4545.6465,1999,0.003895,12.086413,38.928314,0.082757,-41.946185,16264727893,31688.14,513275,513275
44,-5309764.4362,2819761.9036,2631540.8333,573137481.3742,4591.4653,1999,0.003901,11.823951,37.950130,0.081385,-40.832596,16236143871,31688.13,512373,512373
440,-5679169.3351,3028423.3946,2744324.6897,599047982.5189,4581.1434,1999,0.003900,12.295202,39.675830,0.084468,-42.689912,16242908889,31688.78,512576,512576
441,-5317987.4434,2662132.7106,2573841.2878,566019233.2079,4547.2682,1999,0.003904,11.926162,41.773765,0.081547,-40.382624,16223612811,31687.80,511983,511983
442,-5607065.7477,2846989.2358,2708401.3382,595391330.6904,4548.9432,1999,0.003905,12.140585,39.544127,0.083397,-42.423329,16221756800,31688.69,511910,511910
443,-5427478.2892,2880834.6275,2655365.5236,578999960.5295,4586.1238,1999,0.003901,12.056298,39.381459,0.082429,-41.269939,16239944079,31688.19,512492,512492
444,-5351078.0864,2775812.6194,2642795.0309,578079771.6657,4571.6788,1999,0.003898,11.884432,39.884347,0.081427,-41.155934,16252306968,31688.01,512885,512885
445,-5651954.9963,2993006.6706,2720531.2926,594698561.4804,4574.6391,1999,0.003902,12.254940,47.565670,0.084548,-42.384653,16235279868,31688.55,512339,512339
446,-5419298.2331,2773063.7008,2618716.1329,574119060.5225,4561.2771,1999,0.003905,12.038315,41.907331,0.082723,-40.974611,16219404655,31687.87,511849,511849
447,-5501851.7233,2701482.2689,2614974.0852,577102914.9758,4531.2093,1999,0.003905,12.161151,40.594324,0.082617,-41.231004,16219775394,31688.35,511853,511853
448,-5547475.7838,2818271.9975,2653384.9812,583135266.4577,4550.2050,1999,0.003906,12.169144,52.225997,0.083645,-41.614026,16217195491,31688.20,511774,511774
449,-5300532.6571,2890787.4809,2627895.0441,569903190.2079,4611.1253,1999,0.003906,11.867145,36.710800,0.081643,-40.619093,16218834294,31687.93,511830,511830
45,-5448515.0549,2844322.6938,2634714.3659,575923365.8303,4574.7655,1999,0.003903,12.073279,36.224960,0.082738,-41.107870,16229202954,31688.01,512156,512156
450,-5439598.5920,2918673.5696,2662912.4406,579572087.1085,4594.6182,1999,0.003913,11.978133,40.008456,0.082740,-41.321017,16188446750,31688.12,510868,510868
451,-5407597.7441,2921590.7901,2654238.3220,577314627.0390,4597.5595,1999,0.003904,12.004832,37.846294,0.082564,-41.133208,15710143456,30683.87,512000,512000
452,-5516158.2033,2745938.6216,2654334.8687,585495305.4988,4533.4862,1999,0.003900,12.133350,38.742895,0.082935,-41.710262,15728048836,30683.97,512582,512582
453,-5603841.4216,3001374.5475,2689453.4366,587053054.4188,4581.2783,1999,0.003908,12.325979,36.495865,0.084470,-41.848004,15694508065,30684.38,511482,511482
454,-5495373.0237,2846958.1143,2654734.7914,581146763.5061,4568.0970,1999,0.003900,12.108395,35.490675,0.083002,-41.468045,15728106180,30684.02,512583,512583
455,-5535265.8014,2947822.1392,2710210.1891,591107009.3684,4584.9739,1999,0.003902,12.154750,40.976352,0.083165,-42.098175,15717910115,30684.48,512243,512243
456,-5600920.0876,2832716.6686,2681259.5600,590193192.7091,4543.0201,1999,0.003899,12.245456,39.247911,0.083713,-42.071539,15732555740,30684.32,512723,512723
457,-5511662.8108,2713208.7178,2624263.5572,579538181.9166,4528.1979,1999,0.003907,12.116148,41.077974,0.083106,-41.354822,15699659452,30684.01,511656,511656
458,-5551195.4373,2742909.8139,2651348.0498,585011807.7694,4532.1274,1999,0.003904,12.175649,41.970410,0.083105,-41.743123,15711467996,30684.00,512041,512041
459,-5510270.5501,2791212.1479,2648323.2857,582265444.6999,4548.3092,1999,0.003907,12.133523,38.488214,0.083148,-41.523136,15700152081,30684.02,511672,511672
46,-5293342.9885,2731741.5604,2621308.4913,573110387.3115,4573.8283,1999,0.003914,11.802486,36.020648,0.081052,-40.840577,16183730386,31687.82,510724,510724
460,-5389152.8192,2766668.0577,2614108.0709,573216620.2830,4560.4192,1999,0.003904,11.985502,38.193412,0.082228,-40.863399,15710662542,30683.75,512019,512019
461,-5359837.7928,2828046.7286,2600998.1888,567349802.7905,4584.4701,1999,0.003903,11.995660,44.179752,0.082164,-40.499114,15713320854,30683.19,512115,512115
462,-5360205.6928,2768092.9661,2613345.2459,572011707.1660,4568.6919,1999,0.003901,11.935821,46.151178,0.081862,-40.790405,15722747936,30683.68,512414,512414
463,-5587283.2306,2931768.6585,2677275.5165,586204257.4888,4567.1376,1999,0.003910,12.236135,52.898006,0.084048,-41.790144,15688982176,30684.01,511308,511308
464,-5456055.8507,2831812.4262,2643141.8631,578738702.1562,4567.0729,1999,0.003896,12.149591,38.825351,0.082912,-41.261844,15743351384,30683.59,513087,513087
465,-5410685.5257,2912156.4339,2688935.2872,585786383.6043,4590.3001,1999,0.003904,12.003592,37.439656,0.082245,-41.631425,15711796851,30684.11,512050,512050
466,-5387009.9480,2925582.8211,2631169.2918,571510649.6818,4603.8850,1999,0.003906,12.107546,43.144285,0.082766,-40.772164,15704333162,30683.55,511816,511816
467,-5306245.8182,2777516.9828,2585193.8176,564766636.8048,4577.4549,1999,0.003906,11.963454,40.627478,0.081682,-40.279297,15704139530,30683.41,511812,511812
468,-5367073.7797,2740922.4828,2611494.1412,572545895.8722,4561.1962,1999,0.003902,11.943346,37.502482,0.081974,-40.834885,15717281368,30683.55,512238,512238
469,-5482294.3992,2700948.0281,2605786.4725,575108985.7117,4530.9438,1999,0.003902,12.152099,39.360328,0.082890,-41.070300,15719228513,30683.76,512298,512298
47,-5604346.0881,2615370.0501,2645951.7311,589038353.9485,4491.9855,1999,0.003898,12.210697,36.362713,0.083199,-42.034399,16249342060,31688.41,512785,512785
470,-5712451.5077,2837956.8719,2701512.6342,596409200.4724,4529.6294,1999,0.003905,12.322934,36.794543,0.084543,-42.561621,15706916457,30684.46,511885,511885
471,-5246235.6956,2824905.5266,2592867.6238,563132784.9444,4604.3628,1999,0.003904,11.843598,34.409548,0.081424,-40.168196,15710419215,30683.27,512019,512019
472,-5550158.9924,2743448.8274,2651969.0660,585416230.7138,4530.0573,1999,0.003904,12.157575,39.977002,0.083255,-41.749420,15710230636,30684.10,511999,511999
473,-5478249.3445,2688536.5925,2640324.9464,583160656.6984,4527.6116,1999,0.003901,12.081658,40.986502,0.082308,-41.556558,15723050895,30683.97,512419,512419
474,-5307868.6519,2832279.4369,2620489.3226,570233816.4523,4595.4646,1999,0.003904,11.890474,41.066601,0.081576,-40.652807,15712721464,30683.64,512088,512088
475,-5479122.5335,2800329.9904,2668048.0072,585578778.9494,4556.2580,1999,0.003897,12.001634,41.358124,0.082420,-41.710445,15738789973,30684.21,512928,512928
476,-5450706.2141,2908212.1767,2682163.6056,584379603.5930,4589.7625,1999,0.003907,12.074997,36.717625,0.082418,-41.626693,15700360664,30684.30,511674,511674
477,-5639004.7006,3043462.8127,2719951.5026,592338311.5010,4591.8885,1999,0.003904,12.357929,49.895896,0.084616,-42.248316,15709525898,30684.23,511974,511974
478,-5498088.3870,2725885.5318,2627467.4041,579395018.2563,4534.8464,1999,0.003897,12.208517,38.550138,0.082952,-41.347345,15737807764,30684.09,512898,512898
479,-5602096.2556,2685398.4975,2655052.3335,589102645.3079,4506.9435,1999,0.003901,12.263420,37.405433,0.083469,-42.014683,16240214281,31688.53,512495,512495
48,-5324322.6751,2875500.1853,2604444.2267,565734913.9226,4603.6477,1999,0.003909,11.917137,46.904780,0.082028,-40.381652,16203165394,31687.72,511339,511339
480,-5497909.5250,3059484.2384,2694445.2281,583011366.2068,4621.5998,1999,0.003908,12.179168,41.415726,0.083452,-41.581731,16207003199,31688.22,511452,511452
481,-5501959.2683,2768337.1109,2635440.7598,579798082.2267,4545.4458,1999,0.003899,12.166635,38.617987,0.083125,-41.378911,16248321063,31688.34,512754,512754
482,-5620134.4098,2830372.0710,2698778.6532,593957690.3345,4543.7220,1999,0.003907,12.215647,42.137115,0.083320,-42.350478,15701130516,30684.55,511695,511695
483,-5502231.3808,2783031.5081,2675542.2534,588463642.4653,4546.6569,1999,0.003911,12.081544,39.763681,0.082652,-41.894491,15684633448,30684.27,511162,511162
484,-5613354.1856,2975785.9634,2709849.1272,591442887.8357,4581.7596,1999,0.003905,12.329457,38.816551,0.083996,-42.192630,15709503457,30684.30,511972,511972
485,-5422458.7715,2768560.1819,2601306.4521,570851511.0124,4556.8881,1999,0.003901,12.112830,41.392275,0.082748,-40.751992,15724896527,30683.50,512487,512487
486,-5474568.1869,2812662.2173,2660811.1296,583119785.8104,4563.0610,1999,0.003912,12.157897,40.936590,0.082376,-41.576864,15680469054,30684.05,511030,511030
487,-5516667.9952,2630042.2958,2619628.9163,581565385.9629,4504.4443,1999,0.003901,12.096252,42.641812,0.082812,-41.470890,15723800910,30683.76,512447,512447
488,-5481712.2395,2847201.2126,2674262.6443,585417124.7004,4568.1319,1999,0.003909,12.013837,46.981011,0.082622,-41.703932,15691090414,30684.18,511374,511374
489,-5367415.3637,2948622.0499,2644037.7318,572919758.5836,4615.0228,1999,0.003905,12.028206,39.900319,0.082293,-40.856744,15707155649,30683.61,511907,511907
49,-5391971.9977,2599699.3935,2595034.4274,574259084.5436,4518.9262,1999,0.003904,11.943646,37.462054,0.081688,-40.944842,16226670887,31688.14,512074,512074
490,-5662780.1114,2964756.7642,2699212.9727,590838823.9431,4568.4421,1999,0.003905,12.336032,40.482733,0.084724,-42.174165,15707787198,30684.25,511917,511917
491,-5377453.3531,2965547.2091,2662155.4091,576485919.0969,4617.9019,1999,0.003904,12.018764,38.924836,0.082227,-41.088521,15710737044,30683.77,512021,512021
492,-5611867.7524,2753638.5343,2670032.6094,589964026.9939,4525.7549,1999,0.003906,12.246326,43.329281,0.083496,-42.099789,15704708592,30684.47,511813,511813
493,-5611727.9538,2948009.8682,2700123.9934,590346786.8428,4573.7930,1999,0.003902,12.249181,40.762970,0.084012,-42.116086,15720012519,30684.39,512313,512313
494,-5610422.6868,3096036.5206,2767243.2070,600651107.0054,4607.0725,1999,0.003902,12.250248,35.583738,0.083789,-42.724056,15719186613,30684.64,512282,512282
495,-5548367.3091,2755565.9587,2665486.1293,588454273.2247,4529.6402,1999,0.003906,12.146189,40.788188,0.083107,-41.907655,15702477999,30684.30,511743,511743
496,-5568676.6070,2924857.6854,2708149.7629,591997336.4189,4574.5979,1999,0.003903,12.196669,36.352075,0.083430,-42.184967,15715586616,30684.20,512172,512172
497,-5424360.2430,2733927.4275,2629321.7751,578278507.9729,4546.8087,1999,0.003905,11.968807,39.480694,0.082210,-41.207662,15708992795,30683.96,511961,511961
498,-5498085.6590,2674329.1200,2611252.4007,577118563.8723,4524.6377,1999,0.003902,12.114117,37.825581,0.082728,-41.227300,15720731821,30683.82,512346,512346
499,-5469626.5967,2686096.1114,2609354.0107,576468162.4278,4526.4495,1999,0.003902,12.030227,40.324063,0.082643,-41.123838,15720754796,30683.68,512349,512349
50,-5368897.5987,2760614.1782,2592785.3846,567716895.6391,4567.0393,1999,0.003908,11.950287,38.161131,0.082215,-40.544865,16207615084,31687.68,511480,511480
500,-5495077.8214,2791470.7906,2645689.0783,581166776.3682,4552.3750,1999,0.003903,12.161465,39.386959,0.082807,-41.455352,15715367938,30684.13,512166,512166
501,-5488643.4201,2869865.8623,2664606.9496,582321957.6535,4575.8311,1999,0.003908,12.066961,39.494813,0.082683,-41.540535,15693458029,30684.25,511450,511450
502,-5565397.3551,2875735.2650,2682876.5957,588502195.1796,4558.8217,1999,0.003897,12.174002,42.194707,0.083641,-41.935152,15740773716,30684.31,512991,512991
503,-5451576.8312,2879095.9770,2648893.1470,577994530.6755,4582.9035,1999,0.003899,12.055372,42.398126,0.082746,-41.233975,15730258006,30683.61,512660,512660
504,-5426623.9985,2712258.6251,2643587.8387,581951616.5767,4542.6248,1999,0.003900,11.995156,39.616237,0.081872,-41.449498,15726868004,30684.18,512540,512540
505,-5551481.5924,2987089.9745,2716773.7360,591714964.0266,4591.3555,1999,0.003898,12.141372,39.543039,0.083335,-42.140517,15736110786,30684.55,512835,512835
506,-5324237.6124,2680277.3047,2607752.3350,572801930.3542,4552.6249,1999,0.003903,11.845691,39.965128,0.081131,-40.818016,15715148254,30683.88,512163,512163
507,-5520935.2867,2808183.3780,2676197.5661,587564407.2573,4554.7306,1999,0.003902,12.069921,40.689452,0.082770,-41.889159,15718976094,30684.28,512281,512281
508,-5419137.1424,3027234.7586,2657460.6827,574350843.7471,4626.8944,1999,0.003902,12.093427,48.329644,0.083119,-40.985296,15717457502,30683.78,512240,512240
509,-5439377.3387,2687793.8396,2617506.8053,577656613.6549,4531.2505,1999,0.003907,12.106927,45.054120,0.082257,-41.169294,15698382483,30684.16,511612,511612
51,-5621051.0574,2967794.7324,2723375.4511,595505660.6449,4573.2151,1999,0.003899,12.195169,41.406597,0.084135,-42.410038,16248101866,31688.65,512742,512742
510,-5167722.8305,2622222.0848,2528019.8276,554033313.6190,4562.9383,1999,0.003905,11.753593,37.723810,0.080318,-39.536067,15708542546,30682.96,511963,511963
511,-5617037.4407,2850354.2179,2697695.0271,593649401.9382,4544.2563,1999,0.003903,12.244291,39.823449,0.083878,-42.293912,15716765614,30684.40,512207,512207
512,-5389874.6310,2814834.6207,2636051.9090,576227215.8462,4574.6744,1999,0.003911,11.982712,36.773071,0.082001,-41.065586,15683560931,30683.73,511136,511136
513,-5402357.5202,2675809.8677,2577773.0886,567429544.9062,4542.8954,1999,0.003903,11.935058,40.265662,0.082332,-40.576919,15713902173,30683.36,512131,512131
514,-5467911.0406,2862421.3961,2643745.9484,578142947.2918,4572.8240,1999,0.003907,12.084865,39.705587,0.083016,-41.232226,15699731750,30683.97,511659,511659
515,-5447843.2718,2734032.5490,2620935.5793,576842389.7817,4543.5905,1999,0.003905,12.045882,40.925082,0.082620,-41.139673,15709011912,30683.82,511964,511964
516,-5585836.7955,2780720.9521,2683014.2908,591683617.6046,4534.5421,1999,0.003905,12.236549,40.362053,0.083295,-42.168019,15708624398,30684.44,511941,511941
517,-5474984.2125,2905131.4393,2689193.9172,586632442.2394,4584.1207,1999,0.003909,12.003545,36.574057,0.082520,-41.775102,15693138213,30684.34,511438,511438
518,-5503276.1924,2929036.6183,2700990.1347,588723986.6450,4587.8717,1999,0.003902,12.182844,49.402815,0.082957,-41.946705,15717944619,30684.37,512246,512246
519,-5595242.1213,2854557.1032,2679550.3057,588379781.9934,4554.1169,1999,0.003910,12.238980,36.971669,0.083745,-41.991789,15685446578,30684.24,511189,511189
52,-5532508.6054,2927093.4170,2681031.7205,585683360.7179,4577.6129,1999,0.003906,12.143605,45.521882,0.083382,-41.739437,16218264436,31688.55,511802,511802
520,-5545397.2772,2600367.3736,2631657.1176,585308282.0351,4496.1898,1999,0.003901,12.134330,39.078073,0.082528,-41.751043,15725164275,30684.21,512484,512484
521,-5367389.9058,2553271.9990,2603125.1247,576658718.3015,4514.1520,1999,0.003907,11.889586,37.993550,0.081209,-41.099874,15698255590,30684.03,511610,511610
522,-5432510.3020,3105855.4275,2674155.4100,575752782.6684,4644.6244,1999,0.003905,12.095467,46.916438,0.083318,-41.080802,15708649447,30683.65,511955,511955
523,-5548701.8635,2947428.6289,2676467.9026,584254407.6592,4580.9974,1999,0.003907,12.176576,37.096661,0.083815,-41.668348,15698090142,30683.88,511607,511607
524,-5611696.7455,2804071.6059,2641158.9392,582197039.0588,4536.5379,1999,0.003906,12.269941,42.569622,0.083962,-41.602964,15701753618,30684.21,511721,511721
525,-5432022.2510,2603743.5100,2608767.1400,578185200.1862,4511.9922,1999,0.003908,11.998067,40.347569,0.081981,-41.206575,15693414270,30684.04,511452,511452
526,-5537039.0604,3025237.5723,2727874.5756,592180958.0293,4606.4882,1999,0.003902,12.156100,35.390489,0.083160,-42.183556,15718733530,30684.53,512269,512269
527,-5455777.5489,2676322.7639,2620897.1250,578068347.3275,4533.8880,1999,0.003913,12.087450,38.803782,0.082095,-41.270249,15676145348,30683.99,510890,510890
528,-5604292.1485,2899849.7092,2714728.0177,595397120.0038,4559.5249,1999,0.003900,12.274318,37.751616,0.083533,-42.396024,15727980577,30684.55,512570,512570
529,-5526372.4901,2957015.9257,2660558.0306,579391487.0532,4591.9867,1999,0.003905,12.259378,42.968379,0.083740,-41.386480,15708007883,30683.84,511931,511931
53,-5445711.2707,2741693.8903,2633701.4235,578784183.2609,4550.4032,1999,0.003908,12.008960,40.746402,0.082108,-41.290605,16207693868,31688.08,511476,511476
530,-5482664.6228,2788233.8476,2622314.3656,575922437.3368,4553.2422,1999,0.003902,12.111267,35.471298,0.082898,-41.118784,15720034805,30683.72,512325,512325
531,-5636897.7865,2951132.8468,2724276.8871,596878410.9198,4564.2074,1999,0.003899,12.246314,39.803356,0.084160,-42.489334,15733101853,30684.49,512738,512738
532,-5472562.7428,2916802.1221,2688548.6330,585643693.5502,4590.7583,1999,0.003906,12.111676,36.714789,0.082628,-41.738657,15704338053,30684.16,511806,511806
533,-5435284.2036,2779704.7250,2618051.7892,573979486.8679,4561.2288,1999,0.003914,12.063815,41.676253,0.082256,-40.980315,15671530694,30683.91,510741,510741
534,-5550339.5857,2781529.9146,2667208.4204,587233229.5918,4541.9916,1999,0.003909,12.132755,38.504624,0.083244,-41.881416,15691198261,30684.21,511377,511377
535,-5615167.9334,3056590.0821,2714153.8010,589677783.4857,4602.7744,1999,0.003911,12.339188,37.678449,0.084242,-42.092347,15684454787,30684.34,511155,511155
536,-5477532.6480,2651202.1046,2581431.3524,570830238.4282,4522.2400,1999,0.003905,12.162364,44.884918,0.082736,-40.826819,15707828774,30683.73,511927,511927
537,-5432856.0186,2723563.2105,2634587.0205,579799928.3124,4543.9589,1999,0.003902,12.016648,41.477762,0.081986,-41.315412,15721236094,30684.14,512357,512357
538,-5424558.6897,2876886.7524,2652676.8245,578232653.7404,4587.5597,1999,0.003900,12.092940,42.395401,0.082538,-41.235359,15727096838,30683.73,512555,512555
539,-5461908.2589,2716020.6259,2613580.1267,576210282.3690,4535.8096,1999,0.003905,12.095442,36.388069,0.082759,-41.106608,15707877273,30683.64,511930,511930
54,-5670602.0551,2854849.6034,2695522.0448,593956823.8693,4538.2458,1999,0.003906,12.386714,37.447713,0.084399,-42.362403,16217273037,31688.60,511770,511770
540,-5626363.1893,2954230.2054,2685429.1553,587363930.6055,4572.0022,1999,0.003906,12.331162,45.023621,0.084298,-41.932449,15705302928,30684.31,511835,511835
541,-5544614.8215,2811982.7524,2677157.7476,588572781.6429,4548.5585,1999,0.003908,12.079485,36.143339,0.083125,-41.942692,15695165805,30684.23,511506,511506
542,-5446297.9589,2691873.6597,2623501.7914,577942887.9808,4539.3790,1999,0.003902,11.986797,44.611985,0.082199,-41.255469,16233184305,31688.11,512280,512280
543,-5634585.0993,2872582.1723,2673814.2006,587781886.5599,4548.9905,1999,0.003905,12.338329,38.778496,0.084247,-41.956663,16221389274,31688.34,511904,511904
544,-5551042.5893,2877497.5029,2672196.3536,585438812.9032,4564.4332,1999,0.003902,12.193582,47.818855,0.083597,-41.755986,16235683691,31688.22,512357,512357
545,-5401977.0304,2773828.4177,2617980.6953,573786610.5580,4562.6382,1999,0.003906,11.973386,47.393125,0.082415,-40.929583,16218763235,31687.98,511827,511827
546,-5526477.1007,2958813.7427,2665449.7604,580767552.6787,4589.5294,1999,0.003902,12.178564,48.544232,0.083776,-41.449887,16232844123,31688.06,512270,512270
547,-5531210.2878,2714081.1255,2651877.3197,585790061.2276,4527.0098,1999,0.003908,12.130671,33.475790,0.082911,-41.770858,16208372009,31688.17,511496,511496
548,-5556082.1939,2936226.1454,2720685.6901,594036147.4731,4580.0002,1999,0.003897,12.061776,37.834374,0.083145,-42.305305,16256112586,31688.64,512995,512995
549,-5456555.5817,2882136.9488,2662428.7544,581266243.5921,4580.3946,1999,0.003905,12.059924,38.322028,0.082710,-41.422815,16219920439,31688.32,511858,511858
55,-5542387.3978,2944342.0827,2668884.3105,582115517.9102,4584.8019,1999,0.003901,12.187001,40.257092,0.083724,-41.559319,16236879827,31688.15,512396,512396
550,-5322792.3979,2712529.0326,2605091.1403,571559753.7913,4557.8632,1999,0.003906,11.898223,39.937312,0.081339,-40.715844,16217529541,31687.74,511792,511792
551,-5651135.2637,2995974.6898,2704994.7974,590508065.4209,4580.7923,1999,0.003902,12.327111,48.413965,0.084385,-42.164272,16233678142,31688.58,512288,512288
552,-5476971.7761,2929500.5236,2673703.5240,582823294.3191,4587.5029,1999,0.003901,12.134722,40.655820,0.082824,-41.520724,16239325231,31688.47,512468,512468
553,-5661724.1049,2700616.6117,2662611.5354,591662535.0335,4500.2199,1999,0.003914,12.311275,36.549715,0.083918,-42.207166,16183293438,31688.70,510696,510696
554,-5384263.6597,2848882.7080,2635530.4276,574570777.1956,4586.9552,1999,0.003906,12.001599,38.042522,0.082131,-40.977880,16217162142,31687.95,511777,511777
555,-5526855.1807,2832224.4580,2668861.9763,585864098.6439,4555.4284,1999,0.003903,12.109669,35.422643,0.083204,-41.753745,16231763215,31688.18,512234,512234
556,-5616771.0995,2815230.2785,2682795.7395,591127834.7906,4538.4358,1999,0.003903,12.230942,38.824753,0.083776,-42.159797,16230953058,31688.70,512200,512200
557,-5604074.8276,2993608.7874,2712510.5560,591401981.2172,4586.5767,1999,0.003910,12.279220,41.836825,0.084295,-42.177580,16201960764,31688.58,511287,511287
558,-5469370.2842,2907220.3059,2674023.3303,583522303.5044,4582.5555,1999,0.003904,12.067770,49.065906,0.082953,-41.555938,16226394969,31688.22,512064,512064
559,-5644038.1390,2904684.8425,2698403.4234,592472350.0457,4554.4799,1999,0.003898,12.255853,37.797204,0.084457,-42.246782,16251333722,31688.53,512846,512846
56,-5664190.3131,2946438.1363,2695358.5738,589967069.0932,4568.6594,1999,0.003903,12.353646,42.855984,0.084445,-42.158413,16230466008,31688.56,512187,512187
560,-5342556.5116,2807697.7230,2642138.9852,577163832.0545,4577.7972,1999,0.003897,11.964545,40.030393,0.081586,-41.067778,16256650507,31688.08,513021,513021
561,-5491157.7556,2775987.4998,2664010.8757,585480541.0059,4550.1271,1999,0.003903,12.043732,41.770660,0.082509,-41.727946,16230994226,31688.35,512207,512207
562,-5567717.3603,2757902.4177,2659676.9360,586825358.5203,4532.3143,1999,0.003906,12.205746,38.280390,0.083268,-41.862400,16218282847,31688.09,511810,511810
563,-5582744.2511,3028931.9326,2709971.4118,589532646.7056,4596.8131,1999,0.003906,12.206437,38.365373,0.084023,-42.027199,16218714637,31688.69,511814,511814
564,-5431884.9840,2741156.3468,2631048.8551,578443474.6041,4548.4978,1999,0.003907,12.072434,43.322328,0.082180,-41.231591,16213487531,31688.07,511659,511659
565,-5550714.7893,2770334.0139,2660560.6973,586616222.6568,4535.4366,1999,0.003899,12.153533,41.381736,0.083183,-41.814010,16247983052,31688.05,512748,512748
566,-5553042.2205,2934243.1511,2705134.8303,590768085.0410,4579.0132,1999,0.003908,12.212001,36.406030,0.083443,-42.093013,16210349962,31688.26,511557,511557
567,-5462078.6110,2835954.9008,2643136.7073,578466700.8246,4569.2115,1999,0.003903,12.136789,37.836716,0.082761,-41.265145,16231157395,31688.17,512215,512215
568,-5724471.4102,3063911.5338,2764216.5714,603213357.3598,4582.4857,1999,0.003902,12.366495,41.589208,0.084786,-42.979947,16234393992,31688.74,512308,512308
569,-5459692.5417,2874164.9318,2664400.6636,581788324.2403,4579.6737,1999,0.003903,11.990866,40.487985,0.082898,-41.473051,16230938134,31688.05,512210,512210
57,-5554112.2418,2808060.8001,2664846.9594,586020121.3328,4547.3643,1999,0.003898,12.170890,39.165996,0.083470,-41.804017,16248822337,31688.57,512766,512766
570,-5524538.6855,2583226.2706,2617719.2743,582558588.5420,4493.4867,1999,0.003903,12.048973,41.033567,0.082722,-41.557206,16230873629,31688.36,512203,512203
571,-5483083.5596,2812215.9385,2657494.7569,582975539.8722,4558.5013,1999,0.003906,12.178500,40.371892,0.082645,-41.550731,16217660043,31688.36,511786,511786
572,-5657828.4173,2965416.2338,2721325.8107,595222428.3138,4571.9477,1999,0.003911,12.324036,36.296405,0.084051,-42.460737,16195550630,31688.57,511085,511085
573,-5540817.3192,2675204.3807,2611272.7567,578533573.4538,4513.6063,1999,0.003901,12.196737,44.742989,0.083362,-41.314493,16236372332,31688.08,512381,512381
574,-5528368.2919,2814382.6241,2671530.4441,586838731.0108,4552.4099,1999,0.003903,12.146694,38.076278,0.082967,-41.829850,16231710622,31688.32,512230,512230
575,-5266522.2786,2741358.5300,2606042.0682,569592144.0624,4575.2774,1999,0.003905,11.787260,38.248871,0.080928,-40.554743,16221901127,31687.86,511928,511928
576,-5594898.8958,2857657.2594,2681910.5523,588866116.3219,4554.3638,1999,0.003909,12.294120,36.695853,0.083737,-42.016591,16205472727,31688.45,511400,511400
577,-5392916.1075,2755755.6435,2635322.0587,577842974.5369,4560.6197,1999,0.003901,11.948895,41.241339,0.081821,-41.180393,16235979240,31687.81,512373,512373
578,-5430196.5213,2786441.9082,2634990.3648,578002824.2007,4558.7846,1999,0.003901,12.056658,38.888814,0.082469,-41.189753,16239919812,31687.77,512498,512498
579,-5521545.8342,3036376.2101,2698653.7770,585345239.4260,4610.3626,1999,0.003912,12.150824,37.262223,0.083508,-41.732681,16191057098,31688.21,510949,510949
58,-5589176.6274,2905564.8069,2650912.6506,580195799.8724,4568.9966,1999,0.003902,12.315382,42.300835,0.083990,-41.485222,16231921452,31688.18,512239,512239
580,-5454304.6976,2854315.0329,2637232.8494,576158369.4744,4577.2707,1999,0.003901,12.090793,37.954953,0.082910,-41.132038,16238588876,31687.90,512454,512454
581,-5645260.4410,2840631.8261,2662083.7044,586626623.9181,4537.9524,1999,0.003903,12.321237,43.259109,0.084406,-41.884121,16228604238,31688.32,512132,512132
582,-5597432.4847,3053146.3170,2721694.9316,591765220.1945,4599.2817,1999,0.003908,12.330414,39.180176,0.084052,-42.166688,16207730354,31688.65,511468,511468
583,-5544383.7884,2946648.3573,2683507.0791,585765391.0201,4581.1977,1999,0.003898,12.224818,44.715793,0.083442,-41.757048,16250648084,31688.12,512831,512831
584,-5494584.7475,2806220.4674,2668241.0006,585664364.2063,4555.9217,1999,0.003904,12.107129,43.928065,0.082543,-41.732262,16225829220,31688.16,512047,512047
585,-5468798.3133,2746546.1927,2628965.8897,578104901.8889,4547.5586,1999,0.003905,12.100876,43.930012,0.082673,-41.265496,16222670709,31688.12,511948,511948
586,-5369855.6423,2922245.3234,2661338.5626,577888188.6400,4605.2828,1999,0.003905,11.929799,36.068790,0.082061,-41.151571,16221658232,31687.82,511921,511921
587,-5290368.6594,2621392.8565,2576330.0185,567303534.3699,4541.3608,1999,0.003901,11.869649,45.249443,0.080885,-40.441523,16239041909,31687.67,512472,512472
588,-5377163.7885,2923640.4269,2670320.4692,579489921.2484,4608.0533,1999,0.003907,11.930388,36.427363,0.081789,-41.282726,16211673893,31688.18,511600,511600
589,-5639245.5988,2831461.8918,2677038.3113,590169805.5690,4536.0476,1999,0.003906,12.362078,45.675694,0.084197,-42.094265,16217654060,31688.41,511785,511785
59,-5410185.6362,2626707.7886,2596617.6713,573444292.1634,4528.1080,1999,0.003906,12.003155,37.205358,0.081914,-40.948911,16217064682,31687.94,511774,511774
590,-5475658.1709,2834186.0657,2646881.2594,579987703.2141,4563.6851,1999,0.003905,12.129265,47.693870,0.083018,-41.347375,16223294854,31687.98,511970,511970
591,-5460467.8002,2755283.1539,2634096.6639,579496482.2645,4545.4921,1999,0.003908,12.038940,42.335370,0.082648,-41.301763,16207210993,31688.25,511458,511458
592,-5518976.8850,2750097.6447,2643128.5065,582585240.2362,4536.8958,1999,0.003910,12.218477,40.543379,0.083052,-41.553533,16200590027,31688.26,511249,511249
593,-5525678.0098,2890028.3582,2664062.6648,582744496.7225,4571.5793,1999,0.003902,12.150063,38.737951,0.083467,-41.570451,16232189083,31688.15,512248,512248
594,-5577327.5269,2825575.8202,2666482.6371,586485196.7712,4546.5472,1999,0.003908,12.240174,38.199533,0.083522,-41.835827,16209656225,31688.26,511535,511535
595,-5379703.2666,2858959.4760,2649689.8199,577704130.1932,4586.5862,1999,0.003902,12.014455,40.185778,0.081934,-41.140559,16232250799,31687.83,512255,512255
596,-5759703.0379,3092262.3913,2745197.1117,598982999.2571,4583.0969,1999,0.003905,12.430916,42.490472,0.085306,-42.734807,16221097979,31688.70,511889,511889
597,-5594369.8287,3107355.4310,2696664.5963,584216698.8424,4615.8636,1999,0.003902,12.258471,41.584306,0.084791,-41.711956,16235733282,31688.20,512359,512359
598,-5221429.6747,2996370.4089,2623355.1436,564038381.8336,4651.0224,1999,0.003909,11.813283,38.645083,0.081330,-40.184688,16206529651,31687.60,511447,511447
599,-5486936.2808,2867387.8001,2680828.7520,586562390.8992,4570.4068,1999,0.003897,12.114996,35.704133,0.082766,-41.765015,16253622398,31688.48,512919,512919
60,-5607293.2850,2632738.9934,2672971.7392,594920821.5510,4492.9874,1999,0.003904,12.117075,40.841767,0.083011,-42.374117,16227684111,31689.06,512091,512091
600,-5609824.7351,2927666.8899,2691724.5868,589098056.5358,4569.2301,1999,0.003905,12.374476,42.295853,0.083922,-42.038461,16222231464,31688.44,511929,511929
601,-5485940.9114,2779885.2679,2666527.8435,585807821.3119,4551.8816,1999,0.003911,12.044620,40.169772,0.082555,-41.746078,16197562636,31688.41,511151,511151
602,-5586498.4866,2896431.0068,2690419.6757,589716586.9164,4562.2249,1999,0.003904,12.179953,47.906233,0.083925,-42.038636,16226720208,31688.42,512071,512071
603,-5512237.4743,2851942.2500,2669551.8458,584703188.7226,4565.6530,1999,0.003908,12.113966,39.400720,0.083068,-41.694829,16210246989,31688.18,511555,511555
604,-5532367.2438,2592728.9976,2615588.3091,581903458.6496,4494.8836,1999,0.003903,12.152089,42.379380,0.082743,-41.522686,16230166671,31688.22,512183,512183
605,-5595287.7529,3200169.6192,2731801.1525,588482057.1711,4642.1146,1999,0.003905,12.315204,38.153786,0.084617,-42.000357,16223176836,31688.31,511961,511961
606,-5614907.3130,2707465.2532,2677684.6381,593578035.6333,4511.0912,1999,0.003903,12.216819,52.290507,0.083232,-42.304363,16230767617,31688.46,512198,512198
607,-5563688.0318,3011528.2471,2715036.9748,591193365.5618,4592.4686,1999,0.003903,12.260990,44.765803,0.083606,-42.093301,16230155248,31688.44,512179,512179
608,-5352861.6563,2647157.0059,2598885.2655,572441391.2730,4540.0024,1999,0.003900,11.889572,39.202311,0.081247,-40.822665,16241076702,31687.93,512532,512532
609,-5445750.8290,2758501.3902,2624374.3943,576490103.1920,4552.3321,1999,0.003901,12.124252,36.872367,0.082588,-41.133148,16239978750,31687.95,512497,512497
61,-5188444.1032,2928261.5884,2616429.2017,563582794.4112,4642.4930,1999,0.003905,11.707965,35.339210,0.080639,-40.162683,16220644070,31687.82,511889,511889
610,-5375215.3193,2862315.3978,2644600.4323,576487707.4244,4587.4359,1999,0.003906,11.973272,42.803598,0.082232,-41.055741,16216600805,31688.03,511758,511758
611,-5446520.2387,3041566.1285,2687551.0705,581045707.5359,4625.3695,1999,0.003902,12.001166,38.988888,0.083067,-41.419778,16235349455,31688.31,512345,512345
612,-5398917.5734,3038827.6055,2675857.4273,577917748.5369,4630.1700,1999,0.003903,12.034452,38.469157,0.082670,-41.171644,16228097267,31688.08,512120,512120
613,-5338290.3385,2574856.8481,2572538.5157,569103163.7700,4520.3378,1999,0.003910,11.986216,40.671319,0.081414,-40.581875,16201876432,31687.92,511295,511295
614,-5533454.9647,3047440.3605,2689627.6535,583477556.6108,4609.6506,1999,0.003903,12.226779,41.127011,0.083901,-41.612625,16228174820,31688.10,512122,512122
615,-5641024.8390,2623373.9436,2660472.1873,592925335.2397,4487.0273,1999,0.003900,12.204096,35.772795,0.083263,-42.291404,16243316163,31688.46,512594,512594
616,-5697401.7091,2885842.1027,2686161.1966,591739488.5669,4539.4320,1999,0.003911,12.349613,41.355796,0.084719,-42.225673,16197810317,31688.34,511160,511160
617,-5598113.4252,2988188.2572,2698744.8360,588334245.8469,4587.0946,1999,0.003908,12.345564,40.784087,0.083996,-41.987303,16209394135,31688.25,511527,511527
618,-5533763.2916,2807619.4889,2650711.6452,582736956.4290,4548.7275,1999,0.003904,12.168485,40.672580,0.083483,-41.572149,16227658086,31688.33,512102,512102
619,-5540989.8929,2960190.9092,2677628.6801,583960478.9899,4585.2909,1999,0.003905,12.222873,39.899503,0.083669,-41.641083,16222665188,31688.17,511947,511947
62,-5527421.7484,2884257.0875,2683821.8658,587456281.2401,4568.5474,1999,0.003899,12.173450,40.612201,0.083122,-41.853124,16245060133,31688.34,512651,512651
620,-5539818.6664,2589876.0280,2608386.2562,581353539.3713,4486.7470,1999,0.003900,12.087360,45.702042,0.083025,-41.447204,16241119678,31688.07,512531,512531
621,-5348830.4602,2702570.4854,2610215.5538,574066562.1238,4546.8866,1999,0.003912,11.874306,45.089352,0.081665,-40.859221,16190396278,31687.97,510932,510932
622,-5437458.4766,2768442.0716,2646951.7257,581079866.4274,4555.2288,1999,0.003897,12.036395,35.305642,0.082266,-41.404031,16254176103,31688.14,512942,512942
623,-5293951.1136,2702913.6884,2599677.8337,569418297.4222,4565.4975,1999,0.003909,11.776519,34.255468,0.081279,-40.603131,16204393608,31687.76,511377,511377
624,-5572156.9576,2762742.9219,2679225.0182,591645981.2245,4528.4260,1999,0.003905,12.178122,37.705869,0.083228,-42.127307,16220697088,31688.66,511877,511877
625,-5500371.1674,2844988.3439,2668826.4756,584398136.0163,4566.7950,1999,0.003906,12.041737,39.340372,0.082911,-41.673082,16218365976,31688.38,511808,511808
626,-5314515.5928,2706985.8287,2619348.6354,574520131.5670,4559.1938,1999,0.003908,11.831329,41.860425,0.081161,-40.903500,16208483733,31688.08,511501,511501
627,-5525980.2944,2656144.5265,2654317.1443,588127731.5162,4513.1644,1999,0.003904,12.134643,41.127368,0.082525,-41.910621,16224007692,31688.44,511985,511985
628,-5597274.7287,2928529.0812,2692510.8776,588906087.9874,4572.0548,1999,0.003911,12.304941,44.217623,0.083796,-42.022553,16198311202,31688.51,511173,511173
629,-5458888.2098,2753746.5365,2628080.8180,577982667.7638,4546.9890,1999,0.003908,12.049519,40.595359,0.082637,-41.219439,16208445222,31688.19,511498,511498
63,-5500468.4233,2773769.4987,2624106.0751,577008331.0040,4547.7785,1999,0.003903,12.179413,42.399518,0.083309,-41.209385,16230749254,31687.99,512205,512205
630,-5436044.7967,2977958.2825,2667565.3104,578405739.8432,4611.9275,1999,0.003902,12.066865,36.956291,0.082860,-41.256746,16234200986,31688.18,512311,512311
631,-5704064.4619,2987330.1587,2718964.4346,595115251.2746,4568.8032,1999,0.003905,12.341148,39.904549,0.084918,-42.479232,16222756681,31688.54,511944,511944
632,-5538473.6641,2775281.3158,2626013.1268,578226153.3080,4541.4984,1999,0.003904,12.177492,40.074627,0.083590,-41.309604,16226838623,31688.22,512078,512078
633,-5364344.7106,2797065.0743,2646966.9966,578655131.0978,4574.3429,1999,0.003898,11.887000,38.207738,0.081502,-41.197630,16250368328,31688.13,512822,512822
634,-5455191.2467,2756778.8197,2642129.8294,580960737.7603,4547.8630,1999,0.003904,11.994710,43.897208,0.082483,-41.397635,16227424366,31688.43,512093,512093
635,-5501632.3529,2893947.2200,2689151.2043,587413407.3578,4577.9534,1999,0.003908,12.061644,39.441628,0.082882,-41.852590,16209382472,31688.41,511524,511524
636,-5258872.2069,2760563.5277,2583844.5244,563293107.6142,4587.0338,1999,0.003902,11.812239,37.268461,0.081191,-40.200008,16235623536,31687.67,512364,512364
637,-5641031.2757,2899493.0584,2689742.4905,589976267.5723,4559.0690,1999,0.003901,12.299843,39.073760,0.083975,-42.131917,16238676420,31688.50,512447,512447
638,-5576087.7825,2841983.0492,2663182.6084,585273263.1360,4550.3234,1999,0.003900,12.208173,38.471637,0.083461,-41.754390,16242707376,31688.14,512580,512580
639,-5570786.4374,2737143.8401,2687104.6674,593682248.7032,4526.1664,1999,0.003907,12.148095,38.171326,0.083022,-42.284214,16215020987,31688.59,511699,511699
64,-5494878.4366,2821227.9320,2673836.8702,586425056.3429,4559.5543,1999,0.003902,12.119389,40.936973,0.082722,-41.778222,16233676248,31688.39,512291,512291
640,-5509947.7957,2924289.2764,2670254.2114,582445396.3798,4584.5572,1999,0.003909,12.105896,36.359668,0.083205,-41.550112,16204055451,31688.16,511360,511360
641,-5528860.0817,2899669.0741,2665938.1135,582949035.1517,4573.1924,1999,0.003904,12.096232,39.819819,0.083457,-41.578324,16226755906,31688.36,512073,512073
642,-5470795.4644,2756354.8415,2642695.0703,581520865.9979,4544.4544,1999,0.003902,12.062261,40.579650,0.082509,-41.437806,16234170866,31688.18,512310,512310
643,-5321219.8002,2715604.0986,2611915.3551,572515435.5082,4562.1746,1999,0.003904,11.903959,32.917272,0.081248,-40.799525,16223655668,31688.07,511980,511980
644,-5494649.8565,2743396.6304,2665128.6616,586916160.2939,4540.9018,1999,0.003910,12.071553,40.912712,0.082394,-41.816606,16202442071,31688.41,511305,511305
645,-5453857.9835,2937945.5778,2661721.0139,578787322.8805,4598.7894,1999,0.003905,12.026408,46.829080,0.082805,-41.293499,16219435028,31687.99,511848,511848
646,-5544689.8556,2787511.5603,2662304.7809,586089032.0706,4542.4921,1999,0.003901,12.152782,41.269384,0.083234,-41.791975,16236840384,31688.44,512390,512390
647,-5585073.7123,2884274.6093,2680802.2104,587525951.9735,4562.8660,1999,0.003903,12.325852,38.585882,0.083608,-41.928319,16230124264,31688.07,512184,512184
648,-5561047.3194,2853106.9007,2665467.6519,585197916.1887,4554.8140,1999,0.003913,12.203433,38.565732,0.083608,-41.735320,16190075446,31688.33,510916,510916
649,-5455541.5925,2712889.8045,2653733.3706,585056993.0233,4535.8545,1999,0.003900,12.020582,37.900261,0.082079,-41.645361,16242476098,31688.25,512571,512571
65,-5414182.7423,2432921.9613,2568333.6655,573817515.0343,4475.8719,1999,0.003906,11.866614,37.390240,0.081477,-40.959169,16216446289,31687.85,511756,511756
650,-5708236.8458,3010209.3501,2724215.2454,595782509.5009,4572.4995,1999,0.003898,12.402436,41.258148,0.084929,-42.511209,16250306546,31688.69,512811,512811
651,-5554602.2150,2937430.5234,2685811.7884,586408470.9457,4580.1040,1999,0.003908,12.177569,38.813685,0.083749,-41.826495,16209932935,31688.31,511543,511543
652,-5493842.5330,2909754.5883,2658352.4395,580107397.0295,4582.5177,1999,0.003900,12.106852,36.274592,0.083211,-41.386252,16242120407,31688.29,512559,512559
653,-5555006.8646,2837829.8753,2682921.5442,589169874.7015,4553.7317,1999,0.003903,12.121872,41.806575,0.083234,-41.992066,16230532151,31688.19,512195,512195
654,-5456079.6769,2937262.3026,2657367.6898,578008745.8262,4597.4524,1999,0.003908,12.187140,43.761470,0.082984,-41.241543,16207911887,31688.01,511484,511484
655,-5590122.2573,2892318.7809,2683796.0284,588005056.5921,4564.2397,1999,0.003904,12.219506,37.538902,0.083853,-41.963610,16224111346,31687.97,511996,511996
656,-5543560.7945,2720834.8576,2642908.0594,584258258.5696,4523.5271,1999,0.003908,12.114751,41.446493,0.083264,-41.658897,16209499099,31688.27,511530,511530
657,-5406983.2474,2720960.0135,2632976.2501,578782722.4224,4549.1618,1999,0.003907,11.989472,35.338894,0.081948,-41.247604,16214000947,31688.15,511674,511674
658,-5695868.8250,3058074.5080,2751234.6433,599751914.9902,4587.2878,1999,0.003906,12.308541,40.674501,0.084835,-42.759659,16219349497,31688.75,511833,511833
659,-5579888.0322,3036341.9732,2720146.6245,591458847.4993,4599.0463,1999,0.003905,12.258657,47.754630,0.083831,-42.144094,16219481736,31688.39,511843,511843
66,-5402490.6736,2935589.9639,2647696.0899,575164506.9231,4603.3718,1999,0.003903,12.043057,40.161063,0.082568,-41.005476,16228734643,31688.02,512141,512141
660,-5544281.3136,2941313.1347,2687200.3319,586650907.5184,4580.5782,1999,0.003903,12.220834,41.056508,0.083624,-41.817173,16231405886,31688.29,512221,512221
661,-5647440.4739,2839631.6093,2684832.7009,591293915.8912,4540.6060,1999,0.003906,12.326126,51.272941,0.083937,-42.199478,16215475229,31688.43,511716,511716
662,-5604478.9141,3066749.2594,2749324.2701,597600391.9486,4600.6065,1999,0.003911,12.253128,36.306368,0.084165,-42.530203,16197581485,31688.51,511150,511150
663,-5365536.6720,2904754.0983,2652884.1349,576459539.7529,4602.0301,1999,0.003909,11.922435,42.999015,0.082211,-41.062920,16205658188,31687.94,511414,511414
664,-5522397.2531,2783787.7321,2673822.3154,588353057.9347,4544.5881,1999,0.003905,12.076931,38.171174,0.082577,-41.909254,16220611378,31688.31,511880,511880
665,-5540005.3159,2870691.3030,2686783.0404,588261939.7805,4567.3243,1999,0.003908,12.108928,42.121833,0.083241,-41.946160,16208946176,31688.36,511511,511511
666,-5528550.7570,2939261.4496,2688706.5202,586675917.6701,4582.9502,1999,0.003900,12.199776,44.021386,0.083330,-41.810761,16241689085,31688.32,512545,512545
667,-5473526.5631,2903608.4696,2664666.2483,581786126.3235,4580.1475,1999,0.003900,12.095393,37.248771,0.083170,-41.446192,16241988536,31688.16,512557,512557
668,-5612543.6720,2908859.3031,2700161.0920,591218637.9281,4567.1109,1999,0.003908,12.278847,37.545056,0.083685,-42.196564,16210826668,31688.32,511571,511571
669,-5548583.0760,3020452.5270,2706502.5728,587979257.6823,4603.0579,1999,0.003905,12.154575,40.598443,0.083570,-41.926523,16222812563,31688.46,511947,511947
67,-5585563.0214,2742275.3186,2659484.1451,587894059.6148,4523.7473,1999,0.003902,12.266558,42.904279,0.083550,-41.925813,16235324710,31688.64,512339,512339
670,-5509812.6610,2581782.3850,2597270.6262,577572242.3920,4496.8758,1999,0.003902,12.159456,39.376293,0.082736,-41.250827,16233059830,31687.68,512283,512283
671,-5530885.4162,2666421.0845,2635782.1564,583929968.1474,4513.8669,1999,0.003905,12.074462,42.222409,0.083014,-41.647039,16222396582,31688.39,511935,511935
672,-5536475.7038,2895999.3104,2688682.2805,588276422.9067,4570.4403,1999,0.003906,12.147871,41.362516,0.083231,-41.913309,16218706885,31688.36,511819,511819
673,-5507553.2670,3034015.3565,2705085.3717,586656753.9267,4611.0189,1999,0.003896,12.110994,36.064585,0.083488,-41.796823,16257802171,31688.35,513053,513053
674,-5588945.5543,3055825.5266,2721923.9960,591548450.8581,4601.3543,1999,0.003910,12.236838,46.118190,0.083680,-42.145643,16201284790,31688.38,511269,511269
675,-5441116.4941,2642693.2721,2618984.6307,578889386.4974,4524.1538,1999,0.003909,12.037273,38.043467,0.081953,-41.283887,16206313949,31688.05,511433,511433
676,-5587231.4371,2852555.2486,2671110.0593,586733121.5038,4552.5128,1999,0.003907,12.275808,39.330096,0.083782,-41.864717,16214072033,31688.41,511672,511672
677,-5658032.6665,2883736.1692,2701092.5518,593724446.2488,4549.4043,1999,0.003907,12.309006,43.163311,0.084313,-42.353206,16214975838,31688.63,511697,511697
678,-5513900.3977,2722248.5965,2633614.1688,581448059.5911,4529.4057,1999,0.003906,12.159915,39.615060,0.083081,-41.470509,16216903953,31688.18,511765,511765
679,-5326836.1343,2735441.9358,2605697.0250,570741017.0494,4565.4631,1999,0.003905,11.864917,34.273124,0.081523,-40.685325,16222283832,31687.80,511941,511941
68,-5461832.4509,2434584.5683,2588786.1495,579770470.9840,4465.1914,1999,0.003908,11.998643,36.340142,0.081846,-41.333858,16210698829,31688.20,511569,511569
680,-5362353.5582,2938332.2378,2643473.1116,572806848.5879,4614.9468,1999,0.003900,12.017367,43.067359,0.082222,-40.861016,16243850983,31687.90,512620,512620
681,-5660011.7423,2812373.9822,2684553.2227,592778619.3224,4528.7619,1999,0.003904,12.363324,44.059310,0.084202,-42.275945,16226586286,31688.53,512065,512065
682,-5472813.8907,2942045.3396,2654594.1839,577617169.4225,4595.7674,1999,0.003907,12.153750,36.917432,0.083055,-41.227082,16212806320,31687.92,511640,511640
683,-5619107.4073,2890603.0296,2695200.9185,591432363.9786,4557.0738,1999,0.003906,12.252847,40.594270,0.083867,-42.180152,16218956410,31688.54,511824,511824
684,-5749503.5645,2924683.0886,2725609.4892,599864277.9509,4543.7103,1999,0.003907,12.492667,40.864813,0.085083,-42.791050,16214927092,31688.78,511693,511693
685,-5411754.8877,3140544.4441,2682461.8256,575850044.3421,4658.2645,1999,0.003900,12.107773,37.961498,0.083068,-41.079469,16240584658,31687.71,512520,512520
686,-5601799.9417,2752296.1613,2684809.8275,593302924.0310,4525.1923,1999,0.003895,12.159531,39.930829,0.083159,-42.282788,16262254873,31688.50,513191,513191
687,-5342378.9902,2870297.6833,2634469.0139,572745086.2322,4599.7235,1999,0.003899,11.905719,45.549878,0.081936,-40.834666,16247451747,31687.81,512735,512735
688,-5388487.9283,2983017.7085,2669137.4046,577853286.7212,4619.0572,1999,0.003906,12.031891,35.971012,0.082513,-41.171736,16216985629,31688.03,511770,511770
689,-5313423.2232,2955303.1308,2646600.2824,572298198.3976,4624.5127,1999,0.003908,11.857783,41.587721,0.081809,-40.768735,16210038882,31687.96,511552,511552
69,-5359112.3731,2693588.1731,2598415.4007,570857540.0640,4551.7756,1999,0.003904,11.944549,36.459037,0.081508,-40.734403,16224370140,31687.98,512004,512004
690,-5406001.7395,2760669.1250,2606808.9415,571655928.9376,4560.1013,1999,0.003907,11.929221,36.847161,0.082364,-40.809866,16212405216,31687.82,511629,511629
691,-5529100.4211,2797852.8071,2647969.2518,582367945.7913,4546.9008,1999,0.003912,12.091443,41.157169,0.083333,-41.544224,16192565461,31688.00,511000,511000
692,-5452981.7527,2796560.3910,2666664.5541,585065085.3552,4557.8938,1999,0.003900,12.013591,41.463415,0.082236,-41.647776,16242115361,31688.35,512558,512558
693,-5425310.0333,2970124.7237,2645121.0610,573573969.2854,4611.6477,1999,0.003904,12.137446,38.468849,0.082887,-40.944543,16225460794,31687.75,512042,512042
694,-5491039.4881,2753528.4173,2631928.7509,579436217.6203,4542.2234,1999,0.003905,12.186653,39.687750,0.083003,-41.339197,16223339373,31688.19,511968,511968
695,-5385602.9155,2841629.4158,2644143.7324,576729442.1094,4584.7213,1999,0.003904,11.934988,50.590574,0.082173,-41.112349,16225100862,31687.79,512030,512030
696,-5556873.7890,2905337.5612,2692572.2688,588981059.8726,4571.5770,1999,0.003902,12.128617,39.113615,0.083200,-41.987523,16233711239,31688.64,512288,512288
697,-5421710.5694,2892882.2459,2643590.9075,576002004.1797,4589.5516,1999,0.003908,12.028399,40.530975,0.082742,-41.074529,16210937218,31688.04,511579,511579
698,-5292380.8367,2773222.2812,2595726.5581,566919618.0124,4578.6501,1999,0.003903,11.926996,51.007995,0.081515,-40.405035,16230910251,31687.38,512220,512220
699,-5428432.1373,2892698.5992,2654443.3441,577907755.8094,4593.1956,1999,0.003909,12.076411,39.998003,0.082400,-41.234516,16203289746,31687.77,511342,511342
70,-5507938.8470,2939051.1279,2685924.6240,586042528.4531,4583.1565,1999,0.003904,12.133820,51.225253,0.083413,-41.731951,16223834715,31688.60,511977,511977
700,-5521978.3102,2944879.7563,2676569.9638,584207227.8248,4581.5420,1999,0.003907,12.160502,44.696905,0.083665,-41.621854,16215045882,31688.33,511704,511704
701,-5680050.2820,2795043.7502,2695100.5729,595901936.1596,4522.7250,1999,0.003903,12.328014,35.191938,0.083981,-42.494606,16230302633,31688.61,512181,512181
702,-5403230.7229,2831154.7487,2654398.5784,579581426.0386,4579.8545,1999,0.003902,11.935044,43.085648,0.081836,-41.307546,16235423747,31688.09,512351,512351
703,-5404592.7498,2786563.4225,2631537.2291,576553305.1796,4564.2566,1999,0.003901,12.008028,37.881131,0.082198,-41.090563,16238885263,31687.86,512464,512464
704,-5501511.6785,3003960.6336,2686115.0784,583085578.0467,4606.7253,1999,0.003903,12.134761,36.354263,0.083381,-41.587878,16229967565,31688.32,512175,512175
705,-5652805.7857,2935465.3866,2710116.4886,594243899.3884,4560.6131,1999,0.003902,12.321478,44.154133,0.084226,-42.359817,16236244630,31688.76,512366,512366
706,-5539284.7042,2790287.3645,2644575.6946,581209771.8203,4550.1226,1999,0.003901,12.224774,37.117425,0.083236,-41.530162,16238769793,31688.25,512454,512454
707,-5442767.6865,2680249.4211,2583701.2954,570208458.6619,4531.1522,1999,0.003900,12.015332,41.269661,0.082666,-40.731100,16240087644,31687.79,512503,512503
708,-5581605.3268,2809007.0849,2668951.0291,587487833.5429,4542.9894,1999,0.003907,12.188200,45.298062,0.083593,-41.912582,16213336760,31688.46,511648,511648
709,-5692288.8829,2968921.7927,2717656.9213,595573112.0858,4563.0954,1999,0.003907,12.449779,36.946809,0.084872,-42.475799,16211957426,31688.67,511601,511601
71,-5564431.1350,2875820.7972,2682234.7713,587731700.0578,4563.7061,1999,0.003903,12.227308,43.621063,0.083314,-41.922288,16230917483,31688.45,512203,512203
710,-5582798.7099,2877288.1262,2679132.4368,587307437.0871,4561.7206,1999,0.003900,12.228302,35.200468,0.083806,-41.916068,16240258328,31688.37,512499,512499
711,-5508897.0634,2730179.6051,2660339.9034,586480954.6493,4536.1062,1999,0.003903,12.075816,34.589175,0.082617,-41.807188,16230142521,31688.17,512183,512183
712,-5486165.1626,2606556.1566,2614722.5130,580049781.1018,4507.7554,1999,0.003903,12.058009,39.208258,0.082416,-41.390155,16229901854,31688.20,512175,512175
713,-5573067.8032,2905285.6861,2682938.4812,587240068.4000,4568.7252,1999,0.003905,12.266382,42.060141,0.083599,-41.889174,16223209700,31688.31,511962,511962
714,-5558455.6965,2791425.9363,2664469.9963,586728304.0377,4541.2331,1999,0.003906,12.229769,39.500919,0.083467,-41.842127,16217893372,31688.26,511795,511795
715,-5635429.1386,2988743.5120,2712386.3483,592561829.2132,4577.3896,1999,0.003908,12.322616,40.541483,0.084239,-42.246488,16207877170,31688.44,511476,511476
716,-5365103.0603,2905348.6439,2653025.3409,576545257.1721,4601.5908,1999,0.003900,11.931351,42.398711,0.082129,-41.063524,16241861811,31687.91,512557,512557
717,-5417505.0797,2997589.1169,2665086.5272,577531727.2889,4614.6149,1999,0.003896,12.089768,54.743962,0.082643,-41.145094,16256821185,31687.80,513031,513031
718,-5468440.9719,2937330.9344,2680490.9266,583487032.3893,4593.9169,1999,0.003904,12.046206,37.587559,0.082799,-41.580244,16224947689,31688.05,512021,512021
719,-5333545.7568,2857975.0628,2636813.0177,573487471.6682,4597.8564,1999,0.003904,11.940262,40.902299,0.081738,-40.873728,16224493095,31687.84,512010,512010
72,-5375649.3558,2714575.1665,2615672.1331,574854201.5798,4550.1488,1999,0.003906,11.925422,38.407426,0.081931,-40.963175,16218553793,31688.13,511818,511818
720,-5452254.7677,2949368.4928,2672013.7702,581019791.8570,4598.8343,1999,0.003907,12.044234,35.954290,0.083025,-41.408600,16214023972,31687.88,511679,511679
721,-5466307.1691,2932526.4278,2657589.8123,578828234.6724,4591.3272,1999,0.003905,12.120250,40.462512,0.082997,-41.274174,16220696724,31688.10,511886,511886
722,-5519317.7824,2858949.6553,2655124.1541,582009524.9242,4561.9943,1999,0.003904,12.183456,36.218230,0.083275,-41.496804,16224197141,31688.32,511993,511993
723,-5385052.6062,2851145.8654,2658092.1270,579762384.9589,4584.7958,1999,0.003901,11.952483,41.023682,0.081925,-41.279973,16238587144,31688.14,512450,512450
724,-5488813.2699,2932937.7769,2684512.6876,585060476.6769,4588.4362,1999,0.003898,12.151321,35.063400,0.083071,-41.684951,16251363827,31688.40,512849,512849
725,-5419164.7706,2916364.1003,2680368.2031,583218230.2709,4595.8238,1999,0.003907,12.026612,38.785359,0.082359,-41.521489,16214536449,31688.14,511691,511691
726,-5503151.0453,2709912.9880,2645403.8522,584393368.0344,4526.7520,1999,0.003907,12.124420,44.928099,0.082701,-41.633107,16212998261,31688.23,511641,511641
727,-5464860.0301,2861472.4552,2672551.8248,584133579.4740,4575.2409,1999,0.003912,12.102440,36.749834,0.082579,-41.618648,16194257784,31688.39,511047,511047
728,-5493531.5861,2606804.6740,2641692.6228,586193388.3724,4506.5207,1999,0.003906,11.981830,36.495198,0.081977,-41.773382,16215612518,31688.26,511723,511723
729,-5535076.6727,2914799.0673,2711145.1836,592079259.8832,4579.0241,1999,0.003910,12.076225,36.622579,0.083038,-42.177362,16199301789,31688.40,511206,511206
73,-5421900.6240,2617157.9131,2589311.2766,573193520.4457,4517.3422,1999,0.003903,11.947680,41.446546,0.082163,-40.893023,16228512252,31687.83,512137,512137
730,-5380460.7081,2761421.9827,2620089.8718,574094725.0436,4563.8633,1999,0.003906,12.000335,35.973621,0.081959,-40.937123,16216689219,31687.77,511765,511765
731,-5349393.0948,2706343.5170,2590910.4622,569282531.4360,4551.1856,1999,0.003902,11.967960,43.434738,0.081763,-40.589041,16232214298,31687.89,512253,512253
732,-5480589.4218,2721230.9851,2642787.1715,582432611.3246,4537.4986,1999,0.003905,12.051252,37.167682,0.082429,-41.529627,16222567827,31688.04,511946,511946
733,-5753167.2813,3141904.7819,2770805.7795,602726583.2151,4597.1189,1999,0.003902,12.417667,39.868390,0.085459,-42.969716,16232528575,31688.81,512248,512248
734,-5484342.7457,2856641.2302,2673828.2981,584914634.4534,4571.3137,1999,0.003900,12.080851,44.563360,0.082658,-41.684863,16242971229,31687.91,512592,512592
735,-5482015.4510,2925592.4760,2685742.4580,585386465.5513,4587.9818,1999,0.003902,12.164735,37.716801,0.082608,-41.701252,16232836354,31688.36,512265,512265
736,-5562054.5360,2891861.4216,2680305.2027,587592156.6687,4561.5061,1999,0.003907,12.194984,42.999400,0.083746,-41.860684,16211714109,31688.32,511599,511599
737,-5357909.0386,2883789.0887,2642382.1703,574430930.9463,4599.9998,1999,0.003904,11.967664,37.630803,0.081775,-40.945599,16226508722,31687.76,512075,512075
738,-5352792.7759,2756118.2512,2602459.7234,570062636.0097,4565.2172,1999,0.003906,11.962300,41.024984,0.081810,-40.652626,16215709692,31687.83,511733,511733
739,-5488683.3100,2774537.1815,2640025.5720,580253708.3965,4549.7780,1999,0.003909,12.019701,35.436388,0.082861,-41.400577,16204802702,31688.13,511384,511384
74,-5487320.7195,2718428.6256,2630706.4353,580088456.6997,4535.0091,1999,0.003906,12.098995,39.267688,0.082844,-41.384660,16218961144,31688.06,511832,511832
740,-5531918.9075,2801110.7325,2656212.1682,584142617.6803,4547.1980,1999,0.003900,12.163607,47.317866,0.082952,-41.653028,16242511543,31688.32,512571,512571
741,-5584674.4609,2883486.3946,2684158.9981,588424050.5550,4561.6065,1999,0.003900,12.183331,42.112572,0.083618,-41.974568,16243061076,31688.21,512590,512590
742,-5526815.6218,2679237.4927,2645460.6107,585118827.4204,4521.2365,1999,0.003899,12.198506,39.820300,0.082700,-41.745016,16245762263,31688.17,512676,512676
743,-5327366.5727,3108311.9444,2696674.3449,579094120.6327,4656.7117,1999,0.003898,11.895711,43.086565,0.082064,-41.165768,16251499451,31687.92,512861,512861
744,-5521767.0336,2866444.9964,2664054.5348,583550991.7295,4565.2472,1999,0.003904,12.135797,37.065272,0.083264,-41.609039,16224317356,31688.31,511997,511997
745,-5219114.1345,2572142.1184,2563712.0423,564176274.7987,4544.1685,1999,0.003910,11.718648,33.121449,0.080188,-40.226448,16201355240,31687.65,511283,511283
746,-5587292.0342,3004722.7293,2710472.9222,590681648.2060,4588.7204,1999,0.003909,12.280468,38.334981,0.083967,-42.093339,16203700256,31688.58,511342,511342
747,-5435246.6017,2744634.5473,2632172.5473,578503057.4961,4549.9717,1999,0.003909,11.976531,46.978549,0.082296,-41.245608,16205703842,31688.16,511412,511412
748,-5494946.0376,2873394.4396,2666686.3188,582959305.3077,4574.3953,1999,0.003897,12.137439,40.029772,0.082982,-41.574823,16256787406,31688.35,513021,513021
749,-5454827.4740,2825313.5205,2654331.0680,581158456.3678,4567.3104,1999,0.003914,12.074951,40.773633,0.082627,-41.425305,16182434013,31688.20,510677,510677
75,-5513380.2941,2776421.2159,2636135.0885,579776721.8841,4546.8108,1999,0.003901,12.169641,36.827786,0.083142,-41.393002,16238894590,31688.24,512458,512458
750,-5558707.1687,2952315.0831,2707756.7335,591178729.2274,4580.2675,1999,0.003907,12.202955,44.257522,0.083585,-42.103102,16215110774,31688.40,511705,511705
751,-5491338.6917,2645227.3019,2622029.8111,580453883.0576,4517.2061,1999,0.003907,12.102392,40.427681,0.082426,-41.421943,16213682087,31688.08,511665,511665
752,-5484523.8070,2705101.2550,2637930.5104,582232306.2483,4530.7182,1999,0.003900,12.013599,44.275773,0.082652,-41.503483,16240773140,31688.20,512518,512518
753,-5469336.2260,2787267.3552,2638203.8128,578797856.0360,4558.0746,1999,0.003907,12.116131,43.951405,0.082389,-41.308765,16213434059,31687.78,511662,511662
754,-5401069.6589,2640046.5899,2620091.6274,578971086.8365,4525.4274,1999,0.003903,11.979226,38.973874,0.081571,-41.223574,16231149688,31688.16,512215,512215
755,-5462196.3384,2827980.1004,2661769.6910,582850773.6248,4566.8116,1999,0.003899,12.036912,38.877660,0.082634,-41.534166,16246867806,31688.16,512711,512711
756,-5644016.9495,2864804.1472,2714675.4627,596651049.4101,4549.8545,1999,0.003910,12.301086,35.722201,0.083756,-42.547519,16198884966,31688.64,511189,511189
757,-5571016.3462,2935420.8199,2708090.4521,592118896.5996,4573.5586,1999,0.003905,12.183882,42.638158,0.083504,-42.166251,16219680107,31688.35,511850,511850
758,-5382714.5654,2935554.8404,2627750.8748,569990438.1217,4610.1666,1999,0.003908,12.029616,41.004794,0.082648,-40.693655,16206711486,31687.71,511451,511451
759,-5547941.7570,3002198.5015,2715444.6838,590709940.8319,4596.9172,1999,0.003905,12.185367,41.158020,0.083385,-42.083899,16222949101,31688.36,511953,511953
76,-5536649.5236,2930495.3125,2672484.4983,583216838.6934,4582.3171,1999,0.003899,12.166182,37.638316,0.083508,-41.623905,16245940823,31688.33,512679,512679
760,-5522740.1687,2889811.6387,2689608.0494,588394267.0178,4571.0983,1999,0.003908,12.144359,36.856382,0.083098,-41.909673,16207909555,31688.50,511476,511476
761,-5506219.5414,2836024.7598,2699766.3414,591815723.8385,4561.8361,1999,0.003898,12.075155,37.365531,0.082651,-42.124212,16252529486,31688.45,512885,512885
762,-5476639.6852,2777697.4510,2641965.3507,580595576.0641,4550.4400,1999,0.003899,12.069044,54.003560,0.082699,-41.396198,16246973624,31687.93,512718,512718
763,-5517577.5597,2773767.5197,2684064.7745,590890956.1937,4542.4029,1999,0.003906,12.047150,40.861670,0.082602,-42.060647,16216408848,31688.58,511743,511743
764,-5455796.2634,2747495.9898,2632124.8903,578795335.9323,4547.5917,1999,0.003892,12.066161,38.475378,0.082675,-41.281938,16274205819,31687.90,513578,513578
765,-5528750.6755,2706236.2873,2646721.9069,585071906.9362,4523.7549,1999,0.003901,12.143772,37.783774,0.082887,-41.710325,16236209647,31688.20,512374,512374
766,-5654638.6649,2820572.7151,2682398.8570,591831337.6842,4532.3704,1999,0.003903,12.306390,41.454454,0.084042,-42.219848,16230702688,31688.34,512198,512198
767,-5381355.0446,2619719.6341,2581877.5721,571090590.5700,4520.9597,1999,0.003895,11.892148,40.756462,0.081866,-40.705447,16260924810,31687.64,513163,513163
768,-5508966.8549,2657359.1089,2631182.4592,582664269.2248,4515.7780,1999,0.003911,12.146885,34.712384,0.082481,-41.556846,16197921931,31688.12,511167,511167
769,-5449356.7764,2827765.1090,2658409.2673,581737848.9890,4569.7719,1999,0.003904,12.037649,42.416858,0.082424,-41.463211,16224847100,31688.16,512016,512016
77,-5476850.8545,2692923.7631,2649251.1162,584622111.7648,4531.5616,1999,0.003900,12.176745,37.914227,0.082132,-41.666746,16241714603,31688.24,512547,512547
770,-5439599.0749,2668664.8500,2623549.1053,578769514.7386,4532.9774,1999,0.003908,12.002599,38.280247,0.081939,-41.290172,16208019886,31688.29,511483,511483
771,-5496109.5065,2830014.0449,2653126.2151,581270597.0020,4564.3565,1999,0.003907,12.161617,43.623417,0.082872,-41.481494,16212049692,31688.24,511611,511611
772,-5666770.7905,3000823.3374,2740596.0370,598572213.7267,4578.5554,1999,0.003908,12.355463,36.103518,0.084314,-42.670246,16210267212,31688.78,511546,511546
773,-5656383.0898,2869935.9156,2710796.0232,595985956.8273,4548.4226,1999,0.003908,12.211355,39.751353,0.083916,-42.509627,16207469157,31688.57,511461,511461
774,-5445764.2851,2681484.1070,2624847.1804,579481545.0422,4529.6476,1999,0.003905,12.053103,37.023054,0.082290,-41.295329,16222418947,31687.94,511943,511943
775,-5374284.5678,2880449.9229,2650595.0372,576714236.6417,4596.0284,1999,0.003908,11.997909,43.311486,0.081945,-41.096422,16209249355,31688.03,511526,511526
776,-5526976.6517,2565611.8884,2637689.0903,587514287.3995,4489.5744,1999,0.003900,12.073543,33.526480,0.082338,-41.868254,16243310895,31688.51,512593,512593
777,-5415746.2926,2868225.3649,2658758.7138,580365435.2599,4581.1803,1999,0.003906,12.069226,38.960175,0.082328,-41.318723,16216131115,31688.22,511740,511740
778,-5461268.7469,2886069.1489,2658655.3961,580327321.9734,4581.3032,1999,0.003903,12.045072,43.237093,0.082756,-41.371350,15717144364,30683.94,512227,512227
779,-5639593.8079,2917496.8387,2707192.8553,593665594.2749,4560.1310,1999,0.003892,12.253590,39.872743,0.084113,-42.331630,15760652960,30684.36,513638,513638
78,-5545316.8634,2405798.7462,2604264.0510,585722588.9382,4446.2414,1999,0.003904,12.031728,38.936882,0.081939,-41.767264,16226248416,31688.43,512056,512056
780,-5461464.5644,2835648.8484,2672745.9453,585469611.6018,4565.1318,1999,0.003898,12.079511,38.572943,0.082538,-41.666567,15736623835,30684.17,512858,512858
781,-5346400.0960,2747782.5891,2628223.4628,575557419.2575,4566.3966,1999,0.003904,11.907391,45.115010,0.081427,-41.005566,15712795140,30683.84,512087,512087
782,-5575654.2342,2879563.9063,2703342.9121,592806730.5015,4560.2433,1999,0.003912,12.176887,37.148872,0.083332,-42.225492,15679892365,30684.54,511003,511003
783,-5514168.6466,2919000.8154,2698214.7722,588894097.8773,4581.8336,1999,0.003904,12.124228,40.176906,0.083184,-41.951169,15710393380,30684.42,511999,511999
784,-5250509.5840,2797157.1574,2605758.5497,567560035.7212,4591.1593,1999,0.003907,11.852216,38.771815,0.081081,-40.408329,15699278694,30683.69,511649,511649
785,-5403251.5053,2931671.9308,2660169.7156,578145716.6337,4601.2098,1999,0.003903,11.967242,39.796641,0.082575,-41.183975,15716218920,30683.87,512198,512198
786,-5648712.1392,2785688.6859,2677243.9686,591979036.6613,4522.5317,1999,0.003902,12.289690,43.665946,0.083998,-42.209374,15718879414,30684.28,512278,512278
787,-5222694.6160,2772349.2946,2596971.7665,565416712.7085,4593.0226,1999,0.003911,11.874413,38.870646,0.080830,-40.281888,15684969801,30683.55,511185,511185
788,-5454780.4783,2870931.0138,2636440.3413,575478316.5659,4581.3027,1999,0.003904,12.127635,36.546925,0.082941,-41.088404,15713051136,30683.56,512100,512100
789,-5327419.3650,2843348.9327,2631130.2144,572803761.8358,4593.4234,1999,0.003902,11.868125,46.672210,0.081602,-40.813718,15718962645,30683.90,512287,512287
79,-5397232.6012,2968945.2152,2659185.3839,575629185.5086,4619.6153,1999,0.003909,12.039087,38.502303,0.082477,-41.084100,16203385692,31687.96,511342,511342
790,-5522699.2465,2854309.6570,2693792.7904,590417484.2109,4562.5220,1999,0.003909,12.179802,35.102599,0.082689,-42.038413,15692252064,30684.53,511406,511406
791,-5505991.0175,2939440.5674,2701889.5189,589112874.0139,4586.3698,1999,0.003906,12.140712,36.876510,0.083080,-41.943331,15705414047,30684.53,511835,511835
792,-5562085.3690,2957962.1225,2680163.9976,585110477.0898,4580.6119,1999,0.003912,12.221587,48.642745,0.083887,-41.723537,16192201726,31688.40,510982,510982
793,-5466115.6358,2722921.3222,2649933.4993,583326544.7396,4542.7960,1999,0.003903,12.065259,37.516211,0.082114,-41.592332,16229211128,31688.08,512155,512155
794,-5555443.8822,2685832.5542,2635940.7025,584247037.4586,4511.6886,1999,0.003903,12.143409,38.854969,0.083217,-41.660544,16231461349,31688.09,512226,512226
795,-5507509.2106,2864615.4716,2669868.9651,584971226.6496,4564.1031,1999,0.003901,12.055606,39.289169,0.083071,-41.661944,16239970164,31687.99,512496,512496
796,-5627521.9194,2703383.0046,2647408.8946,587020216.6547,4509.9109,1999,0.003905,12.273015,37.572484,0.083803,-41.925364,16221754159,31688.37,511915,511915
797,-5582185.2456,2779682.3761,2667307.9594,588034559.1271,4535.9714,1999,0.003909,12.213446,38.257993,0.083515,-41.950706,16203099679,31688.33,511327,511327
798,-5528278.1180,2803955.4028,2670444.5569,587026307.5768,4549.1054,1999,0.003897,12.250174,39.469894,0.082738,-41.833001,16256772466,31688.50,513018,513018
799,-5420485.1816,2522404.2272,2598197.4268,578104399.2657,4494.3395,1999,0.003903,11.926555,41.286618,0.081546,-41.203173,16230284717,31688.14,512188,512188
80,-5640142.7240,2820632.2314,2667837.4802,588046297.8062,4536.7814,1999,0.003910,12.261748,41.509224,0.084210,-41.990401,16201173011,31688.53,511263,511263
800,-5352708.4819,2786261.6541,2625280.2693,574236403.1152,4571.7761,1999,0.003902,11.930137,37.213534,0.081663,-40.900701,16234724882,31687.59,512337,512337
801,-5584943.9500,3080012.5564,2698456.4598,585341739.0826,4610.0530,1999,0.003906,12.321596,44.873993,0.084560,-41.772769,16215339761,31688.22,511715,511715
802,-5493605.9582,2913476.4716,2680495.5510,585017370.9072,4581.9076,1999,0.003900,12.186060,41.717165,0.083044,-41.679976,16240471284,31688.23,512508,512508
803,-5550124.9952,2828053.2758,2690873.9250,591403136.7052,4549.9825,1999,0.003907,12.065084,35.025138,0.083006,-42.107428,16212233788,31688.60,511611,511611
804,-5560920.9439,2788710.7217,2665374.8942,587277120.1184,4538.5301,1999,0.003902,12.234183,40.394295,0.083288,-41.864056,16235530580,31688.30,512351,512351
805,-5449073.3205,2772583.5097,2617862.0190,575058058.6645,4552.3439,1999,0.003897,12.157359,40.040923,0.082852,-41.023907,16256460175,31688.02,513016,513016
806,-5547334.5800,2913115.0451,2692395.7413,588505792.1455,4574.9690,1999,0.003902,12.191966,43.473017,0.083401,-41.951188,16235445342,31688.38,512347,512347
807,-5580523.8979,2702140.4540,2645353.2146,586164977.1368,4512.9841,1999,0.003900,12.220542,56.469748,0.083353,-41.804540,16240890281,31688.00,512525,512525
808,-5487388.7154,2955119.8151,2688828.6696,585182689.2538,4594.8534,1999,0.003902,12.121439,42.950593,0.083079,-41.697205,16235335074,31687.92,512351,512351
809,-5518715.6807,2947081.1592,2682855.3271,584594666.7410,4589.2573,1999,0.003903,12.172215,45.940896,0.083259,-41.694032,16230638720,31688.27,512197,512197
81,-5397517.1115,2686548.0552,2580195.8010,568349907.4797,4539.8016,1999,0.003909,12.126645,50.411190,0.082280,-40.578995,16205253223,31687.77,511404,511404
810,-5459892.6578,2617613.1646,2631508.7961,583134886.1717,4512.6931,1999,0.003901,11.952194,46.112464,0.082038,-41.544038,16238614208,31688.38,512447,512447
811,-5619148.5992,2920731.2835,2717384.7132,595198644.8938,4565.5089,1999,0.003907,12.219285,45.186925,0.083694,-42.420374,16211507092,31688.54,511589,511589
812,-5408241.7694,2757290.3536,2632881.5719,577602376.6721,4558.2942,1999,0.003903,11.953437,36.386082,0.081985,-41.174502,16231093684,31687.92,512217,512217
813,-5423808.3856,2662612.3350,2631613.9672,581220354.6682,4527.7388,1999,0.003904,11.908662,38.305150,0.081865,-41.381715,16225835176,31688.24,512046,512046
814,-5455862.5087,2824756.8866,2662243.1835,583285809.1018,4564.2173,1999,0.003900,11.981453,38.502454,0.082355,-41.535111,16242419527,31688.14,512571,512571
815,-5430715.5996,2853564.0644,2654784.4537,580082164.2865,4576.5662,1999,0.003905,12.052177,45.498830,0.082542,-41.324615,16223311946,31688.14,511968,511968
816,-5356091.4763,2705193.1143,2586905.9216,568477563.3563,4550.5858,1999,0.003906,11.908917,36.958813,0.082044,-40.551094,16218393881,31687.75,511819,511819
817,-5531629.1507,3017648.3402,2704092.6850,587328250.9128,4604.0569,1999,0.003902,12.206044,38.616284,0.083389,-41.864869,16236001424,31688.29,512366,512366
818,-5689882.1245,3069609.7583,2744346.4935,598208006.1226,4587.6124,1999,0.003902,12.367698,40.945862,0.084745,-42.628151,16234745462,31688.50,512323,512323
819,-5643288.8122,2880368.2349,2685213.3773,590194121.0400,4549.7122,1999,0.003905,12.337846,36.398558,0.084255,-42.115118,16223339812,31688.31,511966,511966
82,-5429735.7356,2852131.7461,2633104.8758,574717481.8351,4581.5639,1999,0.003899,12.021928,43.456502,0.082509,-41.028437,16245490087,31688.01,512670,512670
820,-5287214.2667,2943339.7794,2653252.3359,573545620.7024,4626.0528,1999,0.003907,11.889262,36.278640,0.081177,-40.830002,16215078589,31687.96,511711,511711
821,-5473370.0917,2757316.3120,2627039.5479,578187634.2704,4543.5762,1999,0.003905,12.120138,42.975360,0.082915,-41.229387,16219574654,31688.14,511850,511850
822,-5505190.2028,3066159.6383,2713521.7089,587794828.1177,4616.4437,1999,0.003910,12.182394,42.081795,0.083230,-41.840671,16201851898,31688.49,511285,511285
823,-5453511.2570,3091588.8387,2713914.5668,585896610.5522,4632.0708,1999,0.003903,12.124652,42.611261,0.083119,-41.690498,16229021338,31688.21,512147,512147
824,-5634994.4627,3005378.1590,2719766.5458,593644627.5236,4581.4725,1999,0.003904,12.286306,40.697776,0.084472,-42.313361,16225152341,31688.27,512024,512024
825,-5542232.4632,2787973.5204,2652530.1527,583803860.9074,4543.5297,1999,0.003904,12.141217,37.020504,0.083098,-41.650537,16223600175,31688.27,511975,511975
826,-5586482.0000,3000758.5772,2705201.1797,589467836.8046,4589.2261,1999,0.003897,12.245761,41.169204,0.084071,-42.026678,16253196278,31688.26,512909,512909
827,-5398787.5036,2881656.0825,2635117.9212,574063484.7353,4590.2901,1999,0.003902,11.970612,41.401550,0.082549,-40.934742,16234044140,31687.87,512311,512311
828,-5648314.2445,3029260.7431,2719518.9230,593178515.4118,4584.6551,1999,0.003907,12.345366,46.542462,0.084686,-42.288379,16214888590,31688.52,511696,511696
829,-5667315.3292,2915694.6568,2712168.1983,596100757.1528,4549.8486,1999,0.003905,12.299271,38.466195,0.084297,-42.458199,16220204580,31688.75,511860,511860
83,-5380926.7382,2854501.4563,2644076.4778,576370210.3387,4587.4621,1999,0.003909,12.009167,37.186005,0.081997,-41.075331,16205595069,31688.19,511408,511408
830,-5406886.3439,2899399.1392,2658260.4996,578838916.4734,4592.4011,1999,0.003907,11.988356,38.905303,0.082430,-41.230198,16212942225,31687.94,511644,511644
831,-5623715.3465,2818269.5463,2662125.5303,586671273.3416,4537.6783,1999,0.003900,12.280191,39.178657,0.084192,-41.886250,16242070127,31688.13,512560,512560
832,-5444733.7188,2789348.9304,2643117.7769,580112264.2477,4556.2177,1999,0.003910,12.011807,37.458431,0.082555,-41.325087,16202578750,31688.18,511313,511313
833,-5520379.8128,2861245.0754,2699518.6835,591017051.0602,4567.5817,1999,0.003902,12.093715,40.689214,0.082816,-42.097657,16234914355,31688.45,512329,512329
834,-5486601.4802,2822216.3641,2662507.6960,583845834.2609,4560.2924,1999,0.003902,12.071399,49.154545,0.082712,-41.606091,16234875235,31688.32,512330,512330
835,-5495904.7197,2788665.5637,2650202.4884,582300954.1624,4551.2591,1999,0.003899,11.994567,38.324565,0.082747,-41.524504,16246226168,31688.33,512688,512688
836,-5562274.0110,2890766.1695,2703054.7070,592800634.6239,4559.8040,1999,0.003901,12.180706,43.122674,0.083586,-42.172546,16236608820,31688.48,512382,512382
837,-5437254.7384,2770729.4398,2638782.7712,579580058.7032,4552.9220,1999,0.003909,12.009575,45.854239,0.082296,-41.286849,16206019273,31688.03,511424,511424
838,-5517994.5603,2812651.4078,2647993.3499,581193610.1241,4556.1295,1999,0.003908,12.104412,39.194227,0.083135,-41.490789,16210549520,31688.09,511566,511566
839,-5583371.0222,2761180.3048,2676109.5753,590949856.5670,4528.4884,1999,0.003906,12.089873,39.095603,0.083292,-42.111098,16217203806,31688.40,511771,511771
84,-5682358.9136,2980931.6315,2727348.8054,597160246.9267,4567.1975,1999,0.003906,12.320625,40.816198,0.084731,-42.564346,16219346740,31688.62,511835,511835
840,-5502168.9398,2747643.2229,2648655.6905,582968575.9224,4543.3936,1999,0.003899,12.082962,43.746258,0.082523,-41.598891,16246393034,31688.28,512694,512694
841,-5475714.4290,2622385.9879,2629665.6628,582611240.1062,4513.5855,1999,0.003905,12.039001,38.505973,0.082107,-41.540732,16221316668,31688.20,511904,511904
842,-5627784.6133,2930726.8538,2712536.0181,593796518.2274,4568.1238,1999,0.003900,12.287985,38.128527,0.083904,-42.351882,16241261153,31688.29,512532,512532
843,-5599004.1973,2808993.8929,2696141.8596,593990289.4144,4539.0336,1999,0.003902,12.161394,38.887363,0.083403,-42.318073,16232654291,31688.43,512258,512258
844,-5520129.6821,2807807.0166,2657109.2046,583512393.0979,4553.6466,1999,0.003906,12.131855,36.502605,0.083020,-41.629273,16215305748,31688.10,511716,511716
845,-5389703.9572,2761010.8084,2634098.9819,577938682.0188,4557.7482,1999,0.003904,11.989928,47.294678,0.081992,-41.147499,16224860863,31688.25,512015,512015
846,-5410093.5968,3002543.0945,2673607.1898,578494869.4630,4621.6610,1999,0.003907,12.047599,40.606171,0.082515,-41.234687,16214090993,31687.89,511681,511681
847,-5603403.4114,2945897.9718,2697010.4822,590040780.7001,4570.8883,1999,0.003903,12.314365,37.962559,0.084117,-42.062480,16229370739,31688.33,512156,512156
848,-5481582.7865,2866014.4569,2622451.4184,573393935.2013,4573.5597,1999,0.003901,12.122237,45.433441,0.083399,-40.961615,16236063800,31687.79,512376,512376
849,-5485622.3810,2864335.1485,2640964.5524,577199423.8143,4575.4802,1999,0.003906,12.162271,43.590217,0.083216,-41.223733,16218672353,31687.68,511829,511829
85,-5561927.3649,2804922.0364,2670272.0788,587244439.5261,4547.1219,1999,0.003909,12.217833,42.370010,0.083375,-41.898279,16205895182,31688.53,511412,511412
850,-5579237.0803,2746246.5216,2674152.1820,590783792.2806,4526.4481,1999,0.003905,12.145924,37.761004,0.083184,-42.104652,16221705296,31688.28,511915,511915
851,-5496966.9565,2901146.9255,2687882.1304,587389156.9863,4575.9819,1999,0.003911,12.141797,48.320960,0.082817,-41.810626,16194607821,31688.27,511060,511060
852,-5626585.8294,2899571.1170,2742664.4875,601782827.1000,4557.5652,1999,0.003900,12.206793,46.483279,0.083430,-42.821386,16240848616,31688.72,512512,512512
853,-5412502.4071,2888608.7084,2643931.5636,575856509.2561,4591.3027,1999,0.003904,11.991054,37.346037,0.082529,-41.068524,16227074050,31687.93,512090,512090
854,-5425368.7151,2822368.2720,2639561.9406,577513361.0866,4570.5643,1999,0.003908,11.999360,54.019707,0.082350,-41.169325,16206792613,31687.50,511457,511457
855,-5425149.7593,2689890.2839,2619441.3197,577668299.8208,4534.5076,1999,0.003911,12.034766,42.983683,0.082194,-41.163045,16196616930,31688.17,511125,511125
856,-5544304.2592,3087537.1743,2724470.4993,590418942.4028,4614.4700,1999,0.003911,12.126424,42.117679,0.083808,-42.026600,16196744296,31688.11,511130,511130
857,-5593902.4521,2892798.5051,2701213.6284,592117497.0975,4561.9554,1999,0.003907,12.172761,40.814534,0.083670,-42.206208,15699039421,30684.30,511631,511631
858,-5515485.1467,2609721.9152,2613011.3951,580732293.2294,4499.5111,1999,0.003906,12.154477,41.111447,0.082591,-41.420404,15704923268,30683.99,511828,511828
859,-5493887.9961,2900382.8396,2674401.2903,583881086.3917,4580.3869,1999,0.003917,12.192579,43.861726,0.083041,-41.624469,15658209080,30683.90,510307,510307
86,-5545422.8004,2891443.0185,2666619.4206,583879900.0710,4567.0684,1999,0.003899,12.224245,47.858914,0.083575,-41.640750,16244633619,31688.38,512637,512637
860,-5502486.4278,2860291.3062,2692500.6010,589589180.9443,4566.7402,1999,0.003899,12.081040,43.816273,0.082643,-41.968607,15733763870,30684.46,512760,512760
861,-5496477.8997,2769888.7918,2618433.8768,576385820.5162,4542.8492,1999,0.003906,12.161537,40.834957,0.083243,-41.133274,15702334394,30683.96,511744,511744
862,-5477706.2328,2923571.3632,2674431.5020,582799309.3884,4588.9408,1999,0.003908,12.050350,39.706976,0.083026,-41.544197,15695741789,30684.15,511526,511526
863,-5366651.8252,2677164.6860,2611254.2743,574394536.7988,4546.0987,1999,0.003910,11.916682,36.306105,0.081503,-40.959771,15685405268,30683.74,511196,511196
864,-5509888.1663,2651275.6336,2619349.7694,580203287.3034,4514.5380,1999,0.003901,12.096869,50.975358,0.082943,-41.413704,15723539133,30683.79,512438,512438
865,-5434439.5305,2728303.0685,2647893.5630,582618648.0826,4544.8143,1999,0.003908,12.029451,36.805179,0.081946,-41.491364,15695249120,30684.15,511510,511510
866,-5496329.0802,2902350.6913,2685218.5114,586103625.8045,4581.4740,1999,0.003900,12.020383,40.459750,0.082899,-41.770562,15725622902,30684.14,512500,512500
867,-5578353.2322,2905157.3397,2708770.4969,593332877.5582,4565.3470,1999,0.003902,12.222238,44.286234,0.083348,-42.251787,15720990340,30684.68,512340,512340
868,-5641530.5845,2921773.7154,2699587.2983,591811295.2028,4561.5677,1999,0.003904,12.235388,52.744771,0.084134,-42.220747,15710925355,30684.44,512016,512016
869,-5264012.6958,2817395.7884,2596071.6754,564745506.9197,4596.8877,1999,0.003905,11.892439,51.630477,0.081477,-40.263772,15708474395,30683.55,511951,511951
87,-5605683.4543,3009156.6666,2696408.6543,587454744.0382,4589.9853,1999,0.003897,12.405126,44.323304,0.084400,-41.930088,16253587659,31688.22,512922,512922
870,-5527741.3545,3024213.5671,2689120.9284,583555843.7576,4608.1638,1999,0.003905,12.253702,43.002207,0.083515,-41.640004,15705602713,30684.11,511848,511848
871,-5445789.1416,2713927.2088,2635961.6359,580718909.0419,4539.1352,1999,0.003900,12.069980,36.475097,0.082233,-41.381602,15728269056,30684.16,512586,512586
872,-5538571.8796,2638716.4633,2653436.1911,589045829.3189,4504.6345,1999,0.003907,12.112723,41.289629,0.082625,-41.959570,15697931377,30684.53,511591,511591
873,-5424011.1286,2914461.4303,2645958.1683,575699670.9010,4596.0738,1999,0.003901,12.016693,40.712721,0.082722,-41.066811,15725131250,30684.02,512486,512486
874,-5701870.1551,2968199.4878,2721140.4593,596311729.9429,4563.2851,1999,0.003901,12.393622,52.937855,0.084796,-42.544886,15725358485,30684.52,512485,512485
875,-5498951.5531,2713628.4674,2648378.0951,584390698.3810,4531.8622,1999,0.003906,11.998782,44.997643,0.082458,-41.658434,15704735244,30684.28,511817,511817
876,-5565987.6859,2960540.6328,2694048.3271,588403973.3149,4578.5692,1999,0.003909,12.279715,42.736609,0.083793,-41.915375,15691341578,30684.37,511379,511379
877,-5522882.9997,2746552.4697,2661007.9318,586818376.4997,4534.6363,1999,0.003904,12.157288,42.456715,0.082978,-41.813631,15712870524,30684.53,512078,512078
878,-5483561.5655,2781110.4215,2677145.2479,588018919.5852,4552.8216,1999,0.003901,12.114697,42.120204,0.082335,-41.881747,15725511872,30684.40,512492,512492
879,-5345380.6323,2699394.0334,2641119.4854,580466245.5969,4549.9967,1999,0.003906,11.809139,38.716952,0.081118,-41.277947,15701447435,30684.09,511713,511713
88,-5473224.5539,2884208.0313,2639404.3536,576866603.1112,4575.4154,1999,0.003901,12.153756,35.867459,0.083090,-41.139295,16239153069,31688.01,512470,512470
880,-5646661.5670,2988046.7914,2707945.4439,592054652.2736,4573.8099,1999,0.003898,12.321324,39.355917,0.084649,-42.212194,15734312916,30684.51,512777,512777
881,-5576576.7271,2816799.0942,2680763.4849,589884057.5579,4544.5600,1999,0.003903,12.180210,37.116493,0.083233,-42.046111,15716481220,30684.39,512198,512198
882,-5562334.0075,2842851.2647,2675664.1154,587392031.0064,4555.1590,1999,0.003908,12.205113,46.434037,0.083226,-41.895906,15697027316,30684.39,511564,511564
883,-5443932.5510,2694717.0576,2626589.0770,579480637.4331,4532.6606,1999,0.003905,12.069095,35.097927,0.082274,-41.289091,15705702722,30684.13,511851,511851
884,-5660899.9812,2911296.5321,2675085.7423,586873875.8532,4558.1953,1999,0.003909,12.348632,42.188819,0.084503,-41.947677,15692755135,30684.01,511431,511431
885,-5378421.7416,2683739.4915,2588425.4533,569324808.2358,4546.4828,1999,0.003908,12.005211,35.254355,0.081969,-40.659742,15694322939,30683.24,511495,511495
886,-5795271.8326,3025796.2996,2764413.4694,606096019.0716,4561.0157,1999,0.003914,12.485753,37.441657,0.085472,-43.205783,15670740661,30685.07,510696,510696
887,-5477227.3046,2764890.4764,2655657.0603,584398824.6802,4544.2546,1999,0.003897,12.094473,45.549615,0.082614,-41.609652,15738919968,30684.04,512935,512935
888,-5484385.2930,2898956.7639,2663058.8775,581669222.2740,4578.3046,1999,0.003891,12.150288,40.732617,0.082909,-41.453376,15762635902,30683.86,513711,513711
889,-5605681.4588,2939929.7461,2711183.4753,593123922.2693,4571.0236,1999,0.003902,12.258538,37.285908,0.083943,-42.269988,15718957188,30684.49,512277,512277
89,-5432921.4657,2691943.5949,2604465.9316,573696549.6171,4539.7971,1999,0.003906,12.063686,40.312422,0.082391,-40.970114,16216538794,31688.03,511756,511756
890,-5527431.6487,2837431.4338,2673062.7935,586700595.4878,4556.0935,1999,0.003905,12.191767,46.823306,0.083351,-41.804487,15706714539,30684.43,511879,511879
891,-5385257.0570,2781055.8858,2632533.8725,576660201.1216,4565.1388,1999,0.003900,11.963036,48.005558,0.082129,-41.077729,15727416462,30683.81,512564,512564
892,-5392223.0110,2773397.1331,2615987.1350,572999725.3899,4565.4248,1999,0.003906,11.985815,37.938342,0.082034,-40.880480,15702982643,30684.03,511764,511764
893,-5430396.7568,2769872.6616,2648029.8591,580885595.2380,4558.6082,1999,0.003909,12.044099,37.548672,0.082135,-41.400329,15691379217,30684.26,511382,511382
894,-5545702.6623,3083250.9497,2727942.7036,591305772.0828,4613.4214,1999,0.003899,12.138740,43.527082,0.083700,-42.083244,15733267833,30684.57,512742,512742
895,-5533113.2105,2981405.0116,2693550.9093,586550878.2105,4592.1863,1999,0.003907,12.175457,45.132464,0.083676,-41.799801,15700324053,30684.29,511673,511673
896,-5541333.1652,2770341.6941,2642371.1591,581949768.2624,4540.5485,1999,0.003904,12.207149,38.455449,0.083119,-41.547076,15711892954,30684.11,512053,512053
897,-5516214.8618,2976234.0086,2692208.8111,586274439.4971,4592.0624,1999,0.003907,12.114432,45.013120,0.083530,-41.758162,15701558929,30684.43,511711,511711
898,-5549853.8466,2761053.5833,2639780.9872,581858067.0352,4536.8126,1999,0.003902,12.222003,33.927495,0.083380,-41.548345,15717736232,30684.02,512245,512245
899,-5428309.3652,2823135.6131,2635612.8757,576604616.4621,4570.9188,1999,0.003909,11.994683,38.965525,0.082746,-41.121123,15693157063,30684.08,511443,511443
90,-5502162.8252,2444783.4793,2595356.0873,581417158.0805,4463.8450,1999,0.003902,12.133877,43.950079,0.081991,-41.480576,16234739016,31688.30,512326,512326
900,-5415524.7057,2842158.4873,2639401.9586,576818190.0434,4575.7953,1999,0.003896,12.070183,38.612109,0.082533,-41.106942,15742896231,30683.90,513067,513067
901,-5574595.2874,2863712.2787,2682146.5191,588019716.7522,4561.3207,1999,0.003906,12.277414,38.565526,0.083411,-41.965994,15704261004,30684.31,511801,511801
902,-5400084.9650,2849363.5550,2642831.7069,576510983.1685,4584.1828,1999,0.003907,11.990173,41.207989,0.082367,-41.108419,15700080725,30684.18,511667,511667
903,-5248565.0068,2671533.8629,2603987.0218,571317386.2634,4557.8641,1999,0.003898,11.748989,35.628680,0.080452,-40.632302,15736384168,30684.01,512853,512853
904,-5488796.3510,2972758.0975,2696969.6809,586481946.9509,4598.5553,1999,0.003899,12.150821,44.757784,0.082901,-41.771555,15729993504,30684.35,512639,512639
905,-5532735.9598,2955854.2429,2698987.4842,588708468.3197,4584.5909,1999,0.003900,12.195654,34.698324,0.083428,-41.923604,15728394855,30684.34,512587,512587
906,-5411961.0386,2872606.1676,2645565.9640,576702079.2380,4587.4049,1999,0.003911,12.016207,48.252015,0.082490,-41.121023,15682075646,30684.07,511082,511082
907,-5593852.1741,2847504.5788,2688532.5803,590825577.6269,4550.4675,1999,0.003903,12.266333,42.556246,0.083466,-42.125705,15716141618,30684.38,512187,512187
908,-5599933.0485,2784648.4610,2666363.3038,588173069.5749,4533.2972,1999,0.003903,12.218154,38.603279,0.083753,-41.964796,15714649882,30684.41,512138,512138
909,-5331767.1858,2586372.6868,2591778.4408,572818309.7260,4524.6082,1999,0.003900,11.875207,39.785002,0.081058,-40.806496,15726016920,30683.89,512517,512517
91,-5563660.9048,2807869.7297,2655095.3957,583756422.1964,4548.2933,1999,0.003903,12.256441,43.552063,0.083377,-41.686815,16227776533,31688.19,512108,512108
910,-5672318.9830,2822685.1718,2693025.2308,594593058.5930,4529.1905,1999,0.003910,12.395855,39.092847,0.084229,-42.397376,15686224629,30684.44,511211,511211
911,-5535328.3993,2826134.6011,2662509.6391,584451877.9210,4555.5669,1999,0.003897,12.150472,36.572862,0.083390,-41.697102,15740222944,30684.31,512973,512973
912,-5282858.5376,2874074.3516,2631257.4396,571052417.4147,4607.7337,1999,0.003908,11.920115,43.282269,0.081391,-40.663652,15695082784,30683.76,511511,511511
913,-5471273.1024,2688811.4770,2596421.5592,573135145.9034,4530.2082,1999,0.003905,12.168815,37.448095,0.082717,-40.945108,15708732115,30683.75,511956,511956
914,-5514687.4462,2842606.7090,2647179.5713,580413006.0062,4560.8550,1999,0.003896,12.098192,41.725101,0.083305,-41.412543,15743490857,30684.10,513083,513083
915,-5589720.7387,3020513.2669,2728077.4859,594120349.8557,4591.7927,1999,0.003909,12.145105,38.340062,0.083805,-42.304302,15690875400,30684.48,511362,511362
916,-5632991.3103,2910923.5357,2682678.2052,588511783.8062,4558.4103,1999,0.003910,12.337010,39.781928,0.084265,-41.997753,15686835861,30684.62,511228,511228
917,-5521815.1985,2754687.1103,2659587.0645,585891530.3451,4539.3847,1999,0.003901,12.117909,38.933459,0.082813,-41.772883,16238505656,31688.41,512443,512443
918,-5295869.2435,2820570.7335,2620379.9377,570323161.7623,4594.5529,1999,0.003903,11.891184,39.505979,0.081510,-40.649882,16231082032,31687.59,512222,512222
919,-5359449.8161,2818501.3913,2623192.5258,572539324.5981,4581.6810,1999,0.003907,11.935219,44.398374,0.081897,-40.821218,16212221284,31687.95,511621,511621
92,-5455499.4781,2647328.0247,2585455.7366,571876712.8072,4521.0020,1999,0.003905,12.075185,42.934669,0.082660,-40.845797,16220093490,31687.85,511871,511871
920,-5730935.3032,2990771.4028,2754858.2272,604067260.3582,4560.5157,1999,0.003909,12.397493,40.661182,0.084954,-43.015971,16203157828,31688.88,511320,511320
921,-5480071.2110,2896176.4550,2689244.7334,587099171.6916,4580.5630,1999,0.003903,12.042084,40.118232,0.082696,-41.805791,16229194339,31688.24,512152,512152
922,-5337338.2052,2531365.3057,2571724.0520,570435780.6082,4508.3498,1999,0.003900,11.868470,41.940035,0.081208,-40.657648,16241859592,31687.79,512559,512559
923,-5697793.6546,2738834.9327,2693660.8760,597835584.4260,4505.6884,1999,0.003899,12.310343,38.820945,0.083927,-42.627746,16244764474,31688.45,512640,512640
924,-5573068.6089,2748951.6059,2658196.5517,587010756.1653,4528.3609,1999,0.003903,12.146403,37.925167,0.083403,-41.870751,16231687025,31688.22,512231,512231
925,-5475461.9927,2656961.1272,2638160.8663,584149129.5825,4516.2455,1999,0.003902,11.944663,38.812874,0.082388,-41.587785,16232098663,31688.22,512244,512244
926,-5367261.2749,2866324.7812,2639691.9995,574991370.1329,4590.8376,1999,0.003908,11.924554,43.075402,0.082140,-40.965477,16208133686,31688.01,511491,511491
927,-5464607.5697,3058144.3522,2682317.0661,579739484.2761,4626.7628,1999,0.003909,12.160271,38.004098,0.083376,-41.351629,16203956433,31687.90,511361,511361
928,-5517484.3771,2841253.3917,2648085.0045,580536531.4115,4561.4442,1999,0.003901,12.157256,42.372997,0.083494,-41.433544,16236643951,31688.24,512387,512387
929,-5642840.1332,2817454.4491,2667369.4869,588674930.3800,4531.1416,1999,0.003906,12.315308,42.196965,0.084335,-41.999699,16218190728,31688.47,511801,511801
93,-5347448.8840,2594293.7975,2556114.4193,564411110.9575,4528.8166,1999,0.003906,11.949294,40.618583,0.081610,-40.334813,16217616414,31687.84,511793,511793
930,-5448787.5147,2708887.9773,2611918.0888,575463014.6509,4538.8114,1999,0.003905,12.104240,43.426078,0.082493,-41.070279,16222799958,31687.88,511956,511956
931,-5514221.2917,2629384.6758,2643993.7953,586837865.0622,4505.4928,1999,0.003902,12.104694,40.627611,0.082522,-41.803961,16232731965,31688.22,512264,512264
932,-5446697.0118,2675718.9840,2616378.6690,577617450.7738,4529.6046,1999,0.003902,11.960294,40.775075,0.082219,-41.191833,16233771982,31687.96,512301,512301
933,-5479761.2967,2892050.5571,2660071.2657,581051040.2176,4578.0337,1999,0.003903,12.103194,48.632642,0.083192,-41.416812,16231225208,31688.06,512219,512219
934,-5542927.6022,2822656.0427,2667949.6612,586278226.5769,4550.6545,1999,0.003897,12.115053,42.240016,0.083220,-41.792207,16256322991,31688.24,513008,513008
935,-5477378.5454,2970857.9732,2668755.6415,580248927.6781,4599.3289,1999,0.003905,12.203379,43.527107,0.083458,-41.371688,16222834909,31687.89,511957,511957
936,-5691421.2368,2783104.3440,2697841.6270,596987002.4622,4519.0961,1999,0.003901,12.271044,40.553518,0.083995,-42.580413,16236312377,31688.46,512373,512373
937,-5565386.4490,3024141.9521,2722053.1129,591766321.5819,4599.8784,1999,0.003900,12.187841,36.060620,0.083703,-42.164846,16240783390,31688.47,512514,512514
938,-5472071.1705,2812594.8833,2659095.1663,583252085.4436,4559.0839,1999,0.003908,12.050392,45.048974,0.082516,-41.548974,16211129153,31688.42,511579,511579
939,-5483522.2826,2624692.4411,2611679.4520,579378377.1699,4507.7268,1999,0.003907,12.058221,45.317227,0.082611,-41.307065,16212180173,31688.06,511618,511618
94,-5493757.8859,2722297.5885,2603983.9062,574253205.2188,4534.5570,1999,0.003914,12.121324,39.967189,0.083093,-41.024048,16185060710,31688.07,510762,510762
940,-5585136.6895,2898396.7684,2685126.9800,588113183.8350,4565.6636,1999,0.003907,12.227603,38.645943,0.083698,-41.957730,16213017481,31688.21,511642,511642
941,-5632135.6303,3055300.6203,2737793.6878,596444509.5729,4590.1901,1999,0.003902,12.312415,37.023284,0.084567,-42.452203,16235684532,31688.60,512351,512351
942,-5579948.8871,2910199.0689,2678108.2621,586201767.6482,4568.5776,1999,0.003901,12.236674,39.192904,0.083984,-41.828861,16238395982,31688.14,512444,512444
943,-5419636.1589,2642655.0530,2587038.1513,571334896.1864,4528.0591,1999,0.003904,12.022426,35.810233,0.082104,-40.806431,16225015371,31687.87,512026,512026
944,-5530975.5527,2537738.1611,2591244.2455,578289734.9099,4480.8754,1999,0.003906,12.093649,42.229624,0.082825,-41.301250,16215432746,31687.85,511724,511724
945,-5468172.3605,2945516.8992,2685219.1509,584460754.1620,4594.3532,1999,0.003905,12.102467,42.029318,0.082821,-41.627657,16221715051,31688.24,511916,511916
946,-5428335.1817,2856039.3114,2652387.0231,579190146.1676,4579.4754,1999,0.003906,12.064804,40.364092,0.082373,-41.280763,16215634001,31688.06,511727,511727
947,-5575903.2128,2927169.0071,2692428.3183,588890681.8009,4572.0342,1999,0.003903,12.149014,47.823813,0.083860,-41.981275,16231064147,31688.42,512208,512208
948,-5506354.3599,2652660.9742,2618106.4141,580612377.9922,4509.2156,1999,0.003898,12.220818,40.689957,0.082830,-41.384569,16251343272,31688.24,512851,512851
949,-5410542.7194,2996369.8577,2689030.8028,581649077.3370,4623.1154,1999,0.003916,12.043235,39.815292,0.082114,-41.455447,16176231697,31688.09,510483,510483
95,-5270081.6980,2599427.6771,2575274.9058,566787883.2411,4543.6308,1999,0.003908,11.827139,35.137004,0.080545,-40.430429,16208659937,31687.87,511510,511510
950,-5607904.7033,2882746.0112,2712055.5261,595678444.6246,4552.8851,1999,0.003897,12.245409,38.150213,0.083730,-42.403856,16253086915,31688.48,512902,512902
951,-5344354.0560,2978117.9476,2670431.4398,577362136.1878,4625.2279,1999,0.003908,11.928569,39.948591,0.081973,-41.109592,16209875416,31687.95,511547,511547
952,-5653582.1371,2985498.5844,2736513.2236,598523516.5214,4572.1064,1999,0.003904,12.359079,49.753506,0.084459,-42.621784,16225778241,31688.87,512034,512034
953,-5493193.2096,2818650.2978,2656773.4538,583097913.6272,4556.3076,1999,0.003907,12.087544,51.061784,0.082869,-41.548052,16212418353,31688.21,511623,511623
954,-5538934.4440,2942289.8374,2693209.5731,587551319.8758,4583.7861,1999,0.003904,12.208700,35.529780,0.083281,-41.883579,16225104578,31688.23,512023,512023
955,-5367878.3370,2785502.5187,2613091.0814,571849269.2370,4569.5452,1999,0.003905,11.928907,36.300353,0.082163,-40.768333,16220668265,31687.74,511891,511891
956,-5575084.4220,2834903.9867,2647706.4783,582084866.6814,4548.6606,1999,0.003903,12.256297,42.445780,0.084184,-41.559260,16228332854,31688.04,512128,512128
957,-5487186.1435,2836874.2910,2642312.6848,578484438.4683,4567.6470,1999,0.003901,12.129341,40.848222,0.082947,-41.301968,16239499943,31687.88,512483,512483
958,-5419175.9437,2956771.5807,2656171.2111,576479434.5641,4607.5732,1999,0.003904,12.108217,44.902514,0.082635,-41.109747,15710351851,30683.98,512005,512005
959,-5610295.1066,2895150.2085,2700250.3826,592734921.2587,4555.5784,1999,0.003906,12.281548,38.249771,0.083830,-42.222090,15702871270,30684.77,511748,511748
96,-5623868.1302,2835382.8262,2680029.9841,589939618.7245,4542.8886,1999,0.003892,12.311915,38.193100,0.083928,-42.095211,16274489390,31688.51,513577,513577
960,-5425488.6569,2738073.8141,2655546.8102,583824204.9176,4548.5384,1999,0.003903,11.904245,36.345347,0.082068,-41.557335,15715559752,30684.32,512169,512169
961,-5602721.5906,2836784.0891,2659364.1953,585213957.3816,4544.2597,1999,0.003903,12.306702,41.198866,0.083879,-41.767990,15714630474,30684.19,512141,512141
962,-5328659.4616,2537136.1024,2569375.9076,568881529.4588,4516.5395,1999,0.003902,11.838123,37.978272,0.081160,-40.594608,15720978677,30683.94,512352,512352
963,-5525870.1267,2826375.9845,2657975.2987,583345517.6971,4556.4339,1999,0.003905,12.135180,44.495510,0.083219,-41.614560,15706870180,30684.25,511887,511887
964,-5355003.4416,2835197.7362,2635359.3890,574671256.3578,4585.8556,1999,0.003906,11.986374,43.362848,0.081856,-40.942791,15701480673,30684.09,511714,511714
965,-5442004.6314,2884411.0214,2655811.2453,579577252.7036,4582.3248,1999,0.003910,12.017198,39.294652,0.082712,-41.298797,15688428958,30683.95,511291,511291
966,-5373945.4995,2763177.4244,2634645.4016,577135041.6410,4565.0415,1999,0.003904,11.905074,38.724850,0.081590,-41.117260,15711776377,30684.13,512049,512049
967,-5556381.5108,2693635.1127,2652900.3589,587240246.6651,4517.5724,1999,0.003907,12.172695,39.432498,0.082929,-41.876590,15700337257,30684.50,511670,511670
968,-5504689.3214,2713387.5553,2632253.6038,581425684.7104,4527.2400,1999,0.003910,12.091210,41.097167,0.082927,-41.450950,15685826224,30683.96,511206,511206
969,-5501913.6204,2879727.8067,2669631.5157,583445184.1174,4575.6338,1999,0.003902,12.108764,39.777715,0.082910,-41.614700,15719825732,30684.03,512313,512313
97,-5319350.2515,2892131.7049,2624141.9917,569143029.2604,4610.6899,1999,0.003901,11.932285,43.709168,0.081940,-40.605609,16238705385,31688.00,512456,512456
970,-5348350.5877,2845468.7288,2631913.6409,573410681.2736,4589.9278,1999,0.003905,11.940365,33.756756,0.081916,-40.861800,15707115924,30684.13,511897,511897
971,-5497963.9921,2974199.3935,2690964.3452,585478981.4182,4596.1758,1999,0.003900,12.133999,42.899902,0.083255,-41.707092,15726523143,30684.28,512527,512527
972,-5653818.8639,2861503.8962,2714372.5495,596626740.3975,4549.5322,1999,0.003909,12.238291,38.813406,0.083929,-42.570284,15693002382,30684.68,511428,511428
973,-5560299.0692,2782089.6369,2674930.3132,589563112.2217,4537.1399,1999,0.003899,12.097907,40.223094,0.083263,-42.006643,15730731642,30684.41,512662,512662
974,-5509803.5295,2900378.7963,2673139.2650,583596216.8868,4580.4602,1999,0.003905,12.180700,41.188031,0.083173,-41.639131,15709299196,30684.32,511965,511965
975,-5658228.6821,2892871.2676,2728203.4024,599657157.9426,4549.6053,1999,0.003903,12.351768,40.866773,0.083976,-42.704721,15713684679,30684.44,512106,512106
976,-5404377.6441,2876787.1347,2656265.4231,578752553.2043,4589.6392,1999,0.003899,11.959195,32.310189,0.082210,-41.242235,15731674318,30683.80,512703,512703
977,-5559305.5787,2903182.0648,2710000.7215,593352466.6058,4567.2697,1999,0.003905,12.147315,39.159034,0.083192,-42.234242,15706326921,30684.69,511862,511862
978,-5532138.0168,2917393.5939,2690160.9432,587619699.5613,4578.0646,1999,0.003904,12.159525,37.965596,0.083325,-41.881865,15711040217,30684.19,512024,512024
979,-5596243.7267,2808764.8394,2687974.3694,592178127.4019,4539.1315,1999,0.003904,12.219333,39.071162,0.083416,-42.200946,15712612250,30684.38,512072,512072
98,-5686415.5140,2862564.8579,2682192.7049,590642908.3099,4541.1410,1999,0.003899,12.409456,42.510642,0.084603,-42.195408,16248574437,31688.46,512760,512760
980,-5375940.4001,2884600.4397,2651300.6761,577231272.9727,4593.1342,1999,0.003903,12.094899,45.460269,0.082136,-41.103107,15714795209,30684.03,512149,512149
981,-5391331.7101,2876035.6034,2629195.0782,572373811.8565,4593.4930,1999,0.003900,12.063566,37.895395,0.082421,-40.850017,15727998936,30683.81,512583,512583
982,-5390139.9001,2791777.0339,2652992.0882,580217136.0059,4572.4125,1999,0.003898,11.883043,34.381892,0.081743,-41.342173,15733999859,30683.84,512778,512778
983,-5750613.6319,2993309.7968,2750670.2165,603179982.2695,4560.2810,1999,0.003899,12.411931,39.915199,0.085052,-42.992956,15732801315,30684.62,512726,512726
984,-5618555.8852,3075214.7609,2708065.7886,587947767.6609,4605.9632,1999,0.003908,12.273963,44.421626,0.084457,-41.979011,15695568591,30684.23,511519,511519
985,-5601950.4869,2808438.0485,2667810.8590,588179193.9380,4535.7110,1999,0.003903,12.217494,39.735752,0.083931,-41.939511,15715943357,30684.41,512180,512180
986,-5459788.8951,2725486.5707,2622500.6802,577624212.0956,4540.1502,1999,0.003906,12.023961,47.107280,0.082686,-41.203267,15703257034,30684.03,511773,511773
987,-5434108.4730,2730907.1309,2625842.7686,577861896.1377,4544.0663,1999,0.003905,12.140889,47.102745,0.082373,-41.187212,15707731087,30683.96,511920,511920
988,-5469985.6448,2660433.8297,2618213.7779,578877514.0015,4522.9150,1999,0.003908,12.051726,37.382995,0.082467,-41.299232,15696309480,30684.12,511545,511545
989,-5590808.1980,2779158.7384,2658392.2922,586382700.6841,4533.5449,1999,0.003910,12.229729,43.500963,0.083669,-41.847794,15688225009,30684.51,511275,511275
99,-5512805.7825,2984397.2000,2685024.6692,583555234.0870,4601.1491,1999,0.003907,12.296047,39.296487,0.083240,-41.636436,16212524026,31688.30,511625,511625
990,-5636426.9052,3037294.4476,2712665.9807,591122264.3573,4589.0100,1999,0.003908,12.332728,39.242295,0.084620,-42.154827,15697173235,30684.43,511568,511568
991,-5331601.0225,2701045.5123,2620795.7749,575227470.3744,4556.1033,1999,0.003907,11.856024,35.778425,0.081130,-40.968784,15699054130,30683.97,511637,511637
992,-5283676.2576,2703764.3278,2589502.5793,567424644.6756,4563.6061,1999,0.003897,11.880882,48.908820,0.080892,-40.440501,15738910368,30683.73,512940,512940
993,-5551150.5529,3009933.9902,2689254.7226,584759956.3768,4598.9037,1999,0.003904,12.203382,42.290395,0.083803,-41.719216,15710895459,30684.26,512018,512018
994,-5539611.8572,2800487.6843,2651199.6347,582665093.3343,4550.1261,1999,0.003915,12.122863,48.492165,0.083493,-41.603958,15667384466,30684.26,510600,510600
995,-5681160.1224,2940823.7415,2741030.0935,601160556.1492,4559.5641,1999,0.003908,12.303886,36.877339,0.084329,-42.827990,15694137175,30684.91,511461,511461
996,-5516951.2966,2867935.0517,2689869.0785,589270566.7323,4564.7437,1999,0.003899,12.110710,42.356544,0.083153,-41.947102,15733447513,30684.56,512748,512748
997,-5664492.4624,2873792.9644,2685791.2457,591494534.1951,4540.6865,1999,0.003903,12.369792,41.069036,0.084496,-42.178328,15715367742,30684.55,512159,512159
998,-5594094.7557,2994693.1141,2702397.2364,588883904.0835,4589.0153,1999,0.003898,12.302264,35.218225,0.084050,-42.015599,15734128184,30684.27,512775,512775
999,-5387701.1465,2657479.5815,2628058.7192,579932913.8016,4531.6599,1999,0.003899,11.898906,39.542396,0.081375,-41.271283,15730660160,30684.15,512664,512664
