seed,user_pnl,arb_profit,lp_profit_value,total_volume,lp_profit_per_1m_vol,arb_trade_count,intervention_rate,avg_spread_pct,max_spread_pct,rmse_price,impermanent_loss_pct,total_compute_units,avg_cu_per_swap,total_swaps,successful_swaps
100,-175845.2521,0.0000,175845.2521,41789372.8548,4207.8940,0,0.000000,38.964853,73.941523,0.221905,-2.747582,977290211,30686.08,31848,31848
1000,-167766.8455,0.0000,167766.8455,40633536.1315,4128.7779,0,0.000000,30.319573,60.147290,0.176168,-2.621357,979807852,30686.12,31930,31930
1001,-161970.7954,0.0000,161970.7954,39661282.1743,4083.8517,0,0.000000,32.401888,69.937516,0.191322,-2.530794,981238896,30684.81,31978,31978
1002,-179754.7538,0.0000,179754.7538,43209995.5438,4160.0271,0,0.000000,42.281735,90.778142,0.242983,-2.808668,978318318,30686.56,31881,31881
1003,-170782.8269,0.0000,170782.8269,42366978.8252,4031.0362,0,0.000000,33.275506,69.021397,0.204029,-2.668482,982079659,30685.19,32005,32005
1004,-199661.6304,0.0000,199661.6304,48080895.3754,4152.6188,0,0.000000,39.877232,92.840320,0.243229,-3.119713,983992249,30688.38,32064,32064
1005,-181762.3438,0.0000,181762.3438,43479576.7047,4180.4074,0,0.000000,41.975074,103.023156,0.236899,-2.840037,976174947,30686.71,31811,31811
1006,-198334.3851,0.0000,198334.3851,48332648.0260,4103.5282,0,0.000000,34.356968,76.036992,0.211945,-3.098975,987734664,30688.33,32186,32186
1007,-193332.2608,0.0000,193332.2608,45976277.8638,4205.0438,0,0.000000,37.500998,69.766910,0.210402,-3.020817,986795436,30687.75,32156,32156
1008,-173470.5133,0.0000,173470.5133,42000280.0026,4130.2228,0,0.000000,37.978460,95.214552,0.226260,-2.710477,979748523,30686.19,31928,31928
1009,-177934.4229,0.0000,177934.4229,42362666.7463,4200.2649,0,0.000000,38.650096,82.957281,0.234200,-2.780225,983050003,30686.75,32035,32035
101,-180659.5382,0.0000,180659.5382,42344842.3414,4266.3883,0,0.000000,36.120340,89.157284,0.212402,-2.822805,979318515,30687.13,31913,31913
1010,-190386.5280,0.0000,190386.5280,44581006.6868,4270.5749,0,0.000000,39.705545,78.025320,0.244134,-2.974790,982603315,30687.17,32020,32020
1011,-185886.5159,0.0000,185886.5159,44754974.4626,4153.4269,0,0.000000,37.327759,81.866232,0.223466,-2.904477,987212736,30687.37,32170,32170
1012,-216492.4444,0.0000,216492.4444,48595919.6049,4454.9511,0,0.000000,37.422348,73.468007,0.226265,-3.382694,977858126,30688.49,31864,31864
1013,-180612.5139,0.0000,180612.5139,44578201.1269,4051.5882,0,0.000000,37.222155,80.776224,0.221489,-2.822071,987749091,30686.87,32188,32188
1014,-194271.5837,0.0000,194271.5837,43781250.0609,4437.3238,0,0.000000,32.421594,72.782927,0.216912,-3.035493,979492329,30686.81,31919,31919
1015,-197244.8447,0.0000,197244.8447,46824754.1457,4212.4053,0,0.000000,41.648089,118.800177,0.232247,-3.081951,980799413,30688.34,31960,31960
1016,-177588.6249,0.0000,177588.6249,42303567.6379,4197.9586,0,0.000000,33.802406,76.161876,0.205847,-2.774822,989565666,30686.11,32248,32248
1017,-193101.0551,0.0000,193101.0551,47537565.2693,4062.0729,0,0.000000,38.625974,83.409990,0.231874,-3.017204,974246651,30687.83,31747,31747
1018,-171938.1645,0.0000,171938.1645,40478723.3181,4247.6183,0,0.000000,39.197474,84.292684,0.228673,-2.686534,983281172,30684.39,32045,32045
1019,-189821.0574,0.0000,189821.0574,45247457.4953,4195.1762,0,0.000000,40.539445,84.175474,0.252179,-2.965954,979280875,30686.92,31912,31912
102,-161975.0534,0.0000,161975.0534,39447518.5447,4106.0898,0,0.000000,40.888526,75.076184,0.235045,-2.530860,980506238,30684.93,31954,31954
1020,-179379.1799,0.0000,179379.1799,42812007.3272,4189.9269,0,0.000000,34.614546,70.847234,0.200554,-2.802800,976053902,30686.76,31807,31807
1021,-169785.4863,0.0000,169785.4863,41155673.6245,4125.4454,0,0.000000,35.469528,78.073398,0.213001,-2.652898,979509172,30685.42,31921,31921
1022,-185840.0999,0.0000,185840.0999,43623997.3378,4260.0429,0,0.000000,37.711272,81.647061,0.216640,-2.903752,980160972,30686.61,31941,31941
1023,-174830.5328,0.0000,174830.5328,40420259.2618,4325.3194,0,0.000000,35.072800,70.976135,0.225351,-2.731727,983545721,30684.98,32053,32053
1024,-189638.6076,0.0000,189638.6076,45506353.4195,4167.2996,0,0.000000,37.005357,72.543573,0.245000,-2.963103,978554779,30687.24,31888,31888
1025,-187364.6203,0.0000,187364.6203,46088155.8895,4065.3529,0,0.000000,39.393176,89.289619,0.218485,-2.927572,986411315,30688.22,32143,32143
1026,-172145.9648,0.0000,172145.9648,42531172.1395,4047.5246,0,0.000000,38.935515,86.443636,0.234129,-2.689781,978158857,30686.37,31876,31876
1027,-180426.9846,0.0000,180426.9846,44654289.4781,4040.5297,0,0.000000,39.460394,93.291646,0.231727,-2.819172,976549988,30686.92,31823,31823
1028,-198816.8856,0.0000,198816.8856,47123194.3716,4219.0876,0,0.000000,39.342345,108.650932,0.231156,-3.106514,980268388,30688.05,31943,31943
1029,-189995.5333,0.0000,189995.5333,45784654.3816,4149.7645,0,0.000000,36.049896,65.092271,0.213607,-2.968680,978564613,30687.55,31888,31888
103,-183190.6861,0.0000,183190.6861,44057622.1765,4157.9794,0,0.000000,33.580895,65.796718,0.216692,-2.862354,980725499,30686.99,31959,31959
1030,-198219.0088,0.0000,198219.0088,45825398.7264,4325.5272,0,0.000000,41.364730,73.917561,0.250580,-3.097172,987761503,30687.26,32188,32188
1031,-175634.8676,0.0000,175634.8676,43124453.5523,4072.7442,0,0.000000,38.833949,86.278725,0.246013,-2.744295,982019456,30687.15,32001,32001
1032,-180741.2467,0.0000,180741.2467,42753026.7166,4227.5661,0,0.000000,37.851493,84.084415,0.221231,-2.824082,982297598,30686.25,32011,32011
1033,-184939.5479,0.0000,184939.5479,44006113.3106,4202.5876,0,0.000000,37.021449,81.921881,0.215631,-2.889680,982661555,30687.08,32022,32022
1034,-161066.6218,0.0000,161066.6218,39086508.1955,4120.7729,0,0.000000,35.967165,76.947690,0.209921,-2.516666,979536473,30685.31,31922,31922
1035,-174816.5398,0.0000,174816.5398,42830006.8863,4081.6370,0,0.000000,40.686519,104.706878,0.224694,-2.731508,982110829,30686.17,32005,32005
1036,-186603.2707,0.0000,186603.2707,45162158.5889,4131.8501,0,0.000000,46.536769,95.011198,0.255887,-2.915676,976064164,30687.09,31807,31807
1037,-182635.1311,0.0000,182635.1311,42475589.3674,4299.7668,0,0.000000,40.478574,80.991415,0.245180,-2.853674,979024846,30686.59,31904,31904
1038,-181097.3157,0.0000,181097.3157,43003054.9966,4211.2663,0,0.000000,32.393266,72.352073,0.185269,-2.829646,985909671,30685.02,32130,32130
1039,-184308.1811,0.0000,184308.1811,43060015.8380,4280.2627,0,0.000000,40.626264,81.424370,0.235069,-2.879815,977143304,30686.28,31843,31843
104,-173072.1482,0.0000,173072.1482,41787118.3991,4141.7584,0,0.000000,34.773590,69.567104,0.228250,-2.704252,981063028,30686.03,31971,31971
1040,-207439.8992,0.0000,207439.8992,50265621.1054,4126.8743,0,0.000000,39.330185,68.425522,0.240262,-3.241248,983893122,30689.12,32060,32060
1041,-169070.8950,0.0000,169070.8950,41750279.5628,4049.5752,0,0.000000,41.253605,73.076961,0.229898,-2.641733,985965844,30685.81,32131,32131
105,-181150.7601,0.0000,181150.7601,41376608.7886,4378.0959,0,0.000000,40.950929,89.623950,0.241374,-2.830481,978742976,30684.48,31897,31897
106,-179215.0495,0.0000,179215.0495,42837441.8896,4183.6076,0,0.000000,40.057544,92.147284,0.225755,-2.800235,984690867,30686.24,32089,32089
107,-165177.9292,0.0000,165177.9292,39585585.2359,4172.6787,0,0.000000,38.425517,81.886460,0.227038,-2.580905,981412634,30684.49,31984,31984
108,-196133.3675,0.0000,196133.3675,46924896.4085,4179.7294,0,0.000000,38.069370,98.202258,0.223807,-3.064584,985842826,30687.71,32125,32125
109,-186053.7281,0.0000,186053.7281,44867399.9744,4146.7464,0,0.000000,35.759650,72.125392,0.215716,-2.907090,976812300,30687.45,31831,31831
110,-200585.6132,0.0000,200585.6132,49737330.5218,4032.8987,0,0.000000,41.965528,93.545511,0.239321,-3.134150,978828559,30689.09,31895,31895
111,-186966.4093,0.0000,186966.4093,42787851.5619,4369.6143,0,0.000000,43.434994,85.797471,0.259277,-2.921350,979898830,30686.09,31933,31933
112,-180214.2762,0.0000,180214.2762,43820867.0879,4112.5219,0,0.000000,37.685522,75.845421,0.224260,-2.815848,982568640,30687.05,32019,32019
113,-173981.2199,0.0000,173981.2199,42263374.9830,4116.5955,0,0.000000,37.577576,91.165566,0.214792,-2.718457,983300301,30686.90,32043,32043
114,-177172.1316,0.0000,177172.1316,42314138.7847,4187.0669,0,0.000000,40.548950,88.288427,0.243614,-2.768315,986487272,30686.76,32147,32147
115,-179366.0518,0.0000,179366.0518,43938432.2240,4082.2133,0,0.000000,41.122568,93.012852,0.240111,-2.802595,985356893,30686.92,32110,32110
116,-164291.9565,0.0000,164291.9565,40364080.0515,4070.2515,0,0.000000,39.907693,93.552956,0.237560,-2.567062,986165124,30684.37,32139,32139
117,-178084.9030,0.0000,178084.9030,44218386.8103,4027.3948,0,0.000000,34.651489,68.730499,0.215235,-2.782577,986852416,30686.66,32159,32159
118,-166047.6307,0.0000,166047.6307,41027715.4052,4047.2064,0,0.000000,41.810962,83.235737,0.234733,-2.594494,976372321,30685.20,31819,31819
119,-170519.2547,0.0000,170519.2547,41576303.1730,4101.3568,0,0.000000,37.416611,110.613747,0.212676,-2.664363,987493396,30686.56,32180,32180
120,-199083.8626,0.0000,199083.8626,46436563.1742,4287.2222,0,0.000000,39.023262,88.528117,0.228987,-3.110685,974702693,30687.70,31762,31762
121,-188112.8356,0.0000,188112.8356,45991150.7403,4090.1963,0,0.000000,36.502915,85.976625,0.210972,-2.939263,984441849,30688.05,32079,32079
122,-184957.2589,0.0000,184957.2589,44198995.3628,4184.6485,0,0.000000,39.366284,75.882092,0.239737,-2.889957,988112521,30686.72,32200,32200
123,-185556.5137,0.0000,185556.5137,44922267.8837,4130.6132,0,0.000000,39.446464,82.681349,0.234351,-2.899321,984886122,30686.59,32095,32095
124,-184895.2726,0.0000,184895.2726,43994407.3669,4202.6995,0,0.000000,33.535481,79.257149,0.201784,-2.888989,975243814,30687.34,31780,31780
125,-187918.7931,0.0000,187918.7931,45875853.4203,4096.2463,0,0.000000,37.780621,74.123079,0.212179,-2.936231,979846440,30687.33,31930,31930
126,-181757.9620,0.0000,181757.9620,44376929.7419,4095.7760,0,0.000000,40.312990,81.686436,0.221259,-2.839968,980239111,30687.13,31943,31943
127,-185969.7890,0.0000,185969.7890,45687190.4929,4070.5018,0,0.000000,38.286909,88.610309,0.222852,-2.905778,981598570,30687.42,31987,31987
128,-179508.3614,0.0000,179508.3614,40963326.8255,4382.1724,0,0.000000,36.147817,81.947322,0.202031,-2.804818,981514902,30685.77,31986,31986
129,-192986.6242,0.0000,192986.6242,45499726.8350,4241.4897,0,0.000000,36.325683,74.877060,0.209436,-3.015416,975614023,30687.41,31792,31792
130,-181668.1807,0.0000,181668.1807,44164266.2078,4113.4654,0,0.000000,37.654520,102.503822,0.249365,-2.838565,984180877,30686.61,32072,32072
131,-179599.7140,0.0000,179599.7140,42892797.2064,4187.1765,0,0.000000,37.278758,77.067892,0.225071,-2.806246,987336912,30686.46,32175,32175
132,-178421.2611,0.0000,178421.2611,42567601.2028,4191.4803,0,0.000000,35.604187,89.307595,0.220591,-2.787832,988708603,30685.22,32221,32221
133,-171957.0905,0.0000,171957.0905,41690630.4472,4124.5980,0,0.000000,37.808358,77.294851,0.218434,-2.686830,980488343,30686.29,31952,31952
134,-177889.2829,0.0000,177889.2829,44132807.1215,4030.7720,0,0.000000,43.926901,89.032788,0.252622,-2.779520,985882777,30687.05,32127,32127
135,-195123.2671,0.0000,195123.2671,47960473.7939,4068.4183,0,0.000000,39.041689,79.003866,0.248386,-3.048801,980428721,30688.27,31948,31948
136,-212801.0360,0.0000,212801.0360,48202243.0283,4414.7538,0,0.000000,37.588882,68.060895,0.234597,-3.325016,980013525,30688.72,31934,31934
137,-180779.3034,0.0000,180779.3034,43011591.6083,4203.0368,0,0.000000,34.002957,75.459861,0.207885,-2.824677,982901231,30686.89,32030,32030
138,-196964.1456,0.0000,196964.1456,47273679.1233,4166.4653,0,0.000000,45.367813,127.118166,0.278732,-3.077565,984402118,30687.76,32078,32078
139,-208449.5286,0.0000,208449.5286,51693905.4445,4032.3811,0,0.000000,39.071804,102.786604,0.235109,-3.257024,980925308,30688.44,31964,31964
140,-182350.7861,0.0000,182350.7861,43737377.8699,4169.2208,0,0.000000,31.846709,71.561954,0.197869,-2.849231,983077524,30686.65,32036,32036
141,-191570.5209,0.0000,191570.5209,44976706.5291,4259.3275,0,0.000000,39.118259,84.515441,0.224748,-2.993289,980410095,30685.76,31950,31950
142,-175528.1079,0.0000,175528.1079,42867796.6939,4094.6380,0,0.000000,38.051027,95.313461,0.213957,-2.742627,978339634,30686.27,31882,31882
143,-194516.4113,0.0000,194516.4113,47066274.0982,4132.8194,0,0.000000,42.310802,86.663079,0.256445,-3.039319,986528035,30688.03,32147,32147
144,-184844.1705,0.0000,184844.1705,45480528.5405,4064.2485,0,0.000000,35.364982,92.779047,0.202084,-2.888190,975604556,30687.11,31792,31792
145,-178552.3416,0.0000,178552.3416,44284873.9197,4031.9036,0,0.000000,35.051961,78.678214,0.211362,-2.789880,981330822,30686.73,31979,31979
146,-198076.5699,0.0000,198076.5699,44142253.8463,4487.2328,0,0.000000,41.074772,78.439578,0.237041,-3.094946,986684323,30687.16,32153,32153
147,-201817.9798,0.0000,201817.9798,48227152.1489,4184.7377,0,0.000000,40.936526,91.595845,0.246468,-3.153406,980868545,30688.58,31962,31962
148,-177875.7917,0.0000,177875.7917,42864480.7653,4149.7246,0,0.000000,32.523463,58.630679,0.194130,-2.779309,987635810,30686.21,32185,32185
149,-189387.5432,0.0000,189387.5432,44725858.6480,4234.4082,0,0.000000,33.828825,86.979276,0.221668,-2.959180,983395610,30687.00,32046,32046
150,-198872.0817,0.0000,198872.0817,47077636.1678,4224.3430,0,0.000000,43.865748,91.404326,0.240438,-3.107376,975896927,30687.62,31801,31801
151,-183578.0686,0.0000,183578.0686,44089077.7813,4163.7992,0,0.000000,39.291855,96.250769,0.256298,-2.868407,982387985,30686.20,32014,32014
152,-159651.2738,0.0000,159651.2738,37709883.7353,4233.6719,0,0.000000,35.889154,71.881974,0.205909,-2.494551,981815442,30684.61,31997,31997
153,-183943.5530,0.0000,183943.5530,44513345.7683,4132.3237,0,0.000000,41.778839,115.279192,0.254839,-2.874118,979543862,30687.46,31920,31920
154,-183232.6884,0.0000,183232.6884,44852128.1609,4085.2619,0,0.000000,37.367588,79.397568,0.221961,-2.863011,978550808,30687.12,31888,31888
155,-198072.5752,0.0000,198072.5752,47208335.2004,4195.7119,0,0.000000,41.945970,105.091700,0.241114,-3.094884,982603808,30688.15,32019,32019
156,-194158.7103,0.0000,194158.7103,46218906.1186,4200.8504,0,0.000000,40.125419,75.823532,0.231312,-3.033730,978833939,30687.34,31897,31897
157,-182643.2153,0.0000,182643.2153,44961561.8503,4062.2080,0,0.000000,37.304269,75.335571,0.242300,-2.853800,987414282,30686.96,32177,32177
158,-172224.3178,0.0000,172224.3178,41882772.6432,4112.0563,0,0.000000,35.222798,82.177794,0.205023,-2.691005,984692072,30685.32,32090,32090
159,-194127.7468,0.0000,194127.7468,46162121.2950,4205.3472,0,0.000000,34.648337,74.038186,0.219324,-3.033246,980376885,30687.60,31947,31947
160,-186495.2433,0.0000,186495.2433,45271863.3915,4119.4514,0,0.000000,42.542263,83.240059,0.243505,-2.913988,978263409,30687.73,31878,31878
161,-186145.5550,0.0000,186145.5550,44635146.8593,4170.3807,0,0.000000,38.816379,81.402894,0.229000,-2.908524,983778329,30686.49,32059,32059
162,-197310.4483,0.0000,197310.4483,46412868.5636,4251.2013,0,0.000000,42.305426,94.387322,0.237561,-3.082976,980955409,30688.42,31965,31965
163,-172610.0855,0.0000,172610.0855,42241453.1779,4086.2724,0,0.000000,42.066775,97.336915,0.249264,-2.697033,984047813,30685.33,32069,32069
164,-214921.7286,0.0000,214921.7286,51674233.7350,4159.1662,0,0.000000,44.198721,86.959158,0.264451,-3.358152,984710009,30688.75,32087,32087
165,-190534.7043,0.0000,190534.7043,46541145.9295,4093.8980,0,0.000000,38.903046,105.986011,0.233046,-2.977105,982657557,30687.91,32021,32021
166,-168010.9889,0.0000,168010.9889,39972956.0866,4203.1164,0,0.000000,34.385901,78.588579,0.225879,-2.625172,976075452,30685.51,31809,31809
167,-177343.3831,0.0000,177343.3831,42427660.7660,4179.9001,0,0.000000,43.686757,92.008441,0.262592,-2.770990,977741092,30685.78,31863,31863
168,-185399.1936,0.0000,185399.1936,45261222.5759,4096.2038,0,0.000000,39.028290,83.946296,0.263197,-2.896862,978094357,30687.24,31873,31873
169,-169408.6456,0.0000,169408.6456,38756311.2737,4371.1241,0,0.000000,34.015219,61.775384,0.232251,-2.647010,979399226,30684.86,31918,31918
170,-162451.0534,0.0000,162451.0534,38256351.7025,4246.3812,0,0.000000,34.859630,69.660610,0.201545,-2.538298,983778028,30682.66,32063,32063
171,-194581.7398,0.0000,194581.7398,46638837.7368,4172.0967,0,0.000000,36.159479,73.260427,0.220356,-3.040340,980551637,30688.27,31952,31952
172,-175673.6742,0.0000,175673.6742,42008460.6730,4181.8641,0,0.000000,38.102014,92.124940,0.229700,-2.744901,986620343,30686.13,32152,32152
173,-197532.2706,0.0000,197532.2706,47622488.6341,4147.8780,0,0.000000,37.529939,76.776175,0.227143,-3.086442,988066165,30688.14,32197,32197
174,-188712.4809,0.0000,188712.4809,45718349.4174,4127.7186,0,0.000000,35.958336,69.856028,0.222113,-2.948633,982518454,30686.44,32018,32018
175,-179319.0859,0.0000,179319.0859,42151541.9207,4254.1525,0,0.000000,37.010611,81.709795,0.221033,-2.801861,981296136,30685.64,31979,31979
176,-160452.9453,0.0000,160452.9453,39318746.5292,4080.8255,0,0.000000,28.824979,68.049863,0.190801,-2.507077,977914535,30684.48,31870,31870
177,-154791.4952,0.0000,154791.4952,37099077.9109,4172.3812,0,0.000000,32.330445,61.693364,0.198994,-2.418617,985282383,30683.64,32111,32111
178,-183072.5092,0.0000,183072.5092,44948520.4811,4072.9374,0,0.000000,36.347961,85.137663,0.220379,-2.860508,977935130,30687.06,31868,31868
179,-182924.4543,0.0000,182924.4543,43123510.3315,4241.8730,0,0.000000,41.854456,75.273148,0.256352,-2.858195,984287488,30686.10,32076,32076
180,-187857.5034,0.0000,187857.5034,44884084.3541,4185.3924,0,0.000000,42.631548,92.633988,0.232886,-2.935273,987888370,30686.43,32193,32193
181,-178889.2019,0.0000,178889.2019,41918840.3806,4267.5131,0,0.000000,38.142411,88.824737,0.234815,-2.795144,981238885,30686.73,31976,31976
182,-182470.6967,0.0000,182470.6967,43866137.3430,4159.7165,0,0.000000,38.564328,78.565196,0.235354,-2.851105,987063468,30686.55,32166,32166
183,-178836.2779,0.0000,178836.2779,43462503.0718,4114.7257,0,0.000000,41.109630,92.090181,0.233281,-2.794317,987328191,30686.19,32175,32175
184,-165134.6686,0.0000,165134.6686,40347401.7580,4092.8204,0,0.000000,34.676989,80.705646,0.202778,-2.580229,983680963,30685.37,32057,32057
185,-172480.6101,0.0000,172480.6101,42057948.8755,4101.0229,0,0.000000,36.472812,74.558360,0.211553,-2.695010,984271459,30685.60,32076,32076
186,-194895.1097,0.0000,194895.1097,46714463.4350,4172.0507,0,0.000000,40.877651,77.101949,0.239950,-3.045236,981562197,30687.24,31986,31986
187,-181267.4137,0.0000,181267.4137,43629740.3471,4154.6755,0,0.000000,38.069011,76.768334,0.227045,-2.832303,980782800,30686.86,31961,31961
188,-204034.8722,0.0000,204034.8722,49077937.9927,4157.3644,0,0.000000,41.146429,75.553177,0.238020,-3.188045,973476895,30688.72,31721,31721
189,-183938.5798,0.0000,183938.5798,44373607.6399,4145.2248,0,0.000000,36.383838,81.587579,0.226738,-2.874040,981463973,30687.05,31983,31983
190,-180905.1431,0.0000,180905.1431,43083709.5200,4198.9222,0,0.000000,36.710453,92.166599,0.236031,-2.826643,978918079,30686.13,31901,31901
191,-196116.7031,0.0000,196116.7031,45800550.5492,4281.9726,0,0.000000,42.414809,93.290529,0.250727,-3.064323,987895453,30687.61,32192,32192
192,-165814.4279,0.0000,165814.4279,40321284.0410,4112.3300,0,0.000000,43.838928,110.346386,0.256503,-2.590850,986251450,30685.15,32141,32141
193,-185658.4535,0.0000,185658.4535,45780891.3517,4055.3700,0,0.000000,35.480227,81.542364,0.219273,-2.900913,984206499,30687.41,32072,32072
194,-174681.5277,0.0000,174681.5277,41216926.9147,4238.1017,0,0.000000,41.788807,95.545400,0.254545,-2.729399,979702627,30683.79,31929,31929
195,-182268.1897,0.0000,182268.1897,44115034.4735,4131.6570,0,0.000000,33.864912,76.737818,0.221722,-2.847940,986705292,30686.86,32154,32154
196,-179771.8219,0.0000,179771.8219,42421117.4506,4237.7908,0,0.000000,37.930091,88.917859,0.229758,-2.808935,982403574,30684.77,32016,32016
197,-169037.4062,0.0000,169037.4062,41783904.8493,4045.5148,0,0.000000,36.280018,93.434390,0.231688,-2.641209,980759230,30686.12,31961,31961
198,-188475.8051,0.0000,188475.8051,44685218.5127,4217.8557,0,0.000000,41.103085,93.677771,0.233859,-2.944934,976637623,30686.79,31826,31826
199,-167191.6740,0.0000,167191.6740,40894279.6078,4088.3878,0,0.000000,31.500905,68.189979,0.196201,-2.612370,981230480,30686.47,31976,31976
200,-172017.5650,0.0000,172017.5650,41469564.7721,4148.0437,0,0.000000,40.938812,90.712468,0.242228,-2.687774,981294394,30685.59,31979,31979
201,-197453.5488,0.0000,197453.5488,47606673.9414,4147.6023,0,0.000000,37.745444,81.703456,0.235390,-3.085212,987816663,30688.02,32189,32189
202,-197125.7881,0.0000,197125.7881,47017660.0272,4192.5904,0,0.000000,44.141127,98.132283,0.256655,-3.080090,983947833,30687.95,32063,32063
203,-189440.8495,0.0000,189440.8495,45922228.4112,4125.2538,0,0.000000,39.322816,79.804502,0.217082,-2.960013,984879157,30687.33,32094,32094
204,-180041.4291,0.0000,180041.4291,44291271.5169,4064.9415,0,0.000000,33.186630,79.381371,0.208072,-2.813147,978359837,30686.90,31882,31882
205,-168419.8521,0.0000,168419.8521,41483065.0351,4059.9664,0,0.000000,39.093566,81.975814,0.228319,-2.631560,992063017,30685.52,32330,32330
206,-211036.2639,0.0000,211036.2639,51092600.8357,4130.4663,0,0.000000,37.594509,83.826660,0.238761,-3.297442,987954851,30689.45,32192,32192
207,-181347.4820,0.0000,181347.4820,42426581.0436,4274.3836,0,0.000000,37.530362,92.788044,0.220066,-2.833554,979903192,30685.26,31934,31934
208,-188394.1153,0.0000,188394.1153,44973782.5920,4188.9764,0,0.000000,36.695364,84.582706,0.237675,-2.943658,982719802,30686.98,32024,32024
209,-191134.6330,0.0000,191134.6330,43135094.1651,4431.0703,0,0.000000,41.710144,95.114730,0.235795,-2.986479,983352394,30684.69,32047,32047
210,-205010.7753,0.0000,205010.7753,48689545.6304,4210.5707,0,0.000000,43.052359,102.529347,0.245088,-3.203293,983187947,30688.18,32038,32038
211,-190056.1834,0.0000,190056.1834,44574006.5153,4263.8344,0,0.000000,37.040321,67.375426,0.206872,-2.969628,984306650,30687.66,32075,32075
212,-167024.6093,0.0000,167024.6093,40959129.6259,4077.8359,0,0.000000,35.059092,67.905342,0.200596,-2.609760,984061169,30685.75,32069,32069
213,-192539.3742,0.0000,192539.3742,46598991.9550,4131.8356,0,0.000000,36.302990,76.012681,0.227649,-3.008428,979257461,30688.11,31910,31910
214,-180351.4302,0.0000,180351.4302,44416489.5215,4060.4612,0,0.000000,33.856018,88.447339,0.194665,-2.817991,976406849,30687.25,31818,31818
215,-183912.1411,0.0000,183912.1411,44852730.5371,4100.3555,0,0.000000,39.220430,97.040506,0.218647,-2.873627,986439365,30687.18,32145,32145
216,-169062.3018,0.0000,169062.3018,39799524.0319,4247.8473,0,0.000000,38.802370,89.394624,0.240481,-2.641598,979074932,30685.27,31907,31907
217,-174988.3217,0.0000,174988.3217,43292808.9765,4041.9720,0,0.000000,38.046725,82.368969,0.222913,-2.734193,975079588,30686.04,31776,31776
218,-173613.8647,0.0000,173613.8647,40952480.1887,4239.3980,0,0.000000,31.640043,78.131192,0.198195,-2.712717,980093139,30685.45,31940,31940
219,-180241.8287,0.0000,180241.8287,43746418.3087,4120.1505,0,0.000000,35.556154,72.153518,0.203502,-2.816279,978419407,30686.85,31884,31884
220,-178482.3406,0.0000,178482.3406,44177103.8667,4040.1549,0,0.000000,40.190870,87.288392,0.251058,-2.788787,984784434,30687.25,32091,32091
221,-190709.5637,0.0000,190709.5637,44977520.2404,4240.1085,0,0.000000,33.619050,68.423961,0.199158,-2.979837,983747110,30687.44,32057,32057
222,-181863.0353,0.0000,181863.0353,44613394.5101,4076.4223,0,0.000000,33.787391,77.136790,0.194057,-2.841610,986088830,30687.73,32133,32133
223,-186675.8289,0.0000,186675.8289,41308482.7707,4519.0677,0,0.000000,39.947554,98.249069,0.248821,-2.916810,978315338,30686.47,31881,31881
224,-189139.9315,0.0000,189139.9315,44576160.0585,4243.0737,0,0.000000,35.860255,99.461545,0.222510,-2.955311,982386214,30687.10,32013,32013
225,-192316.5462,0.0000,192316.5462,46587100.0068,4128.1073,0,0.000000,36.668588,77.329868,0.217768,-3.004946,978635260,30687.84,31890,31890
226,-177224.3942,0.0000,177224.3942,41523811.3538,4268.0185,0,0.000000,34.189096,63.732718,0.207162,-2.769131,983603621,30685.83,32054,32054
227,-179667.6356,0.0000,179667.6356,42991061.1396,4179.1859,0,0.000000,35.703540,70.507848,0.233801,-2.807307,981168016,30685.47,31975,31975
228,-185902.7437,0.0000,185902.7437,44554082.2240,4172.5188,0,0.000000,40.737501,92.630713,0.229888,-2.904730,978862853,30687.28,31898,31898
229,-176573.5634,0.0000,176573.5634,43433087.9796,4065.4158,0,0.000000,38.572517,82.054566,0.221829,-2.758962,984039593,30686.99,32067,32067
230,-154052.6164,0.0000,154052.6164,37515385.3592,4106.3850,0,0.000000,36.245143,66.027061,0.210585,-2.407072,985441605,30682.87,32117,32117
231,-184880.5974,0.0000,184880.5974,44585462.3298,4146.6565,0,0.000000,40.917128,90.674370,0.224496,-2.888759,992395863,30686.33,32340,32340
232,-184421.8168,0.0000,184421.8168,43950078.3898,4196.1658,0,0.000000,41.646110,94.751826,0.241716,-2.881591,977135121,30686.99,31842,31842
233,-163648.8064,0.0000,163648.8064,40185544.8092,4072.3302,0,0.000000,41.656404,99.130783,0.239338,-2.557013,979806764,30685.13,31931,31931
234,-181903.7951,0.0000,181903.7951,42557000.0759,4274.3566,0,0.000000,39.839217,92.961943,0.224896,-2.842247,981429500,30685.97,31983,31983
235,-190045.3905,0.0000,190045.3905,47137867.5871,4031.6926,0,0.000000,35.225741,69.678529,0.217479,-2.969459,977797067,30688.50,31862,31862
236,-197168.0233,0.0000,197168.0233,47729505.7272,4130.9463,0,0.000000,42.913585,84.812544,0.248316,-3.080750,982180954,30688.36,32005,32005
237,-180851.9582,0.0000,180851.9582,43763626.3100,4132.4720,0,0.000000,34.628791,72.051329,0.208506,-2.825812,979767259,30686.77,31928,31928
238,-186038.8836,0.0000,186038.8836,45394018.3745,4098.3127,0,0.000000,38.416199,79.076924,0.236061,-2.906858,981186345,30686.05,31975,31975
239,-183861.0243,0.0000,183861.0243,43748612.0986,4202.6710,0,0.000000,40.213808,92.609650,0.236728,-2.872829,984487387,30686.60,32082,32082
240,-178629.9212,0.0000,178629.9212,42892665.8141,4164.5796,0,0.000000,43.984566,101.849979,0.255449,-2.791093,975387643,30686.08,31786,31786
241,-179754.7794,0.0000,179754.7794,44059392.3736,4079.8288,0,0.000000,34.776944,77.533820,0.201398,-2.808668,981809182,30686.33,31995,31995
242,-185929.5997,0.0000,185929.5997,45573902.3219,4079.7384,0,0.000000,38.816306,89.985292,0.237115,-2.905150,984682862,30687.91,32087,32087
243,-190166.5034,0.0000,190166.5034,45744724.5748,4157.1242,0,0.000000,38.287781,74.975867,0.236885,-2.971352,985200160,30687.77,32104,32104
244,-184818.9616,0.0000,184818.9616,45192166.4228,4089.6238,0,0.000000,37.841785,84.145940,0.234663,-2.887796,975967394,30687.90,31803,31803
245,-214903.7731,0.0000,214903.7731,48829516.1532,4401.1039,0,0.000000,39.285475,80.476396,0.229189,-3.357871,982297377,30689.12,32008,32008
246,-185680.4969,0.0000,185680.4969,44234139.8001,4197.6740,0,0.000000,34.812798,77.917193,0.203556,-2.901258,977504444,30687.02,31854,31854
247,-173768.1594,0.0000,173768.1594,42687599.5601,4070.6941,0,0.000000,40.868564,94.872261,0.233690,-2.715127,981412491,30685.44,31983,31983
248,-183675.3718,0.0000,183675.3718,43498608.3503,4222.5574,0,0.000000,37.332872,67.910051,0.239001,-2.869928,977900132,30685.96,31868,31868
249,-185003.3576,0.0000,185003.3576,44534407.2964,4154.1668,0,0.000000,36.921186,73.119354,0.221644,-2.890677,989178708,30687.43,32234,32234
250,-183883.9761,0.0000,183883.9761,43843303.3908,4194.1177,0,0.000000,42.567359,105.281005,0.250360,-2.873187,984435725,30685.94,32081,32081
251,-185002.9507,0.0000,185002.9507,45786094.6511,4040.5925,0,0.000000,39.703635,80.683630,0.222202,-2.890671,981377001,30688.17,31979,31979
252,-178470.8908,0.0000,178470.8908,43665433.8502,4087.2350,0,0.000000,41.663349,77.923613,0.246255,-2.788608,980887204,30686.29,31965,31965
253,-179432.7131,0.0000,179432.7131,42094171.3329,4262.6498,0,0.000000,34.691363,70.121117,0.208084,-2.803636,985153918,30685.37,32105,32105
254,-183041.2671,0.0000,183041.2671,43690121.4572,4189.5344,0,0.000000,35.726391,86.227751,0.222440,-2.860020,981417093,30686.55,31982,31982
255,-170411.9580,0.0000,170411.9580,41990141.9251,4058.3801,0,0.000000,37.939162,87.708170,0.211701,-2.662687,984441910,30685.18,32082,32082
256,-177238.7610,0.0000,177238.7610,44316722.3775,3999.3653,0,0.000000,36.239792,71.585003,0.218129,-2.769356,976589032,30687.19,31824,31824
257,-189052.3760,0.0000,189052.3760,45560043.0895,4149.5214,0,0.000000,41.026308,84.228128,0.247506,-2.953943,982241826,30687.39,32008,32008
258,-183544.3534,0.0000,183544.3534,42940355.3053,4274.4023,0,0.000000,38.757377,87.808203,0.226436,-2.867881,977329932,30686.36,31849,31849
259,-178848.0096,0.0000,178848.0096,43315928.8894,4128.9201,0,0.000000,38.199832,78.727097,0.226479,-2.794500,982476250,30686.08,32017,32017
260,-165752.8547,0.0000,165752.8547,40192815.4335,4123.9424,0,0.000000,39.379740,93.959946,0.226802,-2.589888,981836687,30685.27,31997,31997
261,-167725.6000,0.0000,167725.6000,40514980.1940,4139.8416,0,0.000000,35.460311,80.146232,0.230141,-2.620712,988742884,30685.34,32222,32222
262,-183953.4350,0.0000,183953.4350,42633079.9899,4314.8052,0,0.000000,35.497885,74.516279,0.224223,-2.874272,981578777,30684.88,31989,31989
263,-183868.6125,0.0000,183868.6125,45244541.5227,4063.8850,0,0.000000,39.277540,83.864760,0.237278,-2.872947,982451732,30687.23,32015,32015
264,-180315.2075,0.0000,180315.2075,42845138.6765,4208.5336,0,0.000000,37.181141,74.115835,0.217172,-2.817425,987363746,30686.34,32176,32176
265,-189234.3723,0.0000,189234.3723,45552500.2387,4154.2039,0,0.000000,37.701238,82.602561,0.248023,-2.956787,977703958,30686.54,31861,31861
266,-188041.6505,0.0000,188041.6505,44576848.0751,4218.3703,0,0.000000,39.837209,73.965338,0.222673,-2.938151,975713553,30687.64,31795,31795
267,-185654.3700,0.0000,185654.3700,44263316.6786,4194.3167,0,0.000000,37.378692,76.406208,0.217794,-2.900850,979753186,30686.33,31928,31928
268,-181190.2609,0.0000,181190.2609,44155431.9824,4103.4648,0,0.000000,39.523816,95.600458,0.223758,-2.831098,989104380,30687.03,32232,32232
269,-180749.1603,0.0000,180749.1603,44537429.4772,4058.3653,0,0.000000,34.935321,65.672100,0.222805,-2.824206,980121453,30686.33,31940,31940
270,-182930.6121,0.0000,182930.6121,44175324.9050,4141.0134,0,0.000000,41.838565,97.549675,0.235662,-2.858291,980079437,30686.94,31938,31938
271,-182920.0149,0.0000,182920.0149,42781064.7886,4275.7238,0,0.000000,39.855452,94.181444,0.225225,-2.858125,977121780,30686.57,31842,31842
272,-199370.5214,0.0000,199370.5214,44891841.0792,4441.1304,0,0.000000,33.031557,89.495866,0.209428,-3.115164,982098926,30687.71,32003,32003
273,-175507.2573,0.0000,175507.2573,42181868.7651,4160.7274,0,0.000000,40.770930,79.073446,0.227704,-2.742301,980598086,30686.84,31955,31955
274,-179628.8682,0.0000,179628.8682,42077837.4832,4268.9663,0,0.000000,33.802222,73.819314,0.210439,-2.806701,979902751,30685.25,31934,31934
275,-168447.9475,0.0000,168447.9475,39479034.1441,4266.7697,0,0.000000,37.609375,82.674732,0.205062,-2.631999,982756069,30685.24,32027,32027
276,-181097.3164,0.0000,181097.3164,43277551.3169,4184.5555,0,0.000000,41.760047,74.992373,0.229703,-2.829646,979083339,30687.46,31905,31905
277,-194068.1721,0.0000,194068.1721,46985804.0765,4130.3576,0,0.000000,39.370966,79.489562,0.230970,-3.032315,986537784,30687.38,32148,32148
278,-178505.9144,0.0000,178505.9144,43305235.0204,4122.0401,0,0.000000,39.096196,80.253174,0.236177,-2.789155,982592057,30686.82,32020,32020
279,-183928.1423,0.0000,183928.1423,43672027.3556,4211.5778,0,0.000000,44.126551,81.402839,0.252718,-2.873877,977540725,30687.20,31855,31855
280,-177123.0843,0.0000,177123.0843,41888111.8182,4228.4810,0,0.000000,35.186682,69.944298,0.205519,-2.767548,981043323,30685.41,31971,31971
281,-197988.7343,0.0000,197988.7343,45686274.7934,4333.6590,0,0.000000,36.063639,76.402876,0.206119,-3.093574,986097383,30688.00,32133,32133
282,-165964.1245,0.0000,165964.1245,39469674.8986,4204.8516,0,0.000000,34.006165,68.962916,0.196817,-2.593189,977987404,30684.85,31872,31872
283,-168779.0365,0.0000,168779.0365,41241027.8046,4092.5032,0,0.000000,38.673984,77.632057,0.239980,-2.637172,978987614,30684.46,31905,31905
284,-204130.8262,0.0000,204130.8262,48169151.6062,4237.7916,0,0.000000,39.500883,98.065772,0.245138,-3.189544,983683915,30688.34,32054,32054
285,-180776.2481,0.0000,180776.2481,44083485.5506,4100.7703,0,0.000000,36.882483,74.457395,0.222909,-2.824629,986785097,30685.52,32158,32158
286,-178569.4934,0.0000,178569.4934,42721213.4374,4179.8788,0,0.000000,39.744258,85.950855,0.249051,-2.790148,977951169,30686.60,31869,31869
287,-199873.9793,0.0000,199873.9793,46894217.1464,4262.2309,0,0.000000,35.325245,73.909607,0.207424,-3.123031,984979648,30688.55,32096,32096
288,-184361.1921,0.0000,184361.1921,45645321.7614,4038.9942,0,0.000000,40.226276,76.895135,0.233488,-2.880644,980626809,30685.82,31957,31957
289,-196686.4427,0.0000,196686.4427,46956907.6288,4188.6583,0,0.000000,37.794591,81.326986,0.219775,-3.073226,983942885,30687.80,32063,32063
290,-213798.1151,0.0000,213798.1151,50298874.8850,4250.5546,0,0.000000,36.064342,71.016790,0.211240,-3.340596,987872319,30688.80,32190,32190
291,-177445.0423,0.0000,177445.0423,42729799.4520,4152.7235,0,0.000000,38.477039,83.803100,0.213404,-2.772579,982429887,30686.55,32015,32015
292,-174538.5973,0.0000,174538.5973,40944646.5209,4262.7941,0,0.000000,35.624006,81.916454,0.241522,-2.727166,981605213,30685.71,31989,31989
293,-173870.9303,0.0000,173870.9303,41795729.0825,4160.0167,0,0.000000,40.556653,85.130771,0.230142,-2.716733,978404956,30686.39,31884,31884
294,-180871.2855,0.0000,180871.2855,44397110.0695,4073.9428,0,0.000000,41.164270,96.269827,0.234182,-2.826114,981631213,30686.52,31989,31989
295,-190851.2002,0.0000,190851.2002,45873616.8203,4160.3696,0,0.000000,40.214060,73.962494,0.241557,-2.982050,984400654,30687.72,32078,32078
296,-183326.1183,0.0000,183326.1183,44634259.5637,4107.2961,0,0.000000,41.048325,82.437330,0.238197,-2.864471,980245912,30687.35,31943,31943
297,-194910.7160,0.0000,194910.7160,44268964.4947,4402.8750,0,0.000000,38.324480,75.921986,0.227059,-3.045480,984909873,30686.37,32096,32096
298,-191303.0657,0.0000,191303.0657,47293596.1455,4045.0099,0,0.000000,39.827481,91.490362,0.227014,-2.989110,981031971,30686.98,31969,31969
299,-180241.7117,0.0000,180241.7117,43906372.2044,4105.1379,0,0.000000,36.116223,89.546453,0.215429,-2.816277,972106631,30687.12,31678,31678
300,-186010.5438,0.0000,186010.5438,44119003.6247,4216.1094,0,0.000000,37.384236,87.766765,0.233608,-2.906415,979473183,30686.21,31919,31919
301,-187960.3804,0.0000,187960.3804,45732052.8104,4110.0359,0,0.000000,39.514654,90.287639,0.239570,-2.936881,984178648,30687.49,32071,32071
302,-191173.4676,0.0000,191173.4676,45900523.0178,4164.9518,0,0.000000,37.566796,79.739624,0.216293,-2.987085,989845129,30687.16,32256,32256
303,-193965.7541,0.0000,193965.7541,47003309.6673,4126.6403,0,0.000000,42.275663,86.432787,0.255436,-3.030715,982408128,30687.79,32013,32013
304,-184860.6414,0.0000,184860.6414,43162412.4935,4282.9080,0,0.000000,38.631551,80.255668,0.230128,-2.888448,972120077,30686.58,31679,31679
305,-170808.1792,0.0000,170808.1792,41204849.9647,4145.3416,0,0.000000,35.613704,72.352154,0.200237,-2.668878,984776134,30686.03,32092,32092
306,-188976.2659,0.0000,188976.2659,46259762.2188,4085.1111,0,0.000000,41.039266,95.455724,0.241761,-2.952754,977808222,30686.93,31864,31864
307,-168403.8096,0.0000,168403.8096,38917175.4890,4327.2362,0,0.000000,36.318028,85.557859,0.212245,-2.631310,990199807,30683.89,32271,32271
308,-190041.4092,0.0000,190041.4092,46165772.2958,4116.5002,0,0.000000,39.677604,86.198178,0.248040,-2.969397,983732129,30686.97,32057,32057
309,-188052.6657,0.0000,188052.6657,45401614.6511,4141.9819,0,0.000000,35.357923,78.923052,0.231587,-2.938323,981230764,30687.44,31975,31975
310,-192966.6836,0.0000,192966.6836,45845289.4952,4209.0842,0,0.000000,32.960892,80.447603,0.222003,-3.015104,974357165,30687.45,31751,31751
311,-172775.5914,0.0000,172775.5914,41790014.5578,4134.3750,0,0.000000,33.071824,75.438280,0.211733,-2.699619,981347339,30686.28,31980,31980
312,-197505.4346,0.0000,197505.4346,46339476.4116,4262.1421,0,0.000000,31.779953,69.375528,0.202325,-3.086022,983986938,30688.22,32064,32064
313,-167920.2466,0.0000,167920.2466,39938581.5229,4204.4620,0,0.000000,38.623154,78.572188,0.234517,-2.623754,981238439,30685.76,31977,31977
314,-182208.0780,0.0000,182208.0780,44068821.4173,4134.6256,0,0.000000,40.460816,94.215304,0.223755,-2.847001,978047229,30686.72,31872,31872
315,-177355.6370,0.0000,177355.6370,43467473.7323,4080.1920,0,0.000000,38.319686,81.510383,0.224318,-2.771182,986962712,30686.28,32163,32163
316,-196911.4425,0.0000,196911.4425,47991886.7183,4103.0152,0,0.000000,39.779871,72.756921,0.225034,-3.076741,976344389,30687.21,31816,31816
317,-174148.9073,0.0000,174148.9073,42548370.7819,4092.9630,0,0.000000,39.165999,92.948784,0.237560,-2.721077,980133053,30685.73,31941,31941
318,-189429.3756,0.0000,189429.3756,46272518.6692,4093.7771,0,0.000000,38.203304,80.721797,0.236316,-2.959834,980576171,30687.12,31954,31954
319,-184002.3986,0.0000,184002.3986,42285928.3310,4351.3860,0,0.000000,38.704693,75.507610,0.222115,-2.875037,982842201,30686.01,32029,32029
320,-215965.1041,0.0000,215965.1041,48867253.7366,4419.4238,0,0.000000,38.677095,86.695235,0.259681,-3.374455,990413715,30687.67,32274,32274
321,-195785.4868,0.0000,195785.4868,47031259.5261,4162.8799,0,0.000000,46.043000,100.798250,0.271437,-3.059148,982504082,30687.91,32016,32016
322,-190205.2643,0.0000,190205.2643,45015499.0773,4225.3283,0,0.000000,40.256472,88.881133,0.234834,-2.971957,981833744,30684.22,31998,31998
323,-181418.9936,0.0000,181418.9936,41100549.8313,4414.0284,0,0.000000,40.484758,84.202963,0.232595,-2.834672,981433449,30685.14,31984,31984
324,-185361.9570,0.0000,185361.9570,43013517.5758,4309.3885,0,0.000000,38.384286,93.972776,0.219056,-2.896281,978762589,30686.06,31896,31896
325,-192378.4366,0.0000,192378.4366,45954378.5244,4186.2918,0,0.000000,38.843058,79.919185,0.243364,-3.005913,990469313,30687.49,32276,32276
326,-205120.2650,0.0000,205120.2650,50237603.1029,4083.0026,0,0.000000,37.397884,78.423489,0.224631,-3.205004,978147108,30688.89,31873,31873
327,-168706.9368,0.0000,168706.9368,39957861.0165,4222.1213,0,0.000000,41.098110,91.334533,0.236446,-2.636046,982575467,30684.39,32022,32022
328,-175845.2995,0.0000,175845.2995,41837594.6063,4203.0452,0,0.000000,43.682025,94.132233,0.255588,-2.747583,981597664,30685.48,31989,31989
329,-194350.8234,0.0000,194350.8234,44354089.0436,4381.8017,0,0.000000,43.986052,92.776783,0.251411,-3.036732,983789422,30686.84,32059,32059
330,-193962.7450,0.0000,193962.7450,45218785.3782,4289.4285,0,0.000000,37.427165,95.185976,0.235244,-3.030668,982859183,30686.54,32029,32029
331,-165943.7321,0.0000,165943.7321,41030467.4969,4044.4027,0,0.000000,34.705222,82.728590,0.200084,-2.592871,978286599,30686.53,31880,31880
332,-197511.1455,0.0000,197511.1455,45493346.2845,4341.5392,0,0.000000,37.516784,75.216200,0.228240,-3.086112,978505359,30687.62,31886,31886
333,-169616.2591,0.0000,169616.2591,41567967.9937,4080.4559,0,0.000000,40.533933,79.023988,0.235104,-2.650254,983598642,30686.63,32053,32053
334,-212546.3568,0.0000,212546.3568,48860236.6714,4350.0886,0,0.000000,41.495480,80.197432,0.232466,-3.321037,977160308,30688.74,31841,31841
335,-169474.5144,0.0000,169474.5144,41197070.3142,4113.7516,0,0.000000,34.501063,73.004755,0.207523,-2.648039,975133208,30685.80,31778,31778
336,-185138.9299,0.0000,185138.9299,45704788.5582,4050.7556,0,0.000000,40.620586,87.112001,0.238734,-2.892796,979594763,30687.14,31922,31922
337,-197801.7282,0.0000,197801.7282,46072053.4279,4293.3126,0,0.000000,34.381183,68.376287,0.201794,-3.090652,983731282,30687.90,32056,32056
338,-170466.4899,0.0000,170466.4899,40821005.6078,4175.9503,0,0.000000,39.957064,70.318504,0.226315,-2.663539,981328973,30685.71,31980,31980
339,-180689.4286,0.0000,180689.4286,42721468.3904,4229.4761,0,0.000000,42.602980,85.139689,0.248148,-2.823272,983137054,30686.59,32038,32038
340,-178828.1306,0.0000,178828.1306,43816601.9886,4081.2871,0,0.000000,30.436448,61.503037,0.192429,-2.794190,976248299,30687.09,31813,31813
341,-206250.1805,0.0000,206250.1805,46687389.3149,4417.6850,0,0.000000,38.657696,78.174628,0.241793,-3.222659,980810237,30687.72,31961,31961
342,-195579.8864,0.0000,195579.8864,46871032.2158,4172.7241,0,0.000000,35.035706,79.389202,0.221015,-3.055936,972500590,30687.93,31690,31690
343,-180089.9834,0.0000,180089.9834,43538520.8815,4136.3367,0,0.000000,35.323972,83.911064,0.213472,-2.813906,977619173,30686.77,31858,31858
344,-181695.7586,0.0000,181695.7586,45016484.8459,4036.2049,0,0.000000,37.104515,114.811342,0.209332,-2.838996,985951905,30687.29,32129,32129
345,-178279.1822,0.0000,178279.1822,43369767.7382,4110.6787,0,0.000000,35.032158,81.548833,0.231538,-2.785612,973436968,30685.53,31723,31723
346,-193609.7224,0.0000,193609.7224,46017555.4007,4207.3013,0,0.000000,40.174613,86.307128,0.240565,-3.025152,982569747,30686.13,32020,32020
347,-164715.3811,0.0000,164715.3811,39503476.1678,4169.6427,0,0.000000,34.362731,91.688057,0.205876,-2.573678,983556976,30684.38,32054,32054
348,-200378.0458,0.0000,200378.0458,49148593.4632,4076.9843,0,0.000000,40.956438,89.192624,0.255193,-3.130907,977525828,30688.66,31853,31853
349,-193658.6336,0.0000,193658.6336,44897991.7714,4313.3028,0,0.000000,39.869861,103.520923,0.235320,-3.025916,982580078,30686.45,32020,32020
350,-155853.4267,0.0000,155853.4267,36677628.9172,4249.2776,0,0.000000,38.653741,75.001965,0.219314,-2.435210,979702284,30681.85,31931,31931
351,-187253.5143,0.0000,187253.5143,44401408.4841,4217.2877,0,0.000000,37.291380,79.904950,0.219174,-2.925836,987853530,30687.26,32191,32191
352,-202734.3095,0.0000,202734.3095,48115984.3460,4213.4503,0,0.000000,40.585961,78.313159,0.237759,-3.167724,978489362,30688.08,31885,31885
353,-213933.5881,0.0000,213933.5881,50141523.2476,4266.5953,0,0.000000,41.431652,100.316690,0.243772,-3.342712,984255483,30688.93,32072,32072
354,-189333.2321,0.0000,189333.2321,44692144.5050,4236.3873,0,0.000000,41.838557,87.074926,0.247768,-2.958332,987690782,30687.92,32185,32185
355,-180445.9474,0.0000,180445.9474,44378643.1229,4066.0537,0,0.000000,38.754206,95.710962,0.222564,-2.819468,985238972,30687.07,32106,32106
356,-187628.3424,0.0000,187628.3424,45462492.2218,4127.1020,0,0.000000,43.969842,94.315028,0.250012,-2.931693,982733175,30686.44,32025,32025
357,-181271.4442,0.0000,181271.4442,44963993.5770,4031.4801,0,0.000000,38.121424,98.656423,0.214272,-2.832366,984536543,30687.17,32083,32083
358,-180782.2932,0.0000,180782.2932,43590300.4637,4147.3055,0,0.000000,38.775722,80.079754,0.253388,-2.824723,977631453,30687.16,31858,31858
359,-175876.3498,0.0000,175876.3498,42844476.1014,4104.9948,0,0.000000,37.482016,83.074426,0.224970,-2.748068,986291531,30686.40,32141,32141
360,-179704.3273,0.0000,179704.3273,43593736.7482,4122.2511,0,0.000000,38.886052,81.384067,0.235408,-2.807880,981482045,30686.66,31984,31984
361,-173071.7036,0.0000,173071.7036,41564339.7315,4163.9469,0,0.000000,33.192508,67.288105,0.227204,-2.704245,985409575,30684.73,32114,32114
362,-182330.4681,0.0000,182330.4681,44078032.1883,4136.5383,0,0.000000,36.760958,93.107482,0.219647,-2.848914,984793070,30687.52,32091,32091
363,-195463.2255,0.0000,195463.2255,46681226.6766,4187.1913,0,0.000000,38.577111,118.789564,0.228383,-3.054113,983013539,30687.53,32033,32033
364,-197277.1175,0.0000,197277.1175,47725362.3575,4133.5908,0,0.000000,42.685850,90.857520,0.237027,-3.082455,984459522,30687.64,32080,32080
365,-173179.8795,0.0000,173179.8795,42433422.4843,4081.2140,0,0.000000,37.052654,76.892174,0.216018,-2.705936,987142245,30686.13,32169,32169
366,-187497.7437,0.0000,187497.7437,45372686.6361,4132.3924,0,0.000000,37.155536,76.111194,0.227737,-2.929652,980640655,30688.18,31955,31955
367,-190641.8351,0.0000,190641.8351,45837929.7226,4159.0411,0,0.000000,38.280777,69.858273,0.248354,-2.978779,986981594,30686.86,32163,32163
368,-177996.7234,0.0000,177996.7234,42448689.8580,4193.2207,0,0.000000,36.109427,85.803017,0.246633,-2.781199,977970618,30686.24,31870,31870
369,-182008.2631,0.0000,182008.2631,43910370.7412,4144.9949,0,0.000000,35.714677,78.871142,0.221040,-2.843879,977358186,30687.25,31849,31849
370,-185051.5827,0.0000,185051.5827,44666309.3284,4142.9790,0,0.000000,43.001737,93.314114,0.230185,-2.891431,990187249,30687.30,32267,32267
371,-189755.2935,0.0000,189755.2935,46943172.4726,4042.2341,0,0.000000,39.172282,74.751367,0.239424,-2.964926,985047280,30687.79,32099,32099
372,-174215.7159,0.0000,174215.7159,42189453.8911,4129.3665,0,0.000000,37.052074,94.195980,0.233180,-2.722121,982517005,30686.40,32018,32018
373,-189226.8968,0.0000,189226.8968,47024928.5476,4023.9699,0,0.000000,37.917017,97.679067,0.254185,-2.956670,979087347,30687.58,31905,31905
374,-190205.8774,0.0000,190205.8774,45999743.3486,4134.9334,0,0.000000,40.806828,78.958686,0.236000,-2.971967,980586508,30686.48,31955,31955
375,-188884.8670,0.0000,188884.8670,44369639.6364,4257.0746,0,0.000000,42.433261,93.622191,0.251062,-2.951326,982116116,30686.33,32005,32005
376,-195116.6712,0.0000,195116.6712,45371493.1570,4300.4243,0,0.000000,35.521368,64.582052,0.208391,-3.048698,981889678,30687.89,31996,31996
377,-198247.7369,0.0000,198247.7369,46245729.6705,4286.8334,0,0.000000,40.471388,83.064717,0.246744,-3.097621,979038323,30687.97,31903,31903
378,-154849.5744,0.0000,154849.5744,37666277.3992,4111.0931,0,0.000000,36.497900,78.795177,0.215216,-2.419525,969075836,30684.44,31582,31582
379,-179439.5211,0.0000,179439.5211,43639253.1060,4111.8834,0,0.000000,38.090719,71.218555,0.218070,-2.803743,987595151,30686.86,32183,32183
380,-171642.5311,0.0000,171642.5311,42669825.2058,4022.5740,0,0.000000,37.161226,73.683831,0.235524,-2.681915,992094323,30685.54,32331,32331
381,-175547.1258,0.0000,175547.1258,42065867.3550,4173.1488,0,0.000000,34.529504,75.280909,0.228416,-2.742924,987066738,30686.65,32166,32166
382,-206545.3912,0.0000,206545.3912,47617652.1480,4337.5803,0,0.000000,40.541008,80.723317,0.241114,-3.227272,986539502,30687.43,32148,32148
383,-170122.3863,0.0000,170122.3863,40569422.3442,4193.3648,0,0.000000,37.214070,59.192677,0.209125,-2.658162,976962091,30686.37,31837,31837
384,-178375.2283,0.0000,178375.2283,43506116.6564,4100.0034,0,0.000000,34.978469,66.684918,0.217529,-2.787113,986807312,30686.22,32158,32158
385,-196078.8306,0.0000,196078.8306,47451428.2646,4132.2008,0,0.000000,32.913849,78.146547,0.185584,-3.063732,975360686,30688.13,31783,31783
386,-180515.1300,0.0000,180515.1300,43712644.5795,4129.5861,0,0.000000,38.269127,72.768773,0.239008,-2.820549,979962830,30686.17,31935,31935
387,-176549.7672,0.0000,176549.7672,43499689.4389,4058.6443,0,0.000000,34.950509,72.811765,0.200758,-2.758590,985330818,30687.06,32109,32109
388,-181626.6994,0.0000,181626.6994,43470689.3134,4178.1417,0,0.000000,41.524176,85.266941,0.255320,-2.837917,988651868,30685.37,32219,32219
389,-170629.8419,0.0000,170629.8419,41405528.5798,4120.9435,0,0.000000,44.816864,92.813268,0.255005,-2.666091,989379635,30686.05,32242,32242
390,-172900.6788,0.0000,172900.6788,42090589.0908,4107.8227,0,0.000000,33.491018,67.619119,0.205487,-2.701573,979953409,30685.87,31935,31935
391,-199841.3190,0.0000,199841.3190,48536179.6802,4117.3681,0,0.000000,47.041418,94.667217,0.267833,-3.122521,977357097,30688.18,31848,31848
392,-193557.5109,0.0000,193557.5109,46833314.3710,4132.9023,0,0.000000,38.630790,75.943332,0.231099,-3.024336,980608203,30688.12,31954,31954
393,-199484.9123,0.0000,199484.9123,48649835.6583,4100.4231,0,0.000000,40.720316,100.846971,0.238493,-3.116952,982199484,30687.98,32006,32006
394,-183740.9744,0.0000,183740.9744,43367626.9393,4236.8233,0,0.000000,36.614016,77.724792,0.214095,-2.870953,980314574,30686.61,31946,31946
395,-175862.0204,0.0000,175862.0204,42780367.4981,4110.8114,0,0.000000,37.994473,91.926622,0.214424,-2.747844,985068019,30686.52,32101,32101
396,-184713.4887,0.0000,184713.4887,43388685.4260,4257.1810,0,0.000000,41.203942,77.039340,0.243412,-2.886148,982847435,30687.13,32028,32028
397,-184926.6140,0.0000,184926.6140,43130005.3711,4287.6557,0,0.000000,35.890927,80.266352,0.224884,-2.889478,981967666,30686.49,32000,32000
398,-185233.6008,0.0000,185233.6008,45218880.3261,4096.3774,0,0.000000,47.082122,91.353223,0.253771,-2.894275,981735695,30686.91,31992,31992
399,-185264.6719,0.0000,185264.6719,43722483.0031,4237.2862,0,0.000000,35.922541,66.616983,0.204555,-2.894760,978227686,30687.57,31877,31877
400,-175129.9923,0.0000,175129.9923,42501217.2179,4120.5877,0,0.000000,36.838309,80.359601,0.209816,-2.736406,983373369,30686.31,32046,32046
401,-189988.6444,0.0000,189988.6444,44010128.7056,4316.9300,0,0.000000,43.116229,85.737717,0.257674,-2.968573,986195073,30686.26,32138,32138
402,-179927.1246,0.0000,179927.1246,44358433.5450,4056.2101,0,0.000000,38.088224,94.441650,0.220271,-2.811361,989527903,30687.79,32245,32245
403,-181437.0448,0.0000,181437.0448,44536309.3856,4073.9129,0,0.000000,37.514843,92.868693,0.235428,-2.834954,987549036,30687.33,32181,32181
404,-179890.3533,0.0000,179890.3533,42480825.0073,4234.6248,0,0.000000,40.276547,79.533796,0.270802,-2.810787,978535389,30684.71,31890,31890
405,-189753.8738,0.0000,189753.8738,44476612.9443,4266.3742,0,0.000000,41.055699,101.930054,0.222961,-2.964904,981682554,30687.17,31990,31990
406,-183750.8615,0.0000,183750.8615,43807386.5232,4194.5178,0,0.000000,35.304627,80.920904,0.206275,-2.871107,979662086,30687.32,31924,31924
407,-169031.1749,0.0000,169031.1749,41322434.0634,4090.5426,0,0.000000,38.996404,84.444201,0.227025,-2.641112,981919787,30685.95,31999,31999
408,-191605.4175,0.0000,191605.4175,45871083.4926,4177.0415,0,0.000000,35.415518,72.931664,0.226762,-2.993835,980969000,30687.89,31966,31966
409,-171544.1862,0.0000,171544.1862,41958038.9446,4088.4701,0,0.000000,36.640073,104.016134,0.219550,-2.680378,985195763,30684.77,32107,32107
410,-205495.0118,0.0000,205495.0118,45008917.1785,4565.6511,0,0.000000,41.539023,81.041140,0.261603,-3.210860,983233983,30685.79,32042,32042
411,-171815.1648,0.0000,171815.1648,41079327.3435,4182.5214,0,0.000000,39.177355,92.826713,0.226031,-2.684612,977268624,30684.44,31849,31849
412,-171826.6443,0.0000,171826.6443,42714239.2845,4022.7017,0,0.000000,35.976487,84.689298,0.215841,-2.684791,987764810,30686.41,32189,32189
413,-187649.0165,0.0000,187649.0165,45682815.3623,4107.6500,0,0.000000,37.652973,81.615897,0.233114,-2.932016,988628014,30687.48,32216,32216
414,-193639.0560,0.0000,193639.0560,46815368.9099,4136.2283,0,0.000000,42.716794,106.685803,0.257318,-3.025610,977837628,30687.85,31864,31864
415,-200900.9456,0.0000,200900.9456,48185856.1954,4169.2928,0,0.000000,38.057854,91.337997,0.223132,-3.139077,984175512,30688.35,32070,32070
416,-185039.6336,0.0000,185039.6336,43662579.8780,4237.9455,0,0.000000,38.708322,88.396365,0.234269,-2.891244,984409991,30685.14,32081,32081
417,-179847.2301,0.0000,179847.2301,41666551.2652,4316.3455,0,0.000000,39.094668,91.583211,0.214197,-2.810113,978783720,30685.76,31897,31897
418,-172014.6375,0.0000,172014.6375,42368754.5761,4059.9408,0,0.000000,33.798745,67.757004,0.197277,-2.687729,985008345,30686.57,32099,32099
419,-180923.9153,0.0000,180923.9153,44524368.4073,4063.4808,0,0.000000,39.211144,72.506868,0.220389,-2.826936,984542748,30687.37,32083,32083
42,-177130.1120,0.0000,177130.1120,41856763.0937,4231.8158,0,0.000000,39.809547,90.056010,0.245336,-2.767658,979939031,30686.39,31934,31934
420,-172099.8872,0.0000,172099.8872,40826607.5530,4215.3854,0,0.000000,34.310114,78.041636,0.211018,-2.689061,982712142,30685.78,32025,32025
421,-180673.0513,0.0000,180673.0513,44489448.5187,4061.0315,0,0.000000,35.413784,71.386521,0.222847,-2.823016,983330475,30686.88,32044,32044
422,-175582.0483,0.0000,175582.0483,42833963.4767,4099.1315,0,0.000000,35.189140,86.285297,0.214635,-2.743470,985386464,30684.97,32113,32113
423,-182593.1508,0.0000,182593.1508,42438997.9691,4302.4850,0,0.000000,34.876171,68.152998,0.200076,-2.853018,986626089,30686.31,32152,32152
424,-199536.5210,0.0000,199536.5210,47470276.1001,4203.3992,0,0.000000,40.218191,82.386971,0.225066,-3.117758,988676558,30688.04,32217,32217
425,-166584.3630,0.0000,166584.3630,40852696.6033,4077.6834,0,0.000000,36.756989,103.661078,0.200590,-2.602881,986020107,30686.55,32132,32132
426,-214654.5868,0.0000,214654.5868,50037407.8073,4289.8822,0,0.000000,36.174036,75.875268,0.223717,-3.353978,980823820,30689.11,31960,31960
427,-201533.5951,0.0000,201533.5951,46196479.4874,4362.5315,0,0.000000,43.760278,86.309514,0.260846,-3.148962,977742670,30687.76,31861,31861
428,-206182.5680,0.0000,206182.5680,50144433.0562,4111.7738,0,0.000000,35.977418,96.626027,0.220549,-3.221603,980547479,30689.10,31951,31951
429,-175460.7693,0.0000,175460.7693,43313785.0852,4050.9221,0,0.000000,40.824208,85.759128,0.240580,-2.741575,975007842,30686.68,31773,31773
43,-197377.1891,0.0000,197377.1891,47003112.5739,4199.2366,0,0.000000,41.599930,93.551483,0.265427,-3.084019,969962464,30688.22,31607,31607
430,-182624.2304,0.0000,182624.2304,44310655.7362,4121.4518,0,0.000000,34.152242,87.941546,0.198359,-2.853504,987302627,30687.30,32173,32173
431,-185039.1173,0.0000,185039.1173,45902401.1741,4031.1424,0,0.000000,33.500006,61.780377,0.211434,-2.891236,981628889,30687.41,31988,31988
432,-163609.7944,0.0000,163609.7944,39921132.8844,4098.3254,0,0.000000,32.136598,71.028718,0.194415,-2.556403,981675240,30685.98,31991,31991
433,-163066.6303,0.0000,163066.6303,39959670.6206,4080.7801,0,0.000000,33.886343,64.682069,0.214337,-2.547916,979233375,30685.43,31912,31912
434,-183862.0693,0.0000,183862.0693,44457921.7152,4135.6425,0,0.000000,44.080590,86.504720,0.251975,-2.872845,979886600,30686.67,31932,31932
435,-193276.4991,0.0000,193276.4991,46561385.5325,4151.0040,0,0.000000,44.195176,86.638478,0.234130,-3.019945,977383820,30688.05,31849,31849
436,-171954.5904,0.0000,171954.5904,41955810.9759,4098.4690,0,0.000000,36.540995,79.400725,0.212900,-2.686790,979313855,30686.03,31914,31914
437,-202915.4807,0.0000,202915.4807,48020590.2926,4225.5932,0,0.000000,39.478952,87.770558,0.230023,-3.170554,981926156,30688.07,31997,31997
438,-183771.4765,0.0000,183771.4765,44381658.5834,4140.7077,0,0.000000,35.707784,78.325243,0.207121,-2.871429,985229051,30686.76,32106,32106
439,-176514.8716,0.0000,176514.8716,42035699.2045,4199.1658,0,0.000000,36.311830,77.614374,0.213611,-2.758045,977168158,30684.17,31846,31846
44,-172440.8924,0.0000,172440.8924,42530799.3989,4054.4945,0,0.000000,34.439704,76.678432,0.214002,-2.694389,979911575,30685.53,31934,31934
440,-201692.9806,0.0000,201692.9806,46415594.0398,4345.3711,0,0.000000,36.112396,87.052030,0.221528,-3.151453,983155246,30687.16,32038,32038
441,-185506.9245,0.0000,185506.9245,44086333.6861,4207.8102,0,0.000000,42.724263,101.982100,0.259471,-2.898546,988629133,30686.57,32217,32217
442,-181915.8038,0.0000,181915.8038,44208820.2697,4114.9210,0,0.000000,38.459408,70.437148,0.222859,-2.842434,978074634,30686.62,31873,31873
443,-188816.4417,0.0000,188816.4417,45559993.6398,4144.3474,0,0.000000,36.512082,71.544996,0.229379,-2.950257,982772384,30687.66,32025,32025
444,-182479.0104,0.0000,182479.0104,43622191.6842,4183.1692,0,0.000000,32.361207,74.502032,0.206171,-2.851235,979212017,30686.68,31910,31910
445,-169401.8271,0.0000,169401.8271,41620730.7168,4070.1310,0,0.000000,38.515195,106.353846,0.227749,-2.646904,981857512,30685.92,31997,31997
446,-172304.8385,0.0000,172304.8385,42624904.3714,4042.3513,0,0.000000,35.235140,69.846745,0.218955,-2.692263,983902058,30686.53,32063,32063
447,-176555.9785,0.0000,176555.9785,42125283.1136,4191.2117,0,0.000000,35.297080,77.595101,0.202359,-2.758687,983910285,30685.82,32064,32064
448,-181242.8363,0.0000,181242.8363,43974988.9718,4121.4982,0,0.000000,38.304272,102.087598,0.215710,-2.831919,984051373,30687.35,32067,32067
449,-177596.4284,0.0000,177596.4284,42908518.5786,4138.9550,0,0.000000,33.160405,80.161962,0.201289,-2.774944,981500816,30685.33,31986,31986
45,-205227.6380,0.0000,205227.6380,47614395.0094,4310.2015,0,0.000000,39.516513,102.878222,0.238069,-3.206682,984053790,30687.43,32067,32067
450,-184277.5847,0.0000,184277.5847,43917895.0760,4195.9567,0,0.000000,39.050006,70.893015,0.215326,-2.879337,974533754,30686.24,31758,31758
451,-172502.2009,0.0000,172502.2009,41597254.2748,4146.9612,0,0.000000,32.818280,75.265797,0.213592,-2.695347,988086802,30685.93,32200,32200
452,-182522.6715,0.0000,182522.6715,44572688.2106,4094.9442,0,0.000000,34.731094,70.641002,0.208439,-2.851917,981276565,30686.95,31977,31977
453,-156901.7709,0.0000,156901.7709,39081677.2979,4014.7144,0,0.000000,37.911192,78.099821,0.230968,-2.451590,987140272,30685.12,32170,32170
454,-170873.7822,0.0000,170873.7822,40068199.7204,4264.5735,0,0.000000,32.340421,70.795907,0.187680,-2.669903,986395303,30685.81,32145,32145
455,-186690.9298,0.0000,186690.9298,42949545.8429,4346.7498,0,0.000000,43.304780,91.077723,0.238610,-2.917046,984208918,30686.53,32073,32073
456,-181495.6799,0.0000,181495.6799,43486253.2006,4173.6334,0,0.000000,39.347838,101.961428,0.223793,-2.835870,981934053,30686.40,31999,31999
457,-182253.7085,0.0000,182253.7085,44129931.8153,4129.9341,0,0.000000,41.883072,81.401613,0.249100,-2.847714,978640375,30687.04,31891,31891
458,-198855.4223,0.0000,198855.4223,46705298.8445,4257.6630,0,0.000000,39.084748,78.964651,0.242517,-3.107116,981895608,30688.07,31996,31996
459,-166384.0915,0.0000,166384.0915,40657597.2912,4092.3247,0,0.000000,36.721636,98.042124,0.230685,-2.599751,977027099,30683.60,31842,31842
46,-162994.7608,0.0000,162994.7608,39065405.4871,4172.3555,0,0.000000,35.641041,71.418569,0.216310,-2.546793,986380636,30685.35,32145,32145
460,-190321.7064,0.0000,190321.7064,46177184.8110,4121.5528,0,0.000000,39.122150,75.781334,0.221972,-2.973777,983588453,30687.27,32052,32052
461,-186407.0201,0.0000,186407.0201,44619967.4463,4177.6593,0,0.000000,37.378037,89.572073,0.255917,-2.912610,983155276,30686.20,32039,32039
462,-166863.2699,0.0000,166863.2699,41097919.6442,4060.1391,0,0.000000,32.566156,78.529582,0.204736,-2.607239,979638995,30685.64,31925,31925
463,-161776.4088,0.0000,161776.4088,39159319.5996,4131.2365,0,0.000000,40.146480,96.711970,0.232630,-2.527756,977609614,30684.55,31860,31860
464,-195684.3968,0.0000,195684.3968,46679358.2639,4192.0970,0,0.000000,41.529070,100.482101,0.241314,-3.057569,988332977,30686.90,32207,32207
465,-193676.5744,0.0000,193676.5744,46737868.0013,4143.8898,0,0.000000,36.563590,70.557739,0.233796,-3.026196,979880339,30688.39,31930,31930
466,-174325.0114,0.0000,174325.0114,43321073.5345,4024.0233,0,0.000000,34.120401,86.907675,0.203906,-2.723828,980574204,30687.06,31954,31954
467,-159130.7876,0.0000,159130.7876,38969182.0579,4083.5034,0,0.000000,34.871892,70.992528,0.210179,-2.486419,980009994,30684.76,31938,31938
468,-182967.4751,0.0000,182967.4751,42862923.6841,4268.6653,0,0.000000,38.860594,81.535557,0.228685,-2.858867,983505824,30686.61,32050,32050
469,-184865.2380,0.0000,184865.2380,44648005.3523,4140.5038,0,0.000000,37.488803,75.517918,0.217775,-2.888519,980689554,30686.83,31958,31958
47,-165450.1468,0.0000,165450.1468,39772415.4358,4159.9220,0,0.000000,34.734379,65.692135,0.229109,-2.585159,984691962,30685.32,32090,32090
470,-201489.1636,0.0000,201489.1636,46132341.7260,4367.6336,0,0.000000,44.043512,82.415354,0.256065,-3.148268,986190163,30688.02,32136,32136
471,-176925.5293,0.0000,176925.5293,42456699.5070,4167.1993,0,0.000000,36.798149,70.906287,0.223947,-2.764461,979327421,30686.45,31914,31914
472,-200178.7163,0.0000,200178.7163,47708371.2680,4195.8824,0,0.000000,39.165374,87.778192,0.236760,-3.127792,977859619,30688.54,31864,31864
473,-182412.8759,0.0000,182412.8759,44551919.2042,4094.3887,0,0.000000,37.594355,101.056729,0.219967,-2.850201,983577686,30687.89,32051,32051
474,-170749.0431,0.0000,170749.0431,42216757.4870,4044.5798,0,0.000000,33.350098,70.976550,0.200102,-2.667954,976244698,30686.01,31814,31814
475,-192580.5671,0.0000,192580.5671,46316947.1219,4157.8856,0,0.000000,42.875535,94.943504,0.245541,-3.009071,981820593,30687.65,31994,31994
476,-168317.3560,0.0000,168317.3560,41192303.1924,4086.1361,0,0.000000,36.616812,89.461460,0.221721,-2.629959,983807550,30685.49,32061,32061
477,-191362.4784,0.0000,191362.4784,47312178.3694,4044.6770,0,0.000000,40.413453,112.329556,0.235638,-2.990039,982248875,30687.61,32008,32008
478,-179063.0713,0.0000,179063.0713,43238096.6261,4141.3264,0,0.000000,38.860423,73.697030,0.226432,-2.797860,984046757,30686.25,32068,32068
479,-175904.7963,0.0000,175904.7963,43341355.1387,4058.5901,0,0.000000,36.179520,73.941383,0.227185,-2.748512,977656751,30686.02,31860,31860
48,-177601.0638,0.0000,177601.0638,43585765.1385,4074.7492,0,0.000000,37.327353,74.163018,0.231401,-2.775017,980635533,30687.06,31956,31956
480,-169927.1379,0.0000,169927.1379,42020574.4466,4043.9033,0,0.000000,34.884085,77.384071,0.214378,-2.655112,981743420,30686.19,31993,31993
481,-188364.0512,0.0000,188364.0512,45681904.0313,4123.3844,0,0.000000,46.433592,118.251606,0.276757,-2.943188,983705494,30687.09,32056,32056
482,-196179.4592,0.0000,196179.4592,48280876.7722,4063.2953,0,0.000000,42.673206,94.540132,0.234854,-3.065304,981654567,30688.21,31988,31988
483,-184084.6436,0.0000,184084.6436,44085864.6205,4175.5934,0,0.000000,36.264809,71.459719,0.213947,-2.876323,978709697,30687.29,31893,31893
484,-170783.5743,0.0000,170783.5743,42081837.8936,4058.3678,0,0.000000,36.913885,95.150285,0.217329,-2.668493,982172728,30686.19,32007,32007
485,-190702.2310,0.0000,190702.2310,44454352.3266,4289.8439,0,0.000000,39.063115,94.947233,0.231423,-2.979722,982969473,30686.15,32033,32033
486,-210274.0010,0.0000,210274.0010,47291671.2416,4446.3221,0,0.000000,40.762210,84.336555,0.237106,-3.285531,982999393,30687.08,32033,32033
487,-194630.4360,0.0000,194630.4360,47555788.2040,4092.6761,0,0.000000,38.044202,90.678241,0.223919,-3.041101,986357489,30686.54,32143,32143
488,-191565.8389,0.0000,191565.8389,45986147.9321,4165.7292,0,0.000000,37.871700,90.351535,0.230294,-2.993216,979145213,30687.47,31907,31907
489,-192439.9078,0.0000,192439.9078,45030888.3413,4273.5090,0,0.000000,41.730677,105.627869,0.253887,-3.006874,982007481,30686.77,32001,32001
49,-177073.5870,0.0000,177073.5870,43478448.4873,4072.6749,0,0.000000,41.720137,100.010011,0.250695,-2.766775,988536804,30685.61,32215,32215
490,-175635.0653,0.0000,175635.0653,43516640.3476,4036.0438,0,0.000000,39.553317,79.532778,0.243699,-2.744298,983230566,30685.68,32042,32042
491,-175323.6588,0.0000,175323.6588,43057901.4786,4071.8115,0,0.000000,39.590717,104.490223,0.225368,-2.739432,977641197,30686.50,31859,31859
492,-183200.0287,0.0000,183200.0287,42034550.4992,4358.3202,0,0.000000,41.159731,80.166096,0.252358,-2.862500,981381530,30685.43,31982,31982
493,-202410.5021,0.0000,202410.5021,48820124.4782,4146.0464,0,0.000000,40.030889,75.310847,0.230238,-3.162664,980754501,30688.86,31958,31958
494,-166019.3770,0.0000,166019.3770,41102898.6124,4039.1160,0,0.000000,36.632985,96.148925,0.205116,-2.594053,978456838,30686.10,31886,31886
495,-174937.7595,0.0000,174937.7595,43167001.2504,4052.5808,0,0.000000,38.589320,67.219339,0.226794,-2.733402,978391515,30686.93,31883,31883
496,-208418.2489,0.0000,208418.2489,48853452.6505,4266.1928,0,0.000000,35.157283,73.797076,0.244725,-3.256535,986851580,30688.55,32157,32157
497,-177072.8662,0.0000,177072.8662,42552742.2730,4161.2563,0,0.000000,39.523731,74.004274,0.232714,-2.766764,982199602,30686.07,32008,32008
498,-177685.2239,0.0000,177685.2239,43938929.7593,4043.9133,0,0.000000,35.158247,85.371819,0.240588,-2.776332,987464732,30686.62,32179,32179
499,-167447.0086,0.0000,167447.0086,39537686.6138,4235.1241,0,0.000000,32.685978,77.142094,0.202462,-2.616360,986448379,30685.55,32147,32147
50,-197622.8629,0.0000,197622.8629,48510633.0249,4073.8051,0,0.000000,38.800301,117.951561,0.229706,-3.087857,976686426,30688.32,31826,31826
500,-187046.5386,0.0000,187046.5386,44378029.9738,4214.8455,0,0.000000,38.665779,75.991889,0.222496,-2.922602,982731861,30687.36,32024,32024
501,-174192.5722,0.0000,174192.5722,42575319.8936,4091.3978,0,0.000000,40.727049,93.063096,0.237555,-2.721759,981937306,30685.54,32000,32000
502,-184376.9970,0.0000,184376.9970,41957388.5766,4394.3869,0,0.000000,32.935827,63.951075,0.194520,-2.880891,981790367,30686.70,31994,31994
503,-162600.2702,0.0000,162600.2702,38046060.7562,4273.7741,0,0.000000,38.576524,78.988325,0.231930,-2.540629,979826622,30683.83,31933,31933
504,-185952.7375,0.0000,185952.7375,44620194.8496,4167.4569,0,0.000000,33.779363,72.480779,0.206865,-2.905512,985704503,30686.27,32122,32122
505,-190630.3803,0.0000,190630.3803,43737912.0209,4358.4701,0,0.000000,42.583153,90.768555,0.233097,-2.978600,982351960,30686.03,32013,32013
506,-184926.6009,0.0000,184926.6009,44656832.5989,4141.0595,0,0.000000,36.945624,84.418286,0.224315,-2.889478,985799487,30687.32,32124,32124
507,-180729.2923,0.0000,180729.2923,42080551.0312,4294.8414,0,0.000000,34.975757,85.169141,0.210124,-2.823895,979864330,30685.97,31932,31932
508,-172432.2001,0.0000,172432.2001,41950836.4935,4110.3400,0,0.000000,34.996630,76.795745,0.235314,-2.694253,988081494,30685.76,32200,32200
509,-186159.6704,0.0000,186159.6704,45363709.0564,4103.7136,0,0.000000,42.982406,92.777953,0.233096,-2.908745,981182254,30687.84,31973,31973
51,-188400.9250,0.0000,188400.9250,46312470.9139,4068.0387,0,0.000000,39.181613,100.870675,0.239309,-2.943764,986948306,30687.74,32161,32161
510,-174198.9550,0.0000,174198.9550,41221459.0528,4225.9289,0,0.000000,38.333805,79.594137,0.218521,-2.721859,978217471,30685.32,31879,31879
511,-194541.9170,0.0000,194541.9170,47003145.8095,4138.9127,0,0.000000,38.507377,79.107732,0.219065,-3.039717,987979550,30686.41,32196,32196
512,-191654.7427,0.0000,191654.7427,43272656.3453,4429.0034,0,0.000000,36.110045,77.061271,0.210903,-2.994605,981992052,30686.29,32001,32001
513,-200399.0022,0.0000,200399.0022,46202404.0457,4337.4150,0,0.000000,35.663372,67.601847,0.205995,-3.131234,978781722,30687.62,31895,31895
514,-173829.3245,0.0000,173829.3245,40432953.8533,4299.1992,0,0.000000,41.209514,92.879458,0.228167,-2.716083,981717297,30684.42,31994,31994
515,-186710.9631,0.0000,186710.9631,43165782.2219,4325.4391,0,0.000000,37.889990,77.179700,0.240449,-2.917359,978209084,30686.99,31877,31877
516,-174555.5628,0.0000,174555.5628,42830026.6360,4075.5418,0,0.000000,38.627389,92.628278,0.221359,-2.727431,976286598,30686.36,31815,31815
517,-179199.4203,0.0000,179199.4203,43361103.7837,4132.7228,0,0.000000,39.211397,77.038528,0.243504,-2.799991,982279770,30686.65,32010,32010
518,-180278.8947,0.0000,180278.8947,44763921.4900,4027.3258,0,0.000000,37.784567,76.202148,0.213049,-2.816858,982389957,30687.22,32013,32013
519,-173185.1028,0.0000,173185.1028,41179521.5406,4205.6123,0,0.000000,34.263402,70.330982,0.206616,-2.706017,984034188,30684.90,32069,32069
52,-193459.8475,0.0000,193459.8475,44718143.3041,4326.2048,0,0.000000,38.971003,83.037290,0.235072,-3.022810,987181911,30687.37,32169,32169
520,-189889.9862,0.0000,189889.9862,45275612.7452,4194.0898,0,0.000000,39.926926,80.380319,0.229554,-2.967031,981721329,30687.42,31991,31991
521,-180126.6621,0.0000,180126.6621,43907759.6895,4102.3879,0,0.000000,34.876489,74.588957,0.219393,-2.814479,979579387,30686.65,31922,31922
522,-185761.8886,0.0000,185761.8886,45052426.9823,4123.2382,0,0.000000,37.967937,78.687882,0.249437,-2.902530,974257848,30686.25,31749,31749
523,-189080.6884,0.0000,189080.6884,46890908.6491,4032.3528,0,0.000000,40.060163,92.321495,0.244466,-2.954386,977600743,30688.12,31856,31856
524,-178542.0178,0.0000,178542.0178,43559746.0344,4098.7846,0,0.000000,34.919198,65.551941,0.209083,-2.789719,981953037,30686.99,31999,31999
525,-167921.3696,0.0000,167921.3696,41166032.3769,4079.1245,0,0.000000,30.479932,57.046760,0.183237,-2.623771,984254823,30686.04,32075,32075
526,-170503.4586,0.0000,170503.4586,41844626.7124,4074.6799,0,0.000000,39.627090,93.968589,0.230862,-2.664117,980964158,30685.82,31968,31968
527,-174259.0568,0.0000,174259.0568,40467820.4351,4306.1142,0,0.000000,34.974279,71.998252,0.211755,-2.722798,981058077,30684.91,31972,31972
528,-188838.7267,0.0000,188838.7267,45997875.6050,4105.3793,0,0.000000,34.087851,65.013266,0.196323,-2.950605,988960930,30687.34,32227,32227
529,-169240.3724,0.0000,169240.3724,40904095.3905,4137.4921,0,0.000000,34.514809,77.208501,0.212856,-2.644381,985543898,30685.10,32118,32118
53,-189641.2404,0.0000,189641.2404,45871257.4376,4134.2063,0,0.000000,42.568896,100.456393,0.249963,-2.963144,982785743,30687.12,32026,32026
530,-169561.2883,0.0000,169561.2883,41437111.6807,4092.0151,0,0.000000,41.014566,75.116898,0.231886,-2.649395,980483027,30686.12,31952,31952
531,-193877.2271,0.0000,193877.2271,45954824.0042,4218.8656,0,0.000000,36.408405,65.920368,0.222856,-3.029332,984637510,30687.45,32086,32086
532,-180015.0622,0.0000,180015.0622,44440862.7733,4050.6653,0,0.000000,32.778907,72.857022,0.198486,-2.812735,981278059,30687.00,31977,31977
533,-194704.4474,0.0000,194704.4474,47462436.5710,4102.2851,0,0.000000,40.435666,110.670837,0.231676,-3.042257,980064291,30688.39,31936,31936
534,-173099.8818,0.0000,173099.8818,42637704.3661,4059.7843,0,0.000000,46.448785,102.641596,0.261538,-2.704686,973946965,30687.09,31738,31738
535,-178627.2459,0.0000,178627.2459,43829617.8411,4075.4917,0,0.000000,37.287896,89.047036,0.232824,-2.791051,976187657,30687.11,31811,31811
536,-184871.5470,0.0000,184871.5470,44312408.3080,4172.0041,0,0.000000,36.121312,74.955405,0.215979,-2.888618,987506296,30686.96,32180,32180
537,-173705.9006,0.0000,173705.9006,42649695.6264,4072.8521,0,0.000000,31.003592,55.748331,0.196564,-2.714155,987992352,30686.80,32196,32196
538,-189086.5571,0.0000,189086.5571,45605002.2965,4146.1802,0,0.000000,36.712059,77.176174,0.210551,-2.954477,982634293,30687.18,32021,32021
539,-192884.5698,0.0000,192884.5698,47375681.4732,4071.3835,0,0.000000,40.277039,86.464576,0.239136,-3.013821,988583924,30688.02,32214,32214
54,-201786.8031,0.0000,201786.8031,47916410.4604,4211.2254,0,0.000000,35.199169,68.899581,0.218370,-3.152919,982865941,30687.71,32028,32028
540,-176447.4699,0.0000,176447.4699,43085662.5382,4095.2711,0,0.000000,36.383741,72.958698,0.228695,-2.756992,982052841,30686.27,32003,32003
541,-194238.6494,0.0000,194238.6494,46592505.3780,4168.8818,0,0.000000,31.375456,76.122043,0.223679,-3.034979,987398444,30688.37,32175,32175
542,-184906.7191,0.0000,184906.7191,44429272.6782,4161.8219,0,0.000000,38.378629,87.464185,0.223714,-2.889167,983433769,30686.28,32048,32048
543,-199976.5415,0.0000,199976.5415,47534805.8727,4206.9498,0,0.000000,41.929830,89.418972,0.262914,-3.124633,978631947,30688.70,31889,31889
544,-185124.7199,0.0000,185124.7199,45054138.3782,4108.9393,0,0.000000,40.486303,82.574795,0.239283,-2.892574,988425133,30686.90,32210,32210
545,-205091.3338,0.0000,205091.3338,49222369.9209,4166.6286,0,0.000000,40.402244,77.876365,0.249932,-3.204552,980054253,30689.03,31935,31935
546,-191525.7623,0.0000,191525.7623,46478961.3883,4120.6980,0,0.000000,38.683955,89.582204,0.216782,-2.992590,983762134,30687.90,32057,32057
547,-201900.3174,0.0000,201900.3174,47529408.6191,4247.9030,0,0.000000,40.637550,89.238701,0.239718,-3.154692,976230002,30687.48,31812,31812
548,-188149.3828,0.0000,188149.3828,45891796.4798,4099.8478,0,0.000000,42.570932,104.158730,0.234810,-2.939834,982212112,30687.42,32007,32007
549,-169918.2637,0.0000,169918.2637,40759695.1775,4168.7815,0,0.000000,36.493657,78.579675,0.219063,-2.654973,982952486,30685.62,32033,32033
55,-205976.6310,0.0000,205976.6310,47102587.3664,4372.9367,0,0.000000,37.972327,80.594458,0.249790,-3.218385,973077233,30687.73,31709,31709
550,-187216.2498,0.0000,187216.2498,46544322.3230,4022.3220,0,0.000000,40.033421,94.783432,0.228844,-2.925254,979184763,30687.75,31908,31908
551,-184457.5708,0.0000,184457.5708,43588870.2605,4231.7585,0,0.000000,36.477074,82.100230,0.217601,-2.882150,978538555,30686.73,31888,31888
552,-177200.5753,0.0000,177200.5753,41888016.7896,4230.3405,0,0.000000,39.165201,78.860479,0.231164,-2.768759,978438535,30686.48,31885,31885
553,-190912.0890,0.0000,190912.0890,46516559.1458,4104.1748,0,0.000000,36.636940,71.909032,0.231481,-2.983001,982127379,30687.64,32004,32004
554,-175405.8421,0.0000,175405.8421,40120047.3611,4372.0248,0,0.000000,32.088981,63.585658,0.192771,-2.740716,975119385,30686.33,31777,31777
555,-186422.1135,0.0000,186422.1135,45322911.7203,4113.1981,0,0.000000,39.782380,93.246479,0.224331,-2.912846,980401333,30687.41,31948,31948
556,-201387.5812,0.0000,201387.5812,48356271.4602,4164.6631,0,0.000000,40.755854,101.984861,0.234405,-3.146681,982906907,30688.03,32029,32029
557,-192345.3066,0.0000,192345.3066,45880215.4470,4192.3366,0,0.000000,37.373725,79.887203,0.233156,-3.005395,973603234,30687.87,31726,31726
558,-183274.0222,0.0000,183274.0222,43716344.0929,4192.3456,0,0.000000,35.470343,66.317864,0.228554,-2.863657,984569131,30686.27,32085,32085
559,-188498.9637,0.0000,188498.9637,44399223.8776,4245.5464,0,0.000000,43.227677,76.553634,0.244002,-2.945296,989016164,30686.20,32230,32230
56,-190057.5885,0.0000,190057.5885,45347629.7392,4191.1251,0,0.000000,39.123854,84.453695,0.223441,-2.969650,981538278,30686.50,31986,31986
560,-192647.4867,0.0000,192647.4867,45721973.0136,4213.4552,0,0.000000,32.977158,75.793409,0.223390,-3.010117,982288096,30687.87,32009,32009
561,-200768.9320,0.0000,200768.9320,48112341.7286,4172.9196,0,0.000000,36.205166,69.657884,0.221036,-3.137015,982882142,30688.21,32028,32028
562,-182253.8881,0.0000,182253.8881,42777640.6871,4260.4942,0,0.000000,35.605305,92.392918,0.216196,-2.847717,974644469,30686.83,31761,31761
563,-199022.9814,0.0000,199022.9814,47671204.5071,4174.9099,0,0.000000,32.289365,80.507163,0.204037,-3.109734,983685416,30688.38,32054,32054
564,-183500.9679,0.0000,183500.9679,43051551.8562,4262.3543,0,0.000000,41.394641,80.496490,0.228368,-2.867203,986468316,30686.17,32147,32147
565,-187659.7175,0.0000,187659.7175,44045009.4942,4260.6352,0,0.000000,38.644492,88.067248,0.225250,-2.932183,988840740,30686.47,32224,32224
566,-193324.4109,0.0000,193324.4109,47279231.7448,4088.9922,0,0.000000,35.297412,73.195760,0.214256,-3.020694,982699658,30688.27,32022,32022
567,-191367.9407,0.0000,191367.9407,45987859.8633,4161.2709,0,0.000000,40.900588,96.863842,0.251179,-2.990124,981677196,30687.96,31989,31989
568,-185900.6242,0.0000,185900.6242,44233456.0009,4202.7153,0,0.000000,43.473753,88.517133,0.248672,-2.904697,980274305,30686.31,31945,31945
569,-176233.3255,0.0000,176233.3255,42412607.7247,4155.2108,0,0.000000,33.561477,61.027598,0.204931,-2.753646,980385283,30685.95,31949,31949
57,-168392.1402,0.0000,168392.1402,40159977.9484,4193.0337,0,0.000000,36.397837,76.704788,0.210161,-2.631127,985747530,30685.70,32124,32124
570,-197700.8747,0.0000,197700.8747,48123936.3905,4108.1609,0,0.000000,37.303119,67.269599,0.241811,-3.089076,980974817,30688.07,31966,31966
571,-164628.0585,0.0000,164628.0585,39404850.8854,4177.8627,0,0.000000,38.343140,70.743390,0.237786,-2.572313,978212254,30685.16,31879,31879
572,-200680.7871,0.0000,200680.7871,47827023.0497,4195.9707,0,0.000000,40.203214,106.769887,0.233974,-3.135637,980563696,30688.65,31952,31952
573,-180777.5835,0.0000,180777.5835,43225756.5153,4182.1728,0,0.000000,43.113278,111.391046,0.247743,-2.824650,981710662,30686.13,31992,31992
574,-187438.8156,0.0000,187438.8156,45318251.6491,4136.0558,0,0.000000,41.434375,89.798620,0.235435,-2.928731,983237342,30686.85,32041,32041
575,-198953.7973,0.0000,198953.7973,48490319.4523,4102.9591,0,0.000000,37.081757,98.433803,0.221396,-3.108653,984539270,30689.17,32081,32081
576,-184565.6867,0.0000,184565.6867,44635847.1879,4134.9207,0,0.000000,40.800618,92.303549,0.233459,-2.883839,976100493,30687.26,31808,31808
577,-172997.1842,0.0000,172997.1842,40635673.9313,4257.2737,0,0.000000,34.858806,62.624332,0.203751,-2.703081,981108916,30684.58,31974,31974
578,-168865.4392,0.0000,168865.4392,41337243.2628,4085.0677,0,0.000000,35.908914,77.580603,0.227362,-2.638522,981522843,30685.05,31987,31987
579,-193232.7393,0.0000,193232.7393,44701877.1240,4322.6985,0,0.000000,37.177325,79.423835,0.213201,-3.019262,980406370,30687.57,31948,31948
58,-174894.6045,0.0000,174894.6045,41739497.3147,4190.1464,0,0.000000,34.137022,68.275660,0.199250,-2.732728,982854966,30684.49,32031,32031
580,-205888.4613,0.0000,205888.4613,47170429.3248,4364.7782,0,0.000000,35.857924,91.797851,0.213674,-3.217007,988737641,30688.03,32219,32219
581,-192276.9737,0.0000,192276.9737,45147915.7651,4258.8228,0,0.000000,34.444120,79.108327,0.206328,-3.004328,988768628,30687.09,32221,32221
582,-193788.1863,0.0000,193788.1863,44379369.0546,4366.6278,0,0.000000,34.752027,93.843049,0.211209,-3.027940,982305480,30687.46,32010,32010
583,-188773.6505,0.0000,188773.6505,44838992.7582,4210.0333,0,0.000000,34.964000,74.114803,0.214589,-2.949588,987642712,30687.38,32184,32184
584,-182488.0226,0.0000,182488.0226,44798071.4371,4073.5687,0,0.000000,40.271867,88.973447,0.236113,-2.851375,981953947,30687.02,31999,31999
585,-193256.8291,0.0000,193256.8291,46961421.0485,4115.2253,0,0.000000,37.955965,73.837227,0.219427,-3.019638,981342084,30688.04,31978,31978
586,-195017.4930,0.0000,195017.4930,46523307.0989,4191.8235,0,0.000000,46.492605,87.363191,0.249737,-3.047148,986524810,30687.93,32147,32147
587,-189812.7641,0.0000,189812.7641,46441525.2555,4087.1346,0,0.000000,35.799695,89.307898,0.230460,-2.965824,983907679,30687.66,32062,32062
588,-193965.6152,0.0000,193965.6152,44886172.0031,4321.2777,0,0.000000,34.844475,79.977376,0.201110,-3.030713,986217131,30686.95,32138,32138
589,-174872.1111,0.0000,174872.1111,40671425.6746,4299.6307,0,0.000000,38.176223,79.899177,0.219428,-2.732377,979090316,30685.75,31907,31907
59,-188813.1338,0.0000,188813.1338,45370330.0878,4161.5993,0,0.000000,36.463348,86.635161,0.205344,-2.950205,985533203,30687.63,32115,32115
590,-186805.2139,0.0000,186805.2139,43317993.0899,4312.4162,0,0.000000,42.951409,94.783230,0.240454,-2.918831,981913512,30685.76,31999,31999
591,-193651.0869,0.0000,193651.0869,46577654.3016,4157.5964,0,0.000000,39.503204,87.947532,0.223983,-3.025798,981794116,30687.78,31993,31993
592,-189640.1843,0.0000,189640.1843,44066604.6385,4303.4898,0,0.000000,38.180479,80.967050,0.220955,-2.963128,973119334,30687.12,31711,31711
593,-205091.3434,0.0000,205091.3434,48368980.8335,4240.1419,0,0.000000,34.668567,85.488077,0.204085,-3.204552,983264828,30687.71,32041,32041
594,-170689.0145,0.0000,170689.0145,40751215.1664,4188.5626,0,0.000000,36.789767,91.399686,0.217049,-2.667016,977108578,30684.23,31844,31844
595,-180713.6463,0.0000,180713.6463,44036796.4158,4103.6965,0,0.000000,41.226631,84.739816,0.248953,-2.823651,981457229,30687.80,31982,31982
596,-175955.5845,0.0000,175955.5845,43292539.2607,4064.3397,0,0.000000,40.106380,93.247856,0.222485,-2.749306,977657581,30686.05,31860,31860
597,-189816.0725,0.0000,189816.0725,46241883.8106,4104.8516,0,0.000000,40.404966,108.531939,0.256937,-2.965876,983566394,30687.54,32051,32051
598,-187896.6167,0.0000,187896.6167,46663541.3011,4026.6257,0,0.000000,36.034965,73.943429,0.234757,-2.935885,980396431,30688.22,31947,31947
599,-182716.2015,0.0000,182716.2015,44320191.5965,4122.6402,0,0.000000,40.864102,74.972790,0.236887,-2.854941,985195544,30687.63,32104,32104
60,-193591.9691,0.0000,193591.9691,45718976.0132,4234.3899,0,0.000000,33.883220,78.925557,0.208309,-3.024875,984078225,30687.23,32068,32068
600,-173497.2736,0.0000,173497.2736,40566454.3459,4276.8656,0,0.000000,38.787285,96.437029,0.223212,-2.710895,982639792,30685.44,32023,32023
601,-158790.2912,0.0000,158790.2912,38197423.3162,4157.0943,0,0.000000,33.959484,77.562796,0.221767,-2.481098,978631102,30684.82,31893,31893
602,-167242.4768,0.0000,167242.4768,41299886.4347,4049.4658,0,0.000000,39.589928,70.120798,0.227554,-2.613164,982775776,30685.85,32027,32027
603,-193334.1760,0.0000,193334.1760,46026627.0101,4200.4854,0,0.000000,43.619789,84.532808,0.243679,-3.020846,981731965,30687.75,31991,31991
604,-183718.9464,0.0000,183718.9464,44025757.7776,4172.9877,0,0.000000,37.777999,92.348684,0.220049,-2.870609,979516571,30686.61,31920,31920
605,-170737.3742,0.0000,170737.3742,41044951.1297,4159.7656,0,0.000000,32.178649,63.059133,0.214522,-2.667771,975481380,30685.16,31790,31790
606,-197506.1820,0.0000,197506.1820,48382936.8377,4082.1454,0,0.000000,38.561580,78.105642,0.222531,-3.086034,978297519,30688.80,31878,31878
607,-182997.4863,0.0000,182997.4863,44793376.5035,4085.3693,0,0.000000,39.643146,83.284822,0.241477,-2.859336,986506709,30687.36,32147,32147
608,-186090.0885,0.0000,186090.0885,44066582.4055,4222.9299,0,0.000000,45.104449,88.283161,0.235744,-2.907658,979381032,30687.17,31915,31915
609,-191673.7191,0.0000,191673.7191,46511886.7197,4120.9620,0,0.000000,38.716068,97.471650,0.227777,-2.994902,989029454,30687.56,32229,32229
61,-170359.9408,0.0000,170359.9408,39707321.9068,4290.3911,0,0.000000,40.579298,85.263537,0.239863,-2.661874,977047649,30685.21,31841,31841
610,-173370.0499,0.0000,173370.0499,42122687.5739,4115.8354,0,0.000000,39.177654,79.894434,0.230368,-2.708907,984657484,30686.16,32088,32088
611,-190026.0023,0.0000,190026.0023,45903073.2212,4139.7229,0,0.000000,37.800977,83.244699,0.227865,-2.969156,984895152,30687.83,32094,32094
612,-172609.1383,0.0000,172609.1383,41602008.7935,4149.0578,0,0.000000,36.892651,73.404387,0.219554,-2.697018,984800433,30685.83,32093,32093
613,-179739.8441,0.0000,179739.8441,42853018.7284,4194.3333,0,0.000000,36.306124,72.776443,0.212535,-2.808435,979805968,30686.06,31930,31930
614,-178785.6390,0.0000,178785.6390,44181348.3446,4046.6316,0,0.000000,41.022107,89.718339,0.229626,-2.793526,985628559,30686.78,32119,32119
615,-174173.4875,0.0000,174173.4875,41960029.1801,4150.9382,0,0.000000,33.198699,73.281262,0.202890,-2.721461,983981012,30686.12,32066,32066
616,-184833.3366,0.0000,184833.3366,44260023.2886,4176.0786,0,0.000000,40.413598,83.096468,0.233401,-2.888021,980749542,30686.78,31960,31960
617,-187650.5716,0.0000,187650.5716,44509344.3529,4215.9815,0,0.000000,43.012627,81.699797,0.244545,-2.932040,977282476,30686.80,31847,31847
618,-187709.5943,0.0000,187709.5943,43949866.7323,4270.9935,0,0.000000,40.307218,103.793458,0.244458,-2.932962,984913127,30687.43,32095,32095
619,-202137.1691,0.0000,202137.1691,47502836.4745,4255.2652,0,0.000000,42.279181,73.264534,0.244049,-3.158393,984297937,30687.39,32075,32075
62,-180938.5408,0.0000,180938.5408,43795983.4309,4131.3958,0,0.000000,35.541576,73.524051,0.230038,-2.827165,980928866,30685.67,31967,31967
620,-188780.4162,0.0000,188780.4162,43991664.4126,4291.2770,0,0.000000,37.665366,83.027771,0.232949,-2.949694,979825823,30686.68,31930,31930
621,-190891.7448,0.0000,190891.7448,46848384.4904,4074.6708,0,0.000000,40.185882,94.246651,0.242881,-2.982684,978077558,30687.67,31872,31872
622,-214191.6090,0.0000,214191.6090,50469505.1860,4243.9808,0,0.000000,38.365330,77.273461,0.229436,-3.346744,979238939,30689.45,31908,31908
623,-183687.1187,0.0000,183687.1187,44253583.1010,4150.7852,0,0.000000,41.224881,76.954644,0.237369,-2.870111,983317531,30685.52,32045,32045
624,-175712.2343,0.0000,175712.2343,42645845.3442,4120.2662,0,0.000000,37.864935,79.117175,0.225846,-2.745504,976708103,30686.11,31829,31829
625,-175969.4387,0.0000,175969.4387,43302155.3463,4063.7570,0,0.000000,36.794501,82.349195,0.223390,-2.749522,984989018,30685.97,32099,32099
626,-200488.8910,0.0000,200488.8910,46966616.3520,4268.7531,0,0.000000,36.343304,78.721292,0.220919,-3.132639,971588463,30688.20,31660,31660
627,-175728.7510,0.0000,175728.7510,43163321.1936,4071.2518,0,0.000000,35.820259,84.464198,0.208397,-2.745762,991092067,30686.82,32297,32297
628,-181726.6205,0.0000,181726.6205,43417083.7362,4185.6017,0,0.000000,46.253560,92.635265,0.273855,-2.839478,983527682,30686.33,32051,32051
629,-188781.3827,0.0000,188781.3827,45563292.6489,4143.2779,0,0.000000,34.885512,83.367758,0.222565,-2.949709,972091351,30687.61,31677,31677
63,-180864.9035,0.0000,180864.9035,43223195.1580,4184.4408,0,0.000000,41.625193,75.660291,0.251090,-2.826014,982400347,30686.59,32014,32014
630,-174685.1737,0.0000,174685.1737,41611827.9936,4197.9692,0,0.000000,39.079310,78.202316,0.234083,-2.729456,978219350,30685.38,31879,31879
631,-195624.0563,0.0000,195624.0563,45667810.2936,4283.6312,0,0.000000,37.425899,87.489850,0.252901,-3.056626,977454747,30687.39,31852,31852
632,-166432.9087,0.0000,166432.9087,40538772.6929,4105.5241,0,0.000000,31.352063,94.500140,0.206158,-2.600514,982499638,30684.89,32019,32019
633,-178846.7043,0.0000,178846.7043,42572879.2376,4200.9539,0,0.000000,40.180659,83.008851,0.235713,-2.794480,978555304,30686.30,31889,31889
634,-179542.3157,0.0000,179542.3157,42038151.5015,4270.9375,0,0.000000,36.941066,80.368037,0.230898,-2.805349,983535359,30686.57,32051,32051
635,-189596.5156,0.0000,189596.5156,45472716.4433,4169.4566,0,0.000000,40.360270,83.996130,0.228619,-2.962446,982995651,30687.93,32032,32032
636,-187113.8861,0.0000,187113.8861,44803662.5576,4176.3078,0,0.000000,36.294144,85.539154,0.224548,-2.923654,986496854,30687.06,32147,32147
637,-190002.4607,0.0000,190002.4607,45902418.8412,4139.2690,0,0.000000,38.306461,90.106708,0.220553,-2.968788,985542656,30687.92,32115,32115
638,-175894.8827,0.0000,175894.8827,43219771.9165,4069.7781,0,0.000000,38.088906,75.988348,0.228704,-2.748358,984253129,30686.95,32074,32074
639,-187880.0721,0.0000,187880.0721,44636684.9962,4209.0955,0,0.000000,34.474830,71.830660,0.217458,-2.935626,984344061,30686.91,32077,32077
64,-184551.6409,0.0000,184551.6409,45699712.7688,4038.3545,0,0.000000,39.528251,85.762060,0.221281,-2.883619,982710777,30687.66,32023,32023
640,-176466.4732,0.0000,176466.4732,43322303.4561,4073.3400,0,0.000000,38.423355,85.954682,0.236691,-2.757289,983444895,30686.62,32048,32048
641,-177137.3111,0.0000,177137.3111,42613735.5392,4156.8126,0,0.000000,39.520090,93.107613,0.225557,-2.767770,985636021,30686.05,32120,32120
642,-189457.3006,0.0000,189457.3006,44680328.3107,4240.2844,0,0.000000,35.757687,85.450243,0.213623,-2.960270,981422981,30687.69,31981,31981
643,-183457.0442,0.0000,183457.0442,43598355.9544,4207.8890,0,0.000000,34.427402,73.023397,0.192423,-2.866516,976330373,30686.77,31816,31816
644,-168635.1766,0.0000,168635.1766,40748884.8558,4138.3998,0,0.000000,37.706833,72.618375,0.211341,-2.634925,984609518,30685.62,32087,32087
645,-186736.4207,0.0000,186736.4207,42641186.8555,4379.2501,0,0.000000,37.550361,80.658116,0.222928,-2.917757,980619776,30686.56,31956,31956
646,-181414.3710,0.0000,181414.3710,45090010.8102,4023.3827,0,0.000000,36.410365,70.176027,0.211116,-2.834600,979074462,30687.18,31905,31905
647,-189086.2177,0.0000,189086.2177,45429964.4564,4162.1476,0,0.000000,40.095146,82.000982,0.240766,-2.954472,983353542,30687.60,32044,32044
648,-185742.5801,0.0000,185742.5801,44824438.9689,4143.7793,0,0.000000,32.891523,81.022850,0.200193,-2.902228,981163411,30687.25,31973,31973
649,-185282.8298,0.0000,185282.8298,44153292.1241,4196.3537,0,0.000000,36.060067,80.609312,0.210359,-2.895044,983845464,30686.67,32061,32061
65,-192801.5119,0.0000,192801.5119,45825987.7427,4207.2527,0,0.000000,36.427518,74.966191,0.221675,-3.012524,979298993,30687.48,31912,31912
650,-207018.6166,0.0000,207018.6166,50030644.6630,4137.8363,0,0.000000,41.702564,94.613903,0.231026,-3.234666,980678516,30689.36,31955,31955
651,-172736.7432,0.0000,172736.7432,42408107.2074,4073.2010,0,0.000000,33.510980,79.719826,0.199209,-2.699012,989649594,30684.91,32252,32252
652,-186910.2293,0.0000,186910.2293,43848227.0351,4262.6633,0,0.000000,37.136567,81.664448,0.218051,-2.920472,981295534,30686.58,31978,31978
653,-181402.9425,0.0000,181402.9425,43405529.9749,4179.2588,0,0.000000,39.438863,102.693197,0.228484,-2.834421,982879116,30686.20,32030,32030
654,-200090.9589,0.0000,200090.9589,47682631.9105,4196.3069,0,0.000000,44.349248,96.579918,0.244257,-3.126421,981564800,30687.33,31986,31986
655,-201950.6816,0.0000,201950.6816,48483519.5851,4165.3470,0,0.000000,37.822753,76.711851,0.235116,-3.155479,979511389,30688.37,31918,31918
656,-192471.5801,0.0000,192471.5801,45524319.0570,4227.8849,0,0.000000,38.253382,85.153121,0.230989,-3.007368,984251113,30686.88,32074,32074
657,-180529.1833,0.0000,180529.1833,42445599.5168,4253.1896,0,0.000000,37.887175,77.050559,0.221046,-2.820768,974275652,30686.81,31749,31749
658,-205088.5405,0.0000,205088.5405,49463823.7056,4146.2330,0,0.000000,38.394924,83.002778,0.227220,-3.204508,985542090,30688.86,32114,32114
659,-191126.2013,0.0000,191126.2013,46978428.3195,4068.3822,0,0.000000,40.759284,74.864978,0.247408,-2.986347,992496823,30687.55,32342,32342
66,-188595.4076,0.0000,188595.4076,44498250.0653,4238.2657,0,0.000000,38.916412,79.374907,0.224434,-2.946803,980212085,30687.25,31942,31942
660,-199982.6211,0.0000,199982.6211,48946219.1297,4085.7624,0,0.000000,38.519730,81.646769,0.236987,-3.124728,983831705,30689.12,32058,32058
661,-183624.0098,0.0000,183624.0098,45203311.8430,4062.1805,0,0.000000,41.947761,91.854386,0.243651,-2.869125,985538700,30686.84,32116,32116
662,-186170.4415,0.0000,186170.4415,45702874.0572,4073.4953,0,0.000000,34.969859,68.061336,0.205104,-2.908913,980694810,30687.95,31957,31957
663,-181869.7635,0.0000,181869.7635,43854997.3567,4147.0704,0,0.000000,33.513599,72.781577,0.196641,-2.841715,983808242,30687.43,32059,32059
664,-175914.4792,0.0000,175914.4792,43411249.0396,4052.2787,0,0.000000,35.935458,84.815335,0.206867,-2.748664,977804414,30685.84,31865,31865
665,-174811.7477,0.0000,174811.7477,42459828.8034,4117.1091,0,0.000000,39.185902,85.629199,0.217248,-2.731434,975137332,30686.89,31777,31777
666,-191167.8580,0.0000,191167.8580,45820781.3831,4172.0777,0,0.000000,41.011572,92.027772,0.237110,-2.986998,993718069,30687.36,32382,32382
667,-190470.4398,0.0000,190470.4398,45163307.2992,4217.3714,0,0.000000,37.959213,74.992529,0.234418,-2.976101,984933448,30687.11,32096,32096
668,-181689.8847,0.0000,181689.8847,43388098.6449,4187.5512,0,0.000000,36.207520,74.863615,0.213398,-2.838904,983440055,30686.47,32048,32048
669,-196021.4530,0.0000,196021.4530,46753034.0424,4192.7002,0,0.000000,38.011930,75.951182,0.229303,-3.062835,977736899,30687.58,31861,31861
67,-185709.8119,0.0000,185709.8119,44795243.4496,4145.7485,0,0.000000,37.903799,85.303441,0.235431,-2.901716,983005660,30687.28,32033,32033
670,-190302.3290,0.0000,190302.3290,45047701.9645,4224.4625,0,0.000000,37.846900,76.008653,0.234586,-2.973474,978154348,30687.20,31875,31875
671,-213699.9782,0.0000,213699.9782,47612865.0306,4488.2823,0,0.000000,37.066747,76.158147,0.242218,-3.339062,986600449,30688.37,32149,32149
672,-187895.6200,0.0000,187895.6200,44594473.0831,4213.4284,0,0.000000,35.920758,74.894521,0.204453,-2.935869,987422102,30687.20,32177,32177
673,-175185.0825,0.0000,175185.0825,42187723.0486,4152.5133,0,0.000000,38.140423,75.368059,0.217247,-2.737267,987513219,30686.22,32181,32181
674,-170937.1489,0.0000,170937.1489,41069352.9721,4162.1583,0,0.000000,38.335443,74.463168,0.214553,-2.670893,977188310,30685.77,31845,31845
675,-188849.8633,0.0000,188849.8633,45160921.0778,4181.7097,0,0.000000,31.203554,88.441200,0.175716,-2.950779,973769052,30687.29,31732,31732
676,-194061.9023,0.0000,194061.9023,45164146.7778,4296.8132,0,0.000000,35.992332,82.328842,0.211075,-3.032217,990011228,30687.56,32261,32261
677,-224731.3417,0.0000,224731.3417,50318530.0699,4466.1746,0,0.000000,46.822019,88.916711,0.267576,-3.511427,976694030,30689.52,31825,31825
678,-171116.2125,0.0000,171116.2125,41999608.3548,4074.2335,0,0.000000,38.869238,86.356852,0.218852,-2.673691,983146748,30684.98,32040,32040
679,-185800.6326,0.0000,185800.6326,44367954.9320,4187.7214,0,0.000000,36.935813,76.147262,0.211055,-2.903135,980473428,30685.82,31952,31952
68,-196888.6726,0.0000,196888.6726,46345371.2797,4248.2921,0,0.000000,34.928596,71.392924,0.220685,-3.076386,985749961,30687.69,32122,32122
680,-179788.8351,0.0000,179788.8351,44072458.3005,4079.3920,0,0.000000,36.212612,87.227785,0.216173,-2.809201,984105680,30687.13,32069,32069
681,-219578.7164,0.0000,219578.7164,51703789.8682,4246.8592,0,0.000000,38.873352,86.485532,0.227892,-3.430917,983288821,30689.41,32040,32040
682,-192620.2347,0.0000,192620.2347,46459550.4880,4145.9771,0,0.000000,38.739569,95.991000,0.235886,-3.009691,980779861,30687.73,31960,31960
683,-184819.4267,0.0000,184819.4267,44253446.8972,4176.3849,0,0.000000,36.657039,76.598598,0.223761,-2.887804,985019733,30686.93,32099,32099
684,-204994.9821,0.0000,204994.9821,48264133.0183,4247.3566,0,0.000000,42.479063,98.172390,0.246031,-3.203047,979310586,30687.85,31912,31912
685,-156783.4041,0.0000,156783.4041,38756339.5825,4045.3615,0,0.000000,40.424941,94.162454,0.260803,-2.449741,983297256,30683.93,32046,32046
686,-170402.2507,0.0000,170402.2507,41325759.6890,4123.3906,0,0.000000,34.910050,78.549357,0.210438,-2.662535,987077750,30686.04,32167,32167
687,-177312.1323,0.0000,177312.1323,43094711.3061,4114.4755,0,0.000000,36.741232,73.228083,0.218965,-2.770502,982613234,30686.53,32021,32021
688,-162374.5240,0.0000,162374.5240,38835665.3840,4181.0671,0,0.000000,40.583161,78.255231,0.222600,-2.537102,983871091,30684.60,32064,32064
689,-173165.7578,0.0000,173165.7578,42827121.8344,4043.3667,0,0.000000,42.471714,114.514083,0.256111,-2.705715,985224705,30685.67,32107,32107
69,-201489.0797,0.0000,201489.0797,47871284.8062,4208.9758,0,0.000000,37.489186,91.974595,0.219632,-3.148267,983269805,30688.82,32040,32040
690,-173365.5608,0.0000,173365.5608,40064224.0549,4327.1913,0,0.000000,36.960078,80.003360,0.223972,-2.708837,974845358,30685.43,31769,31769
691,-172242.1714,0.0000,172242.1714,39316061.1622,4380.9620,0,0.000000,37.315712,79.722346,0.207465,-2.691284,975439971,30684.83,31789,31789
692,-172580.0454,0.0000,172580.0454,42556168.7283,4055.3473,0,0.000000,36.773351,78.164082,0.222396,-2.696563,973825318,30686.16,31735,31735
693,-177173.5942,0.0000,177173.5942,43673386.1832,4056.7863,0,0.000000,37.736874,78.004686,0.227225,-2.768337,983136092,30685.60,32039,32039
694,-182439.7465,0.0000,182439.7465,42584593.2107,4284.1726,0,0.000000,35.418923,84.375686,0.198926,-2.850621,973073305,30685.67,31711,31711
695,-189519.7987,0.0000,189519.7987,44941015.8675,4217.0787,0,0.000000,38.252333,83.732243,0.209773,-2.961247,981040524,30687.24,31969,31969
696,-187057.0222,0.0000,187057.0222,45911915.9140,4074.2587,0,0.000000,37.799207,72.093036,0.230503,-2.922766,976678542,30688.07,31826,31826
697,-176945.0243,0.0000,176945.0243,41907882.7161,4222.2373,0,0.000000,37.299075,78.439780,0.225270,-2.764766,977641421,30686.51,31859,31859
698,-190071.6270,0.0000,190071.6270,45726813.7700,4156.6777,0,0.000000,39.775538,96.189600,0.234979,-2.969869,984352408,30687.17,32077,32077
699,-188793.2383,0.0000,188793.2383,46677422.9216,4044.6371,0,0.000000,38.924078,71.251420,0.230321,-2.949894,981083763,30687.64,31970,31970
70,-177680.5918,0.0000,177680.5918,42140268.7100,4216.4086,0,0.000000,35.817804,66.138509,0.214428,-2.776259,989010865,30686.03,32230,32230
700,-207036.8958,0.0000,207036.8958,45645302.2079,4535.7766,0,0.000000,37.076431,79.094957,0.211342,-3.234951,978056096,30687.00,31872,31872
701,-194652.7684,0.0000,194652.7684,48097574.2354,4047.0392,0,0.000000,44.768064,104.589971,0.254870,-3.041450,980067940,30687.54,31937,31937
702,-194231.4970,0.0000,194231.4970,45530080.5026,4266.0038,0,0.000000,40.783312,80.009593,0.237449,-3.034867,987527361,30687.61,32180,32180
703,-198632.3987,0.0000,198632.3987,47806918.0477,4154.8882,0,0.000000,35.257189,71.872225,0.206748,-3.103631,987626288,30688.78,32182,32182
704,-186774.7509,0.0000,186774.7509,46083863.8476,4052.9317,0,0.000000,38.441442,85.741915,0.224635,-2.918355,984927916,30687.89,32095,32095
705,-193065.3516,0.0000,193065.3516,44667672.5885,4322.2613,0,0.000000,41.109246,82.524348,0.237984,-3.016646,978763224,30687.04,31895,31895
706,-177904.6496,0.0000,177904.6496,43856574.8662,4056.5103,0,0.000000,37.781226,73.741871,0.212646,-2.779760,990182536,30687.16,32267,32267
707,-227277.3301,0.0000,227277.3301,51834983.6255,4384.6320,0,0.000000,38.498173,99.926506,0.237985,-3.551208,979070068,30689.93,31902,31902
708,-203998.0415,0.0000,203998.0415,48403516.8372,4214.5293,0,0.000000,38.603937,90.776565,0.243628,-3.187469,982681472,30688.66,32021,32021
709,-166160.8438,0.0000,166160.8438,39365402.0267,4220.9868,0,0.000000,39.182976,99.093546,0.233349,-2.596263,978225629,30685.58,31879,31879
71,-185699.0553,0.0000,185699.0553,45753155.1341,4058.7158,0,0.000000,34.233645,69.361440,0.214032,-2.901548,985019419,30687.88,32098,32098
710,-173974.0121,0.0000,173974.0121,42130120.0979,4129.4450,0,0.000000,38.821983,76.271784,0.216949,-2.718344,984705882,30683.84,32092,32092
711,-170598.4036,0.0000,170598.4036,41649666.7156,4096.0329,0,0.000000,38.487999,76.362661,0.223963,-2.665600,982963449,30685.96,32033,32033
712,-172167.9762,0.0000,172167.9762,41710955.0034,4127.6441,0,0.000000,35.800572,78.533469,0.212792,-2.690125,979714767,30685.13,31928,31928
713,-201505.0740,0.0000,201505.0740,48851488.2105,4124.8503,0,0.000000,43.750451,109.694519,0.244920,-3.148517,986166517,30688.24,32135,32135
714,-183100.4556,0.0000,183100.4556,43481343.1610,4211.0119,0,0.000000,37.209529,68.717067,0.219060,-2.860945,979004725,30686.92,31903,31903
715,-170943.7802,0.0000,170943.7802,41808824.0016,4088.7010,0,0.000000,39.386898,91.937356,0.205782,-2.670997,982268366,30686.30,32010,32010
716,-201828.3811,0.0000,201828.3811,48625957.7662,4150.6305,0,0.000000,39.879496,78.495932,0.224350,-3.153568,982717112,30687.85,32023,32023
717,-170416.9407,0.0000,170416.9407,41958511.2536,4061.5583,0,0.000000,35.794529,66.399322,0.211861,-2.662765,991012251,30685.29,32296,32296
718,-166440.4714,0.0000,166440.4714,40236249.7883,4136.5801,0,0.000000,34.274758,71.360170,0.196307,-2.600632,984167264,30684.27,32074,32074
719,-185359.4309,0.0000,185359.4309,45195012.5957,4101.3249,0,0.000000,38.017947,84.306143,0.217951,-2.896241,982653349,30686.82,32022,32022
72,-185076.5168,0.0000,185076.5168,44794034.7286,4131.7224,0,0.000000,33.037040,65.034851,0.201614,-2.891821,983831751,30687.20,32060,32060
720,-196861.2562,0.0000,196861.2562,45708614.0317,4306.8743,0,0.000000,39.308607,79.829116,0.244291,-3.075957,984530075,30686.97,32083,32083
721,-186858.6414,0.0000,186858.6414,44594185.0668,4190.2020,0,0.000000,34.667725,79.607021,0.229918,-2.919666,975036876,30686.63,31774,31774
722,-171962.0626,0.0000,171962.0626,42043790.0804,4090.0704,0,0.000000,35.707968,71.836858,0.199666,-2.686907,984703631,30685.68,32090,32090
723,-175696.1225,0.0000,175696.1225,40806794.9179,4305.5605,0,0.000000,37.628378,80.902094,0.228210,-2.745252,981831599,30685.11,31997,31997
724,-186503.7318,0.0000,186503.7318,44586575.6704,4182.9571,0,0.000000,38.966018,77.619951,0.235347,-2.914121,983641993,30687.03,32054,32054
725,-204294.4531,0.0000,204294.4531,50271764.0310,4063.8012,0,0.000000,42.884216,97.622897,0.235010,-3.192101,984655035,30688.95,32085,32085
726,-191748.0760,0.0000,191748.0760,47319350.8840,4052.2127,0,0.000000,45.362874,99.607050,0.264453,-2.996064,982783110,30688.00,32025,32025
727,-181150.6926,0.0000,181150.6926,43318868.0353,4181.7965,0,0.000000,36.349510,69.476877,0.237103,-2.830480,982539736,30687.11,32018,32018
728,-175572.5665,0.0000,175572.5665,42771020.9660,4104.9421,0,0.000000,32.324931,76.099832,0.205775,-2.743321,981843434,30685.48,31997,31997
729,-199653.0753,0.0000,199653.0753,47848204.9492,4172.6346,0,0.000000,36.363054,104.927292,0.238854,-3.119579,987507152,30687.94,32179,32179
73,-176061.8547,0.0000,176061.8547,41309399.8947,4262.0289,0,0.000000,39.080118,86.829162,0.243126,-2.750966,981635723,30684.75,31991,31991
730,-191107.3207,0.0000,191107.3207,44571084.6628,4287.6973,0,0.000000,42.275200,90.900533,0.238884,-2.986052,977021703,30687.28,31838,31838
731,-202940.6876,0.0000,202940.6876,48843455.8605,4154.9207,0,0.000000,41.463559,90.346690,0.225793,-3.170948,987868319,30688.67,32190,32190
732,-184461.8171,0.0000,184461.8171,45013195.6756,4097.9498,0,0.000000,36.978139,88.656727,0.222715,-2.882216,976575079,30687.71,31823,31823
733,-211275.2788,0.0000,211275.2788,46560596.4905,4537.6412,0,0.000000,37.647747,77.854744,0.219708,-3.301176,980742609,30687.52,31959,31959
734,-168204.5849,0.0000,168204.5849,40847527.5297,4117.8645,0,0.000000,34.156978,72.589800,0.198564,-2.628197,979867370,30685.10,31933,31933
735,-174073.8008,0.0000,174073.8008,41404545.4883,4204.2196,0,0.000000,34.498292,88.998308,0.199845,-2.719903,982536315,30686.04,32019,32019
736,-198314.6614,0.0000,198314.6614,47804820.7083,4148.4239,0,0.000000,39.102282,76.424005,0.237595,-3.098667,982737159,30688.48,32023,32023
737,-216177.5907,0.0000,216177.5907,51330013.9336,4211.5241,0,0.000000,37.813247,75.778132,0.213162,-3.377775,982111726,30689.07,32002,32002
738,-172958.2678,0.0000,172958.2678,41736749.1003,4144.0283,0,0.000000,33.690975,67.140970,0.212858,-2.702473,982319318,30685.97,32012,32012
739,-182245.8083,0.0000,182245.8083,43439923.2090,4195.3529,0,0.000000,35.843753,81.312176,0.207097,-2.847591,981275436,30685.95,31978,31978
74,-189007.3360,0.0000,189007.3360,43446664.3763,4350.3302,0,0.000000,36.640669,87.093825,0.229428,-2.953240,982443077,30686.00,32016,32016
740,-172365.9015,0.0000,172365.9015,42219350.9803,4082.6279,0,0.000000,37.612982,83.152235,0.215836,-2.693217,984790121,30686.47,32092,32092
741,-184441.0122,0.0000,184441.0122,45056533.5517,4093.5464,0,0.000000,47.439866,96.235253,0.274719,-2.881891,985903652,30687.70,32127,32127
742,-172486.3009,0.0000,172486.3009,41247426.5471,4181.7470,0,0.000000,33.329142,69.440013,0.210302,-2.695098,984477530,30686.29,32082,32082
743,-153697.2238,0.0000,153697.2238,38120802.1182,4031.8465,0,0.000000,34.794596,89.336266,0.196394,-2.401519,980534108,30684.84,31955,31955
744,-190004.5774,0.0000,190004.5774,46655266.9148,4072.5215,0,0.000000,36.612348,84.119168,0.216507,-2.968822,991069729,30688.02,32295,32295
745,-171995.9122,0.0000,171995.9122,42694134.3140,4028.5607,0,0.000000,34.048235,81.939463,0.202400,-2.687436,980451099,30687.05,31950,31950
746,-209809.8307,0.0000,209809.8307,49961555.9871,4199.4255,0,0.000000,37.203948,94.587431,0.227720,-3.278279,981774620,30689.09,31991,31991
747,-176826.8457,0.0000,176826.8457,43869369.2985,4030.7588,0,0.000000,35.073524,77.535278,0.216837,-2.762919,978286359,30687.49,31879,31879
748,-182986.6936,0.0000,182986.6936,43341754.0614,4221.9494,0,0.000000,34.953244,70.944146,0.200480,-2.859167,981308933,30687.00,31978,31978
749,-188124.8903,0.0000,188124.8903,43669105.9820,4307.9629,0,0.000000,51.109068,120.546819,0.279532,-2.939451,969159887,30687.10,31582,31582
75,-176003.6610,0.0000,176003.6610,41726984.0482,4217.9818,0,0.000000,37.943092,85.365123,0.232434,-2.750057,989408153,30685.98,32243,32243
750,-202456.8381,0.0000,202456.8381,46881616.2585,4318.4697,0,0.000000,36.407272,82.250410,0.217562,-3.163388,984943321,30687.42,32096,32096
751,-193170.1803,0.0000,193170.1803,46672957.6029,4138.8031,0,0.000000,41.141186,81.340318,0.240995,-3.018284,973812509,30688.66,31732,31732
752,-206100.5788,0.0000,206100.5788,50426115.7795,4087.1793,0,0.000000,42.282340,105.542057,0.246948,-3.220322,986943224,30688.53,32160,32160
753,-167797.6833,0.0000,167797.6833,40425619.2005,4150.7758,0,0.000000,31.268702,66.278324,0.208012,-2.621839,984585408,30682.96,32089,32089
754,-195553.9527,0.0000,195553.9527,47566142.0888,4111.2006,0,0.000000,42.685070,83.013730,0.238957,-3.055531,981424727,30687.74,31981,31981
755,-195864.1889,0.0000,195864.1889,46183502.6705,4240.9990,0,0.000000,35.363061,74.741337,0.223268,-3.060378,978907038,30687.70,31899,31899
756,-189820.4327,0.0000,189820.4327,46266756.8037,4102.7391,0,0.000000,39.720729,86.646885,0.236288,-2.965944,982105348,30687.92,32003,32003
757,-182778.2025,0.0000,182778.2025,45268457.5531,4037.6503,0,0.000000,38.135789,83.373531,0.216119,-2.855909,983881819,30687.81,32061,32061
758,-174333.7654,0.0000,174333.7654,41764216.7127,4174.2376,0,0.000000,38.381456,73.997793,0.223878,-2.723965,983093503,30685.23,32038,32038
759,-200566.2569,0.0000,200566.2569,46160476.7159,4344.9780,0,0.000000,46.200449,101.375119,0.257742,-3.133848,985209784,30687.11,32105,32105
76,-199193.8560,0.0000,199193.8560,48605994.8050,4098.1335,0,0.000000,39.141767,87.013712,0.232358,-3.112404,990183191,30688.13,32266,32266
760,-186964.4898,0.0000,186964.4898,44957187.1643,4158.7230,0,0.000000,34.906160,77.780265,0.211263,-2.921320,982237320,30687.24,32008,32008
761,-179757.5338,0.0000,179757.5338,41701193.6867,4310.6088,0,0.000000,35.744133,73.880332,0.218307,-2.808711,980668335,30686.16,31958,31958
762,-158404.5657,0.0000,158404.5657,39395085.4222,4020.9220,0,0.000000,31.595190,75.410122,0.186268,-2.475071,984371700,30685.86,32079,32079
763,-191323.2399,0.0000,191323.2399,46928703.5369,4076.8917,0,0.000000,39.924604,110.554050,0.242065,-2.989426,978206623,30687.87,31876,31876
764,-181380.9318,0.0000,181380.9318,42614624.4628,4256.3072,0,0.000000,31.548105,85.557668,0.191981,-2.834077,985472087,30686.68,32114,32114
765,-190149.9849,0.0000,190149.9849,46158445.4448,4119.5058,0,0.000000,37.482856,90.869885,0.223162,-2.971094,985382192,30687.70,32110,32110
766,-185706.5965,0.0000,185706.5965,44942999.2875,4132.0472,0,0.000000,41.607440,75.368283,0.240478,-2.901666,981176741,30687.67,31973,31973
767,-162148.2996,0.0000,162148.2996,40239779.0843,4029.5524,0,0.000000,35.276559,73.234274,0.203255,-2.533567,984810778,30685.20,32094,32094
768,-185609.9959,0.0000,185609.9959,45618485.5103,4068.7452,0,0.000000,42.141194,89.185298,0.242524,-2.900156,980259061,30686.80,31944,31944
769,-184013.3848,0.0000,184013.3848,44709270.7970,4115.7769,0,0.000000,41.241893,84.769652,0.236490,-2.875209,978044420,30687.60,31871,31871
77,-191178.4531,0.0000,191178.4531,44431907.8916,4302.7289,0,0.000000,37.047945,85.543866,0.215161,-2.987163,987053159,30687.18,32165,32165
770,-166396.7234,0.0000,166396.7234,39381050.2655,4225.2993,0,0.000000,39.884124,77.325483,0.224643,-2.599949,977689460,30685.13,31862,31862
771,-186933.3433,0.0000,186933.3433,45796608.8989,4081.8163,0,0.000000,35.456629,91.631401,0.213129,-2.920833,974854560,30687.65,31767,31767
772,-202678.9593,0.0000,202678.9593,46663946.9205,4343.3737,0,0.000000,42.234732,98.157400,0.241789,-3.166859,981115468,30687.67,31971,31971
773,-186375.6642,0.0000,186375.6642,45812357.9709,4068.2399,0,0.000000,39.769372,93.433284,0.215998,-2.912120,979083840,30687.47,31905,31905
774,-178281.6392,0.0000,178281.6392,43427998.2385,4105.2235,0,0.000000,37.392669,79.553683,0.241330,-2.785651,983171856,30685.76,32040,32040
775,-199772.2410,0.0000,199772.2410,47143463.5122,4237.5385,0,0.000000,43.853981,88.629996,0.252344,-3.121441,988433868,30687.17,32210,32210
776,-178588.2140,0.0000,178588.2140,44115526.2831,4048.1941,0,0.000000,37.228146,77.792593,0.231860,-2.790441,973032612,30687.29,31708,31708
777,-189896.3832,0.0000,189896.3832,44101003.6175,4305.9424,0,0.000000,37.661136,80.901404,0.213444,-2.967131,975909379,30688.01,31801,31801
778,-184645.5538,0.0000,184645.5538,44997705.5816,4103.4438,0,0.000000,38.419037,95.280295,0.223999,-2.885087,980568168,30687.83,31953,31953
779,-174379.3300,0.0000,174379.3300,42110255.4352,4141.0181,0,0.000000,34.046475,67.791208,0.206050,-2.724677,981004278,30686.11,31969,31969
78,-174503.1568,0.0000,174503.1568,43102193.7194,4048.5911,0,0.000000,35.885482,78.282811,0.226886,-2.726612,982157352,30686.66,32006,32006
780,-210186.6876,0.0000,210186.6876,49386507.6784,4255.9536,0,0.000000,38.346631,97.759929,0.250456,-3.284167,981657115,30688.29,31988,31988
781,-203220.3161,0.0000,203220.3161,48440672.7434,4195.2414,0,0.000000,42.505463,83.497706,0.252859,-3.175317,979584556,30688.74,31920,31920
782,-179626.8119,0.0000,179626.8119,44748499.8804,4014.1415,0,0.000000,41.937044,85.074695,0.242623,-2.806669,977992803,30686.94,31870,31870
783,-199069.1047,0.0000,199069.1047,47656432.6058,4177.1718,0,0.000000,38.444016,94.977682,0.242489,-3.110455,981405784,30688.11,31980,31980
784,-167622.9411,0.0000,167622.9411,41303632.7070,4058.3099,0,0.000000,36.947572,75.545501,0.214924,-2.619108,980497290,30685.61,31953,31953
785,-185725.3880,0.0000,185725.3880,45524030.0867,4079.7220,0,0.000000,39.585078,82.007945,0.216592,-2.901959,982553040,30687.52,32018,32018
786,-190178.4863,0.0000,190178.4863,46840315.9497,4060.1452,0,0.000000,35.590373,73.937666,0.214113,-2.971539,984224653,30687.97,32072,32072
787,-188311.2822,0.0000,188311.2822,44276999.6375,4253.0272,0,0.000000,39.428846,76.967849,0.235596,-2.942364,980457455,30687.24,31950,31950
788,-172763.5989,0.0000,172763.5989,41163991.1634,4196.9594,0,0.000000,37.221160,73.278053,0.223626,-2.699431,979467921,30685.09,31920,31920
789,-157664.4821,0.0000,157664.4821,38965521.4487,4046.2562,0,0.000000,33.616623,69.217526,0.199086,-2.463508,984426318,30685.65,32081,32081
79,-186941.2493,0.0000,186941.2493,45223328.9358,4133.7348,0,0.000000,40.037429,90.379299,0.240313,-2.920957,979819707,30687.45,31929,31929
790,-173050.0185,0.0000,173050.0185,42287365.9364,4092.2392,0,0.000000,36.373214,74.141994,0.225040,-2.703907,978640011,30686.07,31892,31892
791,-194383.6490,0.0000,194383.6490,45299068.6199,4291.1180,0,0.000000,38.442737,74.166095,0.217671,-3.037245,978970313,30687.76,31901,31901
792,-186267.5246,0.0000,186267.5246,44373803.2143,4197.6912,0,0.000000,36.788707,94.101022,0.222800,-2.910430,978683299,30687.42,31892,31892
793,-180850.5297,0.0000,180850.5297,44310323.5507,4081.4536,0,0.000000,36.093312,68.025295,0.212488,-2.825790,978691846,30686.73,31893,31893
794,-184470.1651,0.0000,184470.1651,44551739.9890,4140.5827,0,0.000000,38.670235,82.614442,0.228185,-2.882346,983184211,30685.19,32041,32041
795,-189305.9117,0.0000,189305.9117,47143955.5593,4015.4864,0,0.000000,33.951691,97.406382,0.203608,-2.957905,982057747,30688.35,32001,32001
796,-173732.5220,0.0000,173732.5220,42646748.2436,4073.7578,0,0.000000,42.762445,87.400346,0.246463,-2.714571,977903748,30687.04,31867,31867
797,-194142.4839,0.0000,194142.4839,47743991.5267,4066.3229,0,0.000000,34.533552,82.174156,0.236383,-3.033476,978848191,30688.74,31896,31896
798,-185467.9142,0.0000,185467.9142,44994476.0435,4122.0152,0,0.000000,37.551172,78.462723,0.212979,-2.897936,979890021,30687.73,31931,31931
799,-186836.6021,0.0000,186836.6021,43962000.4094,4249.9568,0,0.000000,41.527580,86.462047,0.241916,-2.919322,983718676,30686.55,32057,32057
80,-190022.8208,0.0000,190022.8208,45940839.5453,4136.2505,0,0.000000,43.121553,93.215325,0.247853,-2.969107,982480465,30687.17,32016,32016
800,-183283.4758,0.0000,183283.4758,44113243.2444,4154.8402,0,0.000000,37.711806,100.689828,0.235609,-2.863804,979050276,30686.42,31905,31905
801,-196480.0796,0.0000,196480.0796,47618410.2039,4126.1369,0,0.000000,40.607832,87.113138,0.235197,-3.070001,979115944,30688.48,31905,31905
802,-172748.9874,0.0000,172748.9874,41304704.5062,4182.3078,0,0.000000,30.008248,62.467418,0.185127,-2.699203,983307863,30685.22,32045,32045
803,-200090.9757,0.0000,200090.9757,49493828.5690,4042.7460,0,0.000000,35.963802,85.534788,0.209938,-3.126421,985456617,30689.07,32111,32111
804,-185803.6022,0.0000,185803.6022,43391069.7627,4282.0701,0,0.000000,33.684632,64.762038,0.195897,-2.903181,983250869,30687.27,32041,32041
805,-164144.2118,0.0000,164144.2118,39765581.8890,4127.7960,0,0.000000,39.224039,92.311696,0.239562,-2.564753,983070105,30684.50,32038,32038
806,-163581.3786,0.0000,163581.3786,40200439.2175,4069.1441,0,0.000000,34.296944,82.041976,0.205023,-2.555959,987996382,30685.02,32198,32198
807,-201313.0802,0.0000,201313.0802,49361988.8843,4078.3016,0,0.000000,44.307549,101.386239,0.261138,-3.145517,984855045,30688.49,32092,32092
808,-182596.6485,0.0000,182596.6485,45103777.8569,4048.3671,0,0.000000,34.072675,86.526795,0.246315,-2.853073,982512076,30687.20,32017,32017
809,-193666.2029,0.0000,193666.2029,46419883.7934,4172.0527,0,0.000000,39.986447,88.056509,0.234357,-3.026034,983539669,30687.67,32050,32050
81,-203264.1387,0.0000,203264.1387,48413112.2167,4198.5348,0,0.000000,46.205006,119.959594,0.274994,-3.176002,987344265,30687.64,32174,32174
810,-170990.5147,0.0000,170990.5147,41995083.0194,4071.6794,0,0.000000,38.851370,71.025041,0.228178,-2.671727,985186662,30686.39,32105,32105
811,-196663.8452,0.0000,196663.8452,47402340.2646,4148.8214,0,0.000000,38.641404,88.960143,0.227902,-3.072873,978070342,30688.41,31871,31871
812,-187137.8232,0.0000,187137.8232,44970862.2243,4161.3128,0,0.000000,36.529363,67.802565,0.216145,-2.924028,980145501,30687.09,31940,31940
813,-178619.9971,0.0000,178619.9971,42861986.9472,4167.3289,0,0.000000,33.113195,65.396338,0.211684,-2.790937,988789145,30686.77,32222,32222
814,-199278.2570,0.0000,199278.2570,47350262.5542,4208.5988,0,0.000000,39.437826,97.049791,0.232406,-3.113723,987887543,30688.31,32191,32191
815,-195449.1786,0.0000,195449.1786,47047893.8840,4154.2599,0,0.000000,38.865077,83.040745,0.232248,-3.053893,980227468,30687.73,31942,31942
816,-189703.1688,0.0000,189703.1688,45720211.9836,4149.2189,0,0.000000,38.091090,101.290466,0.224325,-2.964112,977537476,30688.06,31854,31854
817,-172644.2067,0.0000,172644.2067,42180682.2050,4092.9686,0,0.000000,36.531784,80.435288,0.214579,-2.697566,981408734,30686.28,31982,31982
818,-188633.6726,0.0000,188633.6726,45691675.2537,4128.4035,0,0.000000,36.266695,93.492280,0.220321,-2.947401,981244745,30687.87,31975,31975
819,-175027.1558,0.0000,175027.1558,42089275.7935,4158.4739,0,0.000000,39.224894,96.408534,0.235104,-2.734799,978811370,30685.67,31898,31898
82,-194870.3831,0.0000,194870.3831,45971109.8108,4238.9750,0,0.000000,40.056254,95.135924,0.235390,-3.044850,978335393,30688.06,31880,31880
820,-194050.8221,0.0000,194050.8221,45568826.2577,4258.4117,0,0.000000,38.657128,88.180361,0.235902,-3.032044,985432952,30687.37,32112,32112
821,-167330.8004,0.0000,167330.8004,40021736.5233,4180.9980,0,0.000000,37.595457,85.196646,0.214941,-2.614544,980933720,30685.82,31967,31967
822,-196370.3416,0.0000,196370.3416,46899731.6191,4187.0248,0,0.000000,37.853121,73.897198,0.217652,-3.068287,984314973,30687.92,32075,32075
823,-179679.7655,0.0000,179679.7655,44048843.8510,4079.1029,0,0.000000,35.744061,70.224537,0.205308,-2.807496,978039310,30687.44,31871,31871
824,-185619.0800,0.0000,185619.0800,44927924.3908,4131.4858,0,0.000000,40.109045,79.891553,0.237335,-2.900298,979281054,30686.92,31912,31912
825,-191258.3701,0.0000,191258.3701,45283226.4604,4223.6030,0,0.000000,42.757593,84.159342,0.250032,-2.988412,985421955,30687.03,32112,32112
826,-177763.5984,0.0000,177763.5984,43042827.1880,4129.9238,0,0.000000,47.008521,90.104530,0.247975,-2.777556,985151559,30684.34,32106,32106
827,-184803.2510,0.0000,184803.2510,44224391.3985,4178.7630,0,0.000000,38.531595,79.346478,0.227831,-2.887551,977247962,30686.68,31846,31846
828,-179203.1720,0.0000,179203.1720,43771988.7131,4094.0149,0,0.000000,33.509428,76.154021,0.217221,-2.800050,981524366,30687.02,31985,31985
829,-184010.3275,0.0000,184010.3275,44512865.4652,4133.8684,0,0.000000,39.335294,92.018578,0.222613,-2.875161,978584038,30687.20,31889,31889
83,-214004.9268,0.0000,214004.9268,50149719.3097,4267.3205,0,0.000000,42.059788,86.859207,0.247473,-3.343827,979212322,30688.61,31908,31908
830,-189894.8956,0.0000,189894.8956,46155891.0229,4114.2071,0,0.000000,36.122666,81.253949,0.218392,-2.967108,985803547,30687.45,32124,32124
831,-194972.8090,0.0000,194972.8090,44377734.3973,4393.4827,0,0.000000,38.928242,90.150837,0.232135,-3.046450,980087236,30687.18,31938,31938
832,-160502.6731,0.0000,160502.6731,39340367.4319,4079.8468,0,0.000000,34.402788,70.821308,0.219666,-2.507854,976727657,30684.79,31831,31831
833,-186071.4325,0.0000,186071.4325,44869911.2265,4146.9089,0,0.000000,35.819166,76.718668,0.236582,-2.907366,986420286,30687.54,32144,32144
834,-185179.6237,0.0000,185179.6237,45850578.7599,4038.7631,0,0.000000,40.354402,94.212864,0.230772,-2.893432,980762161,30688.14,31959,31959
835,-189621.8505,0.0000,189621.8505,45687971.5924,4150.3670,0,0.000000,42.290163,90.492101,0.242530,-2.962841,986786968,30687.49,32156,32156
836,-170226.3791,0.0000,170226.3791,41077589.9645,4144.0206,0,0.000000,40.025152,92.061860,0.230182,-2.659787,985701044,30684.26,32124,32124
837,-187397.8165,0.0000,187397.8165,45677138.1771,4102.6611,0,0.000000,38.572491,79.651173,0.240027,-2.928091,984875360,30687.21,32094,32094
838,-193466.5655,0.0000,193466.5655,45814533.4154,4222.8208,0,0.000000,34.774438,72.283760,0.215964,-3.022915,974331041,30687.59,31750,31750
839,-186279.0171,0.0000,186279.0171,44572230.4794,4179.2617,0,0.000000,34.118239,86.341281,0.201388,-2.910610,982274143,30687.44,32009,32009
84,-180381.3205,0.0000,180381.3205,42747538.0676,4219.6891,0,0.000000,38.255740,86.053437,0.274188,-2.818458,981674868,30685.97,31991,31991
840,-183613.0364,0.0000,183613.0364,44249361.6378,4149.5070,0,0.000000,37.806850,90.962575,0.241389,-2.868954,980523803,30686.44,31953,31953
841,-166704.3926,0.0000,166704.3926,40391558.4770,4127.2087,0,0.000000,35.796271,78.642299,0.232098,-2.604756,973659685,30684.81,31731,31731
842,-189980.2944,0.0000,189980.2944,46336278.3514,4100.0335,0,0.000000,40.023009,86.763343,0.238957,-2.968442,981001158,30687.93,31967,31967
843,-187069.1181,0.0000,187069.1181,45413869.8025,4119.2067,0,0.000000,39.589322,88.914897,0.219659,-2.922955,981465783,30687.11,31983,31983
844,-196546.4775,0.0000,196546.4775,47479544.6561,4139.6033,0,0.000000,38.592848,104.748592,0.228711,-3.071039,983154648,30687.14,32038,32038
845,-176602.3014,0.0000,176602.3014,42118976.9655,4192.9390,0,0.000000,34.415190,75.647773,0.209733,-2.759411,974356561,30686.46,31752,31752
846,-188522.9194,0.0000,188522.9194,43699297.6799,4314.0949,0,0.000000,38.476936,99.609668,0.229752,-2.945671,977615170,30687.61,31857,31857
847,-188869.0127,0.0000,188869.0127,44890385.5246,4207.3377,0,0.000000,37.563648,89.337370,0.220965,-2.951078,981694216,30687.53,31990,31990
848,-190776.2535,0.0000,190776.2535,45737172.0515,4171.1423,0,0.000000,34.742924,71.119670,0.202543,-2.980879,989068015,30687.81,32230,32230
849,-184157.3244,0.0000,184157.3244,44320499.3841,4155.1275,0,0.000000,39.088665,77.227991,0.228630,-2.877458,982716343,30686.87,32024,32024
85,-193285.2372,0.0000,193285.2372,45497250.8931,4248.2839,0,0.000000,35.234304,66.457412,0.213305,-3.020082,989777054,30687.91,32253,32253
850,-171702.2327,0.0000,171702.2327,42635494.6369,4027.2133,0,0.000000,37.748262,72.276757,0.226350,-2.682847,981110406,30685.59,31973,31973
851,-189443.8993,0.0000,189443.8993,45561482.6897,4157.9836,0,0.000000,36.693521,80.796973,0.204645,-2.960061,980049187,30687.91,31936,31936
852,-194022.7212,0.0000,194022.7212,45854054.4789,4231.3100,0,0.000000,37.738949,110.502500,0.223570,-3.031605,982140866,30688.07,32004,32004
853,-182637.5663,0.0000,182637.5663,43321457.3509,4215.8685,0,0.000000,39.457485,83.123032,0.248150,-2.853712,986454087,30685.73,32147,32147
854,-189061.1397,0.0000,189061.1397,45242555.8059,4178.8342,0,0.000000,35.153096,91.523249,0.199641,-2.954080,984347614,30687.98,32076,32076
855,-162654.5085,0.0000,162654.5085,39236423.6504,4145.4978,0,0.000000,39.322098,87.172272,0.241787,-2.541477,978288179,30684.66,31882,31882
856,-202948.0525,0.0000,202948.0525,47970967.4463,4230.6433,0,0.000000,37.241387,85.267538,0.225033,-3.171063,987038780,30687.69,32164,32164
857,-179606.3079,0.0000,179606.3079,43239428.9811,4153.7623,0,0.000000,40.416554,105.900478,0.239747,-2.806349,978017168,30686.74,31871,31871
858,-193125.3436,0.0000,193125.3436,47296883.7364,4083.2573,0,0.000000,37.717001,79.936333,0.235958,-3.017583,992634898,30688.03,32346,32346
859,-170280.7835,0.0000,170280.7835,41665896.9347,4086.8143,0,0.000000,35.278473,75.498636,0.212089,-2.660637,976611059,30685.95,31826,31826
86,-186712.2130,0.0000,186712.2130,45575023.7092,4096.8100,0,0.000000,41.930442,93.658225,0.238697,-2.917378,985156611,30687.37,32103,32103
860,-188358.9588,0.0000,188358.9588,43389089.4992,4341.1595,0,0.000000,37.505127,65.139463,0.211973,-2.943109,979168596,30685.32,31910,31910
861,-179798.0406,0.0000,179798.0406,43356316.5555,4146.9861,0,0.000000,39.028837,84.216740,0.225191,-2.809344,984410882,30687.08,32079,32079
862,-207599.3636,0.0000,207599.3636,49130252.9411,4225.4894,0,0.000000,37.813601,98.503594,0.246284,-3.243740,979094038,30688.75,31904,31904
863,-181601.5033,0.0000,181601.5033,42647881.9991,4258.1600,0,0.000000,35.616175,66.103716,0.203287,-2.837523,977807395,30685.94,31865,31865
864,-176724.8900,0.0000,176724.8900,43098180.4060,4100.5186,0,0.000000,39.492235,80.907607,0.231390,-2.761326,980688386,30686.79,31958,31958
865,-181314.4736,0.0000,181314.4736,43240127.3126,4193.1993,0,0.000000,37.526357,91.132405,0.223925,-2.833039,978926037,30686.37,31901,31901
866,-182568.5833,0.0000,182568.5833,44634354.8893,4090.3153,0,0.000000,37.791727,77.970125,0.216317,-2.852634,984145221,30687.41,32070,32070
867,-188682.2852,0.0000,188682.2852,46399477.1373,4066.4744,0,0.000000,42.715286,83.726438,0.254139,-2.948161,983502335,30687.46,32049,32049
868,-184148.5771,0.0000,184148.5771,45477893.2684,4049.1888,0,0.000000,38.173600,107.087505,0.214180,-2.877322,982111517,30687.15,32004,32004
869,-170432.6393,0.0000,170432.6393,40453271.0616,4213.0744,0,0.000000,35.657455,81.499334,0.201628,-2.663010,980273878,30686.30,31945,31945
87,-190847.4969,0.0000,190847.4969,46688898.2748,4087.6419,0,0.000000,34.961618,72.526332,0.209510,-2.981992,983607970,30687.88,32052,32052
870,-192604.1749,0.0000,192604.1749,47129942.0722,4086.6627,0,0.000000,42.291930,102.097278,0.236724,-3.009440,984293916,30687.26,32075,32075
871,-196796.0389,0.0000,196796.0389,47066679.8458,4181.2178,0,0.000000,31.924450,64.128705,0.199247,-3.074938,983316861,30687.42,32043,32043
872,-174887.6493,0.0000,174887.6493,42288193.3372,4135.6141,0,0.000000,39.577170,98.959428,0.239521,-2.732620,976570074,30685.63,31825,31825
873,-190918.5727,0.0000,190918.5727,45332721.8944,4211.4959,0,0.000000,40.830313,86.048795,0.226026,-2.983103,985071110,30687.57,32100,32100
874,-223080.9434,0.0000,223080.9434,53905268.1525,4138.3885,0,0.000000,40.609986,95.697337,0.253412,-3.485640,988189001,30690.05,32199,32199
875,-197781.7496,0.0000,197781.7496,47806180.6601,4137.1586,0,0.000000,41.304427,89.422318,0.234064,-3.090340,985585378,30688.30,32116,32116
876,-192269.4613,0.0000,192269.4613,44729311.8929,4298.5115,0,0.000000,37.031893,71.641138,0.220257,-3.004210,985246037,30687.29,32106,32106
877,-194213.1313,0.0000,194213.1313,44386018.3154,4375.5475,0,0.000000,37.241496,100.313220,0.228498,-3.034580,977168103,30687.06,31843,31843
878,-164096.2415,0.0000,164096.2415,40705612.6445,4031.2928,0,0.000000,35.154557,79.286306,0.199382,-2.564004,981072548,30686.33,31971,31971
879,-156196.7966,0.0000,156196.7966,37740246.3047,4138.7328,0,0.000000,33.826467,62.507277,0.192331,-2.440575,979250637,30685.01,31913,31913
88,-185990.3929,0.0000,185990.3929,45182170.2600,4116.4555,0,0.000000,39.667467,92.136178,0.235428,-2.906100,987870046,30685.86,32193,32193
880,-197129.1782,0.0000,197129.1782,47991918.5605,4107.5494,0,0.000000,38.625198,106.942760,0.234680,-3.080143,973077309,30688.70,31708,31708
881,-184092.3855,0.0000,184092.3855,44665257.9029,4121.6013,0,0.000000,36.592538,79.712717,0.213648,-2.876444,984081726,30687.34,32068,32068
882,-183465.7335,0.0000,183465.7335,43609523.5730,4207.0107,0,0.000000,35.434536,79.803407,0.210308,-2.866652,982231156,30687.05,32008,32008
883,-180577.7207,0.0000,180577.7207,43260382.9327,4174.2053,0,0.000000,38.170669,79.319083,0.225326,-2.821527,973246744,30687.27,31715,31715
884,-195796.0702,0.0000,195796.0702,48012427.5499,4078.0290,0,0.000000,36.302850,68.652302,0.233535,-3.059314,980841074,30688.69,31961,31961
885,-197951.1438,0.0000,197951.1438,45432955.8243,4356.9946,0,0.000000,36.141515,70.914979,0.211233,-3.092987,983588872,30686.33,32053,32053
886,-188260.4923,0.0000,188260.4923,44212034.5876,4258.1278,0,0.000000,41.597028,84.527813,0.236868,-2.941570,968945566,30687.11,31575,31575
887,-194105.4778,0.0000,194105.4778,45918464.9748,4227.1770,0,0.000000,37.493486,88.400397,0.220315,-3.032898,983437449,30687.35,32047,32047
888,-174106.7384,0.0000,174106.7384,40735604.0682,4274.0679,0,0.000000,31.509540,66.470655,0.187539,-2.720418,988510305,30684.78,32215,32215
889,-185418.0876,0.0000,185418.0876,43539483.2381,4258.6194,0,0.000000,33.488064,67.293921,0.193910,-2.897158,981267337,30686.66,31977,31977
89,-178907.2668,0.0000,178907.2668,43065398.9301,4154.3158,0,0.000000,37.392328,89.476947,0.232284,-2.795426,984001616,30686.76,32066,32066
890,-193082.4013,0.0000,193082.4013,46354577.3723,4165.3362,0,0.000000,39.729853,85.770339,0.222496,-3.016913,982398696,30687.49,32013,32013
891,-167131.7347,0.0000,167131.7347,41252425.3013,4051.4402,0,0.000000,37.650674,70.853388,0.223607,-2.611433,983941618,30685.84,32065,32065
892,-175634.2809,0.0000,175634.2809,43123483.6435,4072.8222,0,0.000000,35.901063,74.905580,0.220728,-2.744286,980988710,30686.58,31968,31968
893,-179638.8315,0.0000,179638.8315,43893129.1967,4092.6413,0,0.000000,39.319707,74.258364,0.218224,-2.806857,980417546,30686.96,31949,31949
894,-185879.8635,0.0000,185879.8635,46199404.5315,4023.4255,0,0.000000,39.093102,84.500278,0.226246,-2.904373,984676181,30687.70,32087,32087
895,-176965.0170,0.0000,176965.0170,43062690.8213,4109.4742,0,0.000000,38.306069,75.347218,0.224479,-2.765078,988874075,30686.55,32225,32225
896,-199331.7356,0.0000,199331.7356,45243357.9988,4405.7679,0,0.000000,40.281058,96.580020,0.223942,-3.114558,982511159,30687.17,32017,32017
897,-182029.3449,0.0000,182029.3449,44097782.8838,4127.8571,0,0.000000,35.859943,67.499728,0.197650,-2.844209,985040367,30687.57,32099,32099
898,-190837.8475,0.0000,190837.8475,45889253.1826,4158.6610,0,0.000000,43.599268,83.548689,0.248396,-2.981841,978641024,30687.06,31891,31891
899,-180635.5825,0.0000,180635.5825,43962387.8282,4108.8665,0,0.000000,39.645926,82.636316,0.244781,-2.822431,974622053,30687.09,31760,31760
90,-188721.0116,0.0000,188721.0116,46995372.1964,4015.7361,0,0.000000,39.953437,86.174046,0.256045,-2.948766,982520598,30687.47,32017,32017
900,-185997.4975,0.0000,185997.4975,44446750.8286,4184.7265,0,0.000000,37.408892,77.416115,0.228947,-2.906211,982541340,30686.20,32019,32019
901,-201465.9269,0.0000,201465.9269,48132157.0277,4185.6825,0,0.000000,42.928856,93.231743,0.247864,-3.147905,988532697,30688.34,32212,32212
902,-177783.4451,0.0000,177783.4451,42789591.6264,4154.8292,0,0.000000,33.753992,71.282344,0.225838,-2.777866,985893020,30686.41,32128,32128
903,-197642.3415,0.0000,197642.3415,44746903.0189,4416.8943,0,0.000000,33.147143,64.388000,0.203504,-3.088162,980358906,30687.04,31947,31947
904,-182692.9551,0.0000,182692.9551,44451742.5801,4109.9166,0,0.000000,38.610216,81.834675,0.233398,-2.854577,978203040,30686.80,31877,31877
905,-169817.2915,0.0000,169817.2915,40289591.7635,4214.9172,0,0.000000,37.421926,88.530615,0.232036,-2.653395,980539508,30685.97,31954,31954
906,-186401.9714,0.0000,186401.9714,44120169.1547,4224.8698,0,0.000000,35.971172,76.155454,0.206683,-2.912531,975934889,30687.85,31802,31802
907,-188898.2023,0.0000,188898.2023,43860218.1311,4306.8231,0,0.000000,35.290297,67.389925,0.210821,-2.951534,981318883,30686.35,31979,31979
908,-193646.1713,0.0000,193646.1713,46950684.1774,4124.4590,0,0.000000,39.668400,85.710492,0.241977,-3.025721,980614504,30688.32,31954,31954
909,-188252.4327,0.0000,188252.4327,45810246.8899,4109.3957,0,0.000000,33.201819,70.159034,0.214824,-2.941444,971555104,30688.12,31659,31659
91,-153395.2544,0.0000,153395.2544,37196410.8501,4123.9262,0,0.000000,33.366599,68.250190,0.207469,-2.396801,983176562,30683.04,32043,32043
910,-187375.1673,0.0000,187375.1673,45910554.1828,4081.3092,0,0.000000,35.184902,83.027978,0.226003,-2.927737,982077192,30687.04,32003,32003
911,-190167.9561,0.0000,190167.9561,46817368.7692,4061.9104,0,0.000000,34.505967,84.151775,0.203522,-2.971374,986882692,30688.56,32158,32158
912,-191713.7901,0.0000,191713.7901,46396239.8558,4132.0976,0,0.000000,38.942153,82.604831,0.225446,-2.995528,979659033,30688.19,31923,31923
913,-193188.0208,0.0000,193188.0208,46899379.0268,4119.2021,0,0.000000,42.865776,87.407324,0.233859,-3.018563,977781047,30688.00,31862,31862
914,-189203.8543,0.0000,189203.8543,44828045.0696,4220.6582,0,0.000000,41.790347,82.131431,0.247959,-2.956310,984769098,30686.77,32091,32091
915,-193310.3295,0.0000,193310.3295,46253444.3140,4179.3716,0,0.000000,38.162145,97.747545,0.247757,-3.020474,976310666,30688.08,31814,31814
916,-195121.0598,0.0000,195121.0598,45568522.7302,4281.9264,0,0.000000,39.199711,77.398096,0.247387,-3.048767,978730808,30687.95,31893,31893
917,-185014.0557,0.0000,185014.0557,44989223.7467,4112.4083,0,0.000000,36.937135,80.796538,0.219043,-2.890845,982699488,30688.26,32022,32022
918,-164406.3421,0.0000,164406.3421,40331788.6298,4076.3464,0,0.000000,32.885558,60.091266,0.207870,-2.568849,980191701,30685.65,31943,31943
919,-190298.3722,0.0000,190298.3722,46695667.0648,4075.2897,0,0.000000,47.413995,99.958977,0.276244,-2.973412,980244636,30687.31,31943,31943
92,-158532.9762,0.0000,158532.9762,39239595.9464,4040.1276,0,0.000000,36.477697,63.860230,0.212306,-2.477078,988796191,30684.13,32225,32225
920,-179737.2602,0.0000,179737.2602,43447304.7712,4136.9024,0,0.000000,38.473368,128.707403,0.221343,-2.808395,983443181,30686.57,32048,32048
921,-205354.2714,0.0000,205354.2714,47213635.4613,4349.4696,0,0.000000,39.507017,84.510399,0.225754,-3.208660,989445565,30688.10,32242,32242
922,-173835.4396,0.0000,173835.4396,42859312.8757,4055.9549,0,0.000000,33.910045,75.815291,0.202422,-2.716179,992374628,30685.67,32340,32340
923,-177097.4943,0.0000,177097.4943,42964216.5291,4121.9766,0,0.000000,37.695698,90.232523,0.210585,-2.767148,981162554,30686.26,31974,31974
924,-176344.7856,0.0000,176344.7856,43445167.9753,4059.0195,0,0.000000,38.326607,72.393808,0.220381,-2.755387,976090120,30686.94,31808,31808
925,-173785.2449,0.0000,173785.2449,41600901.9453,4177.4394,0,0.000000,38.767043,84.133625,0.220110,-2.715394,982759417,30686.30,32026,32026
926,-192079.2425,0.0000,192079.2425,46040698.0460,4171.9446,0,0.000000,38.697265,78.422351,0.240838,-3.001238,982335637,30685.52,32013,32013
927,-187042.5152,0.0000,187042.5152,44698788.6513,4184.5097,0,0.000000,34.569824,77.491878,0.210041,-2.922539,971619522,30687.24,31662,31662
928,-177090.5201,0.0000,177090.5201,42071196.9706,4209.3055,0,0.000000,38.159568,75.921379,0.221682,-2.767039,978001867,30686.26,31871,31871
929,-183586.6287,0.0000,183586.6287,44613812.3732,4115.0177,0,0.000000,44.759118,88.834338,0.259969,-2.868541,981019978,30686.60,31969,31969
93,-171074.0107,0.0000,171074.0107,40767324.3289,4196.3512,0,0.000000,36.428647,75.846783,0.214399,-2.673031,975874081,30684.97,31803,31803
930,-187589.3231,0.0000,187589.3231,43028368.6756,4359.6662,0,0.000000,38.029250,88.543009,0.213155,-2.931083,988663411,30686.68,32218,32218
931,-192180.7296,0.0000,192180.7296,46794904.6281,4106.8730,0,0.000000,40.815406,77.864529,0.249660,-3.002824,976004050,30688.09,31804,31804
932,-186674.9670,0.0000,186674.9670,45083062.7012,4140.6896,0,0.000000,40.567544,89.010484,0.232565,-2.916796,975300002,30687.18,31782,31782
933,-191764.7064,0.0000,191764.7064,46683516.4131,4107.7605,0,0.000000,42.943671,96.211004,0.253967,-2.996324,983348391,30687.44,32044,32044
934,-181118.3134,0.0000,181118.3134,44838418.7003,4039.3555,0,0.000000,35.532003,81.930318,0.210426,-2.829974,980583199,30687.34,31954,31954
935,-190635.7343,0.0000,190635.7343,45685862.9519,4172.7511,0,0.000000,44.030842,110.496069,0.255243,-2.978683,978878813,30686.82,31899,31899
936,-193876.7447,0.0000,193876.7447,47222279.3882,4105.6202,0,0.000000,37.643288,82.684375,0.207753,-3.029324,988174764,30687.70,32201,32201
937,-201850.7868,0.0000,201850.7868,48980329.8979,4121.0581,0,0.000000,35.128486,67.806797,0.230409,-3.153919,979256010,30688.06,31910,31910
938,-181467.4192,0.0000,181467.4192,44281209.8583,4098.0682,0,0.000000,35.954388,76.413070,0.205229,-2.835428,972427677,30687.57,31688,31688
939,-185770.3291,0.0000,185770.3291,44519151.0428,4172.8183,0,0.000000,37.666714,79.996531,0.218253,-2.902661,980085766,30687.14,31938,31938
94,-187431.9130,0.0000,187431.9130,44928519.6137,4171.7803,0,0.000000,35.726840,77.952943,0.221520,-2.928624,975233525,30687.02,31780,31780
940,-189862.3918,0.0000,189862.3918,44973195.2853,4221.6789,0,0.000000,40.902354,88.249727,0.220130,-2.966600,975455527,30687.25,31787,31787
941,-200267.7598,0.0000,200267.7598,48826053.5878,4101.6577,0,0.000000,39.345159,86.794342,0.241017,-3.129184,981048369,30688.45,31968,31968
942,-194234.3173,0.0000,194234.3173,46191501.8523,4204.9795,0,0.000000,40.322440,92.273004,0.244275,-3.034911,987395747,30687.34,32176,32176
943,-199771.2031,0.0000,199771.2031,46074628.0515,4335.8180,0,0.000000,40.737194,80.525475,0.250872,-3.121425,989401284,30687.67,32241,32241
944,-181924.4764,0.0000,181924.4764,42731618.2026,4257.3739,0,0.000000,41.321669,85.182505,0.248627,-2.842570,984419914,30686.41,32080,32080
945,-184562.4171,0.0000,184562.4171,43175054.5343,4274.7466,0,0.000000,41.621501,91.675358,0.236254,-2.883788,992910502,30687.06,32356,32356
946,-205336.2440,0.0000,205336.2440,47221693.9234,4348.3456,0,0.000000,39.521889,85.187179,0.219970,-3.208379,977917184,30687.46,31867,31867
947,-208689.8740,0.0000,208689.8740,48164072.5399,4332.8951,0,0.000000,45.675152,99.494188,0.250353,-3.260779,980957835,30688.50,31965,31965
948,-206762.8109,0.0000,206762.8109,46332979.6401,4462.5408,0,0.000000,37.014244,76.148707,0.214361,-3.230669,976648618,30688.09,31825,31825
949,-182997.0301,0.0000,182997.0301,45000712.9773,4066.5362,0,0.000000,36.926672,84.070740,0.226926,-2.859329,979248639,30687.83,31910,31910
95,-188567.7557,0.0000,188567.7557,46289248.9514,4073.6836,0,0.000000,39.305866,81.951359,0.229453,-2.946371,981364371,30687.78,31979,31979
950,-170480.2143,0.0000,170480.2143,41058376.7359,4152.1421,0,0.000000,39.347260,72.312579,0.232718,-2.663753,985111131,30685.95,32103,32103
951,-194637.5052,0.0000,194637.5052,45775685.3988,4251.9845,0,0.000000,35.486664,76.758934,0.210291,-3.041211,984899326,30686.05,32096,32096
952,-201375.9136,0.0000,201375.9136,48907215.1659,4117.5093,0,0.000000,38.107095,84.856334,0.222069,-3.146499,978707802,30688.19,31892,31892
953,-182230.6603,0.0000,182230.6603,43622706.0383,4177.4268,0,0.000000,35.911431,73.618476,0.207597,-2.847354,981759141,30686.69,31993,31993
954,-184304.6254,0.0000,184304.6254,45190705.9672,4078.3746,0,0.000000,35.403103,76.778500,0.233943,-2.879760,984569565,30687.24,32084,32084
955,-163012.6217,0.0000,163012.6217,39368417.4876,4140.6953,0,0.000000,34.587404,68.044028,0.206421,-2.547072,982838907,30684.95,32030,32030
956,-177937.4486,0.0000,177937.4486,43061381.6062,4132.1816,0,0.000000,38.214661,79.604106,0.234034,-2.780273,973831117,30686.34,31735,31735
957,-184506.4403,0.0000,184506.4403,45192148.6038,4082.7101,0,0.000000,41.817215,87.187741,0.234619,-2.882913,980828147,30687.32,31962,31962
958,-187153.6391,0.0000,187153.6391,43536516.5609,4298.7739,0,0.000000,37.958507,69.352274,0.238683,-2.924276,985671187,30686.19,32121,32121
959,-204523.8892,0.0000,204523.8892,45034334.7642,4541.5102,0,0.000000,39.911092,88.352425,0.232501,-3.195686,991326137,30687.41,32304,32304
96,-179126.2465,0.0000,179126.2465,43412501.2296,4126.1443,0,0.000000,32.885557,82.879142,0.190136,-2.798848,982492953,30687.56,32016,32016
960,-185502.7964,0.0000,185502.7964,45678427.4389,4061.0592,0,0.000000,37.861780,84.257916,0.220658,-2.898481,987246618,30687.47,32171,32171
961,-188710.0887,0.0000,188710.0887,43317011.5783,4356.4891,0,0.000000,35.365465,79.851984,0.210811,-2.948595,982933679,30685.99,32032,32032
962,-165927.4353,0.0000,165927.4353,40092738.0547,4138.5908,0,0.000000,33.563243,71.688035,0.198364,-2.592616,983385564,30685.73,32047,32047
963,-179774.4242,0.0000,179774.4242,44143503.0563,4072.5002,0,0.000000,35.486309,86.686919,0.219744,-2.808975,981564382,30687.31,31986,31986
964,-189239.8551,0.0000,189239.8551,45464910.5165,4162.3277,0,0.000000,37.895650,80.670919,0.210779,-2.956873,976900342,30687.33,31834,31834
965,-193262.8376,0.0000,193262.8376,44472311.5241,4345.6891,0,0.000000,38.306271,93.270148,0.222368,-3.019732,980789073,30687.06,31961,31961
966,-178906.0975,0.0000,178906.0975,43377917.4328,4124.3588,0,0.000000,35.644604,71.541415,0.217886,-2.795408,981575685,30686.71,31987,31987
967,-179073.6015,0.0000,179073.6015,41865170.3621,4277.3886,0,0.000000,39.432959,84.381365,0.229534,-2.798025,984496221,30685.92,32083,32083
968,-191664.7358,0.0000,191664.7358,46686968.9428,4105.3155,0,0.000000,36.037031,78.471174,0.203950,-2.994761,976464810,30688.10,31819,31819
969,-156316.1062,0.0000,156316.1062,38336926.8823,4077.4292,0,0.000000,41.909690,84.506688,0.229430,-2.442439,976612819,30683.11,31829,31829
97,-174773.1932,0.0000,174773.1932,42661941.6864,4096.7004,0,0.000000,34.172230,79.339291,0.228533,-2.730831,984666318,30685.48,32089,32089
970,-191389.8504,0.0000,191389.8504,45839102.5563,4175.2530,0,0.000000,39.364128,74.797103,0.234041,-2.990466,982169599,30687.05,32006,32006
971,-177511.3903,0.0000,177511.3903,43320232.5278,4097.6555,0,0.000000,36.080991,83.674325,0.208232,-2.773615,981361963,30686.74,31980,31980
972,-200631.9875,0.0000,200631.9875,47986821.2629,4180.9810,0,0.000000,40.438732,86.587710,0.239255,-3.134875,979206926,30688.45,31908,31908
973,-188137.8569,0.0000,188137.8569,43647734.0311,4310.3694,0,0.000000,36.515330,66.800867,0.216733,-2.939654,980890617,30686.40,31965,31965
974,-176581.4840,0.0000,176581.4840,42418937.1241,4162.7984,0,0.000000,36.446175,99.170453,0.238248,-2.759086,975409820,30685.81,31787,31787
975,-179608.4408,0.0000,179608.4408,41917879.8618,4284.7692,0,0.000000,36.932971,97.926191,0.212158,-2.806382,982944755,30685.38,32033,32033
976,-211674.5252,0.0000,211674.5252,47173837.6024,4487.1169,0,0.000000,43.935730,101.283947,0.241870,-3.307414,980179270,30688.14,31940,31940
977,-180642.5491,0.0000,180642.5491,42181556.9322,4282.5007,0,0.000000,39.386905,105.669267,0.227250,-2.822540,976314291,30686.27,31816,31816
978,-186840.5668,0.0000,186840.5668,44080799.6341,4238.5930,0,0.000000,39.497871,114.499983,0.221975,-2.919384,978872824,30686.63,31899,31899
979,-197100.1247,0.0000,197100.1247,48770200.3907,4041.4049,0,0.000000,41.626532,102.894037,0.249551,-3.079689,981983029,30688.89,31998,31998
98,-189227.7215,0.0000,189227.7215,45935012.3404,4119.4660,0,0.000000,43.191381,93.676390,0.284912,-2.956683,980736506,30687.33,31959,31959
980,-176276.7773,0.0000,176276.7773,42238583.0973,4173.3592,0,0.000000,33.683255,74.254353,0.193187,-2.754325,984068067,30686.92,32068,32068
981,-186901.8332,0.0000,186901.8332,45733331.7020,4086.7749,0,0.000000,40.809299,88.118199,0.254894,-2.920341,994938540,30687.14,32422,32422
982,-172195.4716,0.0000,172195.4716,42363936.3018,4064.6712,0,0.000000,43.784873,89.936620,0.243392,-2.690554,978710658,30686.36,31894,31894
983,-187650.8437,0.0000,187650.8437,45364322.1156,4136.5292,0,0.000000,36.100706,76.793721,0.212724,-2.932044,981644767,30687.91,31988,31988
984,-215651.7787,0.0000,215651.7787,46691654.4060,4618.6365,0,0.000000,40.825984,88.141565,0.242011,-3.369559,977481350,30688.23,31852,31852
985,-178111.9741,0.0000,178111.9741,42912833.8188,4150.5526,0,0.000000,39.989336,80.828098,0.223254,-2.783000,978620540,30687.38,31890,31890
986,-169970.5586,0.0000,169970.5586,41643422.8582,4081.5703,0,0.000000,37.910338,76.053453,0.224139,-2.655790,989281975,30684.92,32240,32240
987,-168358.1809,0.0000,168358.1809,40253162.1488,4182.4834,0,0.000000,33.018415,73.988816,0.214868,-2.630597,981610300,30684.91,31990,31990
988,-176574.2586,0.0000,176574.2586,42300499.8704,4174.2830,0,0.000000,36.347830,82.239059,0.197749,-2.758973,973123410,30687.25,31711,31711
989,-187383.8744,0.0000,187383.8744,44890327.7133,4174.2594,0,0.000000,42.332228,86.420087,0.248975,-2.927873,979568675,30687.28,31921,31921
99,-192650.5167,0.0000,192650.5167,46055192.1808,4183.0358,0,0.000000,38.390774,74.321894,0.221032,-3.010164,981141233,30687.52,31972,31972
990,-194488.7506,0.0000,194488.7506,45999009.7307,4228.1073,0,0.000000,36.473728,80.964260,0.216513,-3.038887,982560907,30687.77,32018,32018
991,-160635.4008,0.0000,160635.4008,39162957.8471,4101.7178,0,0.000000,32.566144,63.986272,0.185855,-2.509928,974131476,30685.17,31746,31746
992,-181807.6152,0.0000,181807.6152,44035505.9551,4128.6596,0,0.000000,36.441526,87.613576,0.230473,-2.840744,984391799,30686.49,32079,32079
993,-172905.7350,0.0000,172905.7350,42778620.3445,4041.8726,0,0.000000,41.091164,73.755151,0.232012,-2.701652,982944056,30686.32,32032,32032
994,-165588.3677,0.0000,165588.3677,40139244.2191,4125.3484,0,0.000000,39.740782,76.686670,0.224318,-2.587318,973507858,30685.83,31725,31725
995,-165100.0615,0.0000,165100.0615,40648344.0077,4061.6676,0,0.000000,39.919215,76.767197,0.228080,-2.579688,985861960,30685.44,32128,32128
996,-200628.8140,0.0000,200628.8140,46183964.4650,4344.1228,0,0.000000,33.481040,77.265126,0.201833,-3.134825,983411313,30687.49,32046,32046
997,-179030.4093,0.0000,179030.4093,43726273.1481,4094.3441,0,0.000000,37.966866,76.189581,0.218205,-2.797350,983618840,30687.26,32053,32053
998,-193868.5653,0.0000,193868.5653,47348241.3970,4094.5252,0,0.000000,36.796255,65.143104,0.226425,-3.029196,984664538,30687.34,32087,32087
999,-189500.0630,0.0000,189500.0630,45392189.9318,4174.7284,0,0.000000,37.294421,107.208322,0.226567,-2.960938,985403392,30687.41,32111,32111
