seed,user_pnl,arb_profit,lp_profit_value,total_volume,lp_profit_per_1m_vol,arb_trade_count,intervention_rate,avg_spread_pct,max_spread_pct,rmse_price,impermanent_loss_pct,total_compute_units,avg_cu_per_swap,total_swaps,successful_swaps
100,-347258.1048,204591.3196,199425.7373,33275741.2492,5993.1268,1999,0.062767,3.398945,10.033954,0.023689,-3.015927,1009171582,31687.13,31848,31848
1000,-333877.0927,76535.8022,179670.3336,32559987.5648,5518.1327,1999,0.062606,3.331679,10.433388,0.023025,-2.944772,1011751936,31686.56,31930,31930
1001,-322671.8131,64001.3899,174732.6218,31960095.0604,5467.2122,1999,0.062512,3.253597,9.585846,0.022581,-2.878447,1013227087,31685.13,31978,31978
1002,-364077.0643,-494.5782,177179.9776,34146839.4352,5188.7665,1999,0.062702,3.470591,12.054567,0.024181,-3.099454,1010234455,31687.67,31881,31881
1003,-354607.9265,-79538.4087,163725.5272,33354782.3878,4908.6073,1999,0.062459,3.454796,10.355767,0.023803,-3.035006,1014112312,31686.06,32005,32005
1004,-413113.4718,206622.6235,216755.1208,36844116.8337,5883.0321,1999,0.062344,3.742754,12.869227,0.026180,-3.369046,1016047841,31688.12,32064,32064
1005,-365548.1096,116224.6099,193353.2823,34358928.1459,5627.4538,1998,0.062808,3.515180,11.890182,0.024323,-3.120367,1007989966,31686.84,31811,31811
1006,-415491.7956,122012.5131,207654.1149,37140885.0946,5590.9846,1999,0.062108,3.766172,12.603251,0.026140,-3.396629,1019926068,31688.50,32186,32186
1007,-389273.4191,195148.0502,211302.1640,36049942.4029,5861.3731,1999,0.062166,3.632110,10.698246,0.025208,-3.271475,1018968215,31688.28,32156,32156
1008,-347605.4498,293606.2754,211002.5308,33359312.5239,6325.1463,1999,0.062610,3.406278,10.991951,0.023754,-3.019559,1011708423,31687.18,31928,31928
1009,-355670.0585,-138234.9719,156601.3706,33429975.9547,4684.4596,1999,0.062400,3.453230,10.904586,0.023778,-3.041212,1015091225,31686.94,32035,32035
101,-348432.3827,278340.0642,211009.9523,33773049.9173,6247.8797,1999,0.062639,3.422380,10.539171,0.023677,-3.047996,1011254879,31687.87,31913,31913
1010,-376536.0775,294084.5663,218524.4570,34846740.7408,6271.0157,1999,0.062430,3.582408,11.280405,0.024872,-3.173849,1014632253,31687.45,32020,32020
1011,-373922.9727,1325.3444,182450.0216,35170400.9911,5187.6014,1999,0.062139,3.508924,11.482141,0.024501,-3.186665,1019410810,31688.24,32170,32170
1012,-419463.3409,210972.8330,221361.2146,37729777.9485,5867.0161,1999,0.062735,3.798424,11.061271,0.026299,-3.436304,1009734105,31688.87,31864,31864
1013,-377421.1543,157065.1531,200542.0294,34806007.9680,5761.7073,1999,0.062104,3.557704,12.971112,0.024821,-3.168883,1019951922,31687.33,32188,32188
1014,-367674.5918,137856.4456,195768.3020,34221117.6236,5720.6870,1999,0.062627,3.507712,10.762687,0.024435,-3.119053,1011438407,31687.66,31919,31919
1015,-398878.2693,327442.4188,231332.8364,36658220.4118,6310.5310,1998,0.062516,3.665575,12.663877,0.025582,-3.331549,1012776060,31688.86,31960,31960
1016,-346644.0504,209490.8245,200739.6825,33540416.9012,5985.0086,1999,0.061988,3.398814,11.151654,0.023561,-3.024326,1021814662,31686.14,32248,32248
1017,-409397.8793,346504.9496,234422.4680,36684706.5385,6390.1961,1999,0.062967,3.750136,11.409341,0.026154,-3.359101,1006002992,31688.13,31747,31747
1018,-334082.6608,193127.8040,192513.4477,32202781.3535,5978.1621,1999,0.062381,3.353667,11.035297,0.023183,-2.917148,1015370518,31685.77,32045,32045
1019,-383266.9138,42040.9592,190613.1802,35751802.7962,5331.5683,1999,0.062641,3.601831,10.637317,0.024901,-3.244612,1011225741,31687.95,31912,31912
102,-322377.8972,228123.9090,194816.8304,31811988.8480,6124.0066,1999,0.062559,3.285980,11.113296,0.022720,-2.866678,1012467059,31685.14,31954,31954
1020,-349617.4877,191093.8997,202409.2880,34275991.0612,5905.2789,1999,0.062848,3.385834,10.448543,0.023638,-3.085363,1007895978,31687.87,31807,31807
1021,-337936.8911,56374.5336,179191.5956,32997255.5280,5430.5000,1999,0.062623,3.344593,9.404345,0.023137,-2.980654,1011478333,31686.93,31921,31921
1022,-362655.4831,68455.5426,188639.4083,34681109.9763,5439.2552,1998,0.062553,3.472968,9.760797,0.024029,-3.134188,1012139973,31687.80,31941,31941
1023,-328767.9128,223965.4369,196226.6493,32130350.9783,6107.2053,1999,0.062365,3.290755,10.356228,0.022881,-2.904849,1015598315,31684.97,32053,32053
1024,-381462.1943,155083.1056,204736.6707,35718302.5367,5731.9821,1999,0.062688,3.568228,12.890968,0.024850,-3.237490,1010481567,31688.46,31888,31888
1025,-388272.5153,183095.4423,210403.8179,36180066.4839,5815.4624,1999,0.062191,3.598900,11.025914,0.025181,-3.278509,1018563533,31688.50,32143,32143
1026,-353329.0648,118749.1262,190501.6477,33737921.1198,5646.5141,1998,0.062680,3.442403,10.760546,0.023784,-3.054478,1010057674,31687.09,31876,31876
1027,-373213.0936,222331.1072,210949.0996,35223101.7334,5988.9416,1999,0.062816,3.523877,10.245117,0.024568,-3.189862,1008398663,31687.73,31823,31823
1028,-401620.8189,251291.5613,222052.9530,36723678.2233,6046.5880,1999,0.062580,3.671965,12.653957,0.025648,-3.342811,1012218929,31688.29,31943,31943
1029,-391219.1132,-34101.9410,180832.7528,35695174.1674,5066.0280,1999,0.062688,3.616877,11.337324,0.025220,-3.257204,1010448765,31687.43,31888,31888
103,-365444.4583,350154.9842,224825.6863,34647055.1071,6489.0273,1999,0.062549,3.509090,10.338733,0.024394,-3.142040,1012724525,31688.24,31959,31959
1030,-383582.1321,132188.9661,203412.2522,36063530.7368,5640.3865,1999,0.062104,3.563858,9.675697,0.024886,-3.263299,1019975958,31688.08,32188,32188
1031,-356767.0872,278036.2649,213571.4088,34268358.7310,6232.3209,1999,0.062467,3.444513,10.437326,0.023977,-3.098489,1014045276,31687.92,32001,32001
1032,-357217.6330,79608.5685,186380.2367,33889206.9910,5499.6931,1999,0.062447,3.453506,12.150207,0.023943,-3.073516,1014344780,31687.38,32011,32011
1033,-370037.9957,127704.8975,195948.1466,34673485.7639,5651.2388,1999,0.062426,3.540242,13.338651,0.024408,-3.143619,1014701091,31687.62,32022,32022
1034,-319284.0187,225156.2141,193190.3856,31491306.5538,6134.7212,1999,0.062621,3.268511,11.767674,0.022613,-2.843933,1011476247,31685.87,31922,31922
1035,-360409.1090,98709.3049,189287.7596,33967570.1169,5572.6023,1999,0.062459,3.475499,11.112301,0.024133,-3.085789,1014135544,31686.78,32005,32005
1036,-383895.6351,194704.7931,209301.4470,35628911.6998,5874.4833,1998,0.062816,3.598111,10.373989,0.025015,-3.234991,1007899383,31687.97,31807,31807
1037,-350508.2240,90099.8401,187260.9144,33863543.3405,5529.8677,1999,0.062657,3.413992,9.425993,0.023604,-3.055175,1010944266,31687.07,31904,31904
1038,-357782.2887,141477.6112,194435.0842,33972102.9529,5723.3750,1999,0.062216,3.448844,12.221131,0.024018,-3.077018,1018054117,31685.47,32130,32130
1039,-364638.2006,-51630.3508,170461.4199,34067410.0108,5003.6507,1999,0.062777,3.513143,10.611449,0.024153,-3.097043,1009018198,31687.28,31843,31843
104,-346747.9038,39450.3485,176891.4324,32998876.3876,5360.5290,1997,0.062463,3.392856,11.319494,0.023569,-2.994214,1013062089,31686.91,31971,31971
1040,-433327.4089,259834.1306,232032.3969,38617828.0810,6008.4269,1999,0.062352,3.847124,12.626333,0.026846,-3.521973,1015969612,31689.63,32060,32060
1041,-344526.0015,239622.4445,202041.7462,33009346.5787,6120.7436,1999,0.062214,3.386410,11.093645,0.023624,-2.985402,1018100317,31685.92,32131,32131
105,-346496.1838,411874.0412,224198.1474,32771901.2932,6841.1700,1999,0.062670,3.448651,10.494868,0.023887,-2.990701,1010661897,31685.17,31897,31897
106,-361514.9248,130614.8199,192190.0336,33794620.1007,5687.0009,1999,0.062295,3.483276,12.082129,0.024246,-3.071669,1016814744,31687.33,32089,32089
107,-327754.9094,51073.2889,170796.2872,31490708.0500,5423.7043,1998,0.062469,3.315931,10.976087,0.022869,-2.855619,1013415070,31685.06,31984,31984
108,-397126.0608,271245.1923,224287.0671,36703950.9964,6110.7064,1999,0.062226,3.671972,12.661022,0.025485,-3.330471,1017998274,31688.66,32125,32125
109,-381543.8239,85206.3202,192102.9150,35000759.6427,5488.5356,1999,0.062800,3.595154,13.703381,0.024908,-3.186022,1008658267,31687.92,31831,31831
110,-433548.6693,156793.5822,218328.4817,38442949.5871,5679.2854,1999,0.062674,3.867155,12.234878,0.026788,-3.515177,1010751756,31689.98,31895,31895
111,-361129.2560,52341.0667,181846.9985,33763020.3617,5385.9814,1999,0.062600,3.489863,11.479227,0.024160,-3.065500,1011864434,31687.11,31933,31933
112,-371172.7110,94862.0139,191528.5195,34538858.1402,5545.3055,1999,0.062432,3.516656,11.466855,0.024593,-3.142725,1014606168,31687.63,32019,32019
113,-349606.8566,217881.2150,203884.3720,33871657.8220,6019.3207,1998,0.062354,3.405891,10.015857,0.023752,-3.058450,1015369852,31687.73,32043,32043
114,-347934.9231,374691.9148,222620.1587,33637377.2916,6618.2377,1998,0.062152,3.409673,10.596848,0.023714,-3.037270,1018667785,31687.80,32147,32147
115,-370975.8409,123743.4789,195865.0402,34684671.7188,5647.0202,1999,0.062255,3.529220,9.744707,0.024528,-3.151410,1017512244,31688.33,32110,32110
116,-331490.8498,-94945.9560,156161.0722,32279000.8187,4837.8533,1999,0.062199,3.284986,9.760728,0.022818,-2.916118,1018352993,31685.90,32139,32139
117,-369795.5887,113596.8876,194063.4458,34611704.0507,5606.8735,1999,0.062160,3.522833,11.849312,0.024473,-3.142195,1019039638,31687.54,32159,32159
118,-342788.7443,62863.7351,179106.0520,32891368.7883,5445.3815,1999,0.062824,3.392462,10.220112,0.023400,-2.976599,1008248095,31686.98,31819,31819
119,-338461.8455,278168.3055,209195.8707,33414783.9691,6260.5783,1999,0.062119,3.332462,10.835430,0.023195,-3.005415,1019714880,31687.85,32180,32180
120,-399861.4483,140507.8177,205316.9458,36165728.1795,5677.1136,1999,0.062937,3.675913,11.689038,0.025636,-3.303818,1006493576,31688.61,31762,31762
121,-389432.7206,108020.3918,200464.0088,36078998.3693,5556.2521,1999,0.062315,3.626137,12.393141,0.025178,-3.275644,1016546794,31688.86,32079,32079
122,-370280.7357,121829.5539,196030.0553,34794965.8331,5633.8626,1998,0.062050,3.511086,10.779821,0.024426,-3.155788,1020347662,31687.82,32200,32200
123,-379005.1286,202648.5444,208053.2093,35127709.2024,5922.7662,1999,0.062284,3.577684,10.699667,0.024841,-3.195059,1016992175,31686.93,32095,32095
124,-367605.3821,159113.3968,200301.3082,34729444.3948,5767.4780,1999,0.062901,3.486948,9.758151,0.024366,-3.144195,1007055037,31688.33,31780,31780
125,-391708.9295,311516.3675,226966.5793,36115247.8339,6284.5084,1999,0.062606,3.622261,10.056273,0.025370,-3.286654,1011818158,31688.64,31930,31930
126,-371635.7544,299680.5380,221859.1607,35334513.0218,6278.8232,1999,0.062580,3.524136,9.433397,0.024565,-3.201464,1012214596,31688.15,31943,31943
127,-389799.6299,299904.7992,222111.2359,35472363.3506,6261.5291,1998,0.062463,3.629457,11.529985,0.025407,-3.236800,1013601129,31687.91,31987,31987
128,-340897.6215,216079.4894,198192.1068,32737208.4983,6054.0320,1999,0.062496,3.360180,10.135212,0.023445,-2.967178,1013528027,31686.61,31986,31986
129,-389759.9564,185228.4237,208085.9153,35558458.2146,5851.9386,1999,0.062877,3.653540,12.919795,0.025288,-3.245422,1007423482,31687.96,31792,31792
130,-372615.3323,46691.2533,186176.6519,34673375.8476,5369.4412,1999,0.062329,3.528524,11.715826,0.024504,-3.155748,1016278658,31687.41,32072,32072
131,-358822.0607,152240.7327,195363.9292,33865659.8522,5768.7915,1999,0.062129,3.476023,10.984211,0.024075,-3.072591,1019534816,31687.17,32175,32175
132,-352073.5458,134185.6589,192615.4790,33720689.2972,5712.0861,1999,0.062040,3.415864,9.939513,0.023734,-3.054291,1020965298,31686.33,32221,32221
133,-343259.7324,224014.7413,203623.0492,33602844.4285,6059.6968,1999,0.062563,3.363235,14.452447,0.023394,-3.032577,1012497567,31688.08,31952,31952
134,-368774.1467,271570.5674,215623.9747,34858721.8692,6185.6535,1999,0.062222,3.492591,9.864911,0.024477,-3.159848,1018045825,31688.17,32127,32127
135,-411002.9321,139743.5542,211133.7459,37396687.0185,5645.7874,1999,0.062570,3.748319,11.072410,0.025916,-3.405676,1012411367,31689.35,31948,31948
136,-414006.7615,223466.1134,221326.3463,37367440.3616,5922.9732,1999,0.062598,3.774423,10.978044,0.026123,-3.403931,1011969835,31689.42,31934,31934
137,-356172.2744,157853.3113,197130.4714,34158050.5817,5771.1277,1999,0.062410,3.445864,12.579334,0.023929,-3.082508,1014960821,31687.82,32030,32030
138,-406413.8590,233394.2540,219133.6833,36603759.5451,5986.6442,1999,0.062317,3.724363,14.255561,0.025960,-3.342709,1016506158,31688.58,32078,32078
139,-453350.3086,130463.8908,219673.2384,39564013.8908,5552.3496,1999,0.062539,3.949223,13.949995,0.027374,-3.615196,1012928954,31689.68,31964,31964
140,-361740.6710,92851.4283,191042.0399,34568096.6782,5526.5421,1999,0.062399,3.475818,10.503999,0.024023,-3.122786,1015139366,31687.46,32036,32036
141,-384830.6659,85679.6388,193048.1387,35164622.3702,5489.8397,1999,0.062567,3.613535,14.180399,0.025081,-3.204233,1012387478,31686.62,31950,31950
142,-360300.1838,136591.9579,193465.9742,33848719.4602,5715.6069,1999,0.062700,3.463610,11.750294,0.024141,-3.076601,1010245119,31687.01,31882,31882
143,-400903.6953,206605.6089,216813.0721,36811768.4822,5889.7760,1999,0.062183,3.690837,10.643028,0.025504,-3.347870,1018697329,31688.72,32147,32147
144,-389195.2925,134019.2121,201150.7778,35507803.9833,5664.9738,1999,0.062877,3.619834,11.911384,0.025236,-3.238698,1007418286,31687.79,31792,31792
145,-369606.3193,95984.2807,192739.7838,34823509.9758,5534.7604,1999,0.062510,3.517435,10.888248,0.024370,-3.154515,1013338225,31687.61,31979,31979
146,-371345.7066,176744.6144,203380.5730,34812129.2825,5842.2331,1999,0.062171,3.515772,12.555118,0.024524,-3.162517,1018851633,31687.61,32153,32153
147,-416132.0421,294291.0072,230895.2921,37398506.5465,6173.9174,1999,0.062543,3.765954,15.822197,0.026286,-3.414786,1012852699,31689.28,31962,31962
148,-354649.6305,157197.8218,197117.9148,34108823.9510,5779.0886,1999,0.062110,3.448298,10.056054,0.023822,-3.080829,1019840179,31686.82,32185,32185
149,-377286.6668,219707.5995,209032.8692,34936869.0488,5983.1598,1999,0.062379,3.571903,11.263607,0.024892,-3.175335,1015468414,31687.84,32046,32046
150,-407693.5512,121807.0256,205603.7992,36825391.6917,5583.2074,1999,0.062860,3.712056,13.432603,0.025883,-3.354760,1007711036,31688.03,31801,31801
151,-375384.6331,70449.5692,188239.3247,34477448.7630,5459.7811,1999,0.062441,3.554340,15.909090,0.024756,-3.147380,1014426719,31686.97,32014,32014
152,-304623.2479,170420.1467,181578.0656,30594113.3806,5935.0655,1999,0.062475,3.188249,8.908144,0.021937,-2.753935,1013825135,31685.01,31997,31997
153,-377539.6778,101677.2732,194571.2617,35088906.0375,5545.0934,1999,0.062625,3.568415,11.899203,0.024733,-3.183808,1011488512,31688.24,31920,31920
154,-376846.1869,376847.5154,231761.1118,35403650.5494,6546.2490,1999,0.062688,3.571646,11.859545,0.024936,-3.210927,1010460012,31687.78,31888,31888
155,-404942.6386,462297.8897,250270.5840,36864573.7623,6788.9184,1999,0.062432,3.730998,11.628073,0.026040,-3.365147,1014652540,31689.08,32019,32019
156,-400605.3184,183685.7590,209606.8136,35908141.1964,5837.3062,1999,0.062670,3.728430,11.921388,0.025704,-3.287873,1010759475,31688.23,31897,31897
157,-375866.4956,258359.4422,216605.6265,35345292.7350,6128.2737,1999,0.062125,3.559504,10.090650,0.024679,-3.209287,1019631449,31688.21,32177,32177
158,-347204.4932,252470.1364,206119.6718,33435927.0322,6164.6166,1999,0.062294,3.403100,10.859553,0.023721,-3.024193,1016820966,31686.54,32090,32090
159,-391168.1962,160751.9819,207202.3392,36018101.5648,5752.7279,1999,0.062572,3.630342,9.728966,0.025199,-3.278610,1012343067,31688.20,31947,31947
160,-384052.3285,422348.5938,238319.8151,35605204.6789,6693.3983,1999,0.062708,3.618006,10.475471,0.025183,-3.233953,1010156600,31688.21,31878,31878
161,-379682.9911,262917.5777,214625.3679,34873864.6681,6154.3328,1999,0.062354,3.559318,13.188251,0.025018,-3.180578,1015844708,31686.72,32059,32059
162,-397918.5735,223946.8451,216830.6049,36321320.1719,5969.7886,1999,0.062537,3.659335,11.879008,0.025532,-3.312201,1012948164,31689.29,31965,31965
163,-355590.8198,57091.6386,180249.9149,33236257.3794,5423.2916,1999,0.062334,3.446926,10.720246,0.024008,-3.025368,1016151230,31686.40,32069,32069
164,-456193.8841,-2497.6029,201715.2034,39362576.0272,5124.5427,1999,0.062299,3.980210,13.238264,0.027480,-3.606238,1016816355,31689.36,32087,32087
165,-394075.5955,389500.3156,236885.9978,36129174.4893,6556.6402,1999,0.062428,3.641691,13.258775,0.025551,-3.290125,1014707402,31688.81,32021,32021
166,-326767.8071,167214.2561,188900.9098,32054391.5244,5893.1367,1997,0.062781,3.269490,10.007844,0.022863,-2.899991,1007917222,31686.54,31809,31809
167,-355741.8298,161952.1195,195428.4788,33572354.9568,5821.1132,1999,0.062737,3.454071,11.129461,0.023982,-3.050801,1009632428,31686.67,31863,31863
168,-381526.1754,242152.7403,213446.0228,35194069.2878,6064.8293,1999,0.062718,3.586538,9.928693,0.025072,-3.204281,1009986081,31687.83,31873,31873
169,-313751.8349,285365.0170,199342.1016,31050996.3700,6419.8295,1999,0.062629,3.227311,9.986785,0.022394,-2.812857,1011361817,31686.25,31918,31918
170,-319775.2228,60800.6513,167072.9514,30355601.9418,5503.8589,1999,0.062346,3.282897,9.435784,0.022659,-2.772685,1015819015,31681.97,32063,32063
171,-395907.6680,186433.4396,212564.2112,36471521.5965,5828.2244,1999,0.062563,3.663007,11.668233,0.025413,-3.316033,1012525654,31688.96,31952,31952
172,-350197.0715,-39094.7535,167578.5712,33183409.5564,5050.0709,1999,0.062173,3.410572,12.424812,0.023548,-3.009111,1018799780,31686.98,32152,32152
173,-401682.0817,221863.0498,220808.0406,37216484.8459,5933.0708,1999,0.062087,3.676963,11.120860,0.025559,-3.377839,1020302101,31689.35,32197,32197
174,-383962.3309,211694.6059,211908.7458,35649357.5771,5944.2515,1999,0.062434,3.591108,11.250650,0.025034,-3.240892,1014577371,31687.72,32018,32018
175,-354730.7881,196620.7728,197675.7088,33186954.4372,5956.4281,1999,0.062510,3.456557,13.372056,0.024005,-3.018914,1013279970,31685.79,31979,31979
176,-319469.9984,178317.2376,186133.5592,31318594.4161,5943.2284,1997,0.062661,3.251371,11.524942,0.022567,-2.829114,1009808463,31685.24,31870,31870
177,-294959.2611,135319.2914,174682.2422,30135158.2435,5796.6260,1999,0.062253,3.081074,8.716445,0.021473,-2.703123,1017443721,31685.21,32111,32111
178,-377051.5661,44667.5878,190584.2104,35669352.6719,5343.0802,1999,0.062728,3.544777,10.134408,0.024528,-3.228510,1009832681,31687.98,31868,31868
179,-356704.6697,84317.8214,188778.4196,34275948.9350,5507.6059,1999,0.062321,3.441970,12.116565,0.023829,-3.097374,1016419400,31687.85,32076,32076
180,-379103.2194,33138.3784,187283.3786,35393154.5363,5291.5142,1999,0.062094,3.563681,12.389975,0.024692,-3.206382,1020117434,31687.55,32193,32193
181,-342350.8730,70903.6005,184208.3164,33647530.0251,5474.6460,1999,0.062516,3.366424,9.144546,0.023263,-3.032504,1013259399,31688.12,31976,31976
182,-363054.0794,118248.9772,194638.4475,34591527.8288,5626.7664,1999,0.062146,3.468372,10.066393,0.024120,-3.130040,1019249232,31687.16,32166,32166
183,-366508.0736,162863.6619,199847.5184,34417136.4293,5806.6283,1999,0.062129,3.504559,11.446832,0.024385,-3.129565,1019518242,31686.66,32175,32175
184,-329530.7595,112843.9496,183870.0348,32556254.0613,5647.7639,1999,0.062358,3.278864,11.329461,0.022815,-2.931028,1015800921,31687.34,32057,32057
185,-351386.2260,86445.8677,184452.2676,33239586.8576,5549.1745,1998,0.062290,3.411423,10.135735,0.023810,-3.024421,1016380491,31686.63,32076,32076
186,-405132.3719,224305.3244,217102.7957,36386607.2130,5966.5578,1999,0.062496,3.739238,11.510043,0.025929,-3.328234,1013561187,31687.65,31986,31986
187,-366116.3684,162160.4467,199360.4996,34432133.4497,5789.9549,1999,0.062545,3.493922,11.847721,0.024355,-3.123516,1012758878,31687.33,31961,31961
188,-428912.8925,149066.7382,214919.3064,37952153.4463,5662.9015,1999,0.063018,3.833607,11.064272,0.026663,-3.473119,1005211413,31689.15,31721,31721
189,-372310.3366,282850.3966,216769.7610,34784891.8354,6231.7216,1999,0.062502,3.534725,10.829245,0.024722,-3.162149,1013474098,31687.90,31983,31983
190,-360356.6123,12089.5204,177804.6092,33917049.7319,5242.3371,1999,0.062663,3.467129,10.342111,0.024070,-3.079063,1010835849,31686.65,31901,31901
191,-385202.9200,39069.6060,190918.6141,36002870.0821,5302.8721,1999,0.062096,3.578420,10.718637,0.024867,-3.257352,1020118900,31688.58,32192,32192
192,-330405.3742,221514.1337,197117.4381,32329387.4388,6097.1597,1999,0.062195,3.295208,10.380694,0.022993,-2.924342,1018433498,31686.43,32141,32141
193,-386579.8702,174009.6216,206725.7459,35646052.5478,5799.4008,1999,0.062329,3.612599,13.449218,0.025117,-3.240671,1016302897,31688.17,32072,32072
194,-346144.3263,132935.1142,187142.8991,32530149.4090,5752.9062,1999,0.062608,3.413538,11.679892,0.023689,-2.970234,1011662627,31684.76,31929,31929
195,-366321.4345,411178.6087,233106.2251,34771885.6445,6703.8707,1998,0.062138,3.519627,10.751000,0.024405,-3.149867,1018889988,31687.81,32154,32154
196,-353351.5376,357381.1966,221797.5237,33820377.6742,6558.1031,1999,0.062438,3.448371,11.757925,0.024063,-3.066310,1014465960,31686.22,32016,32016
197,-346690.7650,90648.9055,182834.0294,32949551.2911,5548.9080,1999,0.062545,3.388588,11.334056,0.023614,-2.986232,1012719290,31686.10,31961,31961
198,-379497.7248,101686.6253,195101.3744,35091068.7598,5559.8584,1999,0.062810,3.585617,11.783855,0.024818,-3.194799,1008462114,31686.74,31826,31826
199,-330938.8435,37180.6023,176098.9465,32924209.2299,5348.6158,1999,0.062516,3.279477,8.962874,0.022779,-2.959416,1013234784,31687.35,31976,31976
200,-347538.4276,106804.3755,184561.0713,32782948.9664,5629.7886,1999,0.062510,3.421042,12.123954,0.023753,-2.983326,1013280119,31685.80,31979,31979
201,-403679.5610,295115.6817,229721.4059,37058108.9726,6198.9511,1999,0.062102,3.704310,10.817116,0.025774,-3.375122,1020037379,31689.00,32189,32189
202,-397421.3667,237090.4440,222168.0731,37117435.9255,5985.5447,1999,0.062346,3.664940,10.794695,0.025413,-3.362250,1016043766,31688.98,32063,32063
203,-391464.9830,120173.5114,201236.6750,35973998.9171,5593.9479,1999,0.062286,3.653054,11.559475,0.025269,-3.268401,1016999720,31688.16,32094,32094
204,-370362.1566,93272.0598,192649.9864,34744104.3733,5544.8252,1999,0.062700,3.525947,12.203242,0.024474,-3.159610,1010278026,31688.04,31882,31882
205,-344094.4339,238909.2864,202151.3474,32922523.6079,6140.2142,1999,0.061831,3.377900,12.319281,0.023551,-2.987297,1024403555,31685.85,32330,32330
206,-441518.7840,153517.2238,221024.8693,39173298.5063,5642.2328,1999,0.062096,3.874694,13.578349,0.027040,-3.572541,1020163818,31689.98,32192,32192
207,-353504.4367,83895.3362,186191.1237,33708375.3178,5523.5864,1998,0.062567,3.431775,11.995382,0.023789,-3.056621,1011904093,31687.36,31934,31934
208,-380505.0523,-17751.3995,179512.2640,35062725.2236,5119.7465,1999,0.062422,3.569975,13.433469,0.024798,-3.190712,1014767430,31687.72,32024,32024
209,-365354.6730,25003.7447,180423.5424,34023199.7742,5302.9563,1999,0.062377,3.508029,9.937045,0.024322,-3.101441,1015439672,31685.95,32047,32047
210,-421054.8876,198094.4341,218885.7813,37674598.6076,5809.9035,1999,0.062395,3.759568,13.817658,0.026388,-3.427566,1015248948,31688.90,32038,32038
211,-377086.1452,58951.0639,190861.0137,35447784.4961,5384.2861,1999,0.062323,3.562394,11.697541,0.024635,-3.207122,1016405380,31688.40,32075,32075
212,-335102.3367,89318.7028,183159.2176,33079194.4425,5536.9915,1999,0.062334,3.318160,11.159692,0.022957,-2.972555,1016170281,31687.00,32069,32069
213,-398674.6019,190768.1504,211315.0434,36114123.6460,5851.3131,1999,0.062645,3.686209,10.240468,0.025642,-3.296224,1011185421,31688.67,31910,31910
214,-375817.0163,28540.7336,185722.3044,35073990.4252,5295.1575,1999,0.062826,3.545174,9.673197,0.024578,-3.187257,1008240959,31687.75,31818,31818
215,-379236.2582,380132.5505,232357.8388,35411947.1767,6561.5663,1999,0.062187,3.592493,12.963194,0.024967,-3.217616,1018610168,31687.98,32145,32145
216,-326424.5503,80305.0622,176442.2214,31875046.7609,5535.4341,1998,0.062619,3.292653,10.104736,0.022783,-2.880102,1011021542,31686.51,31907,31907
217,-362711.4449,185011.2875,201526.5389,34152116.4968,5900.8507,1999,0.062909,3.481700,11.722359,0.024241,-3.107028,1006891670,31687.17,31776,31776
218,-336944.9808,112743.2974,184285.8490,32604707.4997,5652.1240,1999,0.062586,3.340418,9.962888,0.023177,-2.950028,1012067423,31686.52,31940,31940
219,-369348.3222,220339.4545,206432.3369,34295586.3343,6019.2100,1999,0.062696,3.523265,11.940648,0.024670,-3.124364,1010316997,31687.27,31884,31884
220,-368705.5786,174870.4883,203197.5428,34787503.0664,5841.1074,1999,0.062292,3.510945,11.855952,0.024429,-3.158747,1016904659,31688.16,32091,32091
221,-379508.7957,148906.8244,201506.5830,35226396.2485,5720.3292,1999,0.062358,3.568294,12.199714,0.024832,-3.200251,1015812889,31687.71,32057,32057
222,-371227.1169,47693.4513,189270.8368,35478103.5535,5334.8634,1999,0.062210,3.505063,10.308942,0.024314,-3.194752,1018254922,31688.76,32133,32133
223,-340922.4006,168832.5388,194107.3436,33104591.0464,5863.4569,1999,0.062702,3.346263,9.865960,0.023336,-2.994123,1010230345,31687.54,31881,31881
224,-375558.4042,-6988.9073,181847.0770,35223722.7671,5162.6308,1999,0.062443,3.545448,11.420238,0.024542,-3.195650,1014432533,31688.14,32013,32013
225,-398528.6771,153640.7416,207571.5113,36357014.7615,5709.2562,1999,0.062684,3.698314,12.577046,0.025515,-3.309524,1010538566,31688.26,31890,31890
226,-344637.4522,179685.6889,194985.0096,33020913.5329,5904.8945,1999,0.062364,3.407453,9.574353,0.023634,-2.993840,1015689661,31686.83,32054,32054
227,-362370.2781,-120136.9214,159842.5325,33698295.9739,4743.3417,1999,0.062518,3.486297,11.333530,0.024082,-3.066275,1013174045,31686.44,31975,31975
228,-379670.1736,240654.0597,213179.5468,35159757.5581,6063.1688,1997,0.062606,3.616564,13.521007,0.024916,-3.199916,1010783537,31687.99,31898,31898
229,-363063.3079,-1352.7420,178190.9920,34436401.8163,5174.4951,1998,0.062307,3.463183,12.701753,0.023971,-3.112623,1016138474,31687.98,32067,32067
230,-303950.8596,-11433.0657,157236.3193,30319631.7066,5185.9574,1999,0.062241,3.157388,10.342703,0.021833,-2.735722,1017602795,31684.24,32117,32117
231,-378583.2519,266814.9299,216446.9046,35135953.7515,6160.2684,1999,0.061812,3.577988,11.037117,0.024913,-3.197085,1024753940,31686.89,32340,32340
232,-372453.9444,298622.4381,217673.7930,34480918.3787,6312.8769,1999,0.062779,3.551736,11.319697,0.024793,-3.146755,1008995222,31687.56,31842,31842
233,-331976.7242,206314.8533,193560.1385,32055855.4846,6038.2147,1999,0.062604,3.329581,10.424828,0.023115,-2.904615,1011758578,31685.78,31931,31931
234,-361893.6827,107215.8570,188284.3948,33531286.9061,5615.1855,1998,0.062471,3.475058,12.439992,0.024284,-3.059111,1013429343,31686.50,31983,31983
235,-400200.4547,201026.6762,215313.5345,36705268.1243,5866.0118,1999,0.062739,3.686566,11.579498,0.025558,-3.335944,1009683033,31689.25,31862,31862
236,-410510.4237,200884.7849,218228.1680,37197717.7631,5866.7085,1999,0.062459,3.738211,13.201008,0.025976,-3.394961,1014207586,31689.04,32005,32005
237,-372381.5461,-19720.5105,175432.1578,34223688.5838,5126.0447,1999,0.062610,3.534708,13.246953,0.024544,-3.123278,1011707190,31687.15,31928,31928
238,-384581.0367,310351.3146,223395.4905,35442719.5935,6303.0008,1999,0.062518,3.605290,11.731913,0.025176,-3.226538,1013190388,31686.96,31975,31975
239,-367401.9172,46566.5591,185152.9124,34484205.7505,5369.2091,1999,0.062309,3.523051,10.361713,0.024311,-3.132713,1016587484,31687.16,32082,32082
240,-363081.5319,102127.6909,189744.2184,33875957.2019,5601.1471,1999,0.062889,3.491109,10.378784,0.024286,-3.090523,1007190575,31686.61,31786,31786
241,-371469.9390,117807.6514,195515.0008,34792999.5303,5619.3776,1999,0.062479,3.536563,10.307740,0.024519,-3.157711,1013847732,31687.69,31995,31995
242,-384311.3089,197563.3446,210585.4771,35658745.7156,5905.5772,1999,0.062299,3.581900,12.069309,0.025029,-3.248331,1016785539,31688.40,32087,32087
243,-385518.8536,164874.9301,205616.2832,35675848.6224,5763.4588,1999,0.062266,3.593473,11.685740,0.025032,-3.239615,1017325851,31688.45,32104,32104
244,-380561.5791,159518.4553,205776.7181,35758578.7254,5754.6112,1999,0.062856,3.551417,10.577158,0.024772,-3.242277,1007799689,31688.82,31803,31803
245,-423159.9170,250248.7942,227831.2632,37965827.3007,6000.9561,1999,0.062453,3.792508,11.110082,0.026476,-3.462863,1014320126,31689.58,32008,32008
246,-373540.3855,121481.0043,196726.9161,34871100.2094,5641.5460,1999,0.062755,3.556949,9.254051,0.024581,-3.171664,1009383950,31687.82,31854,31854
247,-359594.3603,100892.6475,189366.8259,33928653.7476,5581.3245,1999,0.062502,3.463959,10.830467,0.024080,-3.081585,1013443695,31686.95,31983,31983
248,-367370.1556,351568.6170,222131.1010,34074534.0853,6518.9769,1999,0.062728,3.536054,12.599352,0.024590,-3.105691,1009788396,31686.59,31868,31868
249,-372854.6894,229099.4100,211551.6680,35121791.3633,6023.3735,1999,0.062015,3.536412,11.375175,0.024684,-3.185967,1021431319,31688.01,32234,32234
250,-370058.9781,67617.2775,187534.4107,34411138.9667,5449.8170,1999,0.062311,3.517207,10.862828,0.024525,-3.133278,1016561409,31687.34,32081,32081
251,-390248.6749,261202.1240,219765.6724,36012989.8789,6102.4001,1999,0.062510,3.621227,11.214109,0.025289,-3.273591,1013373594,31688.72,31979,31979
252,-367337.5465,138789.9848,196103.5656,34365414.3134,5706.4223,1998,0.062506,3.509274,10.286316,0.024450,-3.121611,1012890178,31687.48,31965,31965
253,-349608.9227,199776.6825,198398.1708,33255851.1529,5965.8124,1999,0.062264,3.413417,11.158538,0.023805,-3.014512,1017285926,31686.21,32105,32105
254,-363325.5512,355769.0166,224795.7834,34448078.1343,6525.6408,1999,0.062504,3.500633,10.404030,0.024289,-3.127781,1013427370,31687.43,31982,31982
255,-348723.0450,295825.7757,211029.6225,33330362.7019,6331.4529,1999,0.062309,3.421093,10.733529,0.023767,-3.018016,1016558009,31686.24,32082,32082
256,-371997.6388,178255.7834,203959.4486,34907455.8858,5842.8620,1999,0.062814,3.532224,11.312155,0.024593,-3.169006,1008431272,31687.76,31824,31824
257,-385375.9287,150330.5700,205672.9567,35908685.5087,5727.6660,1999,0.062453,3.610192,10.445748,0.025037,-3.265813,1014279258,31688.30,32008,32008
258,-360868.4492,138494.6272,194153.6918,33995403.6784,5711.1748,1999,0.062765,3.491460,13.471844,0.024154,-3.083641,1009190519,31686.73,31849,31849
259,-364581.1626,163669.9323,198849.3305,34258812.5263,5804.3264,1999,0.062436,3.495105,12.089340,0.024304,-3.110777,1014523004,31687.01,32017,32017
260,-330798.6354,233681.2759,198675.4444,32323045.7160,6146.5570,1999,0.062475,3.300864,10.409544,0.023011,-2.925009,1013876617,31686.61,31997,31997
261,-329575.5781,93397.3916,180459.5010,32342431.6172,5579.6516,1999,0.062038,3.283107,9.515254,0.022787,-2.918167,1020995032,31686.27,32222,32222
262,-354884.8844,142841.3546,193783.5747,33659136.0726,5757.2355,1999,0.062490,3.434067,11.223712,0.023912,-3.060415,1013615805,31686.39,31989,31989
263,-382288.9066,29435.4982,188503.0116,35527091.9154,5305.8948,1999,0.062439,3.586912,9.735816,0.024836,-3.235649,1014514529,31688.72,32015,32015
264,-359686.8496,90074.8026,187547.8614,33882533.8031,5535.2372,1999,0.062127,3.474257,11.663885,0.024050,-3.075475,1019575657,31687.46,32176,32176
265,-388762.5588,-29418.1987,180112.2791,35514436.2525,5071.5230,1999,0.062741,3.634113,9.714465,0.025073,-3.234279,1009589452,31687.31,31861,31861
266,-382901.3509,-148230.0915,162530.7995,34996504.4485,4644.2010,1999,0.062872,3.592133,13.635351,0.024818,-3.189226,1007516323,31687.89,31795,31795
267,-372355.3532,165216.9837,202368.5891,35058015.2049,5772.3915,1999,0.062610,3.529947,9.724583,0.024522,-3.170543,1011729411,31687.84,31928,31928
268,-367584.5372,293692.1881,218728.4277,34979392.6113,6253.0653,1999,0.062019,3.492963,10.900047,0.024452,-3.161789,1021368929,31688.04,32232,32232
269,-374569.8093,330679.3658,222857.0593,34786599.0902,6406.4055,1999,0.062586,3.565767,12.563763,0.024862,-3.165807,1012078731,31686.87,31940,31940
270,-374038.7603,44486.5373,187133.3101,34976280.1358,5350.2920,1999,0.062590,3.532808,13.327045,0.024542,-3.175368,1012043698,31687.76,31938,31938
271,-358520.3048,129846.3490,193547.4239,34059501.4492,5682.6265,1999,0.062779,3.459864,13.171997,0.024063,-3.086379,1008996573,31687.60,31842,31842
272,-376663.9440,149296.8030,201283.3515,35148796.2557,5726.6073,1999,0.062463,3.541902,12.989314,0.024733,-3.191363,1014129465,31688.57,32003,32003
273,-351195.7193,92655.4050,186665.6749,33668431.7034,5544.2343,1999,0.062557,3.411263,10.397169,0.023719,-3.043776,1012591919,31688.06,31955,31955
274,-348053.4073,141931.4537,191078.8491,33277665.6850,5741.9547,1999,0.062598,3.408089,10.968784,0.023623,-3.012254,1011873268,31686.39,31934,31934
275,-323809.1506,-6249.9846,164619.1473,31727169.0244,5188.5861,1999,0.062416,3.254645,10.411184,0.022584,-2.863767,1014823225,31686.49,32027,32027
276,-360619.4033,2121.0878,180820.6274,34825982.3447,5192.1185,1999,0.062655,3.451775,11.124651,0.023855,-3.138995,1011014532,31688.28,31905,31905
277,-402894.6242,71632.6352,197214.5076,36426461.1292,5414.0452,1999,0.062181,3.688970,11.314316,0.025723,-3.318799,1018699427,31687.80,32148,32148
278,-358664.1611,140739.9149,196065.9622,34266939.9386,5721.7237,1999,0.062430,3.464562,9.526287,0.023983,-3.102259,1014649153,31687.98,32020,32020
279,-367002.6024,161619.3577,201192.1411,34818782.7447,5778.2646,1999,0.062753,3.504190,15.143782,0.024263,-3.151068,1009428477,31688.23,31855,31855
280,-348476.8720,127904.4197,190085.7678,33330834.0779,5703.0006,1999,0.062525,3.404424,10.267370,0.023696,-3.023993,1013046479,31686.42,31971,31971
281,-383012.1699,168482.9259,208187.4229,36086935.8336,5769.0524,1999,0.062210,3.602686,12.065097,0.024828,-3.264308,1018261527,31688.97,32133,32133
282,-323419.3726,144142.3486,184412.1512,31787944.7007,5801.3235,1999,0.062720,3.287552,9.200629,0.022669,-2.872548,1009899602,31686.11,31872,31872
283,-344269.3600,150729.5117,189908.8383,32646307.1946,5817.1614,1999,0.062655,3.391075,10.225765,0.023556,-2.973851,1010920647,31685.34,31905,31905
284,-411183.1011,213127.4315,221389.7230,37535220.7167,5898.1863,1999,0.062364,3.715164,14.151606,0.026003,-3.418207,1015765080,31689.18,32054,32054
285,-366943.5775,84613.6756,190817.8131,34711934.4886,5497.1818,1999,0.062162,3.484870,14.088604,0.024267,-3.143407,1018975122,31686.52,32158,32158
286,-354224.5941,272248.9081,211536.2050,33942001.4471,6232.2844,1999,0.062726,3.443534,9.369012,0.023910,-3.076245,1009837961,31687.16,31869,31869
287,-398226.1849,139705.5382,206516.7871,36554206.6680,5649.6039,1999,0.062282,3.656561,13.153367,0.025512,-3.319051,1017094603,31689.14,32096,32096
288,-394424.3834,231566.3645,212131.3012,35303620.9909,6008.7689,1999,0.062553,3.696277,12.147096,0.025623,-3.227531,1012590863,31686.04,31957,31957
289,-398704.8055,396236.2552,240394.5379,36675125.1293,6554.7026,1999,0.062346,3.664253,12.088816,0.025699,-3.334632,1016027380,31688.47,32063,32063
290,-436026.1378,178973.8998,222030.7809,38673105.5878,5741.2193,1999,0.062100,3.854825,13.725884,0.026913,-3.531613,1020077692,31689.27,32190,32190
291,-357975.2073,142450.3352,195690.4079,34136146.2799,5732.6450,1999,0.062439,3.452409,9.861412,0.023926,-3.092890,1014460195,31687.03,32015,32015
292,-339533.5642,-12942.0258,167726.3840,32424751.5616,5172.7886,1998,0.062459,3.368776,10.865618,0.023286,-2.946554,1013611753,31686.26,31989,31989
293,-349298.8562,183101.3694,196530.3380,33271144.5336,5906.9305,1999,0.062696,3.414975,9.886179,0.023765,-3.017299,1010321814,31687.42,31884,31884
294,-377947.2528,146246.1218,199748.7684,34936671.3366,5717.4528,1999,0.062490,3.553543,12.156469,0.024821,-3.177648,1013660848,31687.79,31989,31989
295,-387419.9588,217014.1222,214306.9353,36093787.1237,5937.5021,1999,0.062317,3.621507,11.364279,0.025089,-3.271193,1016518564,31688.96,32078,32078
296,-374616.2654,315817.4179,223178.0116,35269372.2605,6327.8135,1999,0.062580,3.549507,12.865019,0.024721,-3.196296,1012231235,31688.67,31943,31943
297,-375468.1715,124930.2505,194792.7782,34473119.2601,5650.5701,1999,0.062282,3.555539,12.688792,0.024737,-3.142358,1017012733,31686.59,32096,32096
298,-409430.5790,267776.7307,223329.5168,36684031.6971,6087.9218,1999,0.062529,3.743031,17.017167,0.026106,-3.345499,1013027631,31687.81,31969,31969
299,-370601.6570,158594.8290,200352.3888,34634249.3594,5784.8053,1999,0.063104,3.528479,10.958264,0.024537,-3.151207,1003814348,31688.06,31678,31678
300,-368732.8168,214446.4109,208918.4685,35006020.0936,5968.0726,1999,0.062627,3.535773,11.451558,0.024419,-3.167951,1011430275,31687.40,31919,31919
301,-390604.1300,34070.5183,188989.9406,35592304.5838,5309.8540,1999,0.062330,3.624984,11.692723,0.025217,-3.248971,1016257593,31687.74,32071,32071
302,-391168.6157,127563.6372,202426.4203,35975265.3465,5626.8222,1999,0.061973,3.668071,10.949416,0.025249,-3.271448,1022137480,31688.29,32256,32256
303,-403066.6445,158044.5325,208287.1881,36401035.7844,5722.0127,1999,0.062443,3.705253,10.631429,0.025774,-3.319767,1014434741,31688.21,32013,32013
304,-360968.6877,267722.3387,212364.7281,34427486.6055,6168.4645,1999,0.063102,3.463984,11.372611,0.024141,-3.107717,1003832985,31687.65,31679,31679
305,-337967.9056,50372.2872,179008.7692,33126490.8779,5403.7951,1998,0.062259,3.344921,9.531697,0.023081,-2.988806,1016907402,31687.26,32092,32092
306,-394094.7457,172118.9254,208696.0691,36095014.5251,5781.8530,1997,0.062673,3.653668,11.548997,0.025392,-3.284823,1009699994,31687.80,31864,31864
307,-316234.7298,181662.8298,185628.6756,31122815.3004,5964.3922,1999,0.061944,3.239517,11.644319,0.022461,-2.810530,1022486920,31684.39,32271,32271
308,-387026.0963,405348.9857,237830.6615,35970818.5617,6611.7667,1999,0.062358,3.616054,11.227994,0.025269,-3.262283,1015834671,31688.39,32057,32057
309,-388441.4812,-110628.2123,168600.1570,35193663.8710,4790.6395,1999,0.062518,3.613035,10.863931,0.025039,-3.216895,1013229717,31688.19,31975,31975
310,-388075.7114,250251.3440,216916.9993,35773891.4350,6063.5561,1999,0.062959,3.609187,11.880566,0.025214,-3.249488,1006129813,31688.13,31751,31751
311,-343153.4023,182296.8952,196481.3870,33242224.1596,5910.5969,1998,0.062477,3.368312,11.136337,0.023445,-3.007223,1013361252,31687.34,31980,31980
312,-389624.3098,194186.2871,212641.5625,36361163.7492,5848.0406,1999,0.062344,3.624824,11.131269,0.025197,-3.292483,1016081303,31689.16,32064,32064
313,-326402.3758,174657.8726,189933.7606,32058412.0321,5924.6154,1997,0.062451,3.286317,11.149008,0.022827,-2.900368,1013244417,31686.66,31977,31977
314,-374322.3756,142549.4166,197996.3454,34599427.8172,5722.5324,1999,0.062720,3.568641,10.058696,0.024736,-3.153619,1009939255,31687.35,31872,31872
315,-365052.3886,-39893.7421,172830.4860,34250868.8126,5046.0176,1999,0.062152,3.506883,10.708113,0.024178,-3.110156,1019156643,31687.24,32163,32163
316,-421812.5194,247119.3693,222353.8727,36819092.8539,6039.0916,1999,0.062830,3.813185,15.423605,0.026531,-3.389999,1008182568,31687.91,31816,31816
317,-357602.0948,266809.7380,209218.1771,33530168.0941,6239.6996,1999,0.062584,3.473080,12.381796,0.024136,-3.059677,1012073756,31685.73,31941,31941
318,-391223.1507,160867.1559,208225.1891,36260013.7586,5742.5568,1999,0.062559,3.615085,11.432850,0.025269,-3.292971,1012549977,31687.74,31954,31954
319,-350140.6696,114517.8261,190231.3081,33710023.5810,5643.1675,1999,0.062412,3.408862,9.532665,0.023588,-3.052671,1014909855,31687.22,32029,32029
320,-419340.2321,53840.5181,200219.9333,37493612.1937,5340.1079,1999,0.061938,3.764603,13.881424,0.026215,-3.420703,1022705172,31688.21,32274,32274
321,-400950.5755,299212.3342,229732.4945,36996731.9720,6209.5348,1999,0.062438,3.693428,11.200917,0.025702,-3.363161,1014557762,31689.09,32016,32016
322,-384619.9373,133908.0399,199819.7917,35174337.5148,5680.8402,1999,0.062473,3.593027,12.397601,0.025064,-3.212261,1013889507,31686.03,31998,31998
323,-338432.8121,183690.4846,195643.5124,33044544.1777,5920.5995,1999,0.062500,3.322021,10.712574,0.023256,-2.984994,1013464068,31686.60,31984,31984
324,-363188.5802,99845.8570,189398.3940,33970902.8419,5575.3123,1999,0.062672,3.515588,10.681842,0.024294,-3.090107,1010688235,31686.99,31896,31896
325,-391270.2883,323776.2729,226393.7851,35652288.7870,6350.0491,1999,0.061935,3.641108,12.090533,0.025485,-3.256353,1022752222,31687.70,32276,32276
326,-435498.0824,233937.0336,230046.4348,38921197.7718,5910.5693,1999,0.062718,3.873997,12.096468,0.026873,-3.544372,1010055113,31689.99,31873,31873
327,-328600.7422,264306.5581,200876.9379,32089208.7667,6259.9530,1999,0.062426,3.302058,10.977927,0.022989,-2.897602,1014661829,31686.40,32022,32022
328,-347602.6173,134623.9235,190062.6570,33233256.7071,5719.0500,1999,0.062490,3.395445,10.598175,0.023683,-3.010438,1013628140,31686.77,31989,31989
329,-376446.2607,277831.5732,217551.8199,35002701.9751,6215.2865,1998,0.062323,3.586357,11.567084,0.024870,-3.189014,1015889099,31688.11,32059,32059
330,-383243.6508,208330.9001,210326.3361,35420387.5643,5938.0021,1999,0.062412,3.624840,12.272821,0.024996,-3.223990,1014914450,31687.36,32029,32029
331,-334178.2969,125521.1994,187414.2606,32953801.7537,5687.1818,1999,0.062704,3.312012,10.678497,0.022954,-2.965938,1010200110,31687.58,31880,31880
332,-388301.3488,72181.3263,194899.4766,35772117.4711,5448.3629,1999,0.062692,3.621757,10.900177,0.025116,-3.259690,1010422686,31688.60,31886,31886
333,-345185.3735,39098.0021,178264.7086,33188203.0005,5371.3275,1999,0.062365,3.381696,12.278099,0.023463,-3.011307,1015682312,31687.59,32053,32053
334,-425343.7823,227110.5469,224659.8968,37941650.1550,5921.1947,1999,0.062781,3.803929,14.060381,0.026507,-3.463652,1009020895,31689.36,31841,31841
335,-346206.2107,94831.3785,182685.1200,32631156.0209,5598.4875,1999,0.062905,3.414394,10.250275,0.023670,-2.975835,1006923989,31686.20,31778,31778
336,-389687.5255,115251.1346,199776.5172,35673812.5019,5600.0888,1999,0.062621,3.633801,14.338529,0.025195,-3.253603,1011539850,31687.86,31922,31922
337,-390448.7717,256833.7393,220044.8253,36095575.4836,6096.1717,1999,0.062360,3.639432,12.164502,0.025250,-3.285401,1015806397,31688.50,32056,32056
338,-337949.1859,379918.4018,218875.4560,32591515.8684,6715.7188,1999,0.062508,3.346020,9.985902,0.023411,-2.958370,1013333219,31686.47,31980,31980
339,-352259.3680,294675.4116,214550.5139,34099011.6638,6291.9863,1999,0.062395,3.405328,11.693744,0.023796,-3.074864,1015211034,31687.72,32038,32038
340,-365275.4553,203074.5473,205388.7184,34456238.8681,5960.8572,1999,0.062836,3.474241,12.709695,0.024351,-3.133106,1008079090,31687.65,31813,31813
341,-400105.1484,-50400.1429,180719.4194,36144553.9912,4999.9073,1999,0.062545,3.684925,10.968041,0.025499,-3.300270,1012781694,31688.05,31961,31961
342,-400125.3733,150727.9276,208423.4349,36536749.1253,5704.4877,1999,0.063080,3.678161,10.911454,0.025542,-3.329395,1004207987,31688.48,31690,31690
343,-369250.5896,80824.9288,186567.0637,33967974.6887,5492.4400,1999,0.062747,3.515063,13.070477,0.024553,-3.095177,1009479881,31686.86,31858,31858
344,-378349.1972,107191.9138,197123.6043,35435030.3925,5562.9585,1999,0.062218,3.551817,10.525823,0.024710,-3.211012,1018108005,31688.13,32129,32129
345,-369721.7525,383174.5464,224617.6211,33583079.6513,6688.4164,1999,0.063014,3.558133,10.667070,0.024863,-3.088558,1005176261,31686.04,31723,31723
346,-397330.3441,310019.1878,224059.6372,35560893.0697,6300.7314,1998,0.062399,3.686191,11.791266,0.025798,-3.259316,1014591581,31686.18,32020,32020
347,-321403.8885,346729.3822,210189.3555,31757510.9723,6618.5715,1999,0.062364,3.278358,10.214802,0.022752,-2.868049,1015643003,31685.37,32054,32054
348,-425399.4571,247459.5603,227578.7426,37925491.9534,6000.6800,1999,0.062757,3.824534,12.826319,0.026618,-3.468292,1009414557,31689.78,31853,31853
349,-386110.6490,91955.6307,193782.9492,35106563.0447,5519.8496,1999,0.062430,3.618105,10.544455,0.025138,-3.205254,1014598148,31686.39,32020,32020
350,-293749.2602,80611.4129,167230.3200,29931753.8605,5587.0538,1999,0.062604,3.093886,9.347715,0.021460,-2.694216,1011681224,31683.36,31931,31931
351,-374833.9508,25771.6255,184356.3566,34901300.9809,5282.2202,1999,0.062098,3.551875,13.069063,0.024566,-3.171419,1020056685,31687.64,32191,32191
352,-412423.6624,336967.1521,235914.0276,37329539.9433,6319.7679,1999,0.062694,3.772500,11.413103,0.026145,-3.402096,1010388140,31688.51,31885,31885
353,-436364.3526,-59579.5834,192613.8685,38884932.1764,4953.4320,1999,0.062329,3.852531,11.177367,0.026692,-3.545610,1016341919,31689.38,32072,32072
354,-376059.9680,93235.3428,194371.7386,35166612.7598,5527.1669,1998,0.062079,3.544477,11.454267,0.024637,-3.193507,1019897278,31688.59,32185,32185
355,-376522.1391,105831.3209,193825.8586,34784131.8122,5572.2494,1999,0.062263,3.555646,12.345634,0.024743,-3.164396,1017354039,31687.35,32106,32106
356,-388041.0522,261393.9036,217339.3543,35458488.7192,6129.4026,1999,0.062420,3.623158,11.008814,0.025310,-3.235722,1014787607,31687.36,32025,32025
357,-383852.8555,195404.0818,208222.6115,35319612.4849,5895.3821,1999,0.062307,3.606217,11.320010,0.025099,-3.218866,1016629227,31687.47,32083,32083
358,-362639.9238,68310.8525,186890.2212,34235322.1111,5458.9883,1998,0.062716,3.479966,11.372860,0.024137,-3.109935,1009516256,31688.00,31858,31858
359,-355215.2565,131101.8986,192868.0817,33879781.0635,5692.7192,1999,0.062195,3.423804,9.950583,0.023937,-3.069150,1018465574,31687.43,32141,32141
360,-365754.7264,107716.2501,191714.6474,34286774.8871,5591.5042,1998,0.062469,3.511377,10.813683,0.024347,-3.112906,1013486135,31687.29,31984,31984
361,-338238.4326,299925.3058,210775.9683,33035316.0110,6380.3224,1999,0.062247,3.337136,12.582268,0.023270,-2.988594,1017563377,31685.97,32114,32114
362,-369066.0761,178455.7210,204178.7595,34916976.1875,5847.5499,1999,0.062292,3.496669,10.939047,0.024424,-3.166721,1016902812,31688.10,32091,32091
363,-398929.7861,344132.9256,233105.8194,36491930.5446,6387.8730,1998,0.062373,3.685508,10.706340,0.025707,-3.326563,1015061977,31688.01,32033,32033
364,-412074.2727,121279.3274,206026.3348,36953252.5109,5575.3234,1999,0.062313,3.753010,12.218111,0.026006,-3.369025,1016568231,31688.54,32080,32080
365,-354801.1316,24960.6532,179087.6691,33785755.0730,5300.6857,1999,0.062141,3.443157,11.696438,0.023815,-3.064421,1019312756,31686.18,32169,32169
366,-382648.2754,117303.8530,199869.5780,35668308.6499,5603.5620,1999,0.062557,3.582419,11.076782,0.024908,-3.238786,1012622899,31689.03,31955,31955
367,-386354.7051,225669.8120,214631.5999,35807519.4034,5994.0371,1999,0.062152,3.595749,10.188617,0.025175,-3.258482,1019169120,31687.63,32163,32163
368,-346889.5524,166471.0558,196313.4181,33676824.5292,5829.3328,1999,0.062724,3.369043,11.825875,0.023492,-3.039475,1009884283,31687.61,31870,31870
369,-361752.5021,225201.0766,210094.9587,34881918.6270,6023.0333,1999,0.062765,3.451942,10.168505,0.024097,-3.152843,1009247312,31688.51,31849,31849
370,-379411.5628,79667.3494,193764.4469,35376693.4508,5477.1780,1999,0.061952,3.571529,11.355748,0.024824,-3.215065,1022487914,31688.35,32267,32267
371,-400848.2449,178635.6861,212468.1068,36688781.1046,5791.0920,1999,0.062276,3.695035,13.416773,0.025554,-3.337153,1017176702,31688.73,32099,32099
372,-350804.1979,93916.0069,186163.8654,33377929.7970,5577.4539,1998,0.062402,3.418155,11.875946,0.023794,-3.033935,1014556584,31687.07,32018,32018
373,-401742.7953,184892.2140,211767.3614,36349333.9067,5825.8939,1999,0.062655,3.674956,11.758346,0.025695,-3.317972,1011027594,31688.69,31905,31905
374,-398236.4757,44139.0120,190920.3381,35729928.0745,5343.4291,1999,0.062557,3.673060,12.282291,0.025536,-3.271369,1012563517,31687.17,31955,31955
375,-380231.9198,204309.3661,205204.0301,34431519.4191,5959.7727,1999,0.062459,3.598679,13.962313,0.025041,-3.154481,1014132128,31686.68,32005,32005
376,-379742.0229,242131.3713,216188.1472,35844178.2887,6031.3322,1999,0.062477,3.559676,9.627150,0.024795,-3.239138,1013909960,31688.65,31996,31996
377,-395800.6108,-37495.9808,181344.4889,36016249.2225,5035.0742,1999,0.062659,3.648393,12.839785,0.025323,-3.278237,1010956551,31688.45,31903,31903
378,-310030.5406,97201.6811,170631.9287,30243175.9141,5641.9977,1999,0.063296,3.196040,10.022326,0.022273,-2.740756,1000656668,31684.40,31582,31582
379,-366160.0813,308090.7154,217707.2988,34278447.9794,6351.1422,1999,0.062114,3.513876,11.926178,0.024489,-3.119281,1019769371,31686.59,32183,32183
380,-350970.2424,271870.1401,210535.0690,33764777.9305,6235.3459,1998,0.061798,3.413243,12.516616,0.023800,-3.057355,1024481186,31687.27,32331,32331
381,-341313.4305,88505.4098,186213.5165,33646527.2621,5534.4052,1999,0.062146,3.349750,9.969491,0.023220,-3.027586,1019273546,31687.92,32166,32166
382,-407315.6565,342187.6284,234758.5230,37014018.2559,6342.4220,1999,0.062181,3.710553,12.727947,0.025998,-3.367904,1018735175,31688.91,32148,32148
383,-331950.5200,311864.7524,211029.3408,32814239.3931,6431.0295,1998,0.062757,3.317614,10.498775,0.023031,-2.959981,1008831372,31687.39,31837,31837
384,-361157.2969,142202.2607,196148.6255,34270165.5871,5723.5972,1999,0.062162,3.457242,9.934612,0.024090,-3.105131,1018955400,31685.91,32158,32158
385,-405856.0017,185664.5265,213954.2003,36842317.4111,5807.2949,1999,0.062895,3.716733,11.615389,0.025761,-3.354084,1007163817,31688.76,31783,31783
386,-362224.0567,405799.9457,231572.0884,34640140.7695,6685.0793,1999,0.062596,3.455914,10.936886,0.024332,-3.131178,1011935538,31687.35,31935,31935
387,-365283.3481,90047.5629,190343.6934,34380723.3163,5536.3493,1998,0.062226,3.499852,10.732989,0.024278,-3.124284,1017457858,31687.62,32109,32109
388,-364756.9979,75929.4722,187483.5895,34126613.0065,5493.7649,1998,0.062013,3.494007,13.314062,0.024287,-3.108536,1020913336,31686.69,32219,32219
389,-341684.5776,158330.5216,192636.9871,33140220.5248,5812.7853,1999,0.062000,3.355522,10.199800,0.023428,-2.993815,1021646430,31686.82,32242,32242
390,-349303.4003,122627.4822,189103.9740,33304904.8071,5677.9617,1999,0.062596,3.421211,11.296681,0.023713,-3.021151,1011904010,31686.36,31935,31935
391,-421859.0698,163880.3739,216313.3236,37756163.7813,5729.2188,1999,0.062767,3.791488,11.274681,0.026443,-3.454121,1009214068,31688.46,31848,31848
392,-398673.0380,77199.3654,198296.8565,36494841.4626,5433.5585,1999,0.062559,3.650567,13.988068,0.025492,-3.316206,1012575132,31688.53,31954,31954
393,-423524.8955,5120.3044,194888.6001,37685625.1327,5171.4307,1999,0.062457,3.817265,12.904260,0.026419,-3.440341,1014216193,31688.31,32006,32006
394,-363405.2159,95104.2546,189162.1736,34075385.5116,5551.2849,1999,0.062574,3.477063,10.377305,0.024250,-3.095545,1012263057,31686.69,31946,31946
395,-356527.8467,144923.6121,194905.0537,33973856.7975,5736.9128,1999,0.062272,3.465379,12.282027,0.023907,-3.075095,1017186948,31687.08,32101,32101
396,-360762.1938,223767.0735,208385.8184,34645608.9305,6014.7830,1999,0.062414,3.489063,13.457022,0.024105,-3.129881,1014907448,31688.13,32028,32028
397,-358169.7780,63924.2613,184994.8411,34022379.0454,5437.4458,1999,0.062469,3.462445,10.014432,0.023983,-3.083581,1014004959,31687.65,32000,32000
398,-383833.0635,176004.9115,206808.1752,35726702.0028,5788.6165,1999,0.062484,3.575169,13.474930,0.025015,-3.233256,1013765155,31688.08,31992,31992
399,-365561.5558,389379.5576,229660.8822,34611980.1516,6635.3003,1999,0.062710,3.500344,12.844529,0.024453,-3.139747,1010117591,31687.98,31877,31877
400,-352871.8408,134270.8684,193441.9391,33948754.7722,5698.0570,1999,0.062379,3.428370,10.918499,0.023744,-3.067262,1015459733,31687.57,32046,32046
401,-373500.0971,-109566.3625,165528.6259,34523431.7284,4794.6747,1999,0.062201,3.524450,11.687482,0.024453,-3.146283,1018370666,31687.43,32138,32138
402,-371104.4895,133116.5100,200270.8147,35281353.8373,5676.3926,1999,0.061994,3.512204,12.056524,0.024388,-3.195946,1021812061,31689.01,32245,32245
403,-373031.0306,226499.4960,209547.7754,34790887.2012,6023.0650,1999,0.062117,3.547520,14.338652,0.024667,-3.163146,1019723736,31687.14,32181,32181
404,-358004.7763,73781.1851,183903.6742,33373386.7608,5510.4888,1999,0.062684,3.473349,10.974273,0.024108,-3.050821,1010477268,31686.34,31890,31890
405,-378694.6219,222445.0577,211092.7494,35216018.2664,5994.2254,1999,0.062488,3.585260,10.050453,0.024872,-3.201558,1013697057,31687.94,31990,31990
406,-367025.6880,89022.4028,191675.1546,34713763.6632,5521.5895,1999,0.062617,3.498445,9.605338,0.024262,-3.147394,1011619028,31688.35,31924,31924
407,-343901.1133,188718.4430,195723.8282,32965337.9176,5937.2614,1999,0.062471,3.363774,9.817719,0.023536,-2.986619,1013934714,31686.45,31999,31999
408,-386557.2924,136901.0348,203037.4098,35757320.7052,5678.2054,1998,0.062504,3.593761,11.663274,0.025052,-3.255195,1012959472,31688.65,31966,31966
409,-352840.6536,98382.4796,184672.2886,32975720.7598,5600.2503,1999,0.062261,3.431327,11.522404,0.023915,-3.008708,1017292859,31684.46,32107,32107
410,-384616.5359,243575.0834,214555.7928,35315271.3039,6075.4395,1999,0.062387,3.619897,10.191538,0.025158,-3.222747,1015288539,31686.18,32042,32042
411,-344553.1652,117606.0999,185372.6550,32727511.2123,5664.1232,1998,0.062734,3.393166,13.409948,0.023532,-2.970122,1009150923,31685.48,31849,31849
412,-354040.9407,122932.6031,191829.5976,33843436.4873,5668.1477,1998,0.062071,3.450286,9.561730,0.023927,-3.067181,1019984361,31687.36,32189,32189
413,-381551.4622,330093.8700,228405.6767,36024143.4620,6340.3500,1999,0.062050,3.580183,13.894190,0.024944,-3.255709,1020856434,31687.87,32216,32216
414,-400789.1298,111984.6965,203621.7758,36587904.4130,5565.2757,1999,0.062735,3.691060,12.077165,0.025521,-3.332341,1009737314,31688.97,31864,31864
415,-414490.2741,187830.0842,216096.7986,37275291.8918,5797.3201,1999,0.062332,3.768833,11.188905,0.026112,-3.395488,1016252867,31688.58,32070,32070
416,-365763.3034,146399.8222,197997.4815,34487122.7574,5741.2004,1999,0.062311,3.503873,10.579420,0.024314,-3.131646,1016570767,31687.63,32081,32081
417,-346235.7239,269220.4487,207764.2127,33313957.3381,6236.5516,1999,0.062670,3.412832,10.875915,0.023666,-3.015462,1010712125,31686.75,31897,31897
418,-351414.4579,97716.3672,186234.3303,33455304.5593,5566.6607,1998,0.062245,3.411026,10.799065,0.023715,-3.029104,1017124590,31687.11,32099,32099
419,-376902.3055,103299.4572,195033.7170,35055367.9461,5563.5906,1998,0.062276,3.551672,10.564955,0.024701,-3.186374,1016650483,31688.14,32083,32083
42,-344341.8327,374346.6409,221438.2236,33365315.4040,6636.7790,1999,0.062598,3.419926,10.229485,0.023602,-3.015139,1011917636,31687.78,31934,31934
420,-334258.4236,165548.7872,190771.2825,32564236.6867,5858.3066,1999,0.062420,3.340823,11.790454,0.023100,-2.941945,1014769509,31686.79,32025,32025
421,-372300.8647,325569.0373,223051.6917,34993497.4988,6374.0897,1999,0.062383,3.562840,11.878321,0.024680,-3.173159,1015406125,31687.87,32044,32044
422,-359344.8603,433656.7019,229773.6896,33446771.3434,6869.8317,1999,0.062249,3.495115,12.323703,0.024426,-3.051824,1017525720,31685.79,32113,32113
423,-355400.3386,30095.7149,178508.0421,33595641.2580,5313.4286,1999,0.062173,3.462695,11.995346,0.023924,-3.048394,1018786870,31686.58,32152,32152
424,-407717.7853,44693.6038,196787.6032,36953900.3076,5325.2188,1999,0.062048,3.732538,10.808629,0.025785,-3.368878,1020906268,31688.43,32217,32217
425,-333006.9521,111500.0089,185292.5643,32857063.5735,5639.3525,1999,0.062212,3.306899,12.488621,0.022896,-2.959155,1018178183,31687.36,32132,32132
426,-436003.3856,263660.9234,232021.3671,38468104.2150,6031.5259,1999,0.062547,3.881812,13.989520,0.026933,-3.519764,1012784137,31689.12,31960,31960
427,-398209.1670,175805.1973,209240.0681,36066000.9838,5801.5877,1999,0.062741,3.674512,13.035751,0.025541,-3.292673,1009626408,31688.47,31861,31861
428,-436417.7014,386066.9904,246341.2084,38245035.5247,6441.1290,1999,0.062565,3.876995,12.765236,0.027112,-3.502036,1012500295,31689.16,31951,31951
429,-365761.6954,57522.0309,185092.8916,34123778.6628,5424.1617,1999,0.062915,3.488891,9.912998,0.024313,-3.109688,1006818797,31687.87,31773,31773
43,-404858.5504,166999.5153,210558.8468,36548163.8791,5761.1334,1999,0.063245,3.724379,17.542401,0.025810,-3.338417,1001585343,31688.72,31607,31607
430,-369153.2759,329269.4080,223952.6351,34987971.5792,6400.8465,1999,0.062133,3.511239,10.944265,0.024485,-3.173535,1019493260,31687.85,32173,32173
431,-384396.5270,163586.5940,207871.4684,36034231.6951,5768.7221,1998,0.062461,3.596348,10.893533,0.024933,-3.270976,1013642079,31688.20,31988,31988
432,-321348.1636,204332.8191,194051.5864,32190491.2155,6028.2269,1999,0.062486,3.258281,10.009343,0.022559,-2.896338,1013698697,31687.00,31991,31991
433,-323504.7561,164386.2674,188490.6661,32147327.9444,5863.3385,1999,0.062641,3.254508,10.279718,0.022600,-2.893529,1011188980,31686.79,31912,31912
434,-375785.9727,189725.2906,206198.2921,35075541.7266,5878.6916,1999,0.062602,3.557726,11.512095,0.024745,-3.186360,1011867696,31688.20,31932,31932
435,-401073.5184,140330.2082,206112.6656,36392510.8003,5663.6011,1998,0.062734,3.667953,13.426922,0.025655,-3.317287,1009242937,31688.37,31849,31849
436,-351106.3476,45083.0740,179546.2129,33308537.8643,5390.3961,1999,0.062637,3.401646,11.915897,0.023698,-3.028774,1011232762,31686.18,31914,31914
437,-416736.9763,116118.3121,207429.8634,37237582.8104,5570.4438,1998,0.062443,3.776511,13.764744,0.026189,-3.405957,1013950470,31688.92,31997,31997
438,-371751.7594,288222.3089,218609.9126,35031587.6678,6240.3655,1999,0.062263,3.534192,10.840196,0.024618,-3.176781,1017359714,31687.53,32106,32106
439,-352002.0083,110864.5622,186963.2312,33165357.4453,5637.3049,1999,0.062771,3.427814,12.188451,0.023850,-3.017021,1009014520,31684.18,31846,31846
44,-359279.6255,269427.9438,207981.1751,33331647.1119,6239.7509,1999,0.062598,3.475991,12.437646,0.024310,-3.041016,1011863356,31686.08,31934,31934
440,-394356.0368,251740.9148,220602.0207,36309088.7053,6075.6694,1999,0.062395,3.665258,12.010877,0.025412,-3.309227,1015193577,31687.17,32038,32038
441,-369368.5671,106625.1690,193613.3161,34629004.7374,5591.0737,1999,0.062048,3.506421,10.435233,0.024457,-3.147438,1020875359,31687.47,32217,32217
442,-375374.6102,134080.5455,198470.4660,34868552.6753,5691.9617,1999,0.062718,3.544648,10.400210,0.024654,-3.176847,1009954399,31686.83,31873,31873
443,-381831.3908,254989.2765,217954.3397,35753963.0861,6095.9491,1999,0.062420,3.546155,10.024968,0.024907,-3.244646,1014818220,31688.31,32025,32025
444,-364933.2211,216304.1825,205676.5130,34263915.3325,6002.7148,1999,0.062645,3.484065,11.533255,0.024345,-3.113079,1011132447,31687.01,31910,31910
445,-344998.9582,198252.1450,197502.2625,33050222.9800,5975.8224,1999,0.062475,3.395272,10.790197,0.023612,-2.996530,1013865144,31686.26,31997,31997
446,-353013.7440,137447.4825,192070.2016,33628386.9344,5711.5496,1999,0.062346,3.439090,9.944782,0.023913,-3.042885,1016004417,31687.75,32063,32063
447,-349302.4025,18195.6780,177385.6149,33734642.5091,5258.2628,1999,0.062344,3.397894,9.872880,0.023451,-3.043089,1016013867,31687.06,32064,32064
448,-371785.3161,113304.1029,194800.3398,34733758.6547,5608.3864,1999,0.062338,3.529429,11.600262,0.024577,-3.156579,1016131916,31687.78,32067,32067
449,-354570.3991,320185.1598,217385.6494,33965674.0617,6400.1571,1998,0.062465,3.464083,11.511215,0.023963,-3.072838,1013537821,31686.92,31986,31986
45,-415336.6034,222271.0017,217736.6217,36667647.7897,5938.1126,1999,0.062338,3.801668,11.572180,0.026295,-3.358521,1016129844,31687.71,32067,32067
450,-371154.6156,274553.1427,215179.2390,34643789.7806,6211.1923,1998,0.062913,3.545670,12.926933,0.024629,-3.152696,1006313283,31686.92,31758,31758
451,-336110.1442,268991.9321,207203.5954,33274985.8457,6227.0078,1999,0.062081,3.320532,9.431358,0.023153,-2.989982,1020321483,31687.00,32200,32200
452,-377752.7348,87696.8741,192839.3244,35051407.1165,5501.6144,1999,0.062514,3.569147,10.725398,0.024802,-3.185160,1013278087,31687.72,31977,31977
453,-317194.5813,198943.2012,190084.7841,31525594.5600,6029.5384,1999,0.062139,3.211472,9.447061,0.022457,-2.843408,1019350720,31686.38,32170,32170
454,-323120.9325,142235.1255,186021.8428,32170289.9966,5782.4111,1999,0.062187,3.237016,9.253148,0.022583,-2.897727,1018577502,31686.97,32145,32145
455,-360779.9266,253396.4952,209620.1330,34096236.3714,6147.8965,1999,0.062327,3.476553,10.878139,0.024207,-3.094763,1016324477,31687.85,32073,32073
456,-367551.5798,103836.3950,191214.4064,34228324.1618,5586.4379,1998,0.062439,3.511789,11.481229,0.024429,-3.116089,1013944106,31686.74,31999,31999
457,-372839.2659,41378.2410,186393.2843,34788833.7641,5357.8480,1999,0.062682,3.526076,11.206433,0.024508,-3.168358,1010553656,31687.74,31891,31891
458,-399256.0608,71542.4723,197497.9240,36436114.9267,5420.3892,1999,0.062477,3.682104,10.267838,0.025475,-3.316098,1013909162,31688.62,31996,31996
459,-338060.0005,98351.8419,180739.8745,32327622.2568,5590.8805,1999,0.062779,3.367659,9.936345,0.023314,-2.928124,1008880108,31683.94,31842,31842
46,-313245.7278,175296.9727,186695.3369,31515917.2461,5923.8427,1999,0.062187,3.222852,9.594123,0.022265,-2.831421,1018556847,31686.32,32145,32145
460,-394762.0586,178340.1547,209186.5418,36105236.4703,5793.8006,1999,0.062367,3.651325,12.119828,0.025474,-3.281708,1015673791,31688.31,32052,32052
461,-379047.8486,227787.1654,209972.5146,34699820.7979,6051.1124,1999,0.062393,3.568019,11.330432,0.024956,-3.176921,1015215831,31686.88,32039,32039
462,-336317.9093,163045.7475,191198.9582,32704361.7745,5846.2831,1998,0.062584,3.326430,11.219633,0.023169,-2.955955,1011583251,31686.24,31925,31925
463,-319832.9948,152813.8491,184412.4462,31520126.5516,5850.6252,1999,0.062743,3.249612,10.429184,0.022589,-2.850772,1009498321,31685.45,31860,31860
464,-404460.1077,207460.1823,212700.0200,35940496.9975,5918.1157,1999,0.062067,3.752667,13.006751,0.025989,-3.296201,1020547331,31687.13,32207,32207
465,-393593.2797,321786.3513,229759.2216,36422023.7225,6308.2497,1999,0.062606,3.662499,11.149488,0.025504,-3.310478,1011835323,31689.17,31930,31930
466,-356014.5330,282028.7298,214800.7632,34566197.7259,6214.1855,1999,0.062559,3.455333,11.573030,0.023948,-3.107337,1012550180,31687.74,31954,31954
467,-317716.0772,178353.4553,186936.8909,31336880.6349,5965.3956,1999,0.062590,3.248110,10.424003,0.022455,-2.837055,1011991438,31686.12,31938,31938
468,-356725.4967,149171.4648,195126.0522,33954107.3567,5746.7584,1999,0.062371,3.456291,11.321383,0.023966,-3.071012,1015573849,31687.17,32050,32050
469,-374816.4146,40155.9565,187677.9887,35203939.0635,5331.1645,1999,0.062551,3.522769,12.316444,0.024548,-3.192066,1012688496,31688.11,31958,31958
47,-325835.1865,-109852.2551,151302.2202,31679622.2109,4776.0109,1999,0.062294,3.286385,10.412673,0.022632,-2.864828,1016817449,31686.43,32090,32090
470,-391989.2097,53773.7806,194670.5014,36346814.5806,5355.9164,1998,0.062173,3.621045,11.547614,0.025145,-3.295678,1018353637,31688.87,32136,32136
471,-350589.0672,282501.3603,211785.6985,33727299.1666,6279.3554,1999,0.062637,3.411549,10.782047,0.023850,-3.055234,1011285645,31687.84,31914,31914
472,-409798.2852,79561.9001,201444.8805,36989334.7720,5446.0260,1998,0.062704,3.751231,13.214060,0.025894,-3.375407,1009753118,31689.47,31864,31864
473,-372557.9424,58300.0916,189867.8792,35265842.6352,5383.9031,1999,0.062369,3.511042,12.112030,0.024428,-3.186447,1015648785,31688.52,32051,32051
474,-350735.2070,264347.3411,207562.5538,33357346.2454,6222.3941,1999,0.062834,3.423027,10.615909,0.023858,-3.029025,1008074889,31686.52,31814,31814
475,-396996.1335,177649.9533,210288.4191,36308759.6920,5791.6718,1999,0.062480,3.659195,12.413074,0.025499,-3.301936,1013833948,31688.25,31994,31994
476,-340108.0737,253301.5438,202955.7930,32670694.8665,6212.1664,1999,0.062350,3.390460,10.422184,0.023430,-2.966081,1015885755,31686.03,32061,32061
477,-407501.6239,283782.2541,226855.8108,36878460.7323,6151.4447,1999,0.062453,3.737958,12.287747,0.025995,-3.362290,1014292053,31688.70,32008,32008
478,-359816.2535,53835.0600,184939.2713,34328589.0972,5387.3251,1999,0.062336,3.442357,11.018817,0.023995,-3.103522,1016141171,31687.08,32068,32068
479,-366940.7489,-24220.5983,173410.6396,33949077.6771,5107.9632,1999,0.062743,3.525428,10.255202,0.024363,-3.093919,1009518168,31686.07,31860,31860
48,-367377.5681,283395.3772,214061.0356,34248128.6220,6250.2988,1999,0.062555,3.509041,11.075080,0.024558,-3.114950,1012619610,31687.93,31956,31956
480,-344995.6948,340698.6623,217771.4879,33499365.0522,6500.7646,1999,0.062482,3.378234,11.708639,0.023591,-3.025036,1013782411,31687.63,31993,31993
481,-391140.4314,110445.4102,198092.8212,35505505.0401,5579.2143,1999,0.062360,3.654099,13.899003,0.025336,-3.241359,1015792824,31688.07,32056,32056
482,-419145.6193,133143.4609,211208.9591,37586288.7006,5619.3087,1998,0.062461,3.764822,10.579618,0.026197,-3.432426,1013670270,31689.08,31988,31988
483,-373630.9209,139397.7522,197645.7545,34539288.4320,5722.3459,1999,0.062678,3.564786,9.901113,0.024691,-3.153020,1010615076,31687.68,31893,31893
484,-353195.9762,213087.8199,201257.8238,33468165.4353,6013.4107,1999,0.062455,3.450191,10.215642,0.023917,-3.036856,1014196074,31686.70,32007,32007
485,-375442.3271,132819.0462,198587.6654,35057476.2466,5664.6310,1999,0.062404,3.562125,12.507629,0.024706,-3.181062,1015042877,31687.41,32033,32033
486,-410573.0132,195449.4468,214618.2237,36630280.4337,5859.0385,1999,0.062404,3.752900,12.011312,0.026060,-3.354644,1015052315,31687.71,32033,32033
487,-407498.5756,-5112.3097,189673.2820,36786477.2464,5156.0600,1999,0.062191,3.706599,15.738048,0.025790,-3.357572,1018539871,31687.77,32143,32143
488,-391762.0283,212071.3624,213284.2864,36009885.5575,5922.9371,1999,0.062651,3.658738,12.406546,0.025314,-3.273227,1011087474,31688.58,31907,31907
489,-380166.4545,342481.5810,226597.0664,35219610.2916,6433.8323,1999,0.062467,3.554200,12.064811,0.025005,-3.206213,1014028786,31687.41,32001,32001
49,-366209.3838,20642.3190,180853.7331,34295921.7158,5273.3306,1999,0.062052,3.509654,10.712850,0.024270,-3.116603,1020807513,31687.34,32215,32215
490,-367269.8301,168796.1527,199059.9540,34139298.8506,5830.8155,1999,0.062387,3.543799,12.457431,0.024513,-3.109559,1015288816,31686.19,32042,32042
491,-362045.5532,350231.7008,221434.8957,33952445.2731,6521.9130,1998,0.062714,3.512976,10.506103,0.024350,-3.088991,1009516777,31687.02,31859,31859
492,-348947.9143,16121.2599,176518.5707,33440617.1254,5278.5680,1998,0.062473,3.399815,10.239670,0.023572,-3.034018,1013413815,31687.01,31982,31982
493,-419611.1751,225603.2985,224429.1240,38016880.8339,5903.4071,1999,0.062551,3.770766,13.980448,0.026265,-3.453309,1012726142,31689.28,31958,31958
494,-339726.8042,335628.9144,213920.1989,32751983.4567,6531.5189,1999,0.062692,3.359619,10.729522,0.023492,-2.971580,1010381880,31687.32,31886,31886
495,-360023.3013,67322.5518,186055.9758,34228889.2312,5435.6416,1998,0.062667,3.472111,11.235736,0.024053,-3.095603,1010293259,31687.52,31883,31883
496,-416550.5004,244433.3636,225520.9991,37732471.9533,5976.8414,1998,0.062133,3.738671,12.421679,0.026220,-3.429293,1019019891,31688.90,32157,32157
497,-352024.7913,111792.2594,188946.6364,33667375.9843,5612.1581,1998,0.062422,3.400372,10.201843,0.023781,-3.043149,1014235229,31686.93,32008,32008
498,-366780.4319,9693.5952,180598.2843,34520676.4518,5231.5975,1999,0.062121,3.511878,10.105105,0.024198,-3.133292,1019657772,31687.06,32179,32179
499,-320013.1614,7301.0844,167041.7474,31833145.5756,5247.4157,1999,0.062183,3.222244,9.986883,0.022402,-2.867102,1018632117,31686.69,32147,32147
50,-422019.8573,190731.9665,217973.1400,37466217.6753,5817.8582,1999,0.062810,3.817362,12.106038,0.026513,-3.429816,1008528099,31688.81,31826,31826
500,-372273.0199,126542.9030,197866.5531,35153022.0595,5628.7210,1999,0.062422,3.522306,12.471232,0.024467,-3.176610,1014785512,31688.28,32024,32024
501,-359804.2952,198150.1063,200322.2688,33537890.5857,5973.0134,1999,0.062469,3.479579,11.557585,0.024158,-3.061628,1013954384,31686.07,32000,32000
502,-348401.9849,149400.5503,192986.9778,33388360.4827,5780.0675,1999,0.062480,3.398435,10.670020,0.023701,-3.026459,1013806045,31687.38,31994,31994
503,-309980.4524,189641.0260,184325.7663,30543558.8078,6034.8490,1999,0.062600,3.192815,9.111260,0.022243,-2.767320,1011769413,31684.13,31933,31933
504,-375394.5837,120323.4017,195982.0778,34838747.6525,5625.4054,1998,0.062200,3.541513,11.157316,0.024712,-3.166837,1017836826,31686.60,32122,32122
505,-368251.4599,279434.8714,215708.5730,34541293.6318,6244.9477,1999,0.062443,3.526830,10.330786,0.024488,-3.146164,1014394915,31686.97,32013,32013
506,-377580.2801,146793.4923,201074.8162,35152194.9514,5720.1212,1999,0.062228,3.570225,12.938212,0.024756,-3.194473,1017940599,31687.85,32124,32124
507,-348035.1485,127739.4749,190127.0253,33374448.5380,5696.7840,1999,0.062602,3.425506,9.527663,0.023584,-3.024155,1011837799,31687.27,31932,31932
508,-342499.8509,346710.0961,217795.1982,33360656.1989,6528.5046,1999,0.062081,3.374040,9.124330,0.023518,-3.010308,1020326480,31687.16,32200,32200
509,-390528.2034,83485.0444,195039.1730,35618595.1635,5475.7683,1999,0.062522,3.651844,11.873684,0.025234,-3.245503,1013164277,31688.12,31973,31973
51,-387401.5635,228756.8324,217223.1688,36401435.4679,5967.4341,1999,0.062156,3.581347,11.869182,0.025069,-3.290609,1019150233,31689.01,32161,32161
510,-345315.2249,141168.3665,189364.2565,32918099.8156,5752.5877,1999,0.062706,3.407998,10.408315,0.023604,-2.985207,1010124241,31686.20,31879,31879
511,-403552.9077,139154.7595,205974.9258,36388169.6330,5660.4915,1999,0.062088,3.697405,11.344424,0.025822,-3.321777,1020205936,31687.35,32196,32196
512,-363535.8081,210288.2598,204085.2744,34092374.1130,5986.2441,1999,0.062467,3.492680,10.475511,0.024311,-3.099138,1014004221,31686.64,32001,32001
513,-395748.4913,75214.5696,196088.3161,36078796.9145,5435.0015,1999,0.062674,3.680405,11.104003,0.025391,-3.283716,1010692872,31688.13,31895,31895
514,-333667.5743,173339.7264,191948.5038,32574285.1885,5892.6390,1999,0.062480,3.333596,9.948429,0.023071,-2.943578,1013766741,31686.15,31994,31994
515,-358815.4974,91967.0525,189319.6268,34204273.7671,5534.9699,1999,0.062710,3.444663,11.050522,0.023984,-3.095118,1010120691,31688.07,31877,31877
516,-358158.4538,71948.8247,185206.4222,33879580.7491,5466.6090,1999,0.062832,3.465460,11.029723,0.023950,-3.072143,1008140512,31687.58,31815,31815
517,-363859.4713,254192.6916,209809.4506,34111210.2032,6150.7478,1999,0.062449,3.502362,12.096236,0.024307,-3.101157,1014302015,31687.04,32010,32010
518,-375867.7908,263795.3906,217461.8590,35454298.6844,6133.5823,1998,0.062412,3.552156,11.786988,0.024724,-3.211507,1014425697,31687.93,32013,32013
519,-339170.9982,103912.4154,184607.9987,32917673.2707,5608.1728,1999,0.062334,3.356483,11.243803,0.023241,-2.974293,1016159444,31686.66,32069,32069
52,-373029.8350,224053.3907,211544.7560,35397449.7398,5976.2711,1999,0.062141,3.515485,12.221996,0.024561,-3.194952,1019383519,31688.38,32169,32169
520,-383969.0111,-54607.9968,178012.0035,35769915.4509,4976.5844,1998,0.062455,3.562214,10.952937,0.024750,-3.241304,1013745687,31688.47,31991,31991
521,-367755.7099,10297.7413,181175.2069,34629049.1363,5231.8851,1999,0.062621,3.527129,11.555694,0.024271,-3.142296,1011526137,31687.43,31922,31922
522,-378187.6162,429833.7863,238615.8104,35312097.8146,6757.3388,1998,0.062931,3.588957,10.498202,0.025002,-3.214151,1006057437,31687.85,31749,31749
523,-401254.8083,244388.9704,219346.8569,36283568.6410,6045.3496,1999,0.062751,3.674512,11.487490,0.025761,-3.316835,1009481940,31688.91,31856,31856
524,-362277.3456,40259.8878,183939.2781,34451296.5046,5339.1105,1999,0.062471,3.448766,10.732588,0.024009,-3.117899,1013974508,31687.69,31999,31999
525,-336252.1606,-16977.7711,169494.8373,33050986.7410,5128.2837,1999,0.062323,3.315522,11.654940,0.023007,-2.972565,1016369366,31687.28,32075,32075
526,-345366.1755,311366.0828,214202.5136,33437814.8121,6405.9962,1999,0.062531,3.392983,10.376599,0.023572,-3.028457,1012979571,31687.30,31968,31968
527,-335412.4262,32915.9078,170881.6750,32033156.8536,5334.5250,1999,0.062523,3.334194,12.291364,0.023114,-2.902193,1013059644,31685.84,31972,31972
528,-389023.4145,186558.2248,211360.5073,36210964.6261,5836.9201,1999,0.062029,3.611338,10.440918,0.025108,-3.286840,1021200547,31687.73,32227,32227
529,-339810.6874,219411.6382,196617.6226,32276805.6030,6091.6072,1999,0.062239,3.383107,11.774561,0.023476,-2.937649,1017692569,31686.05,32118,32118
53,-393050.6291,132597.4659,202948.3812,35843917.3581,5662.0034,1999,0.062418,3.645266,10.804442,0.025287,-3.272682,1014829457,31687.67,32026,32026
530,-343244.7813,97189.9787,186182.1913,33384667.7258,5576.8772,1998,0.062531,3.363936,10.734769,0.023333,-3.015034,1012457050,31686.81,31952,31952
531,-388647.9649,207913.5792,212671.8978,35944830.9640,5916.6198,1999,0.062301,3.615491,10.640515,0.025258,-3.266837,1016745516,31688.14,32086,32086
532,-373612.6185,269108.3589,215674.7553,34826224.6654,6192.8836,1998,0.062482,3.546217,10.675609,0.024689,-3.173443,1013265241,31687.31,31977,31977
533,-405760.6458,163284.7178,212191.3283,36993014.8322,5735.9837,1999,0.062594,3.698399,11.645475,0.025701,-3.369202,1011997096,31688.29,31936,31936
534,-357806.8907,84507.2600,188468.4800,34118756.0179,5523.8966,1999,0.062984,3.457067,12.499842,0.023974,-3.094712,1005697620,31687.49,31738,31738
535,-370943.8430,285139.2085,215666.6166,34453834.1962,6259.5825,1999,0.062840,3.552991,11.022747,0.024628,-3.140195,1008018303,31687.73,31811,31811
536,-373828.6923,-10045.1843,179654.2859,34813708.2187,5160.4467,1999,0.062119,3.559249,10.216860,0.024457,-3.167496,1019704754,31687.53,32180,32180
537,-347580.4082,97201.1474,188598.0014,33897973.7331,5563.6954,1999,0.062088,3.360710,13.615242,0.023435,-3.056226,1020216236,31687.67,32196,32196
538,-390903.4219,259968.7973,218967.2135,35744991.0319,6125.8153,1999,0.062428,3.633833,13.411352,0.025399,-3.265833,1014665331,31687.50,32021,32021
539,-406669.7705,93460.6396,201758.0838,36702108.4803,5497.1796,1999,0.062054,3.704804,11.300437,0.025866,-3.349799,1020810263,31688.40,32214,32214
54,-409821.6017,103917.1628,205469.6441,37278694.8808,5511.7177,1999,0.062414,3.730633,12.710013,0.025932,-3.388297,1014913061,31688.31,32028,32028
540,-359884.8729,173368.8958,197921.2806,33840675.4949,5848.6209,1998,0.062432,3.477482,11.858295,0.024150,-3.072635,1014082213,31687.10,32003,32003
541,-388378.2899,136783.0668,205698.5921,36389450.5293,5652.6985,1998,0.062098,3.605423,11.804937,0.025069,-3.295621,1019590145,31688.89,32175,32175
542,-375413.2436,75442.7506,191262.9249,34972760.5426,5468.9113,1999,0.062375,3.556560,12.070043,0.024608,-3.180778,1015491657,31686.58,32048,32048
543,-407368.3333,126902.0277,207101.5409,36962199.1737,5603.0633,1998,0.062655,3.721927,15.436128,0.025817,-3.365802,1010548337,31689.56,31889,31889
544,-378695.1645,171283.4059,206341.7782,35529275.4669,5807.6551,1999,0.062061,3.592736,11.294855,0.024795,-3.226215,1020676015,31688.17,32210,32210
545,-425451.9805,196097.0017,219757.5231,37771344.6512,5818.1017,1999,0.062596,3.822817,11.786779,0.026631,-3.451061,1011993918,31689.18,31935,31935
546,-395121.5168,255137.4372,221699.9886,36570239.2613,6062.3062,1999,0.062358,3.680297,11.228296,0.025438,-3.319608,1015839204,31688.53,32057,32057
547,-411915.3468,74280.0819,199444.7056,36726837.9532,5430.4894,1999,0.062838,3.747057,16.484675,0.026065,-3.360762,1008044601,31687.56,31812,31812
548,-392352.2702,258128.6329,218470.8810,35820329.0601,6099.0752,1999,0.062455,3.650985,11.751770,0.025384,-3.264552,1014233642,31687.87,32007,32007
549,-334183.9487,211447.1097,196087.5676,32494891.2014,6034.4122,1999,0.062404,3.342222,10.234372,0.023150,-2.934577,1015008660,31686.34,32033,32033
55,-403982.7727,242842.9705,219820.3484,36474688.0239,6026.6547,1999,0.063042,3.718493,12.780238,0.025848,-3.331041,1004798665,31688.12,31709,31709
550,-401413.0439,185523.3421,211173.0834,36096524.9986,5850.2330,1999,0.062649,3.691367,11.421826,0.025726,-3.307872,1011114579,31688.43,31908,31908
551,-366180.7826,203309.6722,204539.6591,34389943.0208,5947.6591,1999,0.062688,3.504885,11.738569,0.024376,-3.122472,1010448171,31687.41,31888,31888
552,-345618.4082,245352.9682,205739.1586,33546275.0134,6132.9956,1999,0.062694,3.389944,12.904699,0.023536,-3.028382,1010365697,31687.81,31885,31885
553,-396642.9012,-34950.7010,183187.9066,36283586.1507,5048.7817,1999,0.062461,3.651558,10.042597,0.025329,-3.300963,1014148013,31688.16,32004,32004
554,-327265.2204,215842.9752,195118.7279,32178522.4736,6063.6323,1999,0.062907,3.293932,12.054104,0.022832,-2.901082,1006916154,31686.95,31777,31777
555,-379934.5505,153334.5258,204974.4315,35856673.6046,5716.4932,1999,0.062570,3.574561,11.774224,0.024778,-3.241163,1012389929,31688.68,31948,31948
556,-416683.5843,110481.3113,207217.5820,37475585.9076,5529.4021,1999,0.062412,3.776169,11.763476,0.026168,-3.413171,1014952896,31688.56,32029,32029
557,-389723.1300,255864.7274,218299.0270,35771861.6977,6102.5347,1999,0.063008,3.627828,11.669170,0.025388,-3.261744,1005356420,31688.72,31726,31726
558,-364696.0386,247380.8653,210314.7281,34361399.1970,6120.6683,1998,0.062272,3.504662,10.707193,0.024404,-3.121765,1016673929,31686.89,32085,32085
559,-373845.0441,140683.4163,198743.0750,34865766.1076,5700.2354,1999,0.062023,3.528789,12.366080,0.024689,-3.166449,1021286219,31687.44,32230,32230
56,-391384.3873,168039.5743,205539.8883,35469637.4401,5794.8122,1999,0.062496,3.648865,11.060691,0.025311,-3.243106,1013565740,31687.79,31986,31986
560,-379505.2894,251487.3057,217410.5897,35777555.0627,6076.7313,1999,0.062451,3.562653,11.795734,0.024849,-3.239224,1014324530,31688.73,32009,32009
561,-410898.0054,156663.2747,212063.7416,37201570.5902,5700.3975,1999,0.062414,3.737500,12.277118,0.025922,-3.388470,1014924424,31688.66,32028,32028
562,-356995.7929,49787.7873,181801.3376,33816630.9152,5376.0926,1999,0.062939,3.471746,11.044872,0.023929,-3.062189,1006404548,31686.80,31761,31761
563,-405600.8240,306205.3386,229240.7887,36771542.6545,6234.1901,1999,0.062364,3.708509,13.452467,0.025894,-3.351861,1015759798,31689.02,32054,32054
564,-360481.1862,118263.0379,192047.1867,34031513.1924,5643.2162,1999,0.062183,3.479461,11.582190,0.024096,-3.089389,1018639722,31686.93,32147,32147
565,-372124.1936,82089.0143,190144.2207,34597066.4576,5495.9637,1999,0.062035,3.558970,12.407981,0.024537,-3.147565,1021074245,31686.76,32224,32224
566,-400506.8292,249875.2307,222700.5430,36886251.9340,6037.4945,1999,0.062426,3.674862,12.007660,0.025643,-3.352613,1014731981,31688.59,32022,32022
567,-391883.8479,195717.1899,210321.7214,35772167.8422,5879.4793,1999,0.062490,3.654646,13.680354,0.025391,-3.261521,1013662276,31687.84,31989,31989
568,-372890.9181,246003.8468,212969.6954,34942259.4393,6094.9034,1999,0.062576,3.543929,10.049858,0.024620,-3.175438,1012231942,31686.71,31945,31945
569,-355295.1164,218864.7965,201826.1522,33394114.9049,6043.7641,1999,0.062568,3.462021,10.424303,0.024101,-3.038306,1012347576,31686.36,31949,31949
57,-327823.9766,81320.5069,178473.2988,32275415.7262,5529.6979,1999,0.062228,3.280032,10.936300,0.022808,-2.908956,1017909429,31686.88,32124,32124
570,-407888.7604,-50089.2694,186980.0398,37507872.4818,4985.0879,1999,0.062535,3.739459,11.349787,0.025627,-3.400257,1012981576,31689.34,31966,31966
571,-321140.8050,128464.8219,181525.9335,31666531.6827,5732.4223,1999,0.062706,3.245311,10.079247,0.022581,-2.856235,1010107819,31685.68,31879,31879
572,-407270.6205,213146.5434,218873.5645,37179190.9239,5886.9911,1999,0.062563,3.710659,13.226862,0.025807,-3.376376,1012543791,31689.53,31952,31952
573,-365930.8726,-20746.8715,174354.0870,34024272.1267,5124.4031,1999,0.062484,3.486945,10.732707,0.024278,-3.098812,1013738102,31687.24,31992,31992
574,-384208.3408,144825.6262,203624.8329,35704897.6572,5702.9944,1998,0.062358,3.610860,12.178314,0.024978,-3.245106,1015303967,31687.65,32041,32041
575,-412272.4667,253593.2326,227179.8254,37772155.4245,6014.4787,1999,0.062311,3.732887,13.637403,0.026021,-3.428515,1016638327,31689.73,32081,32081
576,-378405.2504,133043.9634,199542.1046,35174384.6163,5672.9380,1999,0.062846,3.564602,10.034860,0.024776,-3.199042,1007944213,31688.39,31808,31808
577,-337352.0168,147963.5803,188086.0160,32366593.7697,5811.1155,1998,0.062488,3.347231,9.980438,0.023291,-2.941386,1013098918,31685.09,31974,31974
578,-341339.2314,144053.5894,190036.1654,32875829.6634,5780.4219,1999,0.062494,3.372167,14.233100,0.023416,-2.982465,1013534023,31685.81,31987,31987
579,-375900.5075,329410.7683,224921.9944,35238293.7106,6382.8855,1999,0.062570,3.565008,10.734647,0.024763,-3.198558,1012366689,31687.95,31948,31948
58,-352618.1390,137463.6063,188618.6438,32773507.2510,5755.2169,1999,0.062408,3.447401,12.307094,0.023962,-2.994273,1014924958,31685.71,32031,32031
580,-401963.9047,216478.2059,216547.3427,36531473.0135,5927.6926,1999,0.062044,3.696809,12.422499,0.025740,-3.328843,1020986241,31688.95,32219,32219
581,-377351.8260,65783.7129,192655.0090,35574575.0629,5415.5252,1999,0.062040,3.548524,11.855996,0.024630,-3.220528,1021012012,31687.78,32221,32221
582,-372923.5970,300992.4512,219542.7714,34895791.2520,6291.3825,1999,0.062449,3.541242,9.723340,0.024684,-3.169255,1014329961,31687.91,32010,32010
583,-377003.4113,235893.6114,212282.1424,35146409.8963,6039.9382,1999,0.062112,3.574963,11.202107,0.024792,-3.191156,1019837227,31687.71,32184,32184
584,-378982.3325,160107.3283,202125.3512,35052288.3840,5766.3953,1998,0.062439,3.587137,12.237330,0.024843,-3.188056,1013938519,31686.57,31999,31999
585,-403485.8672,121484.4733,204263.8368,36598720.6299,5581.1742,1999,0.062512,3.707237,13.768923,0.025709,-3.329066,1013333681,31688.46,31978,31978
586,-398277.9748,344218.3833,232552.9910,36534463.3212,6365.3047,1999,0.062183,3.669377,10.960077,0.025666,-3.317547,1018688830,31688.46,32147,32147
587,-391115.7909,111893.8410,201764.1018,36303163.1156,5557.7554,1999,0.062348,3.626931,11.123250,0.025141,-3.289630,1015996254,31688.49,32062,32062
588,-377105.5114,333877.1303,225219.2518,35241152.8332,6390.8026,1999,0.062201,3.587093,11.059558,0.024797,-3.196909,1018383671,31687.84,32138,32138
589,-333178.2028,47961.6376,176292.4965,32651261.7250,5399.2553,1999,0.062651,3.292846,8.855838,0.022979,-2.946954,1011026600,31686.67,31907,31907
59,-382463.9147,35877.3337,190316.3046,35849451.7386,5308.7647,1999,0.062245,3.566315,10.140352,0.024767,-3.249681,1017683619,31688.73,32115,32115
590,-365551.2450,169746.3695,200165.4699,34270579.0058,5840.7379,1999,0.062471,3.498925,10.676933,0.024391,-3.120184,1013961232,31687.28,31999,31999
591,-396712.7272,132090.8477,205149.2151,36393744.9440,5636.9361,1999,0.062482,3.677050,13.060754,0.025441,-3.310742,1013816286,31688.69,31993,31993
592,-369506.9823,74107.5296,190360.9478,34943147.6076,5447.7333,1999,0.063038,3.512245,11.384154,0.024357,-3.159971,1004852544,31687.82,31711,31711
593,-415384.0192,218437.8679,220070.9652,37277845.5181,5903.5323,1999,0.062389,3.776247,11.365104,0.026250,-3.398053,1015347458,31689.01,32041,32041
594,-338086.9469,87498.1074,179878.8600,32350474.2867,5560.3160,1999,0.062775,3.351667,11.210496,0.023277,-2.935460,1008985546,31685.26,31844,31844
595,-363961.8114,258147.2805,213763.1078,34861228.4746,6131.8295,1999,0.062504,3.504109,10.736269,0.024230,-3.149416,1013458452,31688.40,31982,31982
596,-367454.6633,226490.2277,205986.3341,34073883.8476,6045.2849,1999,0.062743,3.540597,10.456286,0.024474,-3.103757,1009547987,31687.01,31860,31860
597,-394556.3493,339346.4025,229628.4106,35843502.9085,6406.4166,1999,0.062369,3.667400,11.944596,0.025608,-3.279350,1015636718,31688.14,32051,32051
598,-389169.2491,474074.9652,249810.7802,36582415.8922,6828.7119,1999,0.062572,3.613546,15.445073,0.025295,-3.309870,1012377444,31689.28,31947,31947
599,-368852.7605,209811.7554,209614.2870,35277494.8648,5941.8700,1998,0.062235,3.477540,10.200482,0.024400,-3.185744,1017326525,31688.47,32104,32104
60,-388829.4595,-40715.0807,179381.0208,35700959.2341,5024.5434,1999,0.062336,3.602891,11.183265,0.025086,-3.244404,1016165068,31687.82,32068,32068
600,-334140.5555,153659.7538,188636.0190,32373980.8950,5826.7786,1998,0.062393,3.319864,12.670444,0.023111,-2.933136,1014677686,31685.90,32023,32023
601,-304846.0502,97384.5235,174039.1924,30989626.5110,5616.0468,1998,0.062647,3.152973,10.437818,0.021824,-2.778515,1010567284,31686.18,31893,31893
602,-342139.7129,151220.9893,190814.0246,32965354.4205,5788.3201,1999,0.062416,3.375280,12.066061,0.023450,-2.982070,1014814146,31686.21,32027,32027
603,-391378.8216,187183.3027,211360.5525,36235873.6646,5832.9090,1999,0.062486,3.628359,11.451618,0.025277,-3.290176,1013741827,31688.34,31991,31991
604,-375208.2326,-64717.2827,169820.6172,34343644.0236,4944.7466,1999,0.062625,3.554711,13.692843,0.024631,-3.130115,1011441296,31686.76,31920,31920
605,-334667.8552,394403.4109,220572.4088,32679289.9458,6749.6084,1999,0.062881,3.346097,9.931405,0.023274,-2.950516,1007296791,31685.96,31790,31790
606,-417919.2691,29542.7282,197047.6454,37455856.2411,5260.7967,1999,0.062708,3.771963,15.706268,0.026156,-3.417193,1010196425,31689.45,31878,31878
607,-376331.9119,291332.9177,220283.2325,35280236.7473,6243.8139,1999,0.062183,3.558331,11.453962,0.024802,-3.202862,1018660373,31687.57,32147,32147
608,-376643.6042,94396.5068,193141.3914,34886727.7043,5536.2427,1999,0.062635,3.567168,11.051482,0.024695,-3.175417,1011320553,31687.94,31915,31915
609,-392429.0333,134016.7615,205839.3422,36503958.7511,5638.8225,1998,0.061994,3.634613,10.790296,0.025226,-3.309422,1021277632,31688.16,32229,32229
61,-320762.8087,399991.5258,219362.4024,32193604.3193,6813.8504,1999,0.062781,3.257347,9.841013,0.022615,-2.899670,1008942807,31686.91,31841,31841
610,-344336.3818,247301.3511,207181.5472,33765186.5563,6135.9515,1999,0.062297,3.390228,10.718714,0.023498,-3.042793,1016796445,31687.75,32088,32088
611,-382895.8396,382054.2003,236988.7208,36250555.3841,6537.5197,1999,0.062286,3.570213,10.833154,0.024960,-3.284314,1017022177,31688.86,32094,32094
612,-338781.1095,380135.5167,222105.4342,33324408.5433,6664.9475,1999,0.062288,3.369319,9.831573,0.023376,-3.004429,1016916336,31686.55,32093,32093
613,-358666.4209,19566.1267,178785.3447,33954041.8932,5265.5099,1999,0.062606,3.454797,10.396804,0.024007,-3.076513,1011769001,31687.10,31930,31930
614,-367985.6111,316161.9288,221790.6798,34950968.5170,6345.7663,1999,0.062237,3.508852,10.990211,0.024438,-3.164749,1017790119,31688.10,32119,32119
615,-348488.2527,-107227.4205,159261.8056,33130881.9407,4807.0500,1998,0.062309,3.407300,9.981326,0.023461,-3.010809,1016072177,31686.90,32066,32066
616,-372482.7484,77132.2147,191121.4472,34945766.0686,5469.0874,1998,0.062516,3.524824,11.657332,0.024523,-3.170818,1012738472,31687.69,31960,31960
617,-374603.7843,236412.4368,212421.4312,35042166.7532,6061.8806,1999,0.062769,3.536965,9.954928,0.024683,-3.187847,1009159268,31687.73,31847,31847
618,-364632.7475,107363.7656,193561.8640,34776457.5780,5565.8879,1999,0.062284,3.468122,10.437130,0.024215,-3.137163,1017033295,31688.22,32095,32095
619,-406358.5473,261965.2055,225629.4343,37147806.0571,6073.8293,1999,0.062323,3.707457,10.843228,0.025826,-3.381771,1016392576,31688.00,32075,32075
62,-367890.0956,197585.4985,203975.9331,34332472.1182,5941.1956,1999,0.062533,3.522410,10.219316,0.024486,-3.127806,1012932405,31686.81,31967,31967
620,-370347.2698,-84109.7098,168754.7184,34591789.7321,4878.4616,1999,0.062606,3.532334,9.082830,0.024392,-3.140780,1011744123,31686.32,31930,31930
621,-398739.1318,159610.4290,208360.4126,36367835.5843,5729.2497,1999,0.062720,3.698721,11.401158,0.025634,-3.310348,1009948669,31687.65,31872,31872
622,-437998.5778,194659.1531,224637.0931,38845302.7658,5782.8637,1999,0.062649,3.883693,15.792010,0.026953,-3.543206,1011153235,31689.65,31908,31908
623,-372476.8719,175466.0542,204086.4380,35042059.5134,5824.0423,1999,0.062381,3.540178,11.685533,0.024576,-3.176497,1015417762,31687.24,32045,32045
624,-355901.8101,63935.1876,183608.4664,33772524.8358,5436.6224,1999,0.062804,3.447573,10.642249,0.023904,-3.060618,1008568778,31687.10,31829,31829
625,-359297.4023,171799.0173,198741.5896,34088223.8541,5830.2125,1999,0.062276,3.471649,12.161780,0.024075,-3.085450,1017122109,31687.03,32099,32099
626,-400652.6343,195949.3491,214711.8195,36756939.0301,5841.3955,1999,0.063140,3.667368,13.970789,0.025622,-3.337401,1003287512,31689.43,31660,31660
627,-358111.2340,725.1708,177627.5855,34209279.5306,5192.3802,1999,0.061894,3.455493,9.104394,0.023882,-3.092834,1023411112,31687.50,32297,32297
628,-365388.3328,183955.3786,201146.8566,34202389.0842,5881.0762,1999,0.062369,3.497974,11.397077,0.024327,-3.108123,1015603369,31687.10,32051,32051
629,-387086.7846,122410.2558,200286.8981,35535223.3704,5636.2921,1999,0.063106,3.616073,11.813274,0.025131,-3.243295,1003785304,31688.14,31677,31677
63,-359915.5208,85532.6896,188534.7916,34181877.0070,5515.6360,1998,0.062410,3.451293,10.000304,0.024031,-3.097519,1014464730,31688.16,32014,32014
630,-346305.5511,309697.1050,211658.2968,32979321.7095,6417.9093,1999,0.062706,3.407538,10.989542,0.023740,-2.998027,1010124918,31686.22,31879,31879
631,-389815.5017,184795.4734,206879.4806,35405913.0520,5843.0771,1999,0.062759,3.650269,12.068477,0.025311,-3.229168,1009329081,31688.09,31852,31852
632,-331620.7956,43034.7044,173822.3856,32214342.9673,5395.8073,1999,0.062432,3.310525,8.928115,0.022966,-2.918556,1014556578,31686.08,32019,32019
633,-356757.7105,220050.4373,203343.4248,33607138.1389,6050.6022,1999,0.062686,3.464885,9.277341,0.024068,-3.059560,1010449542,31686.46,31889,31889
634,-345176.5799,110009.7007,188131.3440,33423424.5713,5628.7274,1999,0.062369,3.365287,10.351570,0.023467,-3.022872,1015606755,31687.21,32051,32051
635,-386300.1718,239613.0188,214757.4249,35487066.0403,6051.7098,1999,0.062406,3.644179,15.376860,0.025164,-3.235214,1015042174,31688.38,32032,32032
636,-376392.1225,236681.4303,211650.9258,34917719.2396,6061.4190,1999,0.062183,3.570422,15.103716,0.024820,-3.180049,1018652867,31687.34,32147,32147
637,-386303.3787,139226.0973,204133.3654,36042049.5503,5663.7557,1999,0.062245,3.609719,11.800696,0.024935,-3.265647,1017669528,31688.29,32115,32115
638,-357209.1373,106575.8920,192132.7030,34389763.5323,5586.9155,1999,0.062325,3.457192,10.200381,0.023834,-3.105476,1016350069,31687.66,32074,32074
639,-373063.6197,62320.3032,188464.2807,34885096.1528,5402.4297,1999,0.062319,3.526851,11.042431,0.024562,-3.160962,1016447138,31687.72,32077,32077
64,-386042.9199,176306.8934,209944.5811,36172309.5909,5804.0137,1998,0.062393,3.594773,10.151887,0.025023,-3.280035,1014770904,31688.81,32023,32023
640,-362596.6536,227801.4990,205996.9667,34037389.2389,6052.0789,1999,0.062375,3.509327,12.043383,0.024261,-3.092989,1015508026,31687.10,32048,32048
641,-355027.0150,186934.2805,199917.5379,33784184.0519,5917.4890,1999,0.062235,3.437421,11.110076,0.023923,-3.067686,1017772661,31686.57,32120,32120
642,-373383.5984,116285.7678,197011.8447,35199967.7233,5596.9325,1999,0.062506,3.534380,10.436951,0.024517,-3.184601,1013412627,31687.96,31981,31981
643,-367501.2678,171397.6834,201048.0518,34548158.1372,5819.3566,1999,0.062830,3.528499,10.642230,0.024421,-3.132840,1008153254,31686.99,31816,31816
644,-336249.4010,84067.5120,180770.1829,32666693.3664,5533.7766,1999,0.062299,3.327117,9.989891,0.023118,-2.950827,1016713619,31686.15,32087,32087
645,-354095.4687,264926.7739,211343.3489,34124794.3394,6193.2490,1999,0.062555,3.445341,10.174159,0.023862,-3.086360,1012590866,31687.03,31956,31956
646,-379801.5756,103148.8099,197209.1197,35417948.1698,5568.0560,1999,0.062655,3.584675,10.453840,0.024823,-3.222230,1011001638,31687.87,31905,31905
647,-387080.3301,165851.3164,204673.7293,35365658.2434,5787.3581,1999,0.062383,3.609504,12.142349,0.025189,-3.227690,1015410950,31688.02,32044,32044
648,-375765.5168,139436.2370,200372.9046,35119737.6978,5705.4214,1999,0.062522,3.540131,10.959604,0.024677,-3.194452,1013161148,31688.02,31973,31973
649,-367178.9427,98816.1940,193883.7036,35021220.0406,5536.1779,1999,0.062350,3.467633,10.083972,0.024269,-3.161094,1015928280,31687.35,32061,32061
65,-392692.2378,-122321.3548,170621.6670,35898262.7916,4752.9227,1999,0.062641,3.642783,9.731407,0.025115,-3.273295,1011231983,31688.14,31912,31912
650,-431580.0558,224698.4836,229438.2713,38907438.9893,5897.0284,1999,0.062557,3.835518,11.223513,0.026660,-3.545263,1012657845,31690.12,31955,31955
651,-352111.6597,207757.4269,201697.8985,33706795.6839,5983.8942,1999,0.061981,3.429446,11.757653,0.023829,-3.050305,1021936474,31685.99,32252,32252
652,-366972.8837,220518.1209,208687.1959,34728794.8757,6009.0538,1999,0.062512,3.526147,9.170414,0.024371,-3.150934,1013297509,31687.33,31978,31978
653,-364220.4286,139890.4546,195101.9871,34153762.4424,5712.4596,1999,0.062410,3.482775,9.896105,0.024306,-3.100324,1014927331,31686.77,32030,32030
654,-412378.7564,297559.8043,230577.1339,37292851.6104,6182.8775,1999,0.062496,3.760287,11.125932,0.026142,-3.397916,1013587529,31688.47,31986,31986
655,-416807.4693,187640.6824,217248.8133,37354486.8513,5815.8693,1999,0.062629,3.781934,12.034486,0.026254,-3.415855,1011451393,31689.06,31918,31918
656,-390163.0294,50238.3897,190069.0879,35375909.0423,5372.8397,1999,0.062325,3.636172,9.505251,0.025272,-3.234702,1016341162,31687.38,32074,32074
657,-354804.2756,120290.7526,190268.2693,33589034.9512,5664.5947,1999,0.062963,3.456686,12.703810,0.023898,-3.051262,1006050284,31687.62,31749,31749
658,-427248.0375,287737.6668,233196.8653,38183011.9070,6107.3460,1999,0.062247,3.833796,13.190158,0.026706,-3.478160,1017668504,31689.25,32114,32114
659,-396756.1099,315100.5989,228782.7572,36472940.8218,6272.6710,1999,0.061808,3.658186,12.416488,0.025562,-3.314383,1024862168,31688.27,32342,32342
66,-373738.5979,302556.5950,222244.4533,35360891.0280,6285.0354,1999,0.062582,3.546255,11.053003,0.024654,-3.205581,1012185809,31688.24,31942,31942
660,-417919.7941,259306.0917,228908.2996,37911104.0260,6038.0278,1999,0.062356,3.760006,12.393273,0.026266,-3.452439,1015906625,31689.64,32058,32058
661,-386053.2874,89958.3493,193923.0652,35249652.8200,5501.4177,1998,0.062212,3.614683,12.586717,0.025074,-3.210753,1017673051,31687.42,32116,32116
662,-383508.7976,330044.2185,228690.2921,35877316.5501,6374.2307,1999,0.062553,3.604502,11.260372,0.025141,-3.263208,1012662973,31688.30,31957,31957
663,-367145.9219,309555.4511,218126.6223,34394941.5401,6341.8227,1998,0.062323,3.524523,11.301230,0.024521,-3.124292,1015868306,31687.46,32059,32059
664,-366067.3445,120084.6094,192193.1834,34102075.1944,5635.8208,1999,0.062733,3.515270,11.181222,0.024329,-3.098032,1009691285,31686.53,31865,31865
665,-358109.1201,174439.2423,197957.2185,33645506.5654,5883.6153,1999,0.062907,3.478926,10.919189,0.024097,-3.067795,1006935497,31687.56,31777,31777
666,-383670.1917,247574.9721,218552.6559,36076634.4718,6058.0112,1999,0.061732,3.573172,12.547102,0.024953,-3.269039,1026128104,31688.23,32382,32382
667,-378386.3878,241998.7153,214527.4575,35435534.2662,6054.0207,1999,0.062282,3.580546,11.962660,0.024898,-3.213918,1017046714,31687.65,32096,32096
668,-364870.0936,163316.7357,198862.9942,34205447.2814,5813.7814,1999,0.062375,3.477512,11.612105,0.024310,-3.111982,1015517399,31687.39,32048,32048
669,-398682.4246,318520.0385,229306.8831,36450047.5016,6290.9900,1999,0.062741,3.684430,11.293997,0.025626,-3.318971,1009628448,31688.54,31861,31861
67,-376857.7815,37249.3784,186749.1515,35154189.3744,5312.2872,1999,0.062404,3.569705,11.006713,0.024664,-3.187965,1015073209,31688.36,32033,32033
670,-385388.4137,-64809.7905,173439.7865,35074410.4352,4944.9095,1999,0.062714,3.607081,11.654354,0.025011,-3.198386,1010031612,31687.27,31875,31875
671,-404580.3862,19243.3523,194272.7240,37062362.0467,5241.7793,1999,0.062179,3.696913,13.660574,0.025615,-3.373365,1018773249,31689.11,32149,32149
672,-374741.4736,206848.5177,208128.5326,35093296.9471,5930.7204,1999,0.062125,3.535921,13.549747,0.024664,-3.181227,1019615825,31687.72,32177,32177
673,-346585.1866,323219.3535,216561.6521,33731736.8823,6420.1157,1999,0.062117,3.401541,11.757181,0.023635,-3.042133,1019731488,31687.38,32181,32181
674,-338396.9664,288828.9206,207050.7454,32718977.8186,6328.1545,1999,0.062773,3.376258,10.062610,0.023316,-2.956731,1009044339,31686.12,31845,31845
675,-383832.7507,44175.9533,189788.7005,35410520.0556,5359.6700,1999,0.062996,3.605880,12.162199,0.024906,-3.230131,1005510163,31687.58,31732,31732
676,-378024.7204,124627.9139,200451.4110,35589374.5827,5632.3387,1998,0.061932,3.534021,10.276288,0.024663,-3.225644,1022299018,31688.39,32261,32261
677,-441537.0305,160644.8096,219913.4328,38810668.1323,5666.3140,1999,0.062812,3.902697,11.248344,0.027093,-3.544261,1008537851,31690.11,31825,31825
678,-346591.0230,36163.9364,178285.8338,33515316.1939,5319.5331,1999,0.062391,3.374577,11.190858,0.023488,-3.018950,1015233717,31686.45,32040,32040
679,-375501.8068,182708.7936,204762.3301,34888725.8016,5869.0114,1999,0.062563,3.568964,10.490504,0.024742,-3.178369,1012472434,31687.29,31952,31952
68,-393033.0358,-141203.5532,167864.0069,36002992.0623,4662.5016,1999,0.062231,3.621661,11.346440,0.025171,-3.268844,1017893851,31688.37,32122,32122
680,-366502.5857,327548.4865,222469.4329,34805515.1360,6391.7868,1999,0.062334,3.495640,9.583558,0.024424,-3.151495,1016194526,31687.75,32069,32069
681,-455932.2489,104397.5348,215897.2466,39377092.9870,5482.8132,1999,0.062391,4.003424,11.990708,0.027537,-3.613574,1015328732,31689.41,32040,32040
682,-393252.2157,274658.2807,222317.6818,36152264.7877,6149.4815,1999,0.062547,3.635422,11.624049,0.025385,-3.290173,1012765298,31688.53,31960,31960
683,-370986.6728,144261.8117,199058.0047,34761406.6372,5726.4082,1999,0.062276,3.527215,11.055374,0.024492,-3.159356,1017150282,31687.91,32099,32099
684,-418017.4926,126563.2064,208332.0660,37271868.4247,5589.5257,1998,0.062610,3.761238,13.543535,0.026286,-3.402483,1011239027,31688.36,31912,31912
685,-312660.3373,437254.8200,218970.4340,31232602.9720,7010.9569,1999,0.062379,3.208381,10.978869,0.022412,-2.813626,1015355485,31684.31,32046,32046
686,-339683.9265,29348.5386,174021.4551,32846561.4094,5298.0113,1999,0.062144,3.330340,11.079195,0.023210,-2.959789,1019257091,31686.42,32167,32167
687,-359430.0162,282597.1626,213015.3982,33996708.6470,6265.7653,1999,0.062428,3.481109,10.009827,0.024190,-3.087610,1014642762,31686.79,32021,32021
688,-318312.8775,331701.9284,206607.5916,31345345.0741,6591.3325,1999,0.062344,3.260471,9.666728,0.022642,-2.839578,1015955074,31685.23,32064,32064
689,-358504.1637,376232.6528,224115.9320,33780510.2489,6634.4744,1999,0.062261,3.504077,11.646749,0.024261,-3.073905,1017370371,31686.87,32107,32107
69,-413015.9336,146841.0836,210398.7179,37113009.0429,5669.1366,1999,0.062391,3.755560,13.170807,0.026011,-3.386038,1015329799,31689.44,32040,32040
690,-330616.7523,116508.3026,181774.8001,31945734.9621,5690.1117,1999,0.062923,3.308069,9.777055,0.023003,-2.897578,1006621065,31685.64,31769,31769
691,-320639.1529,75557.5154,175271.0503,31709306.4620,5527.4325,1999,0.062883,3.243692,11.784392,0.022510,-2.861936,1007269022,31686.09,31789,31789
692,-354000.6630,165269.3215,196680.8648,33789784.3247,5820.7197,1999,0.062990,3.470457,11.074710,0.023910,-3.059418,1005574132,31686.60,31735,31735
693,-367342.0431,309316.0771,217454.1703,34245667.8701,6349.8300,1999,0.062393,3.542685,11.003138,0.024509,-3.115707,1015197637,31686.31,32039,32039
694,-361427.5404,87090.4663,185483.2944,33500885.3800,5536.6684,1999,0.063038,3.489455,13.166393,0.024302,-3.055166,1004811390,31686.52,31711,31711
695,-380661.6627,249191.6539,215305.0033,35310113.1898,6097.5450,1999,0.062529,3.582278,11.338361,0.024996,-3.216098,1013037787,31688.13,31969,31969
696,-390183.5177,211775.8236,213076.8575,35875826.2302,5939.2878,1999,0.062810,3.635492,11.339494,0.025233,-3.268291,1008523687,31688.67,31826,31826
697,-347136.2178,238860.4893,204035.9837,33330064.2144,6121.6799,1999,0.062745,3.415381,10.869259,0.023666,-3.018953,1009523811,31687.24,31859,31859
698,-388395.7803,236982.0429,215268.6703,35768338.6583,6018.4140,1999,0.062319,3.618352,11.673836,0.025290,-3.250919,1016453593,31687.93,32077,32077
699,-403041.0315,280640.4798,222157.3203,36013401.9794,6168.7402,1999,0.062527,3.722603,13.391549,0.025867,-3.294830,1013029696,31686.88,31970,31970
70,-347827.8563,240448.9197,204437.6070,33393489.5027,6122.0798,1999,0.062023,3.416042,11.061072,0.023749,-3.023068,1021277746,31687.18,32230,32230
700,-391036.4365,256344.4513,217005.1593,35541774.3111,6105.6366,1999,0.062720,3.641127,11.978197,0.025473,-3.245228,1009936741,31687.27,31872,31872
701,-415197.2360,57094.1962,200597.7444,37598070.1589,5335.3202,1999,0.062592,3.750771,14.866633,0.025993,-3.412773,1012038853,31688.60,31937,31937
702,-380842.8993,234870.3709,215189.7505,35786581.1535,6013.1408,1999,0.062119,3.570247,12.618048,0.024824,-3.240013,1019717180,31687.92,32180,32180
703,-402186.5360,195320.4165,218271.9606,37556333.4838,5811.8549,1999,0.062115,3.660937,10.454107,0.025541,-3.390563,1019830009,31689.45,32182,32182
704,-390996.2220,320452.0903,228146.1979,36171216.9276,6307.3962,1999,0.062284,3.638943,12.580466,0.025318,-3.285634,1017041352,31688.47,32095,32095
705,-376486.2096,167306.5577,203377.1565,35068075.3045,5799.4958,1999,0.062674,3.584207,11.414555,0.024741,-3.188095,1010679632,31687.71,31895,31895
706,-365463.7726,88690.7491,190703.6785,34602318.5835,5511.2977,1997,0.061890,3.499394,10.732895,0.024197,-3.131798,1022444976,31687.02,32267,32267
707,-454904.3194,89745.3918,215180.1358,39691925.3756,5421.2572,1999,0.062661,3.969977,15.414034,0.027462,-3.627842,1010987243,31690.40,31902,31902
708,-412171.3154,116344.1879,209341.4853,37705391.0434,5552.0306,1999,0.062428,3.733635,11.745751,0.025893,-3.424168,1014720626,31689.22,32021,32021
709,-322667.6186,134536.8819,183218.8896,31830852.5030,5756.0158,1999,0.062706,3.253244,10.613890,0.022672,-2.871755,1010142730,31686.78,31879,31879
71,-387616.0765,174161.4163,208439.0691,35895873.0751,5806.7697,1998,0.062247,3.612706,12.137240,0.025086,-3.265861,1017133582,31688.38,32098,32098
710,-355679.2725,142203.7741,191175.6216,33241630.6581,5751.0904,1999,0.062290,3.447598,12.434805,0.024060,-3.026775,1016847859,31685.40,32092,32092
711,-347041.3193,67296.4225,181390.2342,33155803.4855,5470.8442,1999,0.062404,3.402498,10.355903,0.023588,-3.008105,1015008364,31686.33,32033,32033
712,-344731.9962,-43962.1115,167709.5951,33299665.1572,5036.3748,1998,0.062578,3.379119,10.872595,0.023340,-3.010323,1011668268,31685.93,31928,31928
713,-422210.1487,212681.8698,222704.1994,37907390.3054,5874.9547,1999,0.062206,3.795104,10.450056,0.026396,-3.456610,1018318335,31688.76,32135,32135
714,-365523.1413,89095.7729,190261.1597,34399128.2612,5530.9878,1999,0.062659,3.514008,15.406394,0.024323,-3.125352,1010936587,31687.82,31903,31903
715,-346685.1263,202144.0661,199749.4436,33425914.7772,5975.8856,1999,0.062449,3.395133,11.597166,0.023582,-3.023636,1014300783,31687.00,32010,32010
716,-422469.5231,345760.4318,238034.6220,37571025.4068,6335.5902,1999,0.062424,3.815312,11.003467,0.026590,-3.433330,1014748713,31688.12,32023,32023
717,-346145.8044,335556.9184,215670.2596,33239877.7515,6488.2988,1999,0.061896,3.398943,10.146941,0.023682,-3.007224,1023325732,31685.84,32296,32296
718,-330001.2472,253971.7540,200583.8609,32249455.5359,6219.7596,1999,0.062325,3.302296,9.915228,0.023036,-2.914290,1016264300,31684.99,32074,32074
719,-383556.7113,299183.9038,219478.4388,34910097.5152,6286.9615,1999,0.062426,3.614076,12.800205,0.025203,-3.190207,1014700929,31687.62,32022,32022
72,-376391.9710,138519.8490,199378.8646,35070542.1819,5685.0808,1998,0.062321,3.552934,11.172782,0.024757,-3.183588,1015927312,31688.31,32060,32060
720,-385956.7197,303269.7293,223695.3730,35773884.3567,6253.0356,1999,0.062307,3.628823,11.783598,0.025195,-3.245819,1016650748,31688.14,32083,32083
721,-370098.7232,259431.6767,214216.6567,34893362.7771,6139.1806,1999,0.062913,3.522400,11.516547,0.024525,-3.164088,1006853067,31687.95,31774,31774
722,-348691.8650,151136.7885,193321.5224,33383610.6806,5790.9111,1999,0.062294,3.421392,10.236038,0.023688,-3.028286,1016795982,31685.76,32090,32090
723,-338955.3557,243103.4987,200061.8919,32392197.7955,6176.2370,1998,0.062443,3.376467,10.386655,0.023421,-2.941829,1013847609,31685.71,31997,31997
724,-370983.1379,263192.4540,215073.8045,35112060.2803,6125.3542,1999,0.062364,3.507945,14.091000,0.024543,-3.170796,1015731577,31688.14,32054,32054
725,-436887.3926,342794.8761,242438.3284,38674622.0704,6268.6670,1999,0.062303,3.894044,14.338203,0.027054,-3.525291,1016749784,31689.26,32085,32085
726,-407847.2837,83123.4965,201483.0722,36908872.7581,5458.9332,1999,0.062420,3.722845,12.834649,0.025854,-3.366148,1014828467,31688.63,32025,32025
727,-354238.3981,206974.9752,204992.6193,34412854.7151,5956.8618,1999,0.062434,3.412140,9.776854,0.023806,-3.101106,1014586172,31687.99,32018,32018
728,-355545.3223,-22149.4282,172956.9787,33780709.5706,5119.9925,1997,0.062412,3.411512,10.196794,0.023806,-3.063705,1013879272,31686.70,31997,31997
729,-407367.0527,258687.1603,224479.2090,37070915.4005,6055.3997,1999,0.062121,3.721552,12.542613,0.025912,-3.373501,1019706580,31688.57,32179,32179
73,-346375.7366,-3633.3481,169888.4510,32680391.7484,5198.4827,1999,0.062486,3.393434,11.884300,0.023609,-2.972454,1013673025,31686.19,31991,31991
730,-373648.8566,169948.7062,204643.8093,35290383.9082,5798.8547,1999,0.062787,3.533692,10.538864,0.024572,-3.196255,1008887010,31688.14,31838,31838
731,-421112.1310,160340.1702,216717.3596,38034498.7886,5697.9155,1999,0.062100,3.814462,12.704213,0.026309,-3.464265,1020078115,31689.29,32190,32190
732,-378725.2200,86581.6235,194818.3988,35433501.8676,5498.1413,1999,0.062816,3.563060,11.729969,0.024708,-3.216206,1008418761,31688.36,31823,31823
733,-397202.4745,303065.7983,226603.2059,36325232.0785,6238.1764,1999,0.062549,3.673386,12.916527,0.025630,-3.306470,1012694529,31687.30,31959,31959
734,-334289.1384,179774.2955,193170.3362,32687135.0258,5909.6747,1998,0.062569,3.317534,11.688087,0.023081,-2.950200,1011803568,31685.20,31933,31933
735,-336493.1207,241383.4940,203468.8152,33260249.0892,6117.4772,1999,0.062432,3.335977,11.709591,0.023086,-2.987709,1014577986,31686.75,32019,32019
736,-410918.4572,202085.1973,216888.8490,36966790.7849,5867.1268,1999,0.062424,3.740716,12.375454,0.026106,-3.374981,1014777559,31689.02,32023,32023
737,-447430.5117,342950.5018,246093.5703,39295336.3173,6262.6661,1999,0.062465,3.911120,12.258933,0.027327,-3.594121,1014130850,31689.61,32002,32002
738,-343579.7884,156164.2743,192054.8251,33105231.1186,5801.3437,1998,0.062414,3.365975,10.860272,0.023457,-2.992943,1014360209,31686.87,32012,32012
739,-368015.4471,113300.0901,192762.2851,34292935.2101,5621.0495,1999,0.062512,3.531150,15.250284,0.024461,-3.121433,1013285732,31686.96,31978,31978
74,-365761.2147,64203.2975,186058.0382,34188550.6208,5442.1154,1999,0.062438,3.504698,10.693969,0.024356,-3.111266,1014501458,31687.33,32016,32016
740,-350880.7216,101692.3212,187665.2181,33565756.6168,5590.9724,1999,0.062290,3.422896,10.585922,0.023651,-3.041173,1016902864,31687.11,32092,32092
741,-382318.4346,164284.1189,203920.2210,35312309.2626,5774.7631,1999,0.062222,3.585988,11.761864,0.024935,-3.211394,1018049430,31688.28,32127,32127
742,-337935.6677,-1858.7421,171119.9339,32808437.4837,5215.7295,1999,0.062309,3.351092,9.021202,0.023159,-2.971373,1016581551,31686.98,32082,32082
743,-303965.4379,479459.9610,223506.6529,31003752.2963,7209.0194,1998,0.062525,3.135610,9.842303,0.022064,-2.786180,1012517754,31685.74,31955,31955
744,-397338.8974,192354.4075,212028.6059,36219515.2312,5853.9880,1999,0.061898,3.656954,10.040993,0.025573,-3.300682,1023374702,31688.33,32295,32295
745,-352572.9701,93996.9487,188635.4180,34021270.9289,5544.6317,1999,0.062567,3.403086,9.573887,0.023691,-3.071243,1012419477,31687.62,31950,31950
746,-429609.4834,298697.7560,237076.5652,38601826.0997,6141.5894,1999,0.062486,3.834872,12.246212,0.026742,-3.516511,1013778274,31689.48,31991,31991
747,-370856.8118,127700.8171,194489.2200,34280669.1089,5673.4371,1999,0.062706,3.554141,12.216659,0.024589,-3.124983,1010169885,31687.63,31879,31879
748,-358021.6051,192197.9611,203840.4405,34519075.8908,5905.1535,1999,0.062512,3.426918,10.565951,0.023953,-3.117888,1013306139,31687.60,31978,31978
749,-370665.8812,186329.6895,204572.5297,34807277.5649,5877.2919,1999,0.063296,3.537788,10.601094,0.024546,-3.160982,1000776686,31688.20,31582,31582
75,-344472.3062,77794.8161,182783.9341,33176879.8964,5509.3769,1999,0.061998,3.371785,12.941479,0.023434,-3.004169,1021673049,31686.66,32243,32243
750,-398729.2218,261236.6944,222042.1118,36496885.7034,6083.8646,1999,0.062282,3.669548,11.197985,0.025610,-3.319923,1017056039,31687.94,32096,32096
751,-396908.3757,18330.8037,191343.7506,36588295.0785,5229.6438,1999,0.062996,3.646879,12.531093,0.025313,-3.320501,1005563912,31689.27,31732,31732
752,-439165.1080,108687.4925,212399.6433,38627044.4144,5498.7288,1999,0.062158,3.865311,15.522544,0.026982,-3.527857,1019129624,31689.35,32160,32160
753,-332163.4682,114386.6850,181982.8492,31995934.2570,5687.6867,1999,0.062295,3.326540,10.046283,0.022994,-2.906716,1016716984,31684.28,32089,32089
754,-413406.5445,94193.7368,201318.7483,36768426.1872,5475.3159,1999,0.062506,3.751578,14.751730,0.026122,-3.353920,1013430628,31688.52,31981,31981
755,-391203.7569,202628.5279,211869.3284,35965484.0224,5890.9072,1998,0.062635,3.663155,12.804141,0.025326,-3.269608,1010822623,31688.22,31899,31899
756,-395392.8832,136701.7858,205142.5726,36247971.2033,5659.4222,1999,0.062463,3.657909,12.255256,0.025334,-3.300078,1014132331,31688.66,32003,32003
757,-384962.4379,231025.1752,214678.2148,35711088.1546,6011.5282,1999,0.062350,3.581120,9.935033,0.025068,-3.247109,1015959631,31688.33,32061,32061
758,-348923.2625,290533.3352,209482.6419,33142074.8339,6320.7461,1999,0.062395,3.431185,12.478861,0.023818,-3.005974,1015159648,31686.11,32038,32038
759,-392192.8879,308465.2222,225501.2883,35947082.0791,6273.1458,1999,0.062264,3.650806,11.680913,0.025432,-3.272752,1017342642,31687.98,32105,32105
76,-418298.0706,249010.7799,224587.8374,37335889.5390,6015.3338,1999,0.061954,3.782425,12.402213,0.026384,-3.411585,1022439425,31687.83,32266,32266
760,-376767.5039,214877.6875,209496.1056,35161736.8187,5958.0705,1999,0.062453,3.568667,11.426194,0.024753,-3.189425,1014272963,31688.11,32008,32008
761,-341526.2010,171983.4822,194073.7695,33050215.4101,5872.0879,1999,0.062551,3.365808,10.634809,0.023402,-2.989187,1012657597,31687.14,31958,31958
762,-315418.9544,90100.6652,177795.8289,31960281.1169,5563.0246,1999,0.062315,3.208887,10.832247,0.022182,-2.862075,1016482756,31686.86,32079,32079
763,-399302.7609,142689.8508,206485.4475,36436365.0699,5667.0156,1999,0.062712,3.661608,12.619492,0.025548,-3.315159,1010098255,31688.36,31876,31876
764,-353002.1378,100845.7757,188211.6812,33775827.7200,5572.3781,1998,0.062216,3.427180,10.358031,0.023828,-3.053857,1017599280,31687.09,32114,32114
765,-391270.2279,52018.4337,192771.7615,35961509.1138,5360.5026,1999,0.062255,3.624109,11.743561,0.025235,-3.270979,1017510235,31688.27,32110,32110
766,-377669.8723,60953.1090,190498.6065,35231400.5651,5407.0688,1999,0.062522,3.531777,13.859835,0.024663,-3.199576,1013177130,31688.52,31973,31973
767,-334227.6620,14496.0131,169074.0870,32071871.2214,5271.7251,1999,0.062286,3.323691,11.911799,0.023116,-2.907716,1016915218,31685.52,32094,32094
768,-390371.6551,19394.2483,187356.3858,35659038.1448,5254.1065,1999,0.062578,3.621456,12.496875,0.025123,-3.251750,1012219178,31687.30,31944,31944
769,-382315.4705,203481.6076,209686.0316,35400445.4497,5923.2597,1999,0.062722,3.607683,10.705775,0.024978,-3.222032,1009922735,31687.83,31871,31871
77,-376767.7114,73902.7988,190597.0433,34884399.0491,5463.6757,1999,0.062148,3.557845,9.447733,0.024684,-3.176321,1019224841,31687.39,32165,32165
770,-327048.4504,35769.9178,168744.6073,31432552.3108,5368.4666,1997,0.062677,3.284825,10.392911,0.022849,-2.852995,1009573723,31685.82,31862,31862
771,-391080.0054,173025.3611,207301.3821,35730065.0488,5801.8753,1999,0.062927,3.637042,13.039029,0.025295,-3.258349,1006637162,31688.14,31767,31767
772,-396001.7999,239170.4290,218954.5324,36472470.7101,6003.2822,1999,0.062525,3.642602,12.953015,0.025461,-3.311410,1013090811,31687.80,31971,31971
773,-392866.0976,128280.6262,201803.6398,35784047.9374,5639.4861,1999,0.062655,3.658846,10.850412,0.025353,-3.264366,1010981649,31687.25,31905,31905
774,-364053.1223,61887.6584,185625.4122,34119227.3483,5440.4928,1999,0.062391,3.479128,9.672282,0.024262,-3.106246,1015225777,31686.20,32040,32040
775,-404563.5357,307203.0400,229358.1820,36685577.9904,6251.9986,1999,0.062061,3.708077,11.958925,0.025844,-3.349969,1020654360,31687.50,32210,32210
776,-372679.9098,-69022.0163,171887.2337,34811895.5883,4937.6005,1999,0.063044,3.512523,11.271339,0.024437,-3.161567,1004773974,31688.34,31708,31708
777,-370133.9698,249093.2428,213792.5527,35071613.5762,6095.8858,1999,0.062860,3.516512,11.319760,0.024513,-3.176687,1007720406,31688.32,31801,31801
778,-381190.5860,238157.4606,213325.1733,35257890.2474,6050.4237,1999,0.062561,3.588950,11.498290,0.024972,-3.208994,1012527478,31688.03,31953,31953
779,-347383.9817,142602.8940,191972.1595,33410539.5627,5745.8563,1998,0.062498,3.398989,12.093767,0.023642,-3.022540,1012968741,31685.97,31969,31969
78,-363969.8270,-228261.4367,147731.3572,34017633.1429,4342.7877,1999,0.062457,3.479529,14.401378,0.023972,-3.090487,1014193278,31687.60,32006,32006
780,-422523.3236,235682.8210,226221.6602,38001087.1235,5953.0313,1999,0.062492,3.818756,11.655155,0.026464,-3.465267,1013678606,31689.34,31988,31988
781,-418572.7219,221782.9733,221767.1199,37480876.0016,5916.8073,1999,0.062625,3.771781,11.203191,0.026269,-3.420792,1011500409,31688.61,31920,31920
782,-376184.5078,177496.1179,204695.1300,35154674.2043,5822.7002,1999,0.062724,3.534373,11.786907,0.024734,-3.188029,1009891509,31687.84,31870,31870
783,-409752.6171,270638.4177,224908.2777,36822113.9948,6107.9676,1999,0.062508,3.741222,11.894848,0.026122,-3.362418,1013396624,31688.45,31980,31980
784,-340270.0570,263092.9267,204569.0133,32851124.5924,6227.1540,1999,0.062561,3.387999,11.208811,0.023479,-2.971504,1012475081,31686.39,31953,31953
785,-388436.2001,320397.2347,225628.1608,35625586.4635,6333.3178,1999,0.062434,3.637386,12.594280,0.025375,-3.246688,1014583532,31687.91,32018,32018
786,-395119.3857,46000.7903,194156.1601,36484194.5293,5321.6513,1999,0.062329,3.648114,11.050073,0.025318,-3.307879,1016305790,31688.26,32072,32072
787,-371559.3102,278520.2287,216017.8410,34679889.5900,6228.9080,1999,0.062567,3.549658,10.608444,0.024679,-3.157762,1012415826,31687.51,31950,31950
788,-343025.2916,192163.9723,194657.7228,32514178.9983,5986.8565,1999,0.062625,3.402649,9.360279,0.023580,-2.964187,1011372352,31684.60,31920,31920
789,-312723.9395,240512.4210,195360.0784,31552966.1226,6191.4965,1997,0.062249,3.195950,9.587810,0.022202,-2.835099,1016541548,31686.72,32081,32081
79,-381095.4146,346113.9221,227463.5853,35390071.2006,6427.3277,1999,0.062608,3.603366,11.818465,0.025016,-3.213445,1011768835,31688.08,31929,31929
790,-348384.8736,172652.1848,197202.5109,33677697.6631,5855.5817,1999,0.062680,3.406904,11.421758,0.023596,-3.043493,1010566595,31687.15,31892,31892
791,-381003.9848,273555.1764,220013.9777,35827271.6059,6140.9638,1999,0.062663,3.560042,12.132643,0.024931,-3.238656,1010891817,31688.41,31901,31901
792,-374647.4060,227399.9992,210755.8539,34940472.3584,6031.8547,1999,0.062680,3.546572,10.951398,0.024694,-3.180923,1010599584,31688.18,31892,31892
793,-373780.9297,102888.3456,193880.8599,34817195.5801,5568.5375,1999,0.062678,3.545566,10.127774,0.024572,-3.165727,1010603902,31687.33,31893,31893
794,-378153.1437,2237.4870,180425.7879,34663982.8815,5204.9930,1999,0.062389,3.556297,13.126804,0.024786,-3.164322,1015239628,31685.64,32041,32041
795,-401183.7480,208322.8946,215606.9920,36589585.5315,5892.5781,1998,0.062436,3.663814,12.458941,0.025669,-3.328918,1014081572,31689.06,32001,32001
796,-357481.8166,-43530.5075,170612.3383,33922997.0122,5029.4005,1999,0.062729,3.443708,10.104870,0.023874,-3.072223,1009793690,31687.76,31867,31867
797,-405463.3604,90336.1394,202423.6379,36922518.5614,5482.3898,1998,0.062641,3.706312,12.296634,0.025769,-3.362398,1010759444,31689.22,31896,31896
798,-378291.8395,134162.9853,200036.4356,35351474.2382,5658.5034,1999,0.062604,3.559603,11.261040,0.024686,-3.203649,1011829564,31688.00,31931,31931
799,-371578.8267,-53498.6082,174116.2543,34844148.1219,4997.0013,1999,0.062358,3.515756,10.537908,0.024376,-3.163560,1015819134,31687.90,32057,32057
80,-398075.8595,76712.8389,195678.3847,35839522.1129,5459.8492,1999,0.062438,3.680608,11.725546,0.025559,-3.279643,1014512249,31687.66,32016,32016
800,-374095.1649,216878.0549,206746.3971,34548821.6031,5984.1809,1999,0.062655,3.566869,11.982662,0.024729,-3.143079,1010979644,31687.19,31905,31905
801,-408274.9129,335073.4077,234067.1537,37100824.9875,6308.9474,1999,0.062655,3.739306,14.731517,0.026027,-3.372487,1011019016,31688.42,31905,31905
802,-336502.1478,220297.0735,199817.2719,32979762.2856,6058.7845,1999,0.062381,3.328028,11.498242,0.023210,-2.974771,1015389850,31686.37,32045,32045
803,-425106.7401,179417.3526,220120.2133,38272236.0199,5751.4333,1999,0.062253,3.799810,11.109987,0.026421,-3.484909,1017578739,31689.41,32111,32111
804,-363491.0405,85244.2095,188868.6991,34309345.9427,5504.8761,1999,0.062389,3.495754,11.442698,0.024209,-3.109210,1015301027,31687.56,32041,32041
805,-326120.2988,97992.9444,178726.8865,31826758.9079,5615.6169,1998,0.062363,3.288492,11.688557,0.022816,-2.880014,1015137585,31685.42,32038,32038
806,-323114.6298,180504.8775,190987.7034,32266764.8448,5919.0224,1999,0.062085,3.258806,9.545912,0.022571,-2.899011,1020233024,31686.22,32198,32198
807,-432120.4691,36971.0936,200781.5493,37982637.1985,5286.1403,1999,0.062290,3.851522,12.051244,0.026697,-3.480844,1016963385,31689.00,32092,32092
808,-374792.0987,285149.6390,219648.8115,35400726.0488,6204.6414,1999,0.062436,3.544910,13.500130,0.024730,-3.202048,1014554283,31687.99,32017,32017
809,-395095.0133,266809.0592,221361.2416,36189038.1166,6116.8037,1999,0.062371,3.664883,12.642512,0.025513,-3.294320,1015597189,31687.90,32050,32050
81,-417976.8158,103624.7783,204836.0938,37290385.2839,5493.0002,1999,0.062131,3.795889,12.402096,0.026235,-3.394318,1019552817,31688.72,32174,32174
810,-347561.5949,-2258.8821,173801.4555,33468252.2407,5193.0246,1999,0.062264,3.373864,11.136918,0.023503,-3.026241,1017328510,31687.54,32105,32105
811,-401256.0599,199970.6833,217281.0596,37135220.9243,5851.0776,1998,0.062690,3.681557,12.718377,0.025546,-3.366883,1009967773,31689.24,31871,31871
812,-379296.2248,160596.0858,203993.8791,35295164.4857,5779.6551,1998,0.062555,3.566528,10.593221,0.024801,-3.213525,1012116087,31688.04,31940,31940
813,-350882.8897,58473.9557,184011.3947,33983371.9299,5414.7480,1998,0.062007,3.402636,9.095603,0.023606,-3.066720,1021042058,31687.73,32222,32222
814,-402580.5086,210687.7507,217718.0660,36932644.1139,5895.0035,1999,0.062098,3.692335,13.234933,0.025695,-3.356249,1020092490,31688.75,32191,32191
815,-401203.5064,245189.0932,220782.9263,36654228.0746,6023.3959,1999,0.062582,3.712173,13.254854,0.025731,-3.335381,1012169349,31687.73,31942,31942
816,-386887.2867,130923.1604,201791.1747,35776636.7064,5640.3059,1999,0.062755,3.610608,15.657298,0.025120,-3.248992,1009397890,31688.26,31854,31854
817,-344876.3183,290984.1633,212750.3286,33754164.6267,6302.9357,1999,0.062504,3.354582,10.065031,0.023498,-3.043432,1013391523,31686.31,31982,31982
818,-383649.1424,267480.2568,219463.3254,35754204.8227,6138.1123,1999,0.062518,3.596665,11.204039,0.025032,-3.246505,1013232799,31688.28,31975,31975
819,-352858.0380,101398.7326,186404.7576,33277466.2999,5601.5310,1999,0.062669,3.470025,11.087301,0.023883,-3.027596,1010722874,31686.09,31898,31898
82,-389581.7642,221078.3404,215657.6868,36178387.4195,5960.9535,1999,0.062704,3.612049,10.187407,0.025149,-3.286287,1010240024,31688.83,31880,31880
820,-381255.7591,404409.5335,236356.1611,35618958.4622,6635.6842,1999,0.062251,3.598163,11.760811,0.024979,-3.233403,1017565863,31688.03,32112,32112
821,-327253.4904,74332.1328,177892.5308,32291944.9227,5508.8825,1999,0.062533,3.286454,9.733792,0.022771,-2.912115,1012933874,31686.86,31967,31967
822,-397001.3478,387076.9007,239424.9906,36774776.4607,6510.5764,1999,0.062323,3.697266,11.164761,0.025556,-3.334421,1016413443,31688.65,32075,32075
823,-361525.9878,420258.6658,235004.1191,35048355.3427,6705.1397,1999,0.062722,3.484193,10.092441,0.024229,-3.151838,1009945295,31688.53,31871,31871
824,-382703.6009,245415.1998,212506.2656,34955417.4256,6079.3514,1999,0.062641,3.613443,16.161292,0.025133,-3.187728,1011209272,31687.43,31912,31912
825,-385666.5732,104131.3747,197229.5848,35505035.9657,5554.9749,1999,0.062251,3.599478,10.647806,0.025038,-3.230931,1017538556,31687.17,32112,32112
826,-364465.5513,255139.1200,208888.8244,34015750.5184,6140.9442,1999,0.062263,3.501456,11.867152,0.024415,-3.088170,1017308268,31685.92,32106,32106
827,-372903.3786,258440.1810,213510.3467,34683812.0005,6155.9077,1999,0.062771,3.555165,10.606619,0.024698,-3.161175,1009120496,31687.51,31846,31846
828,-361859.1631,236761.0158,208901.7716,34475941.9401,6059.3492,1999,0.062498,3.484966,12.236313,0.024250,-3.116176,1013530650,31687.69,31985,31985
829,-377421.4756,144251.2497,200309.0358,35111804.6232,5704.8915,1999,0.062686,3.553167,12.582840,0.024764,-3.188189,1010492589,31687.81,31889,31889
83,-439588.0191,301527.7354,236868.8820,38445494.2044,6161.1611,1999,0.062649,3.912371,12.967219,0.027147,-3.526156,1011133748,31689.04,31908,31908
830,-389445.3982,292166.3379,223529.8472,35881416.5671,6229.6829,1998,0.062196,3.645217,11.699594,0.025350,-3.269544,1017938405,31687.78,32124,32124
831,-373896.0795,65489.2137,188894.8135,34759425.0386,5434.3480,1999,0.062590,3.539260,11.459682,0.024618,-3.162726,1012053335,31688.06,31938,31938
832,-321386.7698,129436.3034,181208.3366,31455970.7968,5760.6976,1999,0.062800,3.254416,9.351235,0.022674,-2.850572,1008578638,31685.42,31831,31831
833,-369251.4987,195359.7038,207725.5697,35291582.2311,5885.9806,1999,0.062189,3.517551,10.346968,0.024373,-3.185933,1018584416,31688.17,32144,32144
834,-389470.6505,178497.5204,209330.1317,36078653.8301,5802.0494,1999,0.062549,3.619863,12.510066,0.025214,-3.273998,1012739473,31688.71,31959,31959
835,-387546.8281,137443.2076,202697.8383,35809960.4340,5660.3759,1999,0.062166,3.591035,12.600423,0.025069,-3.251119,1018956250,31687.90,32156,32156
836,-343276.5542,176838.1203,192349.5350,32512185.6905,5916.2290,1999,0.062228,3.394265,10.435146,0.023631,-2.960067,1017851465,31685.08,32124,32124
837,-387314.1998,159537.9581,204828.0022,35604151.1738,5752.9247,1999,0.062286,3.639408,11.347369,0.025136,-3.241262,1017006821,31688.38,32094,32094
838,-387882.5866,137400.1323,202795.7951,35785376.9737,5667.0018,1999,0.062961,3.618968,11.848780,0.025111,-3.253258,1006083245,31687.66,31750,31750
839,-370296.4001,57392.4591,191189.9531,35453074.6325,5392.7609,1998,0.062420,3.491362,10.348074,0.024318,-3.202945,1014313253,31688.38,32009,32009
84,-354622.0446,176580.8599,198900.9151,33861551.8886,5873.9456,1999,0.062486,3.419111,9.172219,0.023972,-3.071332,1013725303,31687.83,31991,31991
840,-371055.5257,90606.4821,192313.3946,34802516.4928,5525.8474,1999,0.062561,3.515494,13.476748,0.024414,-3.160546,1012495264,31687.02,31953,31953
841,-331611.6571,-20933.2711,166099.0083,32372786.8714,5130.8220,1999,0.062998,3.312265,10.086675,0.022838,-2.924127,1005431563,31686.10,31731,31731
842,-391866.6792,192096.4002,212835.4974,36384350.2234,5849.6440,1999,0.062533,3.622303,10.890528,0.025238,-3.302700,1012995357,31688.78,31967,31967
843,-383136.4617,106373.5872,198530.0389,35778093.6978,5548.9272,1999,0.062502,3.600662,11.000725,0.024900,-3.240483,1013458534,31687.41,31983,31983
844,-405885.2131,150270.4400,209660.8558,36852887.8563,5689.1296,1998,0.062363,3.712003,13.507291,0.025825,-3.357643,1015228052,31688.25,32038,32038
845,-349183.8570,159172.2118,194458.7232,33422572.2637,5818.1854,1999,0.062957,3.406157,11.913688,0.023712,-3.030901,1006127134,31687.05,31752,31752
846,-365540.5730,362734.9151,225825.3671,34517098.2480,6542.4204,1999,0.062749,3.498077,11.724441,0.024442,-3.133886,1009490839,31688.20,31857,31857
847,-377668.6769,200732.4028,209266.0451,35394074.2253,5912.4599,1998,0.062457,3.574464,10.862218,0.024816,-3.212888,1013702689,31688.11,31990,31990
848,-386454.9327,184216.9224,208200.1671,35606349.1227,5847.2765,1999,0.062023,3.598884,14.383060,0.025136,-3.242735,1021306437,31688.07,32230,32230
849,-375389.5680,188220.1406,204309.5919,34736833.9323,5881.6411,1999,0.062422,3.572906,12.008933,0.024756,-3.162140,1014734840,31686.70,32024,32024
85,-381200.7675,109712.8966,199506.7237,35883830.4778,5559.7945,1999,0.061979,3.589959,10.652969,0.024790,-3.244824,1022067804,31689.08,32253,32253
850,-360339.9665,47420.5144,181021.4857,33619302.8570,5384.4509,1999,0.062522,3.496723,11.013791,0.024108,-3.061283,1013105247,31686.27,31973,31973
851,-382319.8485,241507.5588,217981.0771,36202211.9597,6021.2088,1999,0.062594,3.566207,11.004665,0.024853,-3.269390,1012001871,31688.44,31936,31936
852,-387296.6049,191181.1582,209577.2123,35828832.0701,5849.4012,1999,0.062461,3.626845,11.114354,0.025122,-3.250970,1014157141,31688.45,32004,32004
853,-362849.2315,254473.7017,208959.2702,33949653.8264,6154.9750,1999,0.062183,3.483825,10.427409,0.024332,-3.087482,1018639308,31686.92,32147,32147
854,-377220.0441,196703.0070,211227.4106,36036766.5743,5861.4418,1999,0.062321,3.529446,11.158326,0.024616,-3.246431,1016434590,31688.32,32076,32076
855,-318708.6596,50985.8793,171069.3916,31644888.4519,5405.9091,1999,0.062700,3.232660,11.548648,0.022416,-2.843638,1010208078,31685.84,31882,31882
856,-408986.7685,390532.2851,241797.5733,37206492.2129,6498.8006,1999,0.062150,3.753118,11.692285,0.026078,-3.382649,1019199178,31687.58,32164,32164
857,-363983.5691,166326.5343,197958.1488,34026135.4960,5817.8264,1999,0.062722,3.499542,13.814320,0.024340,-3.092911,1009903594,31687.23,31871,31871
858,-402201.1449,-27580.8847,184978.9654,36554477.7418,5060.3641,1999,0.061801,3.681791,12.010515,0.025533,-3.322890,1024993887,31688.43,32346,32346
859,-342806.2246,211101.0707,198947.3290,33033378.4252,6022.6153,1999,0.062810,3.386438,10.574301,0.023510,-2.989980,1008440751,31686.07,31826,31826
86,-390871.5761,191521.7152,209713.5631,35726688.3888,5869.9413,1999,0.062268,3.636993,11.216950,0.025331,-3.258419,1017275136,31687.85,32103,32103
860,-366904.7090,205002.8442,203816.7894,34160451.3358,5966.4548,1999,0.062645,3.511438,11.018576,0.024477,-3.110762,1011120556,31686.64,31910,31910
861,-364094.4302,84263.0068,188918.6573,34344409.1696,5500.7107,1999,0.062315,3.490615,12.654289,0.024254,-3.112766,1016519533,31688.01,32079,32079
862,-421005.3041,289187.8512,232496.5114,38007693.2604,6117.0908,1999,0.062657,3.830109,13.152824,0.026413,-3.454568,1011013499,31689.24,31904,31904
863,-361424.8898,108375.5525,187270.6292,33373422.8070,5611.3702,1999,0.062733,3.477624,10.992457,0.024295,-3.042277,1009679023,31686.15,31865,31865
864,-360984.7020,-15556.3989,175763.0259,34244235.5283,5132.6310,1998,0.062520,3.464073,10.646222,0.024043,-3.100892,1012672954,31687.62,31958,31958
865,-361397.2464,119830.1397,193049.7067,34255418.3891,5635.5962,1999,0.062663,3.470747,10.663748,0.024130,-3.102406,1010847485,31687.02,31901,31901
866,-371198.1688,234849.4697,213023.9513,35374370.7383,6021.9856,1999,0.062332,3.513449,12.200949,0.024470,-3.193129,1016230128,31687.87,32070,32070
867,-396566.6008,212024.8664,214521.5103,36137539.6001,5936.2511,1999,0.062373,3.648071,10.594031,0.025522,-3.299069,1015584432,31688.49,32049,32049
868,-388404.4042,167207.9549,204965.8356,35504906.1357,5772.8877,1999,0.062461,3.632844,10.924329,0.025208,-3.231404,1014118474,31687.24,32004,32004
869,-327757.8305,250155.3503,202184.5666,32695728.0586,6183.8221,1999,0.062576,3.274703,10.030282,0.022840,-2.939077,1012242887,31687.05,31945,31945
87,-398280.2942,259877.4613,221226.7756,36313870.7282,6092.0737,1999,0.062367,3.694147,11.184707,0.025633,-3.310145,1015676016,31688.38,32052,32052
870,-404283.1650,327503.8054,232369.7486,36853593.4999,6305.2128,1999,0.062323,3.737727,12.306657,0.025806,-3.355306,1016371317,31687.34,32075,32075
871,-401128.1963,117047.2456,203688.2215,36474729.5737,5584.3655,1999,0.062385,3.681802,11.458707,0.025654,-3.324921,1015386203,31688.24,32043,32043
872,-360330.3301,-17240.6057,172030.5114,33451063.3844,5142.7516,1999,0.062812,3.490262,10.780671,0.024142,-3.050666,1008399046,31685.75,31825,31825
873,-383011.4655,276892.1289,220497.3203,35725803.0565,6171.9346,1999,0.062274,3.600391,10.978294,0.024995,-3.243065,1017196546,31688.37,32100,32100
874,-470210.8165,220692.4685,238510.2878,41033758.9946,5812.5381,1999,0.062083,3.998770,12.612485,0.027991,-3.746423,1020405531,31690.60,32199,32199
875,-405568.5309,86375.3130,204686.3600,37690507.8465,5430.7138,1999,0.062243,3.675746,14.986875,0.025552,-3.400799,1017731347,31689.23,32116,32116
876,-373281.3182,233620.4638,213385.4463,35311819.7697,6042.8901,1999,0.062263,3.524466,10.848942,0.024573,-3.203881,1017376403,31688.05,32106,32106
877,-376568.2483,87339.8500,192283.3899,34819338.0396,5522.3161,1999,0.062777,3.545583,11.150253,0.024772,-3.175678,1009034719,31687.80,31843,31843
878,-330268.2288,123092.3710,186241.3246,32820026.3783,5674.6245,1999,0.062525,3.306617,9.430907,0.022797,-2.947281,1013056049,31686.72,31971,31971
879,-307933.0512,128331.3224,175471.3457,30368687.4773,5778.0352,1999,0.062639,3.181416,10.381551,0.022163,-2.749344,1011165840,31685.08,31913,31913
88,-383081.1449,214415.2570,210798.8084,35305572.5070,5970.6951,1999,0.062094,3.591121,12.874640,0.025034,-3.219576,1020082567,31686.47,32193,32193
880,-414740.9647,234487.9058,221290.3449,37071826.8953,5969.2323,1999,0.063044,3.743263,12.448986,0.026256,-3.385361,1004790990,31688.88,31708,31708
881,-371283.8927,109158.2246,196838.4613,35278839.3350,5579.5050,1999,0.062336,3.523874,11.353143,0.024360,-3.191240,1016180861,31688.31,32068,32068
882,-364655.7985,133031.7502,195342.2018,34297554.7508,5695.5140,1999,0.062453,3.494090,10.923607,0.024259,-3.116647,1014260420,31687.72,32008,32008
883,-364510.8202,74434.5567,187431.4550,34186803.6171,5482.5674,1998,0.062999,3.496799,12.081172,0.024302,-3.110067,1004984400,31687.98,31715,31715
884,-406693.7997,135795.9181,209476.6145,37207264.3430,5629.9924,1999,0.062545,3.730876,10.786290,0.025706,-3.381927,1012824549,31689.39,31961,31961
885,-386228.5936,99269.5636,197524.2745,35594659.1078,5549.2672,1998,0.062334,3.607002,10.913271,0.025043,-3.244563,1015665788,31687.07,32053,32053
886,-375722.4849,168504.2316,202555.9255,34867042.8586,5809.3807,1999,0.063310,3.566132,12.660024,0.024766,-3.173454,1000544486,31687.87,31575,31575
887,-390717.7379,140368.8848,202995.3123,35761119.5628,5676.4250,1999,0.062377,3.642135,11.082502,0.025313,-3.255663,1015504560,31687.98,32047,32047
888,-336697.9580,207305.8692,194090.8379,32155804.6043,6035.9503,1999,0.062052,3.332164,10.649361,0.023335,-2.918498,1020741088,31685.27,32215,32215
889,-362466.2570,196283.3370,204166.9068,34550963.0874,5909.1524,1999,0.062514,3.451646,13.782976,0.024196,-3.123238,1013277385,31687.69,31977,31977
89,-357125.5640,58271.7309,184885.3506,34182048.5898,5408.8435,1999,0.062340,3.433550,9.638464,0.023887,-3.090183,1016102744,31687.85,32066,32066
890,-397443.2187,173278.3104,208759.3558,36072678.5656,5787.1875,1999,0.062443,3.668832,12.021406,0.025671,-3.289457,1014416128,31687.63,32013,32013
891,-337269.0920,167487.4427,193036.0937,33046844.7874,5841.2867,1998,0.062311,3.337602,12.534181,0.023214,-2.975596,1016042669,31686.97,32065,32065
892,-355405.4679,154903.7426,198219.5236,34273217.1716,5783.5109,1998,0.062500,3.409718,9.834764,0.023824,-3.101337,1012992874,31687.72,31968,31968
893,-371922.8915,160995.2220,200732.7830,34643992.5088,5794.1585,1999,0.062568,3.566684,10.563025,0.024590,-3.154588,1012395386,31687.86,31949,31949
894,-387398.3207,373186.7413,236065.7286,36443108.2990,6477.6508,1999,0.062299,3.588747,12.302631,0.025168,-3.295318,1016780742,31688.25,32087,32087
895,-354691.9784,261672.8071,211119.9625,34167164.4657,6179.0308,1999,0.062033,3.437998,10.637289,0.023953,-3.090146,1021129987,31687.51,32225,32225
896,-384456.2482,83559.8672,193713.5350,35300398.1847,5487.5737,1999,0.062436,3.598938,11.224317,0.024988,-3.216386,1014558740,31688.13,32017,32017
897,-366041.4855,276120.2024,216569.8194,34968515.6786,6193.2803,1999,0.062276,3.499398,9.861928,0.024373,-3.160057,1017150568,31687.92,32099,32099
898,-396383.5587,76920.3335,195041.1649,35693571.6658,5464.3219,1999,0.062682,3.705973,13.402360,0.025490,-3.267675,1010544129,31687.44,31891,31891
899,-370761.3525,192462.4877,203512.2767,34404987.9716,5915.1969,1999,0.062941,3.532465,11.190333,0.024653,-3.135789,1006388546,31687.30,31760,31760
90,-401750.6196,-151309.2447,168629.6874,36424665.0988,4629.5467,1999,0.062436,3.659139,10.273158,0.025420,-3.312588,1014577701,31688.72,32017,32017
900,-373659.8656,219153.0317,209956.0369,35031778.3215,5993.3023,1999,0.062432,3.544039,10.487823,0.024675,-3.182786,1014552737,31685.96,32019,32019
901,-411756.8535,173604.2299,214599.7966,37429389.4036,5733.4571,1999,0.062058,3.735291,12.678287,0.025912,-3.394966,1020765955,31689.00,32212,32212
902,-350535.8589,223193.4135,204185.4479,33821564.5241,6037.1379,1999,0.062220,3.419410,9.602657,0.023743,-3.054684,1018045318,31687.17,32128,32128
903,-374522.8777,190116.1278,207339.5270,35342635.7068,5866.5553,1999,0.062572,3.572523,10.724201,0.024613,-3.199323,1012342153,31688.18,31947,31947
904,-374333.7405,305346.6268,220622.8403,35034967.8879,6297.2183,1999,0.062710,3.543018,11.320656,0.024739,-3.178974,1010107922,31687.67,31877,31877
905,-325099.7533,229379.4824,197698.6456,32333912.9279,6114.2815,1999,0.062559,3.266950,10.734332,0.022735,-2.909161,1012533187,31687.21,31954,31954
906,-368773.4469,245745.7603,212332.1581,34928532.4021,6079.0461,1999,0.062858,3.512717,11.252624,0.024415,-3.159834,1007756333,31688.46,31802,31802
907,-366437.7164,123167.7336,195084.5887,34519999.5753,5651.3497,1999,0.062510,3.505089,10.673601,0.024308,-3.133376,1013321500,31687.09,31979,31979
908,-402084.8460,78531.1436,198977.8471,36632365.7066,5431.7499,1999,0.062559,3.697644,12.288682,0.025628,-3.329473,1012580161,31688.68,31954,31954
909,-384893.3573,62237.1026,194131.7682,36001853.4690,5392.2715,1999,0.063142,3.606552,10.187602,0.024899,-3.260617,1003238989,31688.90,31659,31659
91,-299901.2990,53895.7585,163322.5933,29978870.2785,5447.9235,1999,0.062385,3.127640,12.577744,0.021642,-2.697568,1015271732,31684.67,32043,32043
910,-390786.8015,67483.4082,192650.2870,35546978.8637,5419.5966,1999,0.062463,3.649089,16.884681,0.025315,-3.241339,1014097550,31687.58,32003,32003
911,-388944.6441,141139.9534,208642.2013,36907421.3333,5653.1232,1999,0.062162,3.617505,10.416244,0.025036,-3.329595,1019060932,31689.19,32158,32158
912,-393372.1963,347768.9166,232100.7579,36223283.5536,6407.5019,1999,0.062619,3.634451,11.255192,0.025506,-3.296304,1011581301,31688.17,31923,31923
913,-403844.1871,52039.4801,196001.1832,36611080.7342,5353.6028,1999,0.062739,3.684508,10.479778,0.025646,-3.338210,1009663202,31688.63,31862,31862
914,-380753.2273,157838.9784,202251.6896,35093540.8453,5763.2170,1999,0.062292,3.580993,10.613052,0.024946,-3.196935,1016876434,31687.28,32091,32091
915,-391556.6671,298527.6543,225152.1112,36086763.2970,6239.1883,1999,0.062834,3.635806,16.993507,0.025394,-3.284361,1008144449,31688.70,31814,31814
916,-380044.0277,142049.8072,204897.5766,36053269.2776,5683.1899,1999,0.062678,3.570906,12.590996,0.024729,-3.260359,1010645089,31688.62,31893,31893
917,-375636.3490,91572.4631,194826.6902,35359474.3559,5509.8865,1998,0.062395,3.545023,11.785642,0.024562,-3.202010,1014732357,31688.60,32022,32022
918,-327434.9433,249224.5643,199873.6286,32221326.2892,6203.1472,1999,0.062580,3.266022,9.806405,0.022915,-2.908243,1012162890,31686.53,31943,31943
919,-401392.7928,250924.4811,219451.1480,36293532.9855,6046.5634,1999,0.062580,3.674453,12.106052,0.025784,-3.307025,1012202444,31687.77,31943,31943
92,-322569.9690,-24062.6468,161028.0652,31449014.0007,5120.2898,1999,0.062033,3.243718,9.883909,0.022587,-2.843223,1021037205,31684.63,32225,32225
920,-362794.1982,174028.8341,200700.6729,34408120.0080,5832.9450,1999,0.062375,3.458205,12.057792,0.024276,-3.115263,1015516625,31687.36,32048,32048
921,-401513.2121,265846.8396,223690.9723,36781524.3509,6081.6123,1998,0.061969,3.671568,10.336413,0.025710,-3.339470,1021689522,31688.16,32242,32242
922,-355972.0061,-14895.8613,174013.7689,33947781.2528,5125.9247,1999,0.061812,3.438034,11.233957,0.023860,-3.066625,1024729391,31686.13,32340,32340
923,-362070.4237,-31786.3075,172911.3773,34065221.8871,5075.8917,1998,0.062488,3.461242,12.372669,0.024037,-3.091544,1013164391,31687.13,31974,31974
924,-367543.8456,44734.7739,184453.5283,34327261.1444,5373.3832,1999,0.062846,3.503536,14.939499,0.024381,-3.126639,1007918539,31687.58,31808,31808
925,-346810.5141,21057.7045,174765.6296,33088554.8437,5281.7547,1999,0.062418,3.387464,11.243266,0.023557,-2.997338,1014817549,31687.30,32026,32026
926,-394753.2023,288918.0384,221861.7633,35685556.9090,6217.1305,1998,0.062412,3.686431,11.609632,0.025630,-3.261693,1014343429,31685.36,32013,32013
927,-377086.4524,377941.9029,229860.9277,35022736.3728,6563.1916,1999,0.063136,3.560623,10.672354,0.024937,-3.183102,1003294829,31687.66,31662,31662
928,-348003.7004,132747.1855,191801.0499,33619725.1466,5705.0154,1999,0.062722,3.394157,11.524715,0.023594,-3.038575,1009905939,31687.30,31871,31871
929,-374669.6372,53571.5745,188881.5259,35101708.9637,5380.9781,1999,0.062529,3.530123,11.127435,0.024623,-3.185295,1013034432,31688.02,31969,31969
93,-340779.6283,6281.0589,169868.0070,32434661.0215,5237.2370,1998,0.062824,3.359080,10.054764,0.023326,-2.944330,1007720778,31686.34,31803,31803
930,-359420.6535,66112.6480,186026.7009,34192391.6159,5440.5876,1999,0.062046,3.448445,10.523287,0.024002,-3.095991,1020889811,31686.94,32218,32218
931,-399568.5572,7021.0862,190028.8727,36527733.0651,5202.3177,1999,0.062854,3.687473,15.612513,0.025555,-3.327381,1007821492,31688.51,31804,31804
932,-380164.7299,59826.4888,191761.7088,35537606.4744,5396.0221,1998,0.062866,3.560681,10.515122,0.024729,-3.223583,1007106068,31687.94,31782,31782
933,-399963.8947,241420.3011,219240.5139,36331834.3575,6034.3915,1999,0.062383,3.701419,13.986030,0.025710,-3.318381,1015418827,31688.27,32044,32044
934,-376275.5167,133698.9895,199248.8295,35112166.1319,5674.6379,1999,0.062559,3.553969,11.946193,0.024678,-3.190036,1012562938,31688.14,31954,31954
935,-393259.8149,305645.8148,223022.4500,35438316.3734,6293.2575,1999,0.062667,3.691813,14.864927,0.025664,-3.245461,1010793323,31687.30,31899,31899
936,-403013.6081,33881.4787,194256.7650,36794273.3463,5279.5380,1999,0.062079,3.691831,10.167616,0.025542,-3.344495,1020409560,31688.75,32201,32201
937,-424125.4333,338145.6456,236957.0956,37493751.2403,6319.9090,1998,0.062614,3.831595,14.375013,0.026655,-3.435265,1011178591,31688.45,31910,31910
938,-372439.8187,169052.5927,203193.0359,35026557.2648,5801.1135,1999,0.063084,3.527647,15.446808,0.024524,-3.175337,1004139557,31688.32,31688,31688
939,-374837.4196,-11895.5681,180144.6083,35025713.6599,5143.2102,1999,0.062590,3.544066,11.739562,0.024558,-3.179538,1012050026,31687.96,31938,31938
94,-379324.8425,50483.1912,189294.9921,35259024.5663,5368.6962,1999,0.062901,3.596159,10.981507,0.024727,-3.204211,1007047662,31688.10,31780,31780
940,-383942.9742,176430.2867,206555.2260,35446754.9429,5827.1971,1999,0.062887,3.600183,10.999228,0.024995,-3.229331,1007264260,31687.93,31787,31787
941,-419945.7910,318802.7692,234858.5190,37613378.8167,6244.0155,1999,0.062531,3.787351,12.635113,0.026481,-3.433087,1013022434,31688.64,31968,31968
942,-391579.9936,187230.9270,211290.1936,36095741.4278,5853.6045,1999,0.062127,3.627321,11.531304,0.025304,-3.289334,1019583459,31687.70,32176,32176
943,-390615.3887,39500.5310,191753.1498,35965931.5817,5331.5218,1999,0.062002,3.644704,13.277726,0.025153,-3.277768,1021669793,31688.53,32241,32241
944,-361926.8468,-132428.3192,157952.2356,33618285.1594,4698.4025,1998,0.062282,3.467674,13.649438,0.024086,-3.061025,1016517092,31686.94,32080,32080
945,-356608.3783,278859.9394,213134.3295,34199806.7777,6232.0331,1998,0.061751,3.416705,11.468775,0.024005,-3.090823,1025288147,31687.73,32356,32356
946,-407745.8518,252945.0187,222132.9936,36726405.5092,6048.3184,1999,0.062729,3.750407,12.093299,0.025954,-3.351745,1009801727,31688.01,31867,31867
947,-415785.7663,230639.9219,221466.1107,37198135.9837,5953.6884,1999,0.062537,3.771672,12.525131,0.026243,-3.396383,1012926603,31688.62,31965,31965
948,-394013.2266,7762.3285,189150.8188,36377018.2355,5199.7340,1999,0.062812,3.656098,10.469152,0.025224,-3.303754,1008496301,31688.81,31825,31825
949,-378053.0351,377466.7740,231530.6401,35320287.7194,6555.1742,1999,0.062645,3.595740,11.819763,0.024848,-3.208599,1011159875,31687.87,31910,31910
95,-396264.5981,114955.9673,201599.3072,36075071.5174,5588.3273,1999,0.062510,3.676598,11.593814,0.025427,-3.291034,1013355964,31688.17,31979,31979
950,-338739.8502,138784.3480,188679.1289,32778096.5901,5756.2564,1998,0.062237,3.365353,10.065835,0.023353,-2.968349,1017228805,31686.41,32103,32103
951,-386088.6618,403633.2552,236906.7574,35790018.7508,6619.3527,1999,0.062282,3.609346,10.737542,0.025308,-3.251010,1017042144,31687.50,32096,32096
952,-423185.9354,252423.2475,226862.5689,37768032.7460,6006.7351,1999,0.062680,3.793941,12.789967,0.026584,-3.445914,1010620978,31688.86,31892,31892
953,-362900.9634,150265.1527,198067.3408,34421464.2731,5754.1811,1999,0.062482,3.495963,11.813703,0.024225,-3.121005,1013776905,31687.46,31993,31993
954,-375476.2793,242287.3179,214646.2460,35417792.9700,6060.4072,1999,0.062305,3.553490,11.813863,0.024680,-3.209947,1016674550,31687.90,32084,32084
955,-318868.4291,158988.7741,185387.9283,31658382.3026,5855.8876,1998,0.062379,3.236928,12.362987,0.022506,-2.851960,1014878082,31685.24,32030,32030
956,-363259.9007,96381.9382,189128.5808,34017944.6142,5559.6710,1998,0.062959,3.459796,11.054662,0.024314,-3.092664,1005577694,31686.71,31735,31735
957,-384902.9518,172299.8156,206086.1656,35443158.2080,5814.5542,1999,0.062543,3.599935,10.491335,0.025027,-3.231663,1012816293,31688.14,31962,31962
958,-364796.2739,310120.0000,216959.0891,34106550.1627,6361.2147,1999,0.062233,3.492700,12.335338,0.024453,-3.102890,1017794641,31686.27,32121,32121
959,-383334.6502,166809.1413,204039.0348,35217200.0257,5793.7325,1999,0.061881,3.591357,12.777872,0.025037,-3.210372,1023641305,31687.76,32304,32304
96,-363904.5119,84694.0056,189075.1482,34342334.2376,5505.5998,1997,0.062375,3.486667,10.614721,0.024207,-3.113759,1014527194,31688.13,32016,32016
960,-386966.0866,155514.1068,205075.4448,35786840.4172,5730.4708,1999,0.062137,3.622104,10.066419,0.025128,-3.251288,1019432226,31687.92,32171,32171
961,-363888.7241,87495.3806,187747.1773,33988898.6914,5523.7794,1999,0.062406,3.496295,11.616117,0.024254,-3.090201,1014978663,31686.40,32032,32032
962,-326032.3754,-25098.7391,165191.8002,32347155.8706,5106.8416,1999,0.062377,3.278932,9.219334,0.022585,-2.909118,1015462685,31686.67,32047,32047
963,-366465.8557,134993.7809,197153.5169,34732688.2038,5676.3103,1999,0.062496,3.490143,11.576122,0.024290,-3.141482,1013581297,31688.28,31986,31986
964,-385810.6346,263630.6655,219422.8277,35789431.2639,6130.9392,1999,0.062794,3.629925,9.827934,0.025156,-3.256538,1008754903,31687.97,31834,31834
965,-375699.0765,245439.6007,212336.2122,34830676.8658,6096.2413,1998,0.062514,3.554085,12.018954,0.024803,-3.172993,1012745272,31686.91,31961,31961
966,-363985.9396,184248.5017,200101.9957,33927636.5226,5897.9055,1999,0.062494,3.511124,12.494141,0.024332,-3.090743,1013566906,31686.84,31987,31987
967,-347831.9017,-512.4641,173519.3669,33416742.4616,5192.5877,1999,0.062307,3.400086,9.977369,0.023499,-3.019859,1016606089,31686.75,32083,32083
968,-399130.4777,68661.9080,197525.4339,36494790.4914,5412.4282,1999,0.062824,3.678407,11.078244,0.025479,-3.321528,1008288755,31688.26,31819,31819
969,-318777.9294,176627.4164,182665.3029,30609960.8983,5967.5118,1999,0.062804,3.260295,11.471674,0.022645,-2.782805,1008456813,31683.58,31829,31829
97,-353276.8441,303034.0906,214656.1954,33732711.4974,6363.4433,1999,0.062295,3.435231,9.858856,0.023954,-3.063290,1016813656,31687.30,32089,32089
970,-385309.8348,273713.2794,220136.0880,35881607.3966,6135.0676,1999,0.062457,3.604251,12.234393,0.025124,-3.247697,1014201312,31687.85,32006,32006
971,-360383.9793,285631.5099,214334.5373,34306398.3930,6247.6549,1999,0.062508,3.480778,14.366537,0.024201,-3.102166,1013343636,31686.79,31980,31980
972,-410449.4817,135604.6647,210181.3343,37401920.5100,5619.5332,1999,0.062649,3.722982,14.744237,0.025881,-3.398827,1011130419,31688.93,31908,31908
973,-370867.9143,93837.0137,190597.2129,34269061.1038,5561.7868,1999,0.062537,3.564508,11.197868,0.024562,-3.131214,1012876234,31687.04,31965,31965
974,-350642.0578,202687.8105,201110.2318,33585978.1969,5987.9224,1998,0.062856,3.436055,9.393416,0.023796,-3.048734,1007215063,31686.38,31787,31787
975,-350006.6114,129565.1170,189394.7257,33166816.6835,5710.3679,1999,0.062404,3.413641,9.494151,0.023792,-3.014546,1014989823,31685.76,32033,32033
976,-404806.9226,285130.8585,228006.1195,37119291.8922,6142.5234,1999,0.062586,3.695101,11.311118,0.025787,-3.370910,1012143933,31688.91,31940,31940
977,-351620.3857,195894.3882,200810.0396,33803405.8024,5940.5268,1999,0.062830,3.413159,12.006854,0.023796,-3.058303,1008166750,31687.41,31816,31816
978,-372645.0147,226219.9938,209014.2601,34716248.9881,6020.6464,1999,0.062667,3.541963,11.132806,0.024686,-3.155409,1010774801,31686.72,31899,31899
979,-418915.7778,125375.2489,210781.5661,37747844.4572,5583.9365,1999,0.062473,3.774943,11.593857,0.026202,-3.439926,1014000270,31689.49,31998,31998
98,-392219.5078,78774.3548,195828.1044,35741099.5058,5479.0733,1999,0.062549,3.623300,11.082551,0.025271,-3.267624,1012708027,31687.73,31959,31959
980,-345885.5676,269435.5926,210249.3182,33894080.7036,6203.1279,1999,0.062336,3.397355,13.302809,0.023560,-3.048916,1016151165,31687.39,32068,32068
981,-383837.3994,260847.5673,218843.4057,35811461.0702,6110.9879,1998,0.061625,3.595343,12.205292,0.025013,-3.249979,1027380956,31687.77,32422,32422
982,-357331.1844,201923.8981,201216.1673,33693837.6658,5971.8982,1999,0.062676,3.468679,11.326044,0.024067,-3.063189,1010606326,31686.41,31894,31894
983,-381890.4700,170786.3711,205634.0495,35518408.5965,5789.5063,1999,0.062492,3.574829,13.217216,0.024968,-3.222946,1013645995,31688.32,31988,31988
984,-398025.1872,308436.1726,227263.2839,36445599.3649,6235.6852,1999,0.062759,3.656009,10.638558,0.025592,-3.307585,1009352444,31688.82,31852,31852
985,-355825.1120,63766.7198,187250.2111,34420613.6791,5440.0602,1998,0.062653,3.416529,9.422123,0.023804,-3.111003,1010542925,31688.40,31890,31890
986,-350475.5536,77575.7897,179348.0464,32557670.4226,5508.6265,1998,0.061973,3.428248,12.546460,0.023899,-2.967622,1021551082,31685.83,32240,32240
987,-331921.3611,88564.0435,178016.1141,31938979.0745,5573.6319,1999,0.062488,3.311840,11.585020,0.023096,-2.896957,1013615072,31685.37,31990,31990
988,-349163.1521,10489.2107,177754.5896,34082043.9818,5215.4909,1999,0.063038,3.388703,9.910915,0.023503,-3.061615,1004859019,31688.03,31711,31711
989,-378824.1751,60877.8628,190218.7586,35267544.9021,5393.5923,1999,0.062623,3.540840,13.304130,0.024745,-3.198002,1011520866,31688.26,31921,31921
99,-394691.0517,300417.7124,224955.4251,35913305.9768,6263.8462,1999,0.062523,3.672644,11.664055,0.025511,-3.283712,1013136603,31688.25,31972,31972
990,-388045.6625,263021.4605,219835.3588,35944161.1769,6116.0242,1999,0.062434,3.616144,12.939274,0.025230,-3.267425,1014594988,31688.27,32018,32018
991,-317667.2490,128318.6673,181670.1988,31681816.0722,5734.2104,1998,0.062937,3.226273,10.827523,0.022377,-2.852350,1005887075,31685.47,31746,31746
992,-369252.5399,175945.6082,201774.1584,34465945.3607,5854.3051,1999,0.062315,3.520517,14.824980,0.024456,-3.137683,1016487401,31687.00,32079,32079
993,-359199.1038,272513.0107,210422.1654,33895040.3609,6208.0518,1999,0.062406,3.473828,11.757446,0.024195,-3.069380,1015011836,31687.43,32032,32032
994,-331117.9362,79366.0698,178155.5805,32199447.9051,5532.8769,1998,0.062979,3.313839,9.255471,0.022971,-2.913747,1005258965,31686.65,31725,31725
995,-333979.9899,145989.3436,188338.0772,32599625.3977,5777.3080,1998,0.062189,3.329259,12.276674,0.023098,-2.942346,1018004788,31685.91,32128,32128
996,-390919.5259,211425.2756,213364.8727,36017414.7602,5923.9364,1999,0.062379,3.609854,11.174467,0.025332,-3.274092,1015472321,31687.96,32046,32046
997,-364657.7045,86198.0423,191193.9396,34676091.2682,5513.7108,1999,0.062365,3.476821,10.282736,0.024179,-3.141808,1015689129,31687.80,32053,32053
998,-403791.4592,266717.0368,223261.3901,36608625.0209,6098.6008,1999,0.062299,3.724767,11.348119,0.025813,-3.336122,1016772551,31687.99,32087,32087
999,-383601.5221,101464.0294,196387.8912,35369413.1782,5552.4781,1999,0.062253,3.561879,13.331782,0.025001,-3.220438,1017521785,31687.64,32111,32111
