seed,user_pnl,arb_profit,lp_profit_value,total_volume,lp_profit_per_1m_vol,arb_trade_count,intervention_rate,avg_spread_pct,max_spread_pct,rmse_price,impermanent_loss_pct,total_compute_units,avg_cu_per_swap,total_swaps,successful_swaps
100,-1496624.3035,825412.6317,730554.8677,142198211.3013,5137.5813,1999,0.015593,6.874141,19.941917,0.047570,-11.306763,3933538397,30683.31,128198,128198
1000,-1388759.2239,624111.1672,683722.9387,136558133.0519,5006.8269,1999,0.015658,6.497123,19.578875,0.045197,-10.831122,3917203119,30683.21,127666,127666
1001,-1404842.4217,624370.7620,693395.4719,139023436.4456,4987.6157,1999,0.015584,6.551691,19.642230,0.045385,-10.994249,3935833941,30683.26,128273,128273
1002,-1489378.4129,597739.0493,696761.6549,141476613.3662,4924.9246,1999,0.015613,6.830995,21.683501,0.047078,-11.244067,3928514707,30684.09,128031,128031
1003,-1446829.6070,490024.0638,675623.2703,139465285.4383,4844.3831,1999,0.015614,6.674267,18.464855,0.046127,-11.070592,3928292477,30683.31,128027,128027
1004,-1524478.8810,800945.7672,734272.0333,144101945.2731,5095.5040,1999,0.015591,6.886452,19.977671,0.047962,-11.453859,3933960912,30683.49,128211,128211
1005,-1460761.5681,695963.5525,706797.5264,140611354.7509,5026.6035,1999,0.015638,6.708448,19.829923,0.046671,-11.150660,3922324210,30683.43,127832,127832
1006,-1472339.6020,677378.6710,705732.4933,140832677.4796,5011.1416,1999,0.015574,6.752991,22.605120,0.046852,-11.190563,3938424481,30683.60,128356,128356
1007,-1509297.6496,792881.4298,734210.8158,144082009.6852,5095.7841,1999,0.015605,6.868262,23.888626,0.047624,-11.439541,3930578022,30684.15,128098,128098
1008,-1453211.0351,877397.1011,738903.9302,141994624.8135,5203.7458,1999,0.015611,6.733476,19.252301,0.046564,-11.245871,3929010780,30684.13,128047,128047
1009,-1474321.5372,452758.2959,670840.3201,139850953.2345,4796.8234,1999,0.015571,6.760160,19.271989,0.046643,-11.122808,3939156715,30683.81,128379,128379
101,-1466718.4007,881753.0223,731361.8376,140280231.1248,5213.5774,1999,0.015674,6.782490,23.792337,0.047106,-11.158892,3913309966,30683.48,127538,127538
1010,-1440539.6885,852576.6438,729105.9281,140694273.3792,5182.2005,1999,0.015600,6.694253,19.706145,0.046340,-11.133124,3931795170,30683.35,128141,128141
1011,-1438624.4852,557407.9837,684056.6442,139241599.8125,4912.7319,1999,0.015563,6.656149,23.118382,0.046095,-11.049864,3941022050,30683.28,128442,128442
1012,-1437868.4265,736143.3075,714903.9139,140837426.6824,5076.0933,1999,0.015635,6.627128,20.052726,0.046082,-11.146234,3923124715,30683.93,127856,127856
1013,-1490652.5231,750353.7070,719389.0631,142075471.4069,5063.4290,1999,0.015606,6.828190,21.090725,0.047269,-11.278651,3930391754,30683.89,128093,128093
1014,-1545735.0912,769985.6453,740321.4294,146307042.5336,5060.0533,1999,0.015648,6.952942,20.717287,0.048155,-11.632663,3919993547,30684.64,127751,127751
1015,-1447882.5643,882776.8610,730877.5365,139992341.5416,5220.8394,1999,0.015638,6.718692,22.956224,0.046576,-11.115614,3922154867,30683.55,127826,127826
1016,-1483141.4599,814522.1810,734942.7547,143310868.8733,5128.3113,1999,0.015554,6.810581,19.286376,0.047037,-11.362166,3943473019,30683.49,128521,128521
1017,-1448588.0293,900208.8519,726427.4278,138737757.0363,5235.9750,1999,0.015653,6.696521,23.975995,0.046845,-11.024153,3918405228,30683.26,127705,127705
1018,-1440987.1517,778934.9511,715787.7789,140075711.5883,5110.0064,1999,0.015604,6.667244,23.039148,0.046322,-11.086096,3930787708,30683.63,128107,128107
1019,-1435600.6233,587403.3953,692114.8976,140181230.1294,4937.2865,1999,0.015576,6.649029,19.629578,0.046008,-11.100839,3937990367,30683.81,128341,128341
102,-1411004.8276,804829.9422,710896.5886,137585779.2366,5166.9336,1999,0.015571,6.617867,20.438866,0.045953,-10.916547,3938978390,30682.90,128377,128377
1020,-1517086.4440,816107.7305,746780.3229,146396230.9514,5101.0898,1999,0.015652,6.832318,18.540440,0.047690,-11.584788,3918821802,30684.60,127713,127713
1021,-1382259.0367,594298.1517,681848.2102,137170628.7304,4970.8033,1999,0.015637,6.463780,19.714148,0.044919,-10.848476,3922410101,30683.62,127834,127834
1022,-1426881.0997,624373.7385,692838.6688,138959041.0241,4985.9201,1999,0.015602,6.585575,23.712679,0.045827,-11.026589,3931351570,30683.48,128126,128126
1023,-1423320.6826,797713.6768,720310.3670,139815828.8600,5151.8514,1999,0.015623,6.611551,21.566630,0.045790,-11.080850,3926124107,30683.63,127955,127955
1024,-1507881.5755,762113.1727,723220.0283,142738737.2219,5066.7397,1999,0.015594,6.847026,24.814285,0.047631,-11.341814,3933531407,30684.21,128194,128194
1025,-1399047.4076,704548.6980,700114.0367,138081072.3588,5070.3114,1999,0.015626,6.529345,18.870199,0.045483,-10.929561,3925180041,30683.21,127926,127926
1026,-1474273.5455,709693.6263,718706.3638,142781574.4825,5033.6072,1999,0.015616,6.783621,22.221904,0.046716,-11.313919,3927721030,30683.88,128006,128006
1027,-1399705.3901,754384.1219,707739.4158,138454441.6970,5111.7133,1999,0.015605,6.522870,20.066530,0.045378,-10.944228,3930596437,30683.33,128102,128102
1028,-1519958.6676,849395.3668,744847.7764,144843569.3537,5142.4290,1999,0.015601,6.863936,21.843220,0.047726,-11.501473,3931636025,30684.50,128131,128131
1029,-1504556.0628,555165.4658,695315.6336,142673931.7579,4873.4595,1999,0.015640,6.813429,25.500043,0.047323,-11.329748,3921667841,30683.58,127810,127810
103,-1363100.0985,870665.8041,709732.1684,134936400.6533,5259.7532,1999,0.015599,6.496982,17.257052,0.045021,-10.691559,3931845526,30682.31,128147,128147
1030,-1467320.3453,699611.6311,717692.2522,142916897.5719,5021.7453,1999,0.015557,6.701158,20.647736,0.046592,-11.305543,3942770373,30684.23,128495,128495
1031,-1443718.0956,855975.6530,727965.6149,140192719.6954,5192.6064,1999,0.015625,6.712445,22.189098,0.046431,-11.117343,3925549570,30683.70,127936,127936
1032,-1447550.0932,654224.8190,698557.3471,139822967.6185,4996.0129,1999,0.015557,6.673680,21.942339,0.046295,-11.088829,3942736021,30683.73,128496,128496
1033,-1405836.3906,662710.1854,694876.5158,138154180.6401,5029.7176,1999,0.015568,6.563318,19.348506,0.045389,-10.945572,3939778522,30683.16,128402,128402
1034,-1417141.6939,803417.6175,716680.8180,138839172.7230,5161.9496,1999,0.015640,6.617239,22.424757,0.046002,-11.009603,3921856732,30683.37,127817,127817
1035,-1504317.9755,714289.0710,714660.7185,142222909.8241,5024.9339,1999,0.015639,6.826313,22.901153,0.047536,-11.304960,3922136685,30683.88,127824,127824
1036,-1508778.2394,794600.6555,735293.4344,144483739.7291,5089.1085,1999,0.015643,6.856985,19.364240,0.047513,-11.450803,3921102328,30684.19,127789,127789
1037,-1492477.6992,695431.6617,720915.8996,143900981.4795,5009.8053,1999,0.015571,6.811053,22.503835,0.047032,-11.404003,3939102178,30684.10,128376,128376
1038,-1473697.3730,736827.9246,714082.0257,140916074.0051,5067.4278,1999,0.015549,6.778061,21.894195,0.047028,-11.199572,3944633488,30683.21,128560,128560
1039,-1479660.3536,536768.6144,687307.4847,141167815.5120,4868.7265,1999,0.015649,6.782514,22.379631,0.046764,-11.206869,3919582164,30684.06,127740,127740
104,-1488808.1079,650837.3630,702163.6726,141072137.0050,4977.3377,1999,0.015645,6.819991,21.710368,0.047191,-11.219985,3920569757,30683.63,127774,127774
1040,-1531015.5612,847558.0656,744190.8419,144881878.5108,5136.5350,1999,0.015596,6.904960,21.215544,0.048132,-11.516453,3932813404,30684.35,128170,128170
1041,-1484971.0122,848592.9486,737325.1550,142775563.7081,5164.2251,1999,0.015670,6.796275,21.763595,0.047254,-11.335300,3914274590,30684.07,127567,127567
105,-1447556.7960,1003522.0338,745355.1827,139885934.4840,5328.3068,1999,0.015617,6.722744,22.349580,0.046845,-11.093467,3927408092,30682.64,128001,128001
106,-1371687.6561,650711.3746,680814.8732,135079601.6590,5040.1013,1999,0.015556,6.485644,22.390427,0.044978,-10.711524,3942945280,30682.97,128506,128506
107,-1403670.0285,613999.8756,679463.4732,135987175.3001,4996.5261,1999,0.015600,6.605748,18.413137,0.045550,-10.818014,3931515555,30682.13,128137,128137
108,-1543395.7719,884939.0194,760943.0127,147726270.2589,5151.0338,1999,0.015602,6.928135,22.752062,0.048161,-11.701623,3931509113,30684.47,128127,128127
109,-1474047.9279,658321.7638,707100.2276,141773644.1259,4987.5295,1999,0.015630,6.761102,22.148920,0.046754,-11.247262,3924401590,30684.08,127897,127897
110,-1516713.6296,730458.3226,725514.3727,144141310.1459,5033.3549,1999,0.015626,6.896216,19.555531,0.047695,-11.447910,3925263779,30684.10,127925,127925
111,-1490376.6518,651623.8517,706567.2445,142040027.6952,4974.4234,1999,0.015612,6.826986,19.479523,0.047132,-11.282123,3928737561,30683.43,128041,128041
112,-1450885.3212,664593.7149,698440.9433,139507278.7066,5006.4839,1999,0.015671,6.733458,18.612275,0.046588,-11.074775,3913995621,30683.33,127561,127561
113,-1493440.6984,834044.3410,734805.3192,143077221.5986,5135.7254,1999,0.015597,6.817275,22.854189,0.047545,-11.343860,3932604813,30684.16,128164,128164
114,-1415017.3810,943252.2129,730970.9191,137899842.5702,5300.7379,1999,0.015598,6.585774,18.347280,0.046083,-10.946387,3932244006,30683.02,128157,128157
115,-1446670.4974,690266.9274,702871.1393,139575713.5437,5035.7696,1999,0.015560,6.697923,20.884475,0.046428,-11.080377,3941771798,30683.15,128467,128467
116,-1413609.6862,469453.6916,663030.1453,136948616.3366,4841.4519,1999,0.015637,6.566091,20.973235,0.045527,-10.872756,3922483480,30682.76,127840,127840
117,-1583117.3566,778799.9907,739420.1007,146594755.1064,5043.9738,1999,0.015602,7.028996,22.243369,0.049087,-11.672486,3931452672,30684.27,128126,128126
118,-1477880.7770,665508.6655,707441.4118,141752794.1184,4990.6700,1999,0.015661,6.755704,19.418477,0.046889,-11.246139,3916595361,30683.50,127645,127645
119,-1505008.4286,912396.0674,747819.9443,143632915.6108,5206.4664,1999,0.015619,6.884149,21.520580,0.047617,-11.399961,3927049421,30683.91,127984,127984
120,-1550187.2571,763690.4002,730204.7069,144499703.9971,5053.3301,1999,0.015662,7.010745,21.727712,0.048497,-11.512797,3916345098,30683.94,127635,127635
121,-1513439.3724,705191.8946,724362.9734,144635512.3686,5008.1959,1999,0.015577,6.871161,27.596606,0.047615,-11.472947,3937665229,30684.38,128328,128328
122,-1462449.1099,700735.1788,707049.5833,140372569.3849,5036.9498,1999,0.015597,6.723111,19.840285,0.046615,-11.147660,3932658863,30683.39,128169,128169
123,-1412626.5353,746479.0736,699100.0081,136497279.7697,5121.7138,1999,0.015604,6.603037,20.897191,0.045911,-10.863520,3930604229,30682.68,128105,128105
124,-1427766.1726,715994.1445,703408.1476,138611871.7164,5074.6602,1999,0.015641,6.619040,23.207585,0.046072,-11.006343,3921470135,30683.23,127805,127805
125,-1412494.4499,849747.7827,715044.1692,136839158.1779,5225.4353,1999,0.015624,6.626465,19.554947,0.046003,-10.893740,3925694942,30682.68,127945,127945
126,-1526560.1129,926486.2819,756606.2506,145471194.5094,5201.0726,1999,0.015628,6.917988,18.596430,0.048077,-11.535480,3924857119,30684.04,127912,127912
127,-1586708.3727,950870.2290,773813.0822,149105041.6849,5189.7178,1999,0.015606,7.068245,24.384995,0.049119,-11.837672,3930478207,30684.57,128093,128093
128,-1432985.0311,800142.2944,709137.9625,137545930.9083,5155.6448,1999,0.015604,6.688066,20.277868,0.046384,-10.940674,3930771607,30682.79,128110,128110
129,-1374685.8165,696731.6738,681811.6031,133740427.4213,5098.0217,1999,0.015632,6.549879,19.763764,0.045195,-10.646962,3923604876,30681.93,127880,127880
130,-1507796.0795,654425.4677,707857.2795,142496390.5679,4967.5453,1999,0.015624,6.830379,22.276561,0.047495,-11.326552,3925877381,30684.10,127945,127945
131,-1439700.9320,725259.8038,702834.5946,138361923.5345,5079.6822,1999,0.015601,6.677056,22.032807,0.046343,-11.003361,3931636937,30683.31,128136,128136
132,-1410631.5218,693091.3637,691558.3774,136368054.9824,5071.2638,1999,0.015565,6.611810,22.652052,0.045799,-10.853654,3940607729,30682.92,128430,128430
133,-1346586.7416,750819.2781,683340.1128,132355866.7818,5162.9001,1999,0.015645,6.423088,23.507890,0.044680,-10.517329,3920438948,30682.12,127776,127776
134,-1468124.9186,858557.0017,732646.6950,141310016.9213,5184.6763,1999,0.015591,6.716837,20.584651,0.046966,-11.221972,3933978898,30683.63,128211,128211
135,-1466399.6809,696328.1089,707696.5335,140524506.0474,5036.1076,1999,0.015640,6.728630,24.257017,0.046761,-11.172485,3921770684,30683.90,127812,127812
136,-1553146.7788,834329.2512,750811.3666,147077663.5181,5104.8633,1999,0.015625,6.970205,25.671928,0.048356,-11.672793,3925554971,30684.46,127933,127933
137,-1453338.3792,736536.9136,715551.7421,141171725.0297,5068.6619,1999,0.015617,6.717285,22.133973,0.046491,-11.183025,3927590561,30683.58,128003,128003
138,-1493860.6368,814918.6535,727076.8401,141672747.7633,5132.0868,1999,0.015563,6.829215,20.667130,0.047564,-11.273086,3941086785,30683.31,128444,128444
139,-1551494.5742,714459.5619,729418.5032,145850980.2627,5001.1217,1999,0.015637,6.969943,21.538010,0.048149,-11.594042,3922586810,30684.04,127838,127838
140,-1437018.2426,659526.0922,696377.6087,138889352.6507,5013.9020,1999,0.015577,6.683305,20.005466,0.046079,-11.029216,3937474835,30683.14,128327,128327
141,-1384824.8288,601402.5221,673433.2024,135103958.8584,4984.5557,1999,0.015644,6.531800,20.913328,0.045214,-10.723937,3920706450,30682.78,127782,127782
142,-1462059.6745,721619.1712,708792.7984,140139845.2128,5057.7535,1999,0.015676,6.766663,22.073581,0.046718,-11.132780,3912822315,30683.27,127523,127523
143,-1506957.2471,797383.9004,732531.8682,143574495.2773,5102.1030,1999,0.015604,6.825011,21.756516,0.047421,-11.402871,3930935969,30684.07,128110,128110
144,-1444714.5925,692321.8805,696164.2272,137890223.1612,5048.6845,1999,0.015690,6.675989,19.322907,0.046543,-10.980461,3909125239,30682.67,127405,127405
145,-1401872.6467,628015.6078,689724.2105,137896686.4730,5001.7461,1999,0.015618,6.571758,18.684034,0.045304,-10.930673,3927153608,30683.28,127990,127990
146,-1487541.4369,773293.2042,723393.8836,142079116.6503,5091.4864,1999,0.015604,6.803222,22.780292,0.047219,-11.286520,3930740143,30683.50,128106,128106
147,-1497697.4569,869112.7701,742153.8693,143464555.9752,5173.0817,1999,0.015599,6.835909,18.690569,0.047498,-11.388324,3932209922,30683.95,128152,128152
148,-1484176.9201,760051.3309,723683.9462,142299412.6235,5085.6425,1999,0.015591,6.774904,18.366877,0.047113,-11.308492,3934030272,30683.79,128212,128212
149,-1450655.0185,785898.3396,718292.1538,140377778.3658,5116.8508,1999,0.015609,6.704987,28.804263,0.046635,-11.125515,3929723719,30683.95,128071,128071
150,-1480869.5549,689148.7047,708452.5288,141207837.8801,5017.0907,1999,0.015611,6.835658,22.721655,0.047110,-11.222597,3929041153,30683.17,128052,128052
151,-1535336.6474,695512.5400,718388.9931,143781591.7555,4996.3906,1999,0.015574,6.873928,22.841783,0.048165,-11.447557,3938313001,30683.69,128352,128352
152,-1376490.9867,737058.8407,688762.7216,134284889.9408,5129.1156,1999,0.015620,6.521926,22.179065,0.045308,-10.672282,3926576070,30682.37,127975,127975
153,-1479774.4954,686818.2069,708396.4337,141433885.5153,5008.6755,1999,0.015606,6.792552,22.766229,0.046977,-11.223518,3930245999,30683.71,128089,128089
154,-1380816.8475,902553.8860,718910.5172,136372448.3728,5271.6698,1999,0.015627,6.488926,20.966695,0.045556,-10.792494,3924930254,30682.93,127919,127919
155,-1480617.3811,1039019.3012,761572.3113,142797039.2760,5333.2500,1999,0.015640,6.799723,26.555725,0.047474,-11.312309,3921878295,30684.02,127815,127815
156,-1500329.2863,766513.1527,726339.4434,143061161.4284,5077.1253,1999,0.015615,6.816659,21.588996,0.047362,-11.362818,3927908716,30683.19,128015,128015
157,-1574234.9840,921095.2852,756301.1734,145878658.4375,5184.4539,1999,0.015596,7.043265,20.280495,0.049000,-11.627742,3932886340,30683.96,128174,128174
158,-1357769.6554,777913.8157,695476.9021,134449650.8254,5172.7684,1999,0.015587,6.450699,20.661841,0.044927,-10.655849,3934881131,30682.29,128246,128246
159,-1478374.9131,738136.1930,716201.7902,141208165.6442,5071.9573,1999,0.015626,6.759224,22.541077,0.046972,-11.234890,3925136072,30683.34,127924,127924
160,-1526788.4415,1043063.0793,771999.1455,145268806.7003,5314.2802,1999,0.015615,6.955484,20.625355,0.048238,-11.533316,3928179753,30684.11,128020,128020
161,-1351684.8099,766998.1406,685983.3715,132506054.2645,5176.9964,1999,0.015564,6.459729,22.188410,0.044901,-10.533223,3940656732,30681.63,128437,128437
162,-1503058.8739,815322.0535,732251.6846,143108879.6497,5116.7453,1999,0.015630,6.808669,23.416247,0.047502,-11.359752,3924386421,30683.72,127898,127898
163,-1450429.3134,634928.6893,692343.6510,138763243.3285,4989.3879,1999,0.015633,6.690349,20.771752,0.046517,-11.043095,3923550105,30683.18,127873,127873
164,-1527983.2859,553644.0318,707164.1534,145469975.7145,4861.2379,1999,0.015580,6.904340,21.697582,0.047531,-11.538671,3936845763,30683.97,128303,128303
165,-1486662.1038,972643.9096,755749.9802,143373993.3575,5271.1790,1999,0.015639,6.802045,23.906071,0.047402,-11.365226,3922168106,30684.13,127824,127824
166,-1486531.0479,791175.5902,726173.4297,142287476.7250,5103.5653,1999,0.015623,6.801257,19.415064,0.047295,-11.290668,3925909341,30683.15,127950,127950
167,-1448395.5196,741479.8316,708513.1013,139309374.6575,5085.8968,1999,0.015642,6.703993,18.519179,0.046455,-11.067532,3921206469,30682.85,127798,127798
168,-1411905.8681,779846.0345,709138.4919,138151904.9607,5133.0345,1999,0.015639,6.626347,20.457144,0.045931,-10.939671,3921893282,30683.42,127818,127818
169,-1332955.2523,819087.4323,691268.8074,131885361.1280,5241.4370,1999,0.015603,6.396591,20.828102,0.044501,-10.476710,3930940881,30682.19,128118,128118
170,-1317788.4405,574022.7222,648333.9066,129643245.3769,5000.9077,1999,0.015558,6.329520,23.066197,0.043865,-10.304272,3942202390,30681.01,128490,128490
171,-1471102.8304,757999.2980,716306.2398,140705594.5872,5090.8156,1999,0.015625,6.794095,21.609731,0.046930,-11.186600,3925445545,30683.60,127933,127933
172,-1419680.9003,516772.1799,672034.4444,137433526.0954,4889.8872,1999,0.015565,6.580014,22.240197,0.045503,-10.921243,3940539709,30682.87,128428,128428
173,-1441783.9658,776547.4806,707633.5858,137864109.8159,5132.8340,1999,0.015614,6.673181,24.112501,0.046507,-10.979173,3928229620,30683.06,128026,128026
174,-1446980.9758,772242.3887,715901.6161,139937934.6349,5115.8510,1999,0.015574,6.678877,18.858768,0.046509,-11.110431,3938497345,30683.45,128359,128359
175,-1498683.6203,811125.9469,728663.1496,142159833.9880,5125.6612,1999,0.015621,6.820378,20.179524,0.047432,-11.309977,3926591094,30683.44,127971,127971
176,-1312799.7786,687563.5608,671752.7820,131179370.7397,5120.8721,1999,0.015653,6.327747,19.514900,0.043843,-10.411073,3918467714,30682.30,127711,127711
177,-1434899.2247,740727.5228,709913.7205,139592252.4590,5085.6241,1999,0.015569,6.653099,20.925787,0.046164,-11.063974,3939661197,30683.20,128398,128398
178,-1460851.3152,608847.6428,704308.5421,142426816.4074,4945.0557,1999,0.015616,6.750719,17.905028,0.046255,-11.274989,3927774480,30683.82,128008,128008
179,-1506169.2349,701702.7668,717376.3439,143032518.2609,5015.4773,1999,0.015584,6.851897,25.118002,0.047459,-11.368567,3935855982,30683.91,128271,128271
180,-1430153.9098,575280.1931,690048.7546,139952026.8797,4930.6092,1999,0.015597,6.611701,21.313198,0.045771,-11.083468,3932623184,30683.35,128168,128168
181,-1496480.7496,693542.2706,712379.0285,141953734.1857,5018.3888,1999,0.015627,6.836233,21.786494,0.047399,-11.297545,3925009932,30683.56,127919,127919
182,-1469262.2390,702706.8592,714314.2494,141887639.6855,5034.3656,1999,0.015593,6.752850,25.431787,0.046670,-11.256974,3933621739,30683.72,128199,128199
183,-1398056.5964,703094.1428,691151.4171,135995260.1909,5082.1728,1999,0.015558,6.576708,18.213841,0.045595,-10.806705,3942318151,30682.62,128487,128487
184,-1421916.3070,690248.0974,697750.0649,138009516.7536,5055.8112,1999,0.015637,6.631731,21.377313,0.045948,-10.964935,3922396822,30683.04,127836,127836
185,-1425435.4098,642916.4260,698817.8117,139821827.7979,4997.9164,1999,0.015571,6.601926,18.773558,0.045780,-11.072503,3939113384,30683.47,128379,128379
186,-1487036.7223,799121.6592,725604.3047,141954489.3447,5111.5277,1999,0.015621,6.841811,19.342854,0.047297,-11.268652,3926657468,30683.72,127972,127972
187,-1480963.0369,758836.9333,717303.0130,141216401.2606,5079.4597,1999,0.015626,6.814079,27.573649,0.047149,-11.217035,3925242306,30683.69,127926,127926
188,-1553027.3302,747684.9528,737730.6028,146883202.7672,5022.5662,1999,0.015690,6.933641,19.328201,0.048311,-11.651135,3909303113,30684.55,127403,127403
189,-1468041.2530,870209.7955,730219.0782,140675196.0799,5190.8161,1999,0.015636,6.736054,21.301666,0.047128,-11.167344,3922917763,30683.75,127850,127850
190,-1517699.2882,633321.4258,707018.7796,142841907.9043,4949.6593,1999,0.015621,6.873198,23.092780,0.047696,-11.372240,3926473246,30683.48,127967,127967
191,-1529219.7947,651199.0493,716425.6971,144654488.7039,4952.6683,1999,0.015574,6.907224,21.664370,0.047733,-11.490267,3938498414,30684.42,128355,128355
192,-1436752.1766,809562.9296,718867.2982,139545650.0376,5151.4848,1999,0.015574,6.696656,22.871982,0.046291,-11.064377,3938513688,30683.58,128359,128359
193,-1527459.7209,786937.5860,734358.0392,144703665.2004,5074.9097,1999,0.015605,6.904247,20.574429,0.047929,-11.485771,3930705298,30684.18,128102,128102
194,-1457678.8077,724738.0952,705968.2185,139242715.2820,5070.0550,1999,0.015636,6.727974,26.528883,0.046711,-11.080512,3922703974,30682.56,127848,127848
195,-1505998.6318,1033560.3280,761736.3973,142901660.3710,5330.4937,1999,0.015578,6.873692,22.197851,0.047854,-11.370470,3937519791,30683.73,128326,128326
196,-1407899.9234,916129.8164,726658.8948,137745161.8595,5275.3860,1999,0.015662,6.645519,18.433902,0.046074,-10.924327,3916081935,30682.84,127631,127631
197,-1492227.6451,704098.3099,712005.1865,141716038.7138,5024.1680,1999,0.015630,6.814343,19.422765,0.047275,-11.264937,3924407668,30683.65,127899,127899
198,-1461341.0835,673968.1524,701319.8892,140095536.8824,5006.0116,1999,0.015674,6.718428,21.549452,0.046653,-11.115696,3913151369,30683.20,127534,127534
199,-1472788.0470,643209.7880,706756.8695,142108346.3467,4973.3664,1999,0.015632,6.744643,21.046871,0.046735,-11.267720,3923896817,30683.73,127882,127882
200,-1382500.6608,645798.8530,678336.1858,134694193.7649,5036.1205,1999,0.015620,6.529537,22.895520,0.045323,-10.706028,3926640559,30682.39,127977,127977
201,-1534601.3636,908886.9127,751718.1940,144870046.8917,5188.9139,1999,0.015599,6.924358,21.080320,0.048255,-11.514451,3932075079,30684.10,128147,128147
202,-1502746.4145,826518.9716,740570.6787,144528347.0087,5124.0514,1999,0.015584,6.856058,22.308144,0.047445,-11.453747,3935894518,30683.73,128273,128273
203,-1493849.6014,699051.6485,721815.5998,144050384.3308,5010.8551,1999,0.015613,6.826889,22.269660,0.047094,-11.412232,3928610876,30683.88,128035,128035
204,-1411897.2542,636364.3398,688103.4536,137500176.4181,5004.3823,1999,0.015624,6.596241,20.243839,0.045727,-10.912303,3925696941,30682.93,127944,127944
205,-1490267.2747,856233.0859,735130.4074,142184777.0246,5170.2469,1999,0.015584,6.781025,24.272116,0.047331,-11.301265,3935961600,30683.54,128276,128276
206,-1474988.7416,695544.5145,710003.4561,141339638.7691,5023.3852,1999,0.015571,6.751335,19.159086,0.046982,-11.221622,3939253515,30683.61,128383,128383
207,-1370299.8567,608211.6257,675441.9418,135067714.5830,5000.7653,1999,0.015597,6.450754,23.005878,0.044798,-10.712114,3932445844,30682.92,128164,128164
208,-1510515.7233,585397.2452,697541.6192,142095082.8266,4908.9779,1999,0.015618,6.886634,22.286816,0.047519,-11.315299,3927398213,30683.76,127996,127996
209,-1448432.4938,598502.3302,684041.2605,138044679.7178,4955.2164,1999,0.015633,6.691018,20.761658,0.046481,-10.992075,3923497626,30682.77,127873,127873
210,-1511178.6785,770420.2433,736385.6195,145509561.6649,5060.7370,1999,0.015589,6.860810,21.408269,0.047457,-11.514085,3934625096,30684.12,128230,128230
211,-1502005.7310,651251.3875,718222.8215,144899925.8830,4956.6818,1999,0.015588,6.851090,19.353732,0.047137,-11.465147,3934905053,30684.39,128238,128238
212,-1511738.8681,722424.8039,723967.4549,143994862.3478,5027.7311,1999,0.015652,6.870598,22.726180,0.047472,-11.431778,3918907942,30684.07,127718,127718
213,-1505275.0232,779388.7801,729521.8496,143602558.7871,5080.1452,1999,0.015632,6.861635,20.240143,0.047506,-11.392768,3923742603,30683.96,127876,127876
214,-1455310.0561,587372.8749,699971.8469,142233124.3981,4921.2998,1999,0.015622,6.682360,20.204077,0.046108,-11.244687,3926391389,30683.56,127964,127964
215,-1429556.2191,939703.1605,731960.5885,138421496.5872,5287.9112,1999,0.015636,6.665209,22.890167,0.046432,-10.992801,3922761168,30683.01,127848,127848
216,-1456759.2582,683058.8344,701051.5296,139526866.2320,5024.4913,1999,0.015587,6.759151,17.867476,0.046652,-11.086949,3935074983,30683.56,128247,128247
217,-1481857.1312,778655.7607,727970.8843,142874406.7850,5095.1805,1999,0.015670,6.751833,19.425957,0.046969,-11.329386,3914304223,30683.82,127569,127569
218,-1324013.4445,617065.3091,665473.1065,131878137.2378,5046.1215,1999,0.015628,6.397883,18.464113,0.043970,-10.473735,3924498889,30682.20,127908,127908
219,-1459366.2535,792688.3814,726766.0219,141915893.7540,5121.1038,1999,0.015624,6.692614,17.175887,0.046734,-11.246612,3925881727,30683.90,127946,127946
220,-1433513.0651,732936.0069,710445.1621,139855459.6728,5079.8529,1999,0.015545,6.646969,21.617278,0.046126,-11.083245,3945704868,30682.95,128596,128596
221,-1565084.6066,791698.0049,742965.1721,146880596.0300,5058.2936,1999,0.015604,7.027716,27.739487,0.048589,-11.664782,3930852011,30683.89,128108,128108
222,-1503584.8511,649656.4743,713994.6969,143670508.1941,4969.6678,1999,0.015573,6.859466,19.490316,0.047254,-11.412467,3938749817,30683.99,128365,128365
223,-1457568.1148,769552.2476,710926.0343,139205133.9607,5107.0389,1999,0.015604,6.782819,21.653000,0.046803,-11.066374,3930891192,30683.48,128111,128111
224,-1544758.6789,622091.4529,713640.4203,145070523.3539,4919.2655,1999,0.015571,6.919145,20.779460,0.048087,-11.533547,3939214072,30684.02,128380,128380
225,-1538858.8120,765824.2629,734166.3546,145133825.0944,5058.5475,1999,0.015633,6.919372,23.635217,0.048072,-11.542846,3923483551,30684.10,127867,127867
226,-1546736.7770,832074.4581,746178.8624,145954210.5019,5112.4175,1999,0.015604,6.950061,19.492275,0.048467,-11.601831,3930915856,30684.63,128107,128107
227,-1501211.3523,476999.2091,688174.3077,143207053.5729,4805.4498,1999,0.015581,6.831049,20.791341,0.046998,-11.367265,3936717511,30683.69,128300,128300
228,-1469415.3838,822163.9856,724546.3153,140388867.2819,5160.9955,1999,0.015680,6.738506,25.339840,0.047031,-11.179891,3911827150,30683.64,127489,127489
229,-1546642.3617,631903.0135,720294.6629,146281357.9351,4924.0359,1999,0.015572,6.956138,24.059838,0.047806,-11.610055,3938925622,30684.16,128370,128370
230,-1380245.1552,550030.3216,665798.2780,134670700.0396,4943.8985,1999,0.015587,6.513114,22.600756,0.045046,-10.703633,3934806257,30681.71,128246,128246
231,-1391033.2010,800848.0726,698753.0603,135002299.9727,5175.8604,1999,0.015584,6.577212,19.595987,0.045652,-10.719641,3935645503,30682.75,128269,128269
232,-1443169.2068,871783.1606,720959.8409,137976671.0907,5225.2300,1999,0.015620,6.722381,21.063859,0.046778,-10.991252,3926672619,30683.12,127975,127975
233,-1445067.9830,798772.0933,717011.6393,139379542.4751,5144.3105,1999,0.015636,6.663413,28.350895,0.046505,-11.074037,3922592704,30683.13,127842,127842
234,-1433216.1749,664137.4112,700365.8365,139658957.1275,5014.8293,1999,0.015607,6.607826,19.293759,0.046010,-11.069490,3930073339,30683.56,128084,128084
235,-1493055.1182,778663.1572,730869.6583,143487898.0952,5093.5979,1999,0.015628,6.821382,17.970316,0.047163,-11.389301,3924856223,30684.03,127912,127912
236,-1482615.3189,768732.0415,722663.3033,142090056.9552,5085.9527,1999,0.015593,6.797081,19.394446,0.047078,-11.275628,3933638642,30683.85,128199,128199
237,-1532742.6038,604006.1156,703194.5021,143090513.4581,4914.3335,1999,0.015658,6.900044,22.610622,0.047901,-11.400237,3917388092,30683.70,127670,127670
238,-1468739.8696,888391.7485,735593.6559,141168782.8876,5210.7388,1999,0.015629,6.786108,22.614489,0.047051,-11.209217,3924578968,30683.79,127904,127904
239,-1549571.1192,682160.8520,725843.0027,145876181.8574,4975.7472,1999,0.015597,6.997701,23.114941,0.048159,-11.600677,3932727822,30684.16,128168,128168
240,-1358333.2326,618127.1680,666469.9836,132671354.5452,5023.4656,1999,0.015672,6.527509,19.883533,0.044849,-10.548461,3913492928,30681.79,127551,127551
241,-1522683.0748,740385.3616,721935.0431,143001067.9519,5048.4591,1999,0.015646,6.884814,22.532031,0.047959,-11.391228,3920303673,30683.47,127766,127766
242,-1516902.4860,807046.9451,734755.3221,143983868.5690,5103.0392,1999,0.015621,6.879091,21.972884,0.047781,-11.435150,3926588439,30683.90,127969,127969
243,-1508668.5284,762754.0487,730202.5694,143958509.5928,5072.3127,1999,0.015653,6.857353,20.629458,0.047541,-11.438409,3918628626,30684.04,127709,127709
244,-1556988.8789,796798.0572,744271.7377,146926428.0604,5065.6083,1999,0.015625,6.993743,23.676241,0.048337,-11.658464,3925687396,30684.54,127937,127937
245,-1554640.0340,860020.3642,751625.3720,146258127.1427,5139.0332,1999,0.015648,6.990872,20.412416,0.048543,-11.639480,3919905235,30684.19,127750,127750
246,-1558907.4511,763699.7190,737641.4467,146464138.2431,5036.3280,1999,0.015617,7.016298,21.419221,0.048420,-11.631474,3927696634,30683.93,128005,128005
247,-1403070.4396,645626.7170,685183.4328,136437737.8078,5021.9495,1999,0.015605,6.533677,20.557827,0.045568,-10.837955,3930447689,30682.89,128099,128099
248,-1469434.5379,943318.9402,740918.9552,140658970.3195,5267.4846,1999,0.015633,6.778809,23.639152,0.047128,-11.183148,3923420279,30683.60,127867,127867
249,-1450727.3567,800652.0737,720528.2911,140092857.9665,5143.2193,1999,0.015569,6.719163,22.904851,0.046742,-11.129525,3939673568,30683.77,128396,128396
250,-1446536.6588,633653.8720,693402.7979,139211753.6767,4980.9214,1999,0.015632,6.696756,21.218415,0.046398,-11.053064,3923733386,30683.65,127877,127877
251,-1543873.1724,887238.9635,751153.0548,145429062.5000,5165.0822,1999,0.015681,7.013441,21.943247,0.048371,-11.563656,3911641741,30684.12,127481,127481
252,-1504329.5960,744893.4197,725698.9472,143560042.1276,5055.0204,1999,0.015624,6.816057,19.086207,0.047528,-11.401154,3925791620,30684.15,127942,127942
253,-1408512.8428,751449.7668,707505.4604,138431669.9397,5110.8642,1999,0.015560,6.561775,21.244665,0.045683,-10.962720,3941885833,30682.84,128472,128472
254,-1435483.6934,924543.4774,736574.0715,139800588.3230,5268.7480,1999,0.015650,6.669436,21.094745,0.046302,-11.094602,3919161916,30683.42,127729,127729
255,-1346735.0105,818071.1092,692611.2218,132410100.6973,5230.8035,1999,0.015628,6.474533,20.055917,0.044781,-10.522381,3924620506,30681.47,127915,127915
256,-1427449.6067,731307.2194,706644.3648,139115633.0047,5079.5468,1999,0.015641,6.642346,21.142592,0.046051,-11.022099,3921393671,30683.11,127803,127803
257,-1437012.0227,700665.2287,706039.9175,139740347.0732,5052.5130,1999,0.015595,6.671988,18.806725,0.046203,-11.087998,3933016428,30683.78,128179,128179
258,-1492198.5538,745960.3257,716892.9251,141347963.0440,5071.8306,1999,0.015659,6.864348,23.931190,0.047370,-11.255404,3917121858,30683.54,127662,127662
259,-1490333.9508,765868.1763,722511.1642,141951044.1279,5089.8616,1999,0.015603,6.771001,19.563757,0.047308,-11.293291,3930887431,30682.97,128113,128113
260,-1389562.3106,790751.0322,704233.6100,136301911.6110,5166.7185,1999,0.015586,6.531028,19.690116,0.045411,-10.810618,3935449827,30683.38,128260,128260
261,-1397271.1996,653472.1301,685733.8899,136217557.1548,5034.1080,1999,0.015578,6.545422,22.235332,0.045325,-10.820641,3937143007,30682.46,128319,128319
262,-1444571.0906,720811.9387,704709.7882,138925217.8957,5072.5836,1999,0.015622,6.705473,19.177903,0.046439,-11.046159,3926107471,30682.78,127958,127958
263,-1507623.7131,627893.3406,708576.4368,143270504.7696,4945.7244,1999,0.015618,6.840651,22.926960,0.047387,-11.384710,3927446379,30683.89,127997,127997
264,-1478544.1829,690500.1562,702816.4334,139979930.6756,5020.8371,1999,0.015590,6.792124,25.607491,0.047078,-11.137891,3934279376,30683.34,128222,128222
265,-1471564.8093,540917.7667,683107.5229,139732848.3196,4888.6681,1999,0.015612,6.753925,19.568248,0.046691,-11.125688,3928616858,30682.73,128040,128040
266,-1494528.0670,430807.6775,680007.8547,142771305.3019,4762.9168,1999,0.015638,6.776097,20.317792,0.046824,-11.326035,3922297714,30683.70,127830,127830
267,-1420675.9249,715526.3595,700272.5605,138015858.0623,5073.8558,1999,0.015621,6.634144,21.481711,0.045938,-10.950936,3926333722,30682.87,127965,127965
268,-1452170.7586,869165.4736,733644.1474,141436295.6300,5187.0996,1999,0.015580,6.744931,21.001960,0.046676,-11.187443,3936943971,30683.54,128308,128308
269,-1466777.9639,912664.1018,740242.5835,141411086.4906,5234.6856,1999,0.015632,6.781045,20.170787,0.047001,-11.225243,3923789067,30683.37,127880,127880
270,-1407026.0046,584220.9134,675135.3612,136015654.6864,4963.6592,1999,0.015639,6.602503,23.412130,0.045621,-10.819026,3921960286,30682.50,127824,127824
271,-1503353.3417,740611.7296,726413.2181,143861104.4801,5049.4067,1999,0.015673,6.872646,24.170690,0.047452,-11.417434,3913709404,30684.21,127548,127548
272,-1510181.6005,753881.3844,729113.7821,144263893.7590,5054.0282,1999,0.015616,6.884826,20.344695,0.047560,-11.442416,3927811270,30684.11,128008,128008
273,-1529732.9538,726969.0424,728010.1277,144881971.6780,5024.8497,1999,0.015679,6.924546,25.683953,0.047940,-11.512731,3912245263,30684.52,127499,127499
274,-1403089.1043,697264.1046,689956.1526,135953637.5878,5074.9371,1999,0.015654,6.559920,21.728722,0.045626,-10.809229,3918037908,30682.54,127696,127696
275,-1440559.4037,586543.7934,682032.5443,137997102.6420,4942.3686,1999,0.015556,6.684039,23.119664,0.046250,-10.971334,3942801204,30683.28,128500,128500
276,-1419310.3152,552954.9801,681851.6263,138583827.2691,4920.1385,1999,0.015613,6.627965,20.641891,0.045579,-10.991486,3928561888,30683.02,128037,128037
277,-1522805.3254,671549.4656,711941.2037,143049251.3277,4976.8957,1999,0.015582,6.937081,28.388822,0.047889,-11.379920,3936254342,30683.19,128287,128287
278,-1494257.2973,748787.9653,722628.9700,142665500.3830,5065.1977,1999,0.015612,6.825387,20.542417,0.047286,-11.332898,3928750126,30684.01,128039,128039
279,-1533110.7488,792261.7952,736335.3427,144782089.9786,5085.8179,1999,0.015619,6.928249,19.133549,0.048001,-11.513284,3927207967,30684.43,127987,127987
280,-1530783.7468,767102.4877,732074.9917,144703013.0778,5059.1551,1999,0.015589,6.905697,17.776484,0.048097,-11.497008,3934591822,30683.86,128230,128230
281,-1542344.7560,794173.9402,741196.2462,146006390.9572,5076.4644,1999,0.015610,6.934108,24.753177,0.048072,-11.593489,3929391228,30684.23,128059,128059
282,-1351193.7181,678796.7640,677835.3670,133328050.0158,5083.9667,1999,0.015591,6.467465,21.218043,0.044653,-10.581620,3933970710,30682.37,128216,128216
283,-1398043.6074,699508.4957,694642.1289,137090521.1098,5067.0325,1999,0.015683,6.516078,19.529929,0.045393,-10.860809,3910923769,30682.82,127463,127463
284,-1468593.6209,773330.8390,719678.8646,140957750.7099,5105.6353,1999,0.015625,6.778592,19.220312,0.046966,-11.200888,3925635078,30683.65,127939,127939
285,-1502275.6056,685501.9495,721246.6338,144262987.2276,4999.5265,1999,0.015588,6.788047,21.165368,0.047192,-11.444385,3934936094,30683.92,128241,128241
286,-1504610.1644,894526.4141,744909.2216,143240936.9524,5200.3934,1999,0.015672,6.848091,22.963676,0.047633,-11.391723,3913643560,30683.45,127549,127549
287,-1373744.6169,636752.5922,683201.9582,135962498.4542,5024.9294,1999,0.015577,6.477621,17.894301,0.044936,-10.773911,3937629869,30682.91,128333,128333
288,-1468838.1868,795594.8229,724611.3561,141198715.1570,5131.8552,1999,0.015616,6.778232,23.745423,0.046939,-11.228287,3927808900,30683.13,128012,128012
289,-1471612.2129,970417.4626,748583.1006,141675193.5743,5283.7980,1999,0.015636,6.746980,19.848360,0.047194,-11.242819,3922767351,30683.54,127846,127846
290,-1576144.6263,789193.5312,750558.9983,149008894.0336,5037.0080,1999,0.015566,6.986048,25.382474,0.048700,-11.794845,3940539275,30684.78,128420,128420
291,-1465795.2683,730730.8006,714199.1727,140953036.0235,5066.9300,1999,0.015571,6.740756,19.149463,0.046654,-11.197359,3939182873,30683.53,128381,128381
292,-1397193.3381,539302.1964,666183.2641,135406731.5497,4919.8681,1999,0.015638,6.553334,22.557424,0.045415,-10.759671,3922090442,30682.80,127827,127827
293,-1470868.8752,783305.9703,719152.0349,140565433.8739,5116.1371,1999,0.015610,6.759910,19.024003,0.046976,-11.179026,3929348523,30682.93,128063,128063
294,-1507268.3714,752855.9702,721081.9453,142513733.0258,5059.7366,1999,0.015632,6.869001,21.485921,0.047620,-11.327948,3923908802,30683.82,127882,127882
295,-1467198.1908,794366.5262,718381.8173,140023801.0020,5130.4265,1999,0.015613,6.796445,22.067925,0.046912,-11.141468,3928503799,30683.29,128034,128034
296,-1436814.8587,880783.5939,726830.1766,138921571.7670,5231.9461,1999,0.015606,6.662147,19.748825,0.046512,-11.043743,3930166344,30683.33,128088,128088
297,-1524549.7241,741586.2450,724867.8805,143612987.1798,5047.3700,1999,0.015557,6.895216,22.790734,0.047864,-11.432716,3942814293,30683.62,128499,128499
298,-1471507.1876,827460.6922,728767.4071,141498733.2739,5150.3458,1999,0.015615,6.770548,25.012179,0.046993,-11.231976,3927940831,30683.44,128015,128015
299,-1410926.4523,701598.0406,697303.1474,137717274.1281,5063.2947,1999,0.015657,6.595456,19.943377,0.045688,-10.917621,3917571287,30683.45,127677,127677
300,-1521417.7988,833524.1435,744703.8748,145386831.5285,5122.2237,1999,0.015622,6.862945,21.681623,0.047795,-11.531783,3926404171,30683.90,127963,127963
301,-1552836.8686,654808.6360,723584.5355,146309877.9753,4945.5617,1999,0.015630,6.954229,20.381060,0.048160,-11.626027,3924400009,30683.83,127898,127898
302,-1499488.9115,712288.1642,723546.7511,144112913.8887,5020.6934,1999,0.015606,6.812680,19.308676,0.047218,-11.422520,3930353584,30684.07,128091,128091
303,-1486772.5317,737180.0649,711348.8065,140500120.4973,5062.9765,1999,0.015589,6.801283,22.903123,0.047366,-11.185074,3934573321,30683.24,128232,128232
304,-1420487.1746,830210.7250,714023.9521,137582279.7955,5189.7959,1999,0.015633,6.659080,19.665338,0.046109,-10.930174,3923297644,30682.40,127868,127868
305,-1357388.7167,572991.3334,671674.5919,135274987.4579,4965.2534,1999,0.015543,6.431023,18.136277,0.044409,-10.701072,3946077388,30682.75,128609,128609
306,-1475296.5947,742939.3040,718325.5180,141655141.7890,5070.9456,1999,0.015600,6.771666,20.959616,0.046896,-11.249630,3931906247,30683.26,128145,128145
307,-1382121.5630,736016.3440,699090.5559,136755643.1057,5111.9686,1999,0.015568,6.499902,18.937955,0.045164,-10.826361,3939732452,30682.32,128404,128404
308,-1485905.0526,990970.8176,761482.6147,144126802.6449,5283.4213,1999,0.015588,6.804810,20.273086,0.047314,-11.408544,3934810317,30684.13,128236,128236
309,-1476071.8482,458311.2857,674120.2978,140157660.2979,4809.7285,1999,0.015654,6.748089,20.238360,0.046639,-11.160478,3918244048,30683.44,127699,127699
310,-1538713.0230,872530.0124,748400.9085,145273517.3025,5151.6678,1999,0.015616,6.972588,21.492683,0.048253,-11.542692,3927766335,30684.00,128007,128007
311,-1463629.7292,781731.4227,719040.6795,140559871.8335,5115.5473,1999,0.015626,6.752757,21.675305,0.046794,-11.167237,3925380786,30683.58,127931,127931
312,-1386698.8358,705446.6127,699288.2327,137575829.5940,5082.9294,1999,0.015602,6.518063,18.416543,0.045246,-10.894126,3931281747,30683.17,128125,128125
313,-1391963.7195,734101.2749,697669.0797,136624289.1780,5106.4791,1999,0.015596,6.540480,24.308317,0.045436,-10.828543,3932880022,30683.44,128176,128176
314,-1412706.8996,682752.2469,694900.5223,137679319.1801,5047.2397,1999,0.015628,6.613900,20.127980,0.045785,-10.922260,3924548712,30682.59,127908,127908
315,-1468476.0342,541662.2007,685338.2633,140414907.7007,4880.8084,1999,0.015564,6.709320,19.714383,0.046644,-11.150034,3940901798,30683.54,128437,128437
316,-1507034.8265,820546.8917,735759.3489,143733834.6028,5118.9016,1999,0.015633,6.834741,20.506246,0.047443,-11.405426,3923514011,30683.62,127870,127870
317,-1513813.7484,890611.6592,746708.4615,144001802.7034,5185.4105,1999,0.015629,6.894600,19.928251,0.047773,-11.440937,3924615032,30683.83,127905,127905
318,-1508824.7492,758615.2478,727207.2552,143603419.2530,5063.9968,1999,0.015609,6.833361,20.715022,0.047675,-11.405165,3929687894,30683.67,128071,128071
319,-1451535.8291,697705.9381,706410.6461,140112923.6140,5041.7237,1999,0.015636,6.707368,20.185038,0.046316,-11.124263,3922878872,30683.69,127849,127849
320,-1504915.0609,626099.1305,707195.2090,142860096.2788,4950.2641,1999,0.015554,6.836104,21.799679,0.047419,-11.364642,3943408908,30683.23,128520,128520
321,-1474026.0764,869634.9628,737521.8404,142157421.0301,5188.0643,1999,0.015637,6.790514,20.205994,0.047118,-11.280028,3922516104,30683.97,127836,127836
322,-1450981.4426,696405.3989,701664.7197,139014703.5838,5047.4137,1999,0.015602,6.714831,18.249261,0.046515,-11.060438,3931188837,30682.69,128124,128124
323,-1377555.9125,729956.9425,690264.4677,134634647.0822,5126.9453,1999,0.015630,6.534900,21.057353,0.045277,-10.708051,3924198237,30682.73,127896,127896
324,-1395544.0376,640571.1447,678378.4471,135185894.6697,5018.1156,1999,0.015596,6.567375,20.618200,0.045603,-10.740123,3932646479,30682.57,128172,128172
325,-1483706.6344,903983.6764,745055.3316,143125912.0750,5205.5936,1999,0.015585,6.808752,21.175723,0.047305,-11.338441,3935687434,30683.79,128266,128266
326,-1534447.3847,820890.7389,743121.0896,145560875.6649,5105.2255,1999,0.015678,6.945719,19.518026,0.048105,-11.557286,3912393239,30684.23,127505,127505
327,-1430890.7573,857175.2442,715774.3658,137424691.6465,5208.4844,1999,0.015611,6.686303,19.203614,0.046483,-10.924067,3928944453,30682.89,128050,128050
328,-1432274.7853,708592.9607,699757.9083,138263508.0621,5061.0455,1999,0.015651,6.678869,19.506716,0.046293,-10.977574,3919069494,30683.17,127727,127727
329,-1417542.6649,823494.6620,717548.9056,138661953.5385,5174.8074,1999,0.015620,6.573415,19.996566,0.046021,-10.985584,3926924562,30683.65,127981,127981
330,-1466752.5845,787863.6758,715354.5388,139697569.4311,5120.7372,1999,0.015621,6.812779,20.889999,0.046956,-11.110291,3926393672,30682.62,127968,127968
331,-1368060.3050,659512.1924,686373.4653,135839250.4947,5052.8361,1999,0.015645,6.462727,19.805811,0.044741,-10.765023,3920401714,30683.27,127770,127770
332,-1438758.6521,622197.5581,690763.7474,139050672.5274,4967.7124,1999,0.015624,6.664501,19.904362,0.046164,-11.023688,3925740512,30683.51,127943,127943
333,-1433348.3744,613057.8651,687457.2700,138153406.6524,4976.0428,1999,0.015657,6.635765,20.130018,0.046134,-10.984929,3917473186,30683.17,127675,127675
334,-1528945.0836,816873.7965,739574.4345,144945706.4241,5102.4239,1999,0.015625,6.898446,19.333165,0.047957,-11.505566,3925469555,30684.03,127932,127932
335,-1414490.4588,658052.9438,684884.6213,136352751.0970,5022.8882,1999,0.015592,6.625505,20.888714,0.045889,-10.831963,3933728240,30682.63,128207,128207
336,-1437697.5198,662697.1870,697523.6709,138837511.4680,5024.0289,1999,0.015677,6.677764,20.201037,0.046150,-11.040865,3912407587,30683.62,127508,127508
337,-1457812.7478,822103.2186,725515.4886,140660013.0171,5157.9370,1999,0.015562,6.759570,20.333402,0.046689,-11.171713,3941546455,30683.54,128458,128458
338,-1386312.4269,934844.8680,722592.6124,136129266.8756,5308.1356,1999,0.015594,6.576424,21.988744,0.045535,-10.793825,3933170971,30682.83,128188,128188
339,-1491986.1195,910025.4323,745488.0486,142752905.9104,5222.2268,1999,0.015581,6.826396,19.534804,0.047429,-11.348490,3936593439,30683.44,128297,128297
340,-1484116.1254,800130.8188,728976.2100,142551920.8981,5113.7593,1999,0.015594,6.792648,19.777388,0.047176,-11.308129,3933421181,30683.83,128192,128192
341,-1423990.7176,477056.2509,666668.5215,137514041.2884,4848.0033,1999,0.015644,6.637754,21.060517,0.045718,-10.928413,3920678629,30683.52,127778,127778
342,-1570974.3519,781472.9246,746628.9264,147692211.7609,5055.3033,1999,0.015637,7.019402,21.085736,0.048554,-11.744783,3922690998,30684.38,127840,127840
343,-1474168.7144,667668.8206,700576.1527,140073922.4792,5001.4745,1999,0.015614,6.748789,20.455166,0.047010,-11.140622,3928290825,30683.54,128026,128026
344,-1432127.9165,658754.5579,696449.6031,138936726.3730,5012.7106,1999,0.015595,6.618336,18.046677,0.046035,-11.022893,3933114732,30683.59,128183,128183
345,-1401449.1267,927845.3104,720717.6355,135976599.2792,5300.3064,1999,0.015610,6.567890,19.399437,0.045971,-10.808586,3929092417,30682.37,128057,128057
346,-1549564.0777,935635.9612,756128.7474,145105631.7071,5210.8849,1999,0.015603,7.013036,19.645631,0.048739,-11.553489,3931066698,30683.17,128118,128118
347,-1481097.5079,978130.9956,748442.5548,141624194.1680,5284.7083,1999,0.015656,6.802174,28.221975,0.047467,-11.244368,3917693834,30683.45,127681,127681
348,-1500879.1983,819317.3657,733277.9724,143011966.0486,5127.3889,1999,0.015627,6.875164,18.958567,0.047628,-11.363157,3925106553,30684.07,127920,127920
349,-1424361.1633,629288.2584,690893.2643,138545948.2158,4986.7446,1999,0.015595,6.639089,20.731128,0.045856,-10.985976,3932926806,30682.84,128180,128180
350,-1466620.3505,706217.8104,712482.3279,141525029.2082,5034.3203,1999,0.015610,6.742146,20.328352,0.046787,-11.220524,3929156337,30683.35,128055,128055
351,-1572569.7357,671229.6541,729512.0524,147351165.8111,4950.8400,1999,0.015590,7.024783,20.640999,0.048566,-11.713558,3934508415,30684.41,128225,128225
352,-1495071.4458,915578.8010,746159.8572,142779380.9847,5225.9637,1999,0.015656,6.827114,21.743166,0.047532,-11.352845,3917692915,30683.93,127679,127679
353,-1497033.1794,502505.5628,680067.2427,140650095.7868,4835.1708,1999,0.015641,6.849094,21.201723,0.047308,-11.201702,3921594360,30683.24,127809,127809
354,-1522657.2597,707022.7129,723703.2198,144445694.4117,5010.2097,1999,0.015588,6.827452,21.510405,0.047725,-11.476870,3934809034,30684.12,128236,128236
355,-1472146.6742,684919.9343,707279.4993,140746359.6018,5025.2063,1999,0.015591,6.743214,22.331796,0.046872,-11.197689,3934186299,30683.33,128219,128219
356,-1439852.6526,821810.9189,712029.8716,137587455.0877,5175.1075,1999,0.015594,6.674563,20.511805,0.046666,-10.953285,3933311718,30682.73,128193,128193
357,-1451035.3823,759405.6314,712001.5881,139750380.3517,5094.8097,1999,0.015547,6.725100,21.413509,0.046585,-11.087774,3945246304,30682.96,128581,128581
358,-1457045.4265,646611.6079,698536.4023,140055382.0695,4987.5727,1999,0.015638,6.734376,20.291586,0.046491,-11.119147,3922367927,30683.53,127833,127833
359,-1437963.0371,697625.4814,707797.0216,140440856.0422,5039.8228,1999,0.015605,6.638226,19.501646,0.046144,-11.119256,3930634371,30683.87,128101,128101
360,-1407503.1716,651193.9510,687437.6899,137088807.8120,5014.5428,1999,0.015592,6.617806,22.564949,0.045667,-10.867405,3933828535,30683.18,128208,128208
361,-1473472.6917,915021.7857,737797.7214,140848701.6352,5238.2288,1999,0.015629,6.776063,18.874925,0.047174,-11.199011,3924609964,30683.31,127907,127907
362,-1404017.3475,718294.3578,699839.1440,137720888.3497,5081.5759,1999,0.015610,6.615543,18.669115,0.045567,-10.909645,3929265831,30682.77,128061,128061
363,-1449701.1779,900616.1827,734440.8026,140392007.6722,5231.3576,1999,0.015603,6.721525,19.494191,0.046700,-11.136060,3931111081,30683.04,128120,128120
364,-1505212.3995,695519.3899,721532.1310,144238435.0725,5002.3569,1999,0.015575,6.832609,26.548255,0.047285,-11.435498,3938268716,30684.30,128348,128348
365,-1440747.2367,598305.9972,685897.5796,138227152.1079,4962.1045,1999,0.015613,6.675458,18.319115,0.046266,-11.003830,3928464580,30682.98,128034,128034
366,-1458004.8761,681764.8081,708293.2467,141025138.4129,5022.4609,1999,0.015676,6.719805,19.148309,0.046504,-11.191828,3912688745,30683.42,127518,127518
367,-1467206.5131,794864.5773,728673.8779,142377575.2068,5117.8978,1999,0.015585,6.754673,20.152775,0.046844,-11.282999,3935510668,30683.61,128261,128261
368,-1435668.5642,739970.1622,712114.0628,139905467.9469,5089.9659,1999,0.015666,6.645348,20.991176,0.046077,-11.096677,3915194423,30683.58,127599,127599
369,-1411064.2599,774845.1514,712521.8303,138873980.6188,5130.7079,1999,0.015634,6.545635,17.025520,0.045713,-10.993390,3923327010,30683.59,127864,127864
370,-1548595.1787,709760.9748,728818.8746,145810841.0925,4998.3861,1999,0.015578,6.982446,23.710034,0.048321,-11.590505,3937616501,30684.48,128326,128326
371,-1435027.0730,719663.9795,705389.3928,139071865.1585,5072.1215,1999,0.015618,6.725428,19.532763,0.046126,-11.040341,3927385042,30683.41,127997,127997
372,-1493373.6157,702813.7011,717071.9883,142850331.8451,5019.7432,1999,0.015614,6.784903,22.663134,0.047290,-11.339460,3928454496,30683.86,128030,128030
373,-1488188.7505,763665.8545,719588.7754,141645586.1754,5080.2061,1999,0.015627,6.768293,20.192293,0.047257,-11.253381,3924949617,30683.33,127918,127918
374,-1585227.2963,685818.7841,729532.0929,147294946.5792,4952.8657,1999,0.015639,7.056101,19.630851,0.048818,-11.710732,3922186771,30684.03,127825,127825
375,-1425557.0230,754223.1713,701800.0234,137153418.6726,5116.8978,1999,0.015630,6.683552,21.153196,0.046164,-10.909897,3924092558,30683.10,127891,127891
376,-1500477.3939,843052.4497,739026.9979,143698987.4074,5142.8824,1999,0.015630,6.855613,21.381655,0.047480,-11.397527,3924366644,30684.29,127895,127895
377,-1549955.4448,577104.8471,710123.4989,145677706.0942,4874.6203,1999,0.015624,6.933866,21.141526,0.048050,-11.576140,3925816177,30684.34,127942,127942
378,-1431070.2452,687994.9236,699207.2090,138362128.6623,5053.4580,1999,0.015672,6.659557,21.365797,0.046200,-11.005749,3913606731,30683.16,127549,127549
379,-1411631.7294,861079.1867,716298.6081,137098053.6724,5224.7176,1999,0.015627,6.605189,20.580030,0.046000,-10.888494,3924988108,30683.15,127920,127920
380,-1452606.9917,857560.3374,731795.6149,140805864.9786,5197.1955,1999,0.015554,6.719423,22.441276,0.046621,-11.183737,3943549662,30683.37,128524,128524
381,-1472501.8813,687285.2985,716112.2097,142834974.8611,5013.5635,1999,0.015585,6.760934,21.391069,0.046728,-11.316747,3935705562,30683.93,128266,128266
382,-1422572.3558,878014.3013,720699.7920,137681931.2296,5234.5270,1999,0.015581,6.686967,21.904240,0.046320,-10.938749,3936498109,30682.70,128297,128297
383,-1480960.4199,935860.5154,743932.9662,142083229.3983,5235.8957,1999,0.015662,6.800575,23.380764,0.047301,-11.259407,3916280831,30684.16,127632,127632
384,-1448175.9389,718598.5080,706096.8251,139646419.6733,5056.3189,1999,0.015615,6.716506,20.513623,0.046419,-11.076188,3928083938,30683.12,128021,128021
385,-1495648.3461,760649.0307,728245.6403,143751322.3578,5066.0100,1999,0.015613,6.814185,19.326364,0.047112,-11.390747,3928532686,30683.99,128032,128032
386,-1400572.1315,952207.9484,734277.7248,138282446.3477,5309.9851,1999,0.015623,6.602425,20.025006,0.045803,-10.949026,3926116021,30683.33,127956,127956
387,-1369062.3444,605429.4257,675300.6605,135105487.9057,4998.3215,1999,0.015608,6.439647,19.648053,0.044802,-10.712786,3929825002,30683.06,128078,128078
388,-1456399.5455,652477.4105,698579.5227,139892571.2393,4993.6856,1999,0.015596,6.695768,20.789707,0.046564,-11.108306,3932923057,30683.53,128177,128177
389,-1363003.6911,691566.1136,681266.8618,134046969.9861,5082.2996,1999,0.015586,6.478511,19.112363,0.045004,-10.627461,3935255329,30682.58,128257,128257
390,-1486875.2760,734577.3569,713548.6529,141061733.2153,5058.4140,1999,0.015664,6.820054,20.188693,0.047302,-11.220885,3915812471,30683.62,127619,127619
391,-1556140.2362,773332.6921,739509.9732,146470348.2795,5048.8715,1999,0.015556,6.979669,21.393848,0.048528,-11.634939,3942899647,30684.04,128500,128500
392,-1465122.2242,632274.0896,704938.3122,142026865.4004,4963.4153,1999,0.015643,6.721264,19.735634,0.046571,-11.249204,3921031966,30683.88,127788,127788
393,-1459509.5433,539898.1131,688032.6843,140933041.9127,4881.9828,1999,0.015619,6.651975,24.595886,0.046453,-11.175269,3927116709,30683.72,127987,127987
394,-1450243.5816,669143.7214,699005.3091,139638636.1397,5005.8159,1999,0.015610,6.641076,18.119067,0.046508,-11.072668,3929161320,30683.39,128055,128055
395,-1451718.6277,723654.6702,710424.0518,140195969.6784,5067.3643,1999,0.015609,6.676866,20.614463,0.046381,-11.132401,3929661442,30683.46,128071,128071
396,-1438928.5813,788767.8643,724695.1837,141455347.4602,5123.1374,1999,0.015565,6.631556,19.531557,0.046209,-11.187359,3940774542,30683.98,128431,128431
397,-1391302.4923,594280.5695,683790.6496,137481552.6598,4973.6902,1999,0.015639,6.493578,22.148785,0.045163,-10.891887,3921961386,30683.47,127820,127820
398,-1522921.9169,788827.4121,733266.3690,144321440.1662,5080.7861,1999,0.015582,6.920749,23.529041,0.047940,-11.459314,3936323284,30684.21,128285,128285
399,-1474791.5218,985513.9048,753149.5336,142219230.2783,5295.6941,1999,0.015639,6.812824,22.654525,0.047182,-11.283827,3921939989,30683.78,127818,127818
400,-1423058.5856,698969.2485,698005.0539,138005208.4543,5057.8167,1999,0.015639,6.614695,19.190013,0.045965,-10.954484,3921917588,30683.37,127819,127819
401,-1486797.8446,475473.9937,681018.6429,141372076.6096,4817.2076,1999,0.015564,6.726934,20.609475,0.046780,-11.244775,3940860072,30683.21,128437,128437
402,-1480900.2579,724130.4867,717327.2935,141860981.5732,5056.5510,1999,0.015615,6.838349,20.549152,0.046945,-11.280180,3928018128,30683.57,128017,128017
403,-1417303.7847,772960.4063,709528.2451,138262444.2445,5131.7496,1999,0.015605,6.592925,23.254017,0.045928,-10.966941,3930434929,30683.27,128097,128097
404,-1428098.9317,632860.3060,690928.8918,138282092.8923,4996.5175,1999,0.015632,6.608158,25.234348,0.046057,-10.986746,3923798352,30683.44,127880,127880
405,-1365609.6083,730930.3938,691465.7834,134922769.5335,5124.9006,1999,0.015635,6.469865,20.896585,0.044892,-10.700355,3923030090,30682.71,127858,127858
406,-1478399.2939,676754.1900,711986.2836,142241647.6745,5005.4699,1999,0.015585,6.735154,21.918168,0.046827,-11.289291,3935600616,30683.83,128263,128263
407,-1360149.5554,716148.4735,686390.4020,134340511.4280,5109.3330,1999,0.015615,6.433673,19.760965,0.044833,-10.647960,3927842307,30682.67,128015,128015
408,-1419951.8124,675898.2983,695655.0469,138039514.4808,5039.5356,1999,0.015609,6.617065,18.440099,0.045850,-10.958518,3929607105,30683.04,128071,128071
409,-1532035.8634,736262.3047,722930.2358,143500403.5279,5037.8272,1999,0.015589,6.939791,23.065502,0.048077,-11.429059,3934453477,30683.26,128228,128228
410,-1486799.0901,832716.7290,730177.8697,141707701.6215,5152.7042,1999,0.015641,6.805580,19.560664,0.047344,-11.269233,3921551484,30683.39,127807,127807
411,-1397931.2655,666113.7975,688677.0997,136663756.6488,5039.2080,1999,0.015658,6.621388,20.120868,0.045368,-10.839885,3917159608,30682.63,127667,127667
412,-1469226.2130,716051.9476,712415.6211,141207706.5728,5045.1610,1999,0.015579,6.720328,20.604122,0.046940,-11.206854,3937072686,30683.35,128313,128313
413,-1486112.6752,924140.2130,746029.5061,142553103.4041,5233.3445,1999,0.015605,6.792980,20.796997,0.047386,-11.319128,3930514804,30683.65,128098,128098
414,-1649468.5324,795303.5256,765080.5365,152673307.3524,5011.2266,1999,0.015626,7.252485,24.143392,0.049887,-12.117952,3925407386,30685.22,127925,127925
415,-1557304.0401,804449.2633,741690.0904,145739902.6999,5089.1353,1999,0.015623,6.998849,21.377606,0.048492,-11.609391,3926002900,30684.12,127949,127949
416,-1505389.9210,761270.4193,721751.9565,142287710.0815,5072.4828,1999,0.015609,6.850284,20.053558,0.047628,-11.318322,3929494051,30683.59,128065,128065
417,-1447626.2324,856673.7627,726882.9409,140019910.2755,5191.2827,1999,0.015647,6.688529,19.062699,0.046640,-11.108556,3920134992,30683.59,127760,127760
418,-1448903.6091,672083.9506,706253.7742,141068849.0875,5006.4474,1999,0.015642,6.641839,18.477871,0.046174,-11.163819,3921403877,30683.91,127800,127800
419,-1475492.8276,689407.6629,704216.1170,140152445.5225,5024.6438,1999,0.015619,6.760405,21.623453,0.046978,-11.153078,3927063191,30683.30,127987,127987
42,-1349999.2729,900030.7285,711087.0536,133977742.8608,5307.5014,1999,0.015617,6.457570,18.792926,0.044841,-10.633007,3927515163,30682.75,128004,128004
420,-1392473.6125,720780.2921,694497.2385,136445364.8285,5089.9291,1999,0.015578,6.529787,21.589623,0.045443,-10.809693,3937310804,30682.81,128323,128323
421,-1412750.6324,869763.2216,726302.6943,139177698.3793,5218.5278,1999,0.015595,6.623606,19.287345,0.045836,-11.012747,3933137693,30683.29,128185,128185
422,-1416699.4923,996088.5589,736503.3099,137514311.1351,5355.8303,1999,0.015617,6.605829,24.739791,0.046343,-10.928323,3927564111,30682.90,128005,128005
423,-1459631.8727,610656.6403,696186.0726,140786955.4045,4944.9615,1999,0.015626,6.739469,21.607980,0.046531,-11.157511,3925317443,30683.56,127929,127929
424,-1421338.9343,567420.9011,681400.3848,138120771.3464,4933.3665,1999,0.015547,6.573778,21.724488,0.045746,-10.962555,3945246197,30683.20,128580,128580
425,-1367115.8601,647931.7771,681587.0873,135197345.9729,5041.4236,1999,0.015601,6.493136,20.274811,0.044742,-10.718578,3931431249,30682.67,128132,128132
426,-1573388.5823,874848.6962,760441.1953,148149022.6807,5132.9478,1999,0.015574,7.004538,20.831734,0.048762,-11.767912,3938471115,30684.44,128354,128354
427,-1493785.6065,761894.9663,718212.5843,141480326.0736,5076.4131,1999,0.015630,6.852496,21.015107,0.047338,-11.247163,3924402333,30683.60,127899,127899
428,-1552443.5361,984726.2892,771229.5709,147075546.6413,5243.7648,1999,0.015643,6.971611,21.333889,0.048539,-11.676009,3921038028,30684.65,127785,127785
429,-1472747.6780,639016.4775,705749.8645,141922766.4800,4972.7742,1999,0.015610,6.770156,20.699364,0.046732,-11.262159,3929230645,30683.93,128055,128055
43,-1520271.9424,758508.7633,733301.0483,145010594.7536,5056.8791,1999,0.015647,6.856193,21.933502,0.047665,-11.510094,3920215883,30684.22,127760,127760
430,-1460013.1856,910421.7688,740944.6339,141444784.4026,5238.4019,1999,0.015580,6.751464,19.397053,0.046729,-11.226112,3936722055,30683.25,128302,128302
431,-1456003.2979,730057.5184,712428.2626,140829431.5498,5058.8024,1999,0.015587,6.737524,24.347773,0.046494,-11.156431,3934932639,30683.17,128244,128244
432,-1455068.5825,806394.8108,728944.4598,142099371.2036,5129.8219,1999,0.015569,6.691257,20.843159,0.046553,-11.243030,3939763038,30683.99,128398,128398
433,-1388675.6537,724462.3443,694577.6837,136025986.8545,5106.2132,1999,0.015621,6.537201,20.041719,0.045330,-10.797173,3926555496,30683.17,127971,127971
434,-1489035.9679,785466.8840,724562.5895,142143283.3942,5097.4100,1999,0.015583,6.804285,21.085792,0.047336,-11.283018,3936149049,30683.80,128281,128281
435,-1517911.4896,739332.1374,721870.5854,143146869.5238,5042.8667,1999,0.015635,6.888725,25.056282,0.047815,-11.383560,3923106523,30683.79,127856,127856
436,-1503452.6050,663379.0207,708083.4314,142041816.7002,4985.0350,1999,0.015623,6.861678,20.415159,0.047402,-11.305111,3926102200,30683.22,127956,127956
437,-1552951.0517,731047.2293,724955.2984,144215961.5831,5026.8728,1999,0.015645,6.995071,25.945474,0.048547,-11.505205,3920678665,30684.00,127776,127776
438,-1408865.7281,830845.8231,718508.1934,138560499.4028,5185.5197,1999,0.015555,6.580067,19.208749,0.045760,-10.969641,3943296285,30683.55,128515,128515
439,-1488200.5130,714028.8527,717719.5024,142614076.4171,5032.5993,1999,0.015623,6.826690,21.872406,0.047089,-11.317801,3926000155,30682.90,127954,127954
44,-1429879.5516,832338.0547,720509.9149,139111190.0080,5179.3814,1999,0.015622,6.648141,26.966561,0.046256,-11.033091,3926356553,30683.29,127964,127964
440,-1570119.7715,888987.6366,762028.9218,148166970.5106,5143.0418,1999,0.015580,7.000452,21.638175,0.048706,-11.757763,3936887119,30684.30,128303,128303
441,-1394391.6188,640099.7919,682544.2077,135927558.4331,5021.3821,1999,0.015586,6.536226,20.626794,0.045440,-10.796047,3935197316,30682.84,128254,128254
442,-1574271.2630,784898.8030,744702.1958,147547809.4362,5047.1925,1999,0.015648,7.020690,25.266983,0.048681,-11.717988,3919953055,30684.56,127750,127750
443,-1419186.4954,801507.7064,712190.1151,137984501.3106,5161.3776,1999,0.015620,6.633809,20.530285,0.045996,-10.955065,3926762562,30683.35,127977,127977
444,-1405773.5324,758618.6800,706096.7257,137932435.5245,5119.1493,1999,0.015601,6.596583,22.956254,0.045632,-10.924523,3931585450,30682.91,128136,128136
445,-1493245.8348,821400.3657,724831.4272,141057673.3963,5138.5466,1999,0.015643,6.816207,22.108744,0.047643,-11.228899,3921027261,30683.61,127789,127789
446,-1400205.5400,685563.8411,690410.3460,136355821.4267,5063.2994,1999,0.015613,6.587958,20.978141,0.045722,-10.832609,3928517366,30682.43,128038,128038
447,-1482823.7685,613687.5206,708626.1299,143378120.1428,4942.3589,1999,0.015606,6.785546,20.178842,0.046600,-11.365645,3930462446,30684.20,128094,128094
448,-1382017.6413,636656.9113,679110.4677,135153649.1333,5024.7291,1999,0.015594,6.452171,19.558482,0.045204,-10.732211,3933396009,30683.15,128194,128194
449,-1373967.6904,856582.8522,707336.2306,134813922.4732,5246.7595,1999,0.015566,6.512897,19.241731,0.045337,-10.704341,3940409186,30682.81,128424,128424
45,-1471620.3142,787080.9100,710505.7822,138277866.7620,5138.2466,1999,0.015593,6.802583,22.837885,0.047232,-11.054792,3933553793,30682.47,128202,128202
450,-1453174.4433,852557.9580,723676.6934,139326157.9130,5194.1194,1999,0.015650,6.734289,21.785235,0.046762,-11.081867,3919252646,30683.40,127732,127732
451,-1418157.9625,837749.2021,726328.8748,139990252.0162,5188.4247,1999,0.015602,6.599272,17.551071,0.045909,-11.081862,3931378703,30683.45,128127,128127
452,-1434162.9953,639135.0234,694133.7074,139244112.8818,4985.0130,1999,0.015582,6.656657,17.863265,0.046143,-11.030966,3936255665,30682.96,128288,128288
453,-1469525.3355,824597.4555,719816.0392,139575442.6785,5157.1826,1999,0.015583,6.828928,18.262333,0.047221,-11.110277,3936009332,30683.67,128277,128277
454,-1472862.5081,761089.7416,717117.5538,140876807.6374,5090.3876,1999,0.015612,6.781151,22.020098,0.046994,-11.195383,3928726163,30683.34,128041,128041
455,-1511975.2380,871232.5627,746873.6738,144731594.1794,5160.4052,1999,0.015568,6.875184,21.119280,0.047665,-11.474673,3939873576,30684.13,128401,128401
456,-1481440.4951,694540.8165,711413.7659,141760013.5495,5018.4375,1999,0.015607,6.799985,19.775212,0.047024,-11.254335,3930048735,30683.61,128083,128083
457,-1519757.3045,658813.7040,710113.6870,142970008.9958,4966.8717,1999,0.015664,6.889364,24.911462,0.047733,-11.371842,3915772498,30684.02,127616,127616
458,-1502258.8528,653812.1675,712955.1371,143547698.6274,4966.6776,1999,0.015600,6.766155,23.832233,0.047225,-11.388102,3932004250,30684.02,128145,128145
459,-1484983.3667,714057.8474,709583.4403,140765130.2868,5040.9035,1999,0.015683,6.824758,21.649513,0.047294,-11.199668,3910877260,30683.17,127460,127460
46,-1377737.6718,730646.1940,698030.9211,136433403.1883,5116.2758,1999,0.015658,6.479708,18.051605,0.045167,-10.814387,3917139067,30682.71,127666,127666
460,-1352590.9390,663002.9853,682293.0198,135069486.5243,5051.4223,1999,0.015630,6.426600,19.912936,0.044554,-10.674940,3924104020,30682.71,127893,127893
461,-1405516.0962,767162.5466,699302.5329,135657295.5996,5154.9202,1999,0.015616,6.616085,18.827870,0.045880,-10.815011,3927607961,30682.28,128009,128009
462,-1442585.0716,750920.0900,710127.8159,139449536.0649,5092.3641,1999,0.015609,6.706089,21.917293,0.046322,-11.061736,3929576157,30683.03,128070,128070
463,-1517857.2719,803206.5470,732773.5810,143756129.0293,5097.3380,1999,0.015649,6.889176,20.721275,0.047896,-11.416360,3919432480,30683.61,127737,127737
464,-1511748.4837,802376.8964,725682.8570,141917342.3771,5113.4192,1999,0.015579,6.927680,21.020538,0.047987,-11.309445,3937211543,30683.48,128317,128317
465,-1492282.0550,907871.7959,749020.5655,144049761.8948,5199.7348,1999,0.015645,6.805517,19.879581,0.047468,-11.402045,3920539689,30684.59,127769,127769
466,-1386487.7549,821234.6727,711468.9060,137022694.0962,5192.3436,1999,0.015597,6.546837,23.218948,0.045452,-10.849086,3932469018,30683.34,128163,128163
467,-1405474.5115,751167.5448,703736.7395,137578481.1039,5115.1658,1999,0.015616,6.566573,20.684978,0.045576,-10.905476,3927851732,30683.47,128012,128012
468,-1422805.5234,710127.7553,699892.8318,138161378.0840,5065.7633,1999,0.015590,6.655291,23.125124,0.046019,-10.959690,3934355392,30682.98,128226,128226
469,-1480173.8834,621340.9032,705861.2088,142675550.3692,4947.3172,1999,0.015610,6.775243,19.864421,0.046756,-11.309099,3929367203,30683.80,128060,128060
47,-1420020.5737,463023.9403,661241.2711,136632611.7338,4839.5567,1999,0.015598,6.621248,20.755754,0.045717,-10.871602,3932220991,30682.60,128158,128158
470,-1542652.5291,667980.8887,725067.9301,146155265.1826,4960.9429,1999,0.015627,6.955496,21.497270,0.047921,-11.603563,3925221011,30684.49,127922,127922
471,-1365066.6575,814452.2166,699801.6407,134363321.5273,5208.2788,1999,0.015596,6.460132,19.041428,0.045167,-10.661741,3932781557,30682.67,128176,128176
472,-1593827.7444,717198.7753,742144.7379,149159162.5396,4975.5223,1999,0.015582,7.066440,21.220223,0.048922,-11.842503,3936425976,30685.01,128285,128285
473,-1348037.2599,563197.4274,656060.8906,131772023.8346,4978.7570,1999,0.015621,6.447963,21.187044,0.044558,-10.486260,3926302492,30681.91,127968,127968
474,-1468009.5709,858911.5582,735387.9394,142032285.4888,5177.6111,1999,0.015640,6.753169,20.697840,0.046891,-11.259191,3921776054,30683.70,127813,127813
475,-1492630.6895,756792.2024,726492.4893,143324844.3920,5068.8525,1999,0.015625,6.794087,21.657949,0.047210,-11.368888,3925468530,30684.02,127932,127932
476,-1481899.7734,863701.1451,738964.0793,142854239.2914,5172.8537,1999,0.015646,6.809214,21.415125,0.047085,-11.324561,3920314915,30684.03,127764,127764
477,-1510464.2395,876246.3858,741485.0091,143303871.3831,5174.2148,1999,0.015671,6.848040,20.352088,0.047888,-11.389212,3914121338,30683.83,127563,127563
478,-1449402.5806,629861.0039,693769.2298,139363840.9548,4978.1150,1999,0.015584,6.704363,19.065922,0.046438,-11.070514,3935877179,30683.36,128274,128274
479,-1543068.3701,606690.8330,709421.5781,144442193.2915,4911.4567,1999,0.015623,7.002125,20.780919,0.048096,-11.500432,3926113795,30684.03,127953,127953
48,-1399114.8599,822394.1537,711783.2037,137078413.4737,5192.5258,1999,0.015611,6.532228,21.743761,0.045617,-10.874569,3928932405,30682.80,128050,128050
480,-1480553.1552,951925.0348,750795.7911,142787027.2922,5258.1513,1999,0.015622,6.832153,21.005682,0.047198,-11.323123,3926300451,30683.81,127960,127960
481,-1436290.1718,656640.7274,694102.6506,138688449.1821,5004.7618,1999,0.015555,6.708902,21.065588,0.046206,-11.002500,3943223253,30683.46,128513,128513
482,-1565455.9693,747202.0477,740297.8840,147344987.0927,5024.2489,1999,0.015670,7.003494,23.323648,0.048396,-11.710027,3914406304,30684.38,127570,127570
483,-1519143.4781,752027.6110,728984.6775,144521668.9592,5044.1203,1999,0.015693,6.873984,22.394648,0.047698,-11.460409,3908616140,30684.21,127382,127382
484,-1467383.0204,806785.1810,723879.3962,140863342.1480,5138.8771,1999,0.015615,6.755386,18.934975,0.046865,-11.194284,3928031905,30683.67,128017,128017
485,-1430855.6006,690231.1568,694895.7624,137639976.2997,5048.6478,1999,0.015607,6.671958,20.811198,0.046282,-10.941753,3929912020,30682.30,128084,128084
486,-1511410.3772,780575.7633,729977.1555,143543811.1156,5085.3962,1999,0.015638,6.840603,22.041590,0.047622,-11.407223,3922237709,30683.71,127828,127828
487,-1511132.6140,582072.7394,697265.1429,142418601.2816,4895.8853,1999,0.015585,6.854818,20.965581,0.047555,-11.319038,3935510992,30683.14,128263,128263
488,-1444994.7088,758967.6784,720987.7096,141661969.4546,5089.4938,1999,0.015653,6.668050,21.038406,0.046173,-11.201538,3918632638,30683.84,127710,127710
489,-1392631.0564,868963.0923,719775.7935,137220685.2472,5245.3884,1999,0.015591,6.499862,18.761610,0.045530,-10.887246,3933993903,30683.03,128214,128214
49,-1481972.9343,611883.6480,698810.4872,141154304.2135,4950.6849,1999,0.015597,6.781653,19.185688,0.046962,-11.232562,3932525584,30683.54,128164,128164
490,-1410243.4057,711351.1218,699574.3686,137762406.0360,5078.1225,1999,0.015623,6.583796,23.445658,0.045795,-10.930040,3925909083,30683.15,127950,127950
491,-1442840.1669,928054.1444,732437.5318,138936862.0068,5271.7293,1999,0.015612,6.750468,19.172035,0.046628,-11.044781,3928615216,30682.96,128039,128039
492,-1524775.3269,648200.3200,713594.0003,144059274.1573,4953.4749,1999,0.015620,6.903349,21.920377,0.047703,-11.448354,3926763395,30684.31,127973,127973
493,-1484782.0695,780812.2090,735340.8781,144602260.7528,5085.2654,1999,0.015621,6.730853,18.319066,0.046911,-11.432187,3926582097,30684.57,127966,127966
494,-1412077.5270,904495.2333,725705.9619,137743523.9788,5268.5305,1999,0.015610,6.571877,21.611902,0.046041,-10.939531,3929353510,30683.21,128062,128062
495,-1469730.4154,651751.7729,707429.2147,142068813.9873,4979.4828,1999,0.015647,6.731807,21.623494,0.046707,-11.256981,3919960138,30683.66,127754,127754
496,-1464250.5636,792333.0518,727526.3029,142060852.4672,5121.2300,1999,0.015609,6.746112,22.289029,0.046738,-11.265967,3929705390,30683.80,128071,128071
497,-1447875.3769,687963.2708,706494.7760,140575310.5186,5025.7387,1999,0.015667,6.685800,20.502814,0.046330,-11.136976,3915064258,30683.76,127594,127594
498,-1458329.3929,587458.1653,687382.8144,139123663.3390,4940.8044,1999,0.015619,6.702418,19.721434,0.046508,-11.075785,3927062660,30682.81,127989,127989
499,-1369431.6288,555367.7298,662790.3031,134059848.2079,4943.9882,1999,0.015628,6.487386,18.518563,0.044894,-10.632580,3924606317,30682.32,127911,127911
50,-1525722.0395,775858.7311,735980.9319,145142051.7638,5070.7629,1999,0.015679,6.914432,18.538596,0.047883,-11.525566,3912069228,30683.86,127496,127496
500,-1422767.8858,676024.7356,696680.9243,138546773.9538,5028.4890,1999,0.015614,6.600741,20.520095,0.045803,-10.977007,3928211278,30683.40,128024,128024
501,-1466924.5810,789328.5113,717699.3504,140097739.2259,5122.8475,1999,0.015615,6.719504,19.389486,0.046823,-11.140283,3928010806,30683.51,128017,128017
502,-1445376.9400,729909.1726,709258.6912,140075338.3331,5063.4087,1999,0.015572,6.654972,20.629985,0.046426,-11.094068,3938968682,30683.54,128374,128374
503,-1349020.3297,733598.8406,681908.9662,132498439.0758,5146.5434,1999,0.015592,6.446954,16.973335,0.044755,-10.533535,3933610614,30681.71,128207,128207
504,-1448798.5172,679039.6116,708350.2781,141151609.1710,5018.3649,1999,0.015570,6.695785,22.689815,0.046306,-11.180717,3939392672,30683.50,128388,128388
505,-1423817.8352,833777.8467,721887.3277,139196087.1811,5186.1180,1999,0.015560,6.642460,18.563465,0.046020,-11.038047,3942000020,30683.49,128473,128473
506,-1434166.9856,694950.7871,708052.4204,140467816.0358,5040.6737,1999,0.015582,6.661173,18.710010,0.045962,-11.120044,3936529540,30683.90,128293,128293
507,-1464266.8926,722050.8059,710764.0545,140392963.5124,5062.6758,1999,0.015608,6.740838,20.245185,0.046727,-11.163329,3929755815,30683.48,128074,128074
508,-1398616.1271,905746.3094,723324.6834,137173403.8773,5273.0680,1999,0.015584,6.604149,22.292600,0.045790,-10.879205,3935845996,30682.88,128275,128275
509,-1508513.0626,679083.8245,712901.5190,142897921.4976,4988.8866,1999,0.015645,6.877364,20.798029,0.047486,-11.352651,3920458267,30683.96,127769,127769
51,-1557393.1375,862763.0819,755986.5842,147359483.8376,5130.2201,1999,0.015583,6.946746,22.321888,0.048523,-11.700360,3936222694,30684.38,128281,128281
510,-1285476.6783,622011.9343,648152.8312,127619689.9779,5078.7839,1999,0.015650,6.242040,19.582390,0.043487,-10.155616,3918873654,30681.16,127729,127729
511,-1512690.2129,732224.7189,720013.3209,143016523.2644,5034.4765,1999,0.015617,6.914578,20.620481,0.047798,-11.361674,3927600644,30683.90,128002,128002
512,-1369380.1722,733182.2455,688803.4476,134323787.6964,5127.9335,1999,0.015622,6.458903,19.448198,0.045029,-10.666276,3926234489,30682.34,127964,127964
513,-1491884.9341,658828.6111,703645.6766,141077603.5069,4987.6498,1999,0.015624,6.803213,21.557772,0.047238,-11.231216,3925718313,30683.10,127944,127944
514,-1430752.5230,753906.1604,709798.1276,138792631.6025,5114.0909,1999,0.015644,6.644566,18.654423,0.046152,-11.030609,3920788284,30683.42,127782,127782
515,-1561623.1676,743493.5726,737357.3151,146838614.6789,5021.5491,1999,0.015638,6.947664,21.677244,0.048513,-11.669601,3922389852,30684.18,127831,127831
516,-1504661.1555,680089.1747,719273.7551,144073669.3858,4992.4026,1999,0.015702,6.877986,22.337343,0.047262,-11.431405,3906298622,30684.32,127306,127306
517,-1427641.9973,810239.0977,721317.5406,139858953.6910,5157.4642,1999,0.015627,6.605425,20.533874,0.045946,-11.079764,3924966983,30683.70,127917,127917
518,-1474785.8535,848614.5111,735856.6093,142605785.2890,5160.0754,1999,0.015629,6.761548,23.291042,0.047033,-11.296828,3924585107,30683.83,127904,127904
519,-1402193.5549,662404.0426,687091.3790,136504322.9387,5033.4771,1999,0.015656,6.560699,17.433079,0.045579,-10.832448,3917761392,30682.78,127686,127686
52,-1466794.8509,801266.2938,730883.3543,142844916.4807,5116.6214,1999,0.015625,6.726124,20.256037,0.046706,-11.300943,3925691736,30684.09,127939,127939
520,-1463723.1271,508811.6959,683918.4110,141011551.3532,4850.0878,1999,0.015601,6.697731,18.642404,0.046285,-11.181460,3931600665,30683.51,128134,128134
521,-1445310.6903,574272.8184,687846.4442,139553828.0602,4928.8970,1999,0.015652,6.675504,21.945885,0.046164,-11.083010,3918844330,30683.33,127719,127719
522,-1432201.5026,998440.9082,735035.1005,137544793.0823,5343.9689,1999,0.015661,6.691051,22.592065,0.046713,-10.932250,3916377656,30682.76,127641,127641
523,-1571057.9525,885909.7337,750375.9307,145639762.9075,5152.2738,1999,0.015625,7.035230,25.461530,0.049032,-11.605303,3925471781,30683.81,127933,127933
524,-1572350.8264,699716.8220,728479.8547,146180962.0654,4983.4113,1999,0.015631,6.993034,23.427762,0.048593,-11.646514,3924109925,30684.20,127887,127887
525,-1419843.8379,550295.4754,678628.3091,138045478.9639,4915.9763,1999,0.015597,6.616967,19.362443,0.045742,-10.952902,3932511110,30683.19,128165,128165
526,-1478847.5560,917323.9894,748706.5330,143157306.2262,5229.9568,1999,0.015582,6.797335,17.580376,0.047033,-11.354347,3936522044,30684.08,128292,128292
527,-1370949.2516,564236.6540,669954.5994,135060128.0606,4960.4173,1999,0.015656,6.453018,19.149462,0.044679,-10.717841,3917767530,30682.83,127686,127686
528,-1543339.6245,811961.3536,740699.8942,145380387.4521,5094.9093,1999,0.015541,6.943426,22.929818,0.048228,-11.556513,3946884259,30683.77,128631,128631
529,-1469239.6768,827034.0795,721270.0803,139899047.1989,5155.6468,1999,0.015633,6.763714,20.093998,0.047062,-11.124647,3923449807,30683.59,127868,127868
53,-1388509.7757,650831.1993,677687.4895,134326863.2373,5045.0630,1999,0.015619,6.530174,21.499356,0.045271,-10.697786,3926767637,30681.95,127983,127983
530,-1393898.6817,648542.3280,683057.5402,135664754.1642,5034.8931,1999,0.015619,6.545420,20.623446,0.045351,-10.786703,3926892723,30682.92,127983,127983
531,-1473854.3691,782780.4826,724153.4960,141675787.7938,5111.3426,1999,0.015576,6.766638,18.325904,0.047078,-11.254393,3937820721,30683.44,128337,128337
532,-1370339.4330,786576.3140,699064.3990,135209752.5166,5170.2217,1999,0.015624,6.493017,20.816976,0.045019,-10.712050,3925615903,30682.78,127942,127942
533,-1560289.3231,783149.1762,745404.4981,147419850.1381,5056.3374,1999,0.015624,6.989580,21.942545,0.048266,-11.704989,3925813315,30684.56,127941,127941
534,-1451781.1243,663401.1080,700413.0959,139665702.5034,5014.9255,1999,0.015677,6.683552,19.556953,0.046550,-11.105493,3912458761,30683.06,127512,127512
535,-1449916.4972,856101.5617,728977.8877,140494416.9513,5188.6609,1999,0.015657,6.674413,20.054503,0.046513,-11.142869,3917612841,30683.54,127678,127678
536,-1442599.8256,544962.0106,685270.2463,139812335.3400,4901.3576,1999,0.015595,6.633394,18.386534,0.045925,-11.095440,3933195947,30683.75,128185,128185
537,-1462249.1124,687867.4111,709662.7426,141288370.3247,5022.7966,1999,0.015539,6.741572,22.691302,0.046474,-11.206513,3947378072,30683.79,128647,128647
538,-1534042.5481,878478.4388,747032.7588,144766541.1162,5160.2584,1999,0.015598,6.935203,29.613166,0.048241,-11.504449,3932349569,30683.85,128157,128157
539,-1556673.3192,709179.8442,731652.2156,146722876.8020,4986.6267,1999,0.015578,6.989176,23.219233,0.048395,-11.645233,3937596853,30684.33,128326,128326
54,-1514238.6562,686241.8912,723843.7061,145087124.6429,4989.0279,1999,0.015613,6.825987,18.914226,0.047563,-11.501847,3928682613,30684.44,128035,128035
540,-1509448.2504,789557.0106,731640.7191,143547351.7831,5096.8597,1999,0.015581,6.888119,22.995198,0.047618,-11.410393,3936747122,30684.16,128299,128299
541,-1439812.0969,689385.9309,702652.6820,139254527.8605,5045.8157,1999,0.015591,6.674917,21.393145,0.046273,-11.066666,3934161372,30683.14,128219,128219
542,-1456489.6223,644600.6227,698776.1062,139951307.0116,4992.9945,1999,0.015608,6.714651,19.942864,0.046479,-11.125478,3929760338,30683.51,128074,128074
543,-1535503.9722,728801.7483,730221.8889,145503831.0012,5018.5750,1999,0.015607,6.918355,20.791492,0.047954,-11.549838,3930158490,30683.99,128085,128085
544,-1413703.8169,714556.1075,698080.9750,137281685.0350,5085.0263,1999,0.015612,6.590596,18.988513,0.045928,-10.909799,3928632921,30683.10,128039,128039
545,-1434413.6260,719421.7663,705087.4122,139071091.1519,5069.9783,1999,0.015611,6.668376,19.423387,0.046290,-11.035612,3928990916,30683.50,128049,128049
546,-1439137.4437,807307.3914,716644.9008,139105321.0557,5151.8152,1999,0.015627,6.678279,19.746920,0.046434,-11.042325,3925015125,30683.12,127921,127921
547,-1494659.1571,645307.6743,705504.9820,142024652.0322,4967.4826,1999,0.015625,6.804523,21.920432,0.047263,-11.286698,3925521891,30683.72,127935,127935
548,-1464809.0223,826963.5492,725296.4620,140863684.2236,5148.9244,1999,0.015583,6.762293,18.764293,0.046837,-11.172287,3936183989,30683.36,128284,128284
549,-1531988.5062,862230.1446,746102.4842,144878270.0534,5149.8578,1999,0.015620,6.932289,22.383681,0.048130,-11.517780,3926940225,30684.49,127978,127978
55,-1391868.5461,761212.1186,691510.9928,134265811.5643,5150.3133,1999,0.015643,6.608037,19.813678,0.045688,-10.693822,3920816693,30681.72,127790,127790
550,-1483735.8352,757354.9316,721593.5343,141997123.6779,5081.7475,1999,0.015624,6.789219,23.731903,0.047079,-11.283832,3925754995,30683.62,127943,127943
551,-1480936.2485,801465.6950,722659.6984,140944436.4394,5127.2666,1999,0.015651,6.830207,24.035528,0.047183,-11.212335,3918985450,30683.47,127723,127723
552,-1480936.3951,853627.4695,737122.8796,142748791.2438,5163.7767,1999,0.015625,6.784622,20.039369,0.047080,-11.316266,3925518208,30684.17,127933,127933
553,-1531658.4381,568719.1809,704398.0519,144260894.9337,4882.8066,1999,0.015674,6.906887,20.187182,0.047794,-11.479600,3913378398,30684.26,127537,127537
554,-1353417.9601,750340.7289,689710.9570,133835200.7912,5153.4346,1999,0.015696,6.460399,17.211165,0.044727,-10.618013,3907657564,30682.95,127356,127356
555,-1526031.6352,765866.3289,737796.7520,146090067.4295,5050.2869,1999,0.015629,6.898095,23.948787,0.047815,-11.569613,3924606516,30684.48,127902,127902
556,-1594466.1761,747434.2859,743862.2289,148592545.6796,5006.0535,1999,0.015613,7.065617,23.999540,0.049068,-11.812490,3928695034,30684.78,128034,128034
557,-1467644.8877,827459.5565,728132.8576,141394100.0356,5149.6693,1999,0.015722,6.745901,21.208541,0.047016,-11.216406,3901478829,30684.06,127150,127150
558,-1492033.0934,851305.5864,737751.4021,143260703.6259,5149.7123,1999,0.015598,6.860896,24.035166,0.047460,-11.349845,3932286209,30683.83,128155,128155
559,-1477605.2381,725880.5644,716153.0296,141947314.6987,5045.2031,1999,0.015572,6.770877,24.495081,0.047067,-11.255769,3938972006,30683.80,128373,128373
56,-1523462.7270,781437.7685,723209.2870,142248563.2012,5084.1237,1999,0.015619,6.940718,21.888961,0.047968,-11.334162,3926980051,30683.61,127983,127983
560,-1432173.2608,802248.2056,722817.8413,140706650.6709,5137.0553,1999,0.015582,6.618946,26.740351,0.046133,-11.124159,3936443204,30683.71,128291,128291
561,-1457671.5996,704154.4705,709445.1523,140806974.1714,5038.4234,1999,0.015584,6.677119,18.322449,0.046475,-11.165694,3935889302,30683.69,128273,128273
562,-1489111.6314,647203.3838,711459.0327,143198133.3441,4968.3541,1999,0.015692,6.814471,23.346422,0.046969,-11.355919,3908863222,30683.50,127393,127393
563,-1536453.6543,916616.2901,754986.5364,145226704.2568,5198.6757,1999,0.015618,6.957959,24.607725,0.048302,-11.548396,3927346179,30684.55,127991,127991
564,-1435985.8648,685992.0516,698118.2959,138437237.0869,5042.8505,1999,0.015581,6.660374,20.077602,0.046209,-11.003556,3936531108,30682.96,128297,128297
565,-1470613.7077,658677.4380,708163.3167,141910301.1341,4990.2178,1999,0.015572,6.736132,20.743278,0.046639,-11.255492,3939003656,30683.57,128375,128375
566,-1495213.8447,829144.5068,740828.2944,144577544.2035,5124.0896,1999,0.015651,6.750111,20.050778,0.047272,-11.438416,3919206193,30684.24,127727,127727
567,-1490813.3646,773981.5758,731467.1588,143970217.1730,5080.6839,1999,0.015568,6.797420,21.609260,0.047126,-11.402467,3940000177,30683.93,128406,128406
568,-1593635.2515,913408.5767,770017.8952,149366109.6352,5155.2383,1999,0.015610,7.089963,21.988788,0.049153,-11.866494,3929359785,30684.46,128057,128057
569,-1483419.4554,819581.5323,731866.7537,142512023.0392,5135.4738,1999,0.015577,6.791362,22.655796,0.047221,-11.310939,3937743348,30683.79,128333,128333
57,-1386084.7746,632823.2647,682665.3248,136162846.5519,5013.5947,1999,0.015575,6.510474,17.758226,0.045222,-10.796178,3937978845,30683.00,128344,128344
570,-1533890.4323,545366.3119,706608.5756,145598950.4372,4853.1159,1999,0.015625,6.934127,19.927404,0.047680,-11.557215,3925574563,30683.89,127936,127936
571,-1371547.2687,674387.0179,685715.9362,135355093.5500,5066.0520,1999,0.015629,6.481390,19.122755,0.044942,-10.735728,3924440839,30682.95,127903,127903
572,-1454026.6731,765663.2255,713856.5758,139933774.8772,5101.3887,1999,0.015629,6.730041,20.664157,0.046522,-11.107231,3924603595,30683.50,127906,127906
573,-1446292.6854,547526.4108,678263.8662,138264432.4911,4905.5556,1999,0.015588,6.680323,19.998181,0.046284,-11.001109,3934711653,30683.36,128236,128236
574,-1583432.1404,798417.7806,747979.0323,147979440.6540,5054.6145,1999,0.015621,7.068303,21.291125,0.048963,-11.755872,3926565725,30684.21,127967,127967
575,-1426200.7065,782524.0203,714764.3082,139114849.1741,5137.9440,1999,0.015633,6.628221,21.266397,0.046094,-11.038107,3923434860,30683.72,127867,127867
576,-1473095.6697,706453.6548,719066.3614,142920878.4417,5031.2199,1999,0.015651,6.763131,20.911309,0.046671,-11.323000,3919190439,30684.12,127727,127727
577,-1369249.5624,684828.0020,683239.7155,134450957.5233,5081.7021,1999,0.015580,6.494757,20.407852,0.045005,-10.678353,3936720018,30682.28,128306,128306
578,-1371048.2566,680160.2719,683531.2190,134822164.1510,5069.8728,1999,0.015607,6.482844,22.082317,0.045048,-10.694310,3930000600,30682.51,128086,128086
579,-1454446.7658,905892.3443,734036.6669,140077377.6185,5240.2228,1999,0.015618,6.736100,18.311741,0.046767,-11.129203,3927415777,30683.65,127997,127997
58,-1439292.8663,716829.9341,694709.8152,136619420.2556,5085.0005,1999,0.015647,6.724358,23.144039,0.046512,-10.905566,3919895693,30682.19,127758,127758
580,-1424927.1019,749265.1217,707930.1159,138781410.6967,5101.0442,1999,0.015543,6.616747,20.487200,0.046072,-11.002636,3946264849,30683.49,128612,128612
581,-1431578.3983,618195.7366,689766.9183,138645380.6798,4975.0444,1999,0.015613,6.642812,18.558496,0.045996,-11.003758,3928519725,30683.41,128034,128034
582,-1483917.7093,894334.8512,743173.2689,143002945.5132,5196.9088,1999,0.015631,6.798008,18.481943,0.047223,-11.330328,3924107163,30684.18,127887,127887
583,-1500468.3787,836973.8899,737690.6983,143532048.4817,5139.5539,1999,0.015573,6.831927,18.451291,0.047475,-11.390673,3938624147,30683.96,128361,128361
584,-1445923.0371,722300.1890,706180.1396,139307610.2212,5069.2144,1999,0.015614,6.680634,21.115489,0.046385,-11.066191,3928199367,30683.06,128025,128025
585,-1437603.3453,662257.4521,694655.9181,138483493.6957,5016.1640,1999,0.015608,6.691407,21.541041,0.046240,-11.001648,3929675049,30683.09,128073,128073
586,-1424617.4339,881457.9318,728284.6728,139459490.6351,5222.1951,1999,0.015583,6.615603,25.743449,0.046184,-11.039730,3936058227,30683.57,128279,128279
587,-1434887.9972,656502.1789,697895.4907,139218257.3332,5012.9595,1999,0.015574,6.638206,18.797723,0.046064,-11.051983,3938207005,30683.10,128351,128351
588,-1391113.0689,863204.0112,716314.1462,136803466.7976,5236.0818,1999,0.015578,6.525642,21.892271,0.045447,-10.846388,3937316953,30683.34,128321,128321
589,-1407103.9117,604664.8739,689455.5844,138776236.9265,4968.1098,1999,0.015623,6.577234,20.003459,0.045444,-10.980140,3926055549,30683.58,127953,127953
59,-1369569.5723,543124.8078,664275.2356,134559715.4599,4936.6576,1999,0.015610,6.461377,21.501301,0.044795,-10.675138,3929123836,30682.62,128057,128057
590,-1473352.1748,755880.3877,722054.5018,142307770.4390,5073.8937,1999,0.015606,6.725226,20.168852,0.046901,-11.274115,3930341510,30683.50,128093,128093
591,-1530862.9125,741241.4009,727871.9349,144569501.2165,5034.7544,1999,0.015627,6.928019,26.570042,0.047972,-11.486617,3925097435,30684.00,127920,127920
592,-1420216.6389,620319.8124,690882.9779,138823130.3374,4976.7137,1999,0.015630,6.673435,23.178726,0.045710,-10.994722,3924177791,30683.53,127892,127892
593,-1569504.7854,843326.3103,750426.8713,146929651.8941,5107.3889,1999,0.015585,7.049891,19.873100,0.048863,-11.681615,3935794815,30684.15,128268,128268
594,-1397746.9497,639019.1807,685235.1588,136656130.8424,5014.3024,1999,0.015683,6.533927,22.552246,0.045422,-10.841241,3910913214,30682.97,127462,127462
595,-1457903.9013,840965.0491,729048.7198,141041863.1852,5169.0236,1999,0.015631,6.717374,19.710683,0.046697,-11.185901,3923940233,30683.59,127884,127884
596,-1554858.9969,871065.9713,751410.2282,146131886.2992,5142.0005,1999,0.015669,7.022146,23.819439,0.048439,-11.616529,3914611354,30684.30,127577,127577
597,-1428506.6685,878735.3224,730921.7894,140020125.6510,5220.1195,1999,0.015602,6.679333,20.785224,0.046199,-11.088725,3931335491,30683.83,128124,128124
598,-1476639.7454,1059917.2288,764760.3216,142642698.7196,5361.3703,1999,0.015630,6.846014,22.771344,0.047331,-11.310003,3924421382,30683.75,127899,127899
599,-1416477.4202,756050.3721,713153.9831,139637496.6516,5107.1811,1999,0.015613,6.612541,22.626072,0.045798,-11.046735,3928574713,30683.84,128034,128034
60,-1547758.8599,573434.1252,713826.1325,146792132.8778,4862.8364,1999,0.015597,6.931633,19.861963,0.047939,-11.630979,3932753308,30684.60,128167,128167
600,-1434381.6444,739814.8513,703186.7521,137943655.7222,5097.6375,1999,0.015644,6.676501,20.696687,0.046301,-10.971874,3920734930,30683.24,127781,127781
601,-1483022.6696,726434.7935,721771.5636,143356033.6581,5034.8182,1999,0.015657,6.794142,21.962788,0.046964,-11.341762,3917539281,30684.16,127673,127673
602,-1456068.1936,743865.6653,711968.3465,140206645.3082,5077.9929,1999,0.015596,6.765035,19.920879,0.046649,-11.125154,3932725012,30683.42,128171,128171
603,-1462867.2622,750300.5549,719939.7864,141700998.5296,5080.6966,1999,0.015626,6.749909,19.147332,0.046659,-11.235778,3925377095,30683.79,127930,127930
604,-1495097.2928,525199.5729,688876.2985,141924706.3449,4853.8152,1999,0.015628,6.781011,20.421985,0.046998,-11.278020,3924751426,30683.46,127911,127911
605,-1411671.0639,970000.2685,733069.0412,137467560.5127,5332.6693,1999,0.015636,6.616305,21.681709,0.046133,-10.919887,3922712383,30683.11,127846,127846
606,-1534144.7730,622601.6471,712525.5260,144720414.1308,4923.4625,1999,0.015666,6.930696,21.404781,0.047826,-11.497970,3915297236,30683.91,127601,127601
607,-1569165.6176,945629.7885,764225.8296,146628344.1682,5211.9925,1999,0.015583,7.081254,23.505487,0.048949,-11.682322,3936020605,30683.76,128277,128277
608,-1397707.3211,620244.7195,684884.7185,137024961.6488,4998.2478,1999,0.015638,6.564982,20.595133,0.045247,-10.870660,3922330498,30683.24,127833,127833
609,-1393406.7665,653036.7744,685753.2295,136215797.5677,5034.3150,1999,0.015583,6.556664,19.082068,0.045379,-10.814846,3935995583,30682.85,128280,128280
61,-1357085.5075,947965.5434,719326.6354,134567420.4470,5345.4739,1999,0.015628,6.424855,19.204032,0.044975,-10.671741,3924687393,30682.23,127914,127914
610,-1445852.8918,834076.4216,726316.3544,140473132.1075,5170.5002,1999,0.015620,6.642381,22.769107,0.046570,-11.138999,3926663630,30683.29,127974,127974
611,-1432595.9518,943249.8856,734492.3224,138785682.0399,5292.2774,1999,0.015634,6.650842,20.932880,0.046421,-11.026427,3923230848,30683.32,127862,127862
612,-1444834.6313,972824.3460,746142.9019,140721442.6144,5302.2687,1999,0.015611,6.741883,21.514931,0.046675,-11.155640,3929091628,30683.80,128051,128051
613,-1473718.6850,601540.3502,705524.1341,143139304.9736,4928.9336,1999,0.015629,6.778637,17.576482,0.046625,-11.329464,3924667399,30684.24,127905,127905
614,-1504920.7828,929389.0215,752354.2482,144167692.1940,5218.6051,1999,0.015595,6.902078,22.542115,0.047619,-11.430710,3933059576,30684.12,128179,128179
615,-1536527.5298,527058.3565,700411.1931,144769701.2746,4838.1062,1999,0.015622,6.908936,22.200499,0.047658,-11.509363,3926433810,30683.89,127964,127964
616,-1485932.7445,671821.8397,705694.1616,141118787.1161,5000.7102,1999,0.015631,6.810925,24.731776,0.047151,-11.225424,3924075557,30683.45,127889,127889
617,-1516052.8247,852654.9215,740365.6132,143869642.9353,5146.0864,1999,0.015660,6.921892,20.078208,0.047800,-11.426496,3916854298,30683.85,127652,127652
618,-1359319.5477,618422.2668,675059.6811,134514009.9585,5018.5083,1999,0.015579,6.449277,19.232108,0.044713,-10.668800,3936908184,30682.31,128312,128312
619,-1448280.5559,811305.6965,721247.8683,140188697.4517,5144.8361,1999,0.015577,6.692968,22.925418,0.046491,-11.115061,3937548688,30683.47,128328,128328
62,-1473328.4848,792010.9590,716524.4831,139939177.2652,5120.2565,1999,0.015613,6.825910,19.623519,0.047143,-11.131773,3928355834,30682.85,128031,128031
620,-1437971.9886,472444.7371,668820.8761,138488199.5071,4829.4431,1999,0.015597,6.661807,18.794926,0.046067,-10.992681,3932489337,30682.78,128166,128166
621,-1422693.1283,695922.9281,695001.9032,137491964.4517,5054.8547,1999,0.015661,6.627715,23.079194,0.046154,-10.918150,3916510947,30683.08,127644,127644
622,-1495050.9504,749958.3097,725491.6230,143567814.8380,5053.3027,1999,0.015581,6.825555,20.813101,0.047284,-11.371572,3936686525,30683.93,128298,128298
623,-1531804.1630,797665.8780,741550.2903,146009929.2453,5078.7662,1999,0.015562,6.895244,23.405686,0.048008,-11.573364,3941622327,30684.13,128458,128458
624,-1418452.3318,618238.0817,687389.8645,138006164.3188,4980.8635,1999,0.015662,6.619913,21.899500,0.045771,-10.946874,3916352897,30683.52,127637,127637
625,-1482140.7091,769853.9853,724141.1624,142387532.8887,5085.7062,1999,0.015598,6.796252,19.909048,0.047047,-11.293235,3932302400,30683.72,128156,128156
626,-1424700.6210,730572.5537,704601.8968,138408680.8913,5090.7349,1999,0.015681,6.623935,21.056747,0.046054,-10.990640,3911469944,30683.01,127480,127480
627,-1506991.1989,609542.9587,710424.5677,144528325.8789,4915.4694,1999,0.015570,6.872801,22.557204,0.047230,-11.443497,3939508843,30684.40,128388,128388
628,-1415021.0719,733852.5531,701489.2595,137576905.1730,5098.8882,1999,0.015641,6.594941,19.030894,0.045790,-10.923335,3921501231,30683.23,127806,127806
629,-1423588.5286,664941.8673,691711.4545,137393718.1578,5034.5202,1999,0.015677,6.588466,21.892136,0.046006,-10.930278,3912575328,30683.26,127515,127515
63,-1449803.4431,664694.9943,695531.4076,138691962.0798,5014.9367,1999,0.015580,6.708966,20.699441,0.046534,-11.031011,3936752681,30683.25,128303,128303
630,-1463498.5109,907361.8026,738057.2685,141131395.9226,5229.5753,1999,0.015579,6.728871,21.984563,0.046907,-11.198399,3937114061,30683.43,128314,128314
631,-1544889.5548,806191.1100,740646.2476,145442325.9166,5092.3708,1999,0.015635,6.972486,23.062801,0.048278,-11.569005,3923024936,30684.35,127851,127851
632,-1384015.5410,598637.2153,666428.6941,133443809.2237,4994.0773,1999,0.015625,6.543881,19.533316,0.045367,-10.630710,3925354988,30682.66,127934,127934
633,-1460517.0695,805607.9834,723900.9093,140757926.0812,5142.8785,1999,0.015621,6.740996,18.713425,0.046714,-11.183994,3926547426,30683.10,127971,127971
634,-1432768.9454,688664.8376,695159.4057,137511018.6596,5055.2997,1999,0.015607,6.625855,19.334103,0.046275,-10.951598,3930012140,30683.08,128084,128084
635,-1489683.2362,825303.6654,735131.8876,143026449.1186,5139.8318,1999,0.015643,6.784016,18.931692,0.047173,-11.356596,3920934243,30683.84,127785,127785
636,-1459667.8766,812377.2016,721992.3354,140333922.0852,5144.8169,1999,0.015609,6.757211,19.686182,0.046778,-11.144330,3929480290,30683.72,128064,128064
637,-1464592.8936,707958.8892,711948.1213,141199421.9238,5042.1461,1999,0.015593,6.716198,18.171436,0.046503,-11.206101,3933475146,30683.53,128195,128195
638,-1442908.3288,677389.6201,704733.4358,140035562.4512,5032.5319,1999,0.015585,6.658063,19.115547,0.046159,-11.122903,3935619554,30683.50,128265,128265
639,-1434733.2556,612514.3615,695504.4088,140092433.7617,4964.6108,1999,0.015644,6.641079,21.405944,0.045968,-11.100103,3920689253,30683.60,127778,127778
64,-1493157.6969,762995.0993,730554.9760,144097405.9887,5069.8690,1999,0.015595,6.777591,20.360450,0.047206,-11.414545,3933061323,30684.13,128179,128179
640,-1447548.0667,806811.4710,714776.7804,138603076.4865,5157.0052,1999,0.015612,6.728078,23.945486,0.046584,-11.032991,3928700087,30683.38,128040,128040
641,-1482663.9484,791964.7656,723500.0344,141534519.4530,5111.8274,1999,0.015589,6.801477,20.871579,0.047142,-11.244218,3934593756,30683.64,128231,128231
642,-1422490.9893,664606.9391,695441.1001,138461098.0205,5022.6461,1999,0.015637,6.593179,21.229608,0.045877,-10.980588,3922397553,30683.52,127834,127834
643,-1422542.6614,722437.6277,705682.2179,138978773.6369,5077.6259,1999,0.015629,6.627485,19.833884,0.045918,-11.017097,3924582077,30683.57,127905,127905
644,-1367905.5980,619386.0010,674373.6987,134275446.7880,5022.3158,1999,0.015633,6.481495,21.851497,0.044874,-10.672854,3923450007,30682.64,127872,127872
645,-1483152.6662,870453.1003,739946.8576,143013247.5815,5173.9742,1999,0.015631,6.776182,21.107351,0.047119,-11.328529,3924064712,30684.08,127886,127886
646,-1449217.0461,664700.5966,701873.3367,140147431.3510,5008.1070,1999,0.015627,6.716518,22.235787,0.046402,-11.118382,3925106253,30683.59,127922,127922
647,-1445365.2549,724018.6422,703930.5515,138580805.9096,5079.5675,1999,0.015625,6.726115,20.178769,0.046460,-11.030821,3925350363,30682.86,127933,127933
648,-1427702.7370,689897.6846,700506.9042,138735569.6888,5049.2235,1999,0.015649,6.634524,18.725989,0.046008,-11.013866,3919455586,30683.55,127738,127738
649,-1435736.5003,657394.0887,701061.2118,140263410.3989,4998.1760,1999,0.015627,6.633218,23.295905,0.046037,-11.095869,3924950827,30683.33,127918,127918
65,-1470183.6164,435470.9250,676360.3818,141645001.4621,4775.0388,1999,0.015646,6.723954,18.337111,0.046302,-11.222209,3920297406,30683.66,127765,127765
650,-1567755.3768,832750.7754,758246.8957,148867646.6203,5093.4297,1999,0.015597,7.014500,20.149511,0.048509,-11.804730,3932628375,30684.82,128162,128162
651,-1391605.9665,755577.5192,695653.0051,135319515.3404,5140.8180,1999,0.015628,6.542581,21.791233,0.045558,-10.760780,3924715714,30682.22,127915,127915
652,-1415821.5443,770109.1791,710175.7783,138381650.6604,5132.0083,1999,0.015579,6.604596,23.013839,0.045854,-10.978361,3936997679,30683.24,128311,128311
653,-1478958.1421,734398.9079,714223.9860,141166981.8771,5059.4266,1999,0.015628,6.802270,19.213882,0.047078,-11.215687,3924826622,30683.32,127914,127914
654,-1533563.4790,897938.3192,756060.1565,145905265.9118,5181.8565,1999,0.015639,6.893468,21.026729,0.048134,-11.592354,3922172493,30684.16,127824,127824
655,-1487327.6963,756750.2973,718192.6499,141495395.3600,5075.7316,1999,0.015655,6.777222,19.391396,0.047314,-11.244718,3917998742,30683.20,127692,127692
656,-1487300.4809,629487.1816,701972.2184,141531612.1425,4959.8263,1999,0.015635,6.794367,24.190486,0.047103,-11.253763,3923046792,30683.56,127855,127855
657,-1436519.1105,693393.3062,696903.3498,138133523.6363,5045.1428,1998,0.015634,6.712162,19.967882,0.046254,-10.973456,3921342019,30683.43,127800,127800
658,-1647030.4429,958062.4026,786799.2012,152613907.1785,5155.4882,1999,0.015638,7.232451,20.823243,0.050266,-12.114380,3922370798,30685.23,127826,127826
659,-1427880.9874,856582.7059,724134.4897,139107759.4666,5205.5650,1999,0.015573,6.629132,21.147204,0.046223,-11.034799,3938602023,30682.60,128366,128366
66,-1411760.5571,847328.5199,721061.7546,138597937.7664,5202.5432,1999,0.015645,6.608038,21.695104,0.045848,-10.979490,3920379366,30682.86,127771,127771
660,-1501986.6343,844078.0432,731148.8178,141873037.8950,5153.5431,1999,0.015584,6.865501,22.925249,0.047725,-11.290533,3935731360,30683.42,128269,128269
661,-1555957.0452,723401.1256,726220.8957,144984514.3589,5008.9549,1999,0.015576,7.005743,21.991770,0.048399,-11.542494,3937849500,30683.66,128337,128337
662,-1461259.2124,907520.9035,735975.0215,140710775.3551,5230.4098,1999,0.015643,6.749174,20.690934,0.047052,-11.165802,3921032530,30683.41,127790,127790
663,-1413223.8148,865233.7572,714649.3138,136592037.9449,5231.9983,1999,0.015629,6.635512,20.425154,0.046168,-10.861156,3924520800,30682.85,127906,127906
664,-1477554.2652,710739.3387,710845.0247,141032445.6513,5040.2942,1999,0.015624,6.771081,20.069771,0.046907,-11.209442,3925766311,30683.71,127943,127943
665,-1481415.1081,773347.9727,723149.4932,141998754.4480,5092.6467,1999,0.015655,6.802229,19.661053,0.047065,-11.271911,3917927929,30683.84,127687,127687
666,-1478961.4732,828782.6681,736011.7297,143316917.2367,5135.5537,1999,0.015546,6.780390,20.199919,0.046993,-11.342934,3945640891,30683.89,128590,128590
667,-1543993.6224,880439.1589,745417.9367,144657987.6134,5152.9677,1999,0.015597,6.932993,21.327839,0.048634,-11.498000,3932513882,30683.93,128162,128162
668,-1542192.3081,799531.7770,739909.9158,145508930.1665,5084.9794,1999,0.015621,7.001123,19.728350,0.048182,-11.566229,3926586307,30684.13,127968,127968
669,-1532801.3922,934000.4748,753885.9958,144754801.7647,5208.0206,1999,0.015608,6.914350,22.993679,0.048185,-11.494633,3930015827,30684.31,128079,128079
67,-1488508.8398,623415.6057,706142.5899,142721898.5615,4947.6821,1999,0.015596,6.815776,25.900704,0.047063,-11.324779,3932734909,30683.74,128170,128170
670,-1488103.9425,517470.8029,682814.4342,140668094.2070,4854.0818,1999,0.015622,6.793913,25.195990,0.047050,-11.195210,3926304836,30683.37,127962,127962
671,-1460664.0960,575214.7473,687108.9898,139574256.1188,4922.8920,1999,0.015586,6.720622,19.850538,0.046598,-11.099181,3935421605,30683.63,128258,128258
672,-1550859.8342,842437.1888,750233.9512,146789972.1855,5110.9346,1999,0.015632,6.938800,20.112587,0.048292,-11.645817,3924003357,30684.56,127882,127882
673,-1468590.7390,925980.0806,743759.3275,141865894.8713,5242.6930,1999,0.015567,6.738443,22.242871,0.047045,-11.252375,3940261987,30683.58,128416,128416
674,-1440312.9168,874679.2506,729461.5187,139899999.5383,5214.1638,1999,0.015661,6.681793,22.911213,0.046333,-11.097384,3916399352,30683.41,127639,127639
675,-1425136.9396,586473.8514,682973.0114,137971982.5801,4950.0848,1999,0.015659,6.624878,22.191847,0.045820,-10.955945,3916810236,30682.78,127655,127655
676,-1469556.9710,705318.3024,709300.5565,140792942.3613,5037.8985,1999,0.015606,6.747427,20.504758,0.046824,-11.183627,3930292706,30683.60,128091,128091
677,-1496052.0758,716383.5557,716376.8925,142429547.0566,5029.6930,1999,0.015608,6.831757,20.057485,0.047381,-11.309610,3929918977,30683.79,128078,128078
678,-1465899.0654,629249.0673,699331.7306,140708629.9324,4970.0699,1999,0.015604,6.724037,21.048621,0.046679,-11.178765,3930791140,30683.42,128108,128108
679,-1483587.0557,770948.5075,725427.4897,142754486.4700,5081.6441,1999,0.015597,6.813507,19.605766,0.047075,-11.312104,3932658534,30684.10,128166,128166
68,-1514674.5293,451140.5889,682626.0179,142879578.9628,4777.6318,1999,0.015610,6.831529,20.601861,0.047457,-11.362629,3929229853,30683.44,128057,128057
680,-1455165.3052,908456.8714,737141.5411,140729533.0657,5238.0018,1999,0.015583,6.766704,17.952728,0.046771,-11.168021,3936091641,30683.36,128281,128281
681,-1608550.6373,729083.1362,738387.2951,148121082.9377,4985.0250,1999,0.015596,7.156615,19.560734,0.049348,-11.796450,3933020428,30684.29,128177,128177
682,-1385720.7349,787256.7510,705872.8098,136661136.4670,5165.1320,1999,0.015640,6.526559,21.416507,0.045228,-10.832320,3921734385,30683.14,127814,127814
683,-1534414.7160,771305.9938,734190.1175,145234866.0033,5055.1919,1999,0.015620,6.917983,26.454024,0.047978,-11.524775,3926978708,30684.56,127979,127979
684,-1527852.9440,712254.8514,729115.4068,145657480.6194,5005.6846,1999,0.015658,6.901157,20.558602,0.047808,-11.551330,3917442292,30684.13,127670,127670
685,-1460134.3033,1064280.0688,753354.7778,139876711.2127,5385.8485,1999,0.015588,6.758920,23.031739,0.047205,-11.114311,3934839721,30682.93,128242,128242
686,-1492014.7225,642303.4883,707538.7727,142525449.1610,4964.2978,1999,0.015590,6.767858,20.321335,0.047046,-11.315531,3934408447,30684.11,128223,128223
687,-1475819.8199,880632.5788,736967.2433,141586459.0023,5205.0687,1999,0.015582,6.773041,21.602174,0.047150,-11.255282,3936479160,30683.75,128292,128292
688,-1337421.2934,867030.7903,698640.2877,132160881.6131,5286.2865,1999,0.015612,6.425707,19.086802,0.044726,-10.498642,3928652941,30682.29,128043,128043
689,-1503191.3736,994724.5455,760213.9711,143892734.3881,5283.1991,1999,0.015596,6.901987,19.068409,0.047748,-11.415806,3932899388,30683.59,128176,128176
69,-1498207.3290,713024.4740,727015.3326,144771536.1842,5021.8113,1999,0.015618,6.816691,24.791100,0.047005,-11.465876,3927497276,30684.29,127997,127997
690,-1428888.4470,701065.4068,694264.9215,137021661.1128,5066.8260,1999,0.015699,6.662933,18.786940,0.046233,-10.909702,3906952301,30682.95,127333,127333
691,-1392738.8117,645521.2792,674576.2025,133970147.1621,5035.2725,1999,0.015680,6.545169,20.947308,0.045582,-10.672944,3911688426,30682.08,127491,127491
692,-1407889.1473,716348.6239,700044.9373,138048730.5144,5070.9987,1999,0.015598,6.587800,20.055425,0.045684,-10.923435,3932209274,30683.23,128155,128155
693,-1409706.6617,862246.1822,712802.1435,136192318.0472,5233.7911,1999,0.015613,6.585315,18.364459,0.045979,-10.834409,3928332626,30682.67,128031,128031
694,-1469136.7061,672135.4466,704828.7357,140828527.9304,5004.8719,1999,0.015681,6.756430,19.954063,0.046903,-11.182319,3911563245,30683.74,127480,127480
695,-1379694.0449,772480.6859,694111.8736,134530446.7364,5159.5151,1999,0.015660,6.539760,20.795098,0.045415,-10.686740,3916593763,30682.29,127650,127650
696,-1461609.4849,778484.6205,718908.2271,140781659.2070,5106.5475,1999,0.015617,6.745142,20.368699,0.046666,-11.167238,3927455136,30683.48,127999,127999
697,-1485450.0399,850473.3346,734654.6163,142336799.7511,5161.3821,1999,0.015621,6.808663,22.378229,0.047282,-11.296282,3926505217,30684.21,127965,127965
698,-1434798.5150,789627.1170,711607.6344,138675185.5686,5131.4706,1999,0.015609,6.673001,20.866000,0.046398,-10.997763,3929441305,30683.42,128064,128064
699,-1468689.7089,848818.6445,723253.3736,139506465.3945,5184.3717,1999,0.015646,6.795015,19.534976,0.047024,-11.111109,3920111529,30682.68,127763,127763
70,-1471042.3801,843688.3286,728527.6862,140896582.6832,5170.6555,1999,0.015593,6.794336,18.820546,0.047180,-11.198384,3933628339,30683.53,128200,128200
700,-1505718.0882,852184.7689,739628.2379,143487417.0061,5154.6557,1999,0.015587,6.883666,24.828152,0.047762,-11.399724,3935108861,30683.83,128247,128247
701,-1597140.7048,696843.4873,736094.2122,148445648.2244,4958.6783,1999,0.015657,7.107419,19.839885,0.048968,-11.802495,3917712264,30684.56,127677,127677
702,-1486172.3673,822711.7316,735412.0178,143382611.1491,5129.0182,1999,0.015605,6.800919,19.406187,0.047034,-11.358866,3930611764,30683.93,128100,128100
703,-1444989.0228,742870.3576,714030.4878,140430155.5277,5084.5952,1999,0.015597,6.707311,19.264067,0.046388,-11.135296,3932578911,30683.72,128165,128165
704,-1405332.9509,849512.4447,719278.3122,138205988.6394,5204.3932,1999,0.015591,6.539337,19.999526,0.045669,-10.938889,3934194684,30683.64,128218,128218
705,-1491210.0742,765955.7028,719210.0895,141605333.4933,5078.9760,1999,0.015647,6.848822,20.089989,0.047379,-11.248791,3920085958,30683.92,127757,127757
706,-1458353.1880,664697.5002,704058.2575,140767243.9251,5001.5773,1999,0.015601,6.745386,19.363792,0.046429,-11.164807,3931607130,30683.32,128135,128135
707,-1489545.5880,627923.8363,706124.4359,142648638.1214,4950.0959,1999,0.015614,6.803837,23.063644,0.047027,-11.318562,3928346975,30683.50,128028,128028
708,-1493477.9059,690426.1901,713289.6914,142464307.4978,5006.7958,1999,0.015626,6.788714,20.592983,0.047205,-11.310040,3925311872,30683.76,127928,127928
709,-1471014.9020,747915.4910,718048.4550,141582406.7017,5071.5938,1999,0.015582,6.755043,18.224891,0.046952,-11.229195,3936503775,30683.70,128293,128293
71,-1448874.1270,733409.4076,710020.8914,139803695.1668,5078.6990,1999,0.015620,6.731126,19.169639,0.046361,-11.103760,3926864097,30683.66,127979,127979
710,-1509927.6789,763391.8715,723273.3067,142828182.4942,5063.9397,1999,0.015599,6.860660,20.563358,0.047717,-11.344002,3932153164,30683.75,128151,128151
711,-1542614.1328,716287.1009,723899.4864,144509900.7621,5009.3418,1999,0.015587,6.967701,20.204713,0.048240,-11.499145,3935116045,30683.88,128247,128247
712,-1436640.8301,527469.0269,679434.4792,139120265.8732,4883.7923,1999,0.015568,6.710030,20.815895,0.045938,-11.036401,3939926259,30683.35,128406,128406
713,-1479441.4415,766659.6850,726687.9789,142983944.8224,5082.3047,1999,0.015608,6.731240,20.395531,0.046925,-11.329596,3929877354,30684.19,128075,128075
714,-1510321.1519,699978.1428,720775.4408,144016780.9641,5004.8018,1999,0.015643,6.881511,23.164706,0.047595,-11.426916,3921023352,30684.30,127786,127786
715,-1378332.4632,742444.9504,693205.2363,135135769.4235,5129.6947,1999,0.015625,6.527771,20.783579,0.045202,-10.726597,3925309578,30682.54,127933,127933
716,-1451562.6860,889584.4735,729579.8083,139626617.0369,5225.2201,1999,0.015580,6.720026,20.720395,0.046814,-11.092548,3936737205,30682.89,128304,128304
717,-1407728.6890,899326.5770,721132.4427,137042594.5177,5262.1044,1999,0.015542,6.590252,22.493367,0.045956,-10.877365,3946503383,30682.72,128623,128623
718,-1461224.5144,860374.4550,730537.1182,140777104.6981,5189.3177,1999,0.015621,6.726748,19.251385,0.046909,-11.177159,3926526672,30683.66,127968,127968
719,-1403964.4366,832432.2292,711792.5494,136881091.3938,5200.0794,1999,0.015652,6.602953,19.194142,0.045832,-10.864829,3918662903,30682.87,127715,127715
72,-1439625.8128,695973.3729,703794.0438,139675841.5695,5038.7672,1999,0.015586,6.695138,18.808981,0.046293,-11.070295,3935393816,30683.18,128259,128259
720,-1483093.6728,888706.2434,740791.6674,142551470.7137,5196.6610,1999,0.015612,6.775249,24.499977,0.047332,-11.305977,3928859260,30683.91,128043,128043
721,-1292114.0953,724348.2218,675009.5348,130700305.1756,5164.5597,1999,0.015645,6.214400,20.026818,0.043454,-10.351224,3920426749,30682.03,127776,127776
722,-1455411.3461,742458.4039,708422.2151,139365736.7264,5083.1878,1999,0.015639,6.783951,20.685008,0.046701,-11.077331,3921934768,30683.02,127821,127821
723,-1413561.9841,808316.6882,713719.2183,137924399.3334,5174.7133,1999,0.015625,6.597040,17.383681,0.045884,-10.953394,3925370063,30683.01,127933,127933
724,-1503347.8314,873646.4190,741278.4113,143156208.1530,5178.1087,1999,0.015590,6.826525,22.610558,0.047688,-11.377651,3934444869,30683.91,128225,128225
725,-1503677.7040,908353.7147,749377.4728,144122121.4702,5199.6006,1999,0.015640,6.820204,20.961431,0.047678,-11.426159,3921934821,30684.22,127816,127816
726,-1426294.3970,607753.3780,690842.9365,139126360.4922,4965.5790,1999,0.015633,6.623702,25.512586,0.045833,-11.028554,3923383255,30683.07,127868,127868
727,-1443608.2007,777939.7813,725751.6022,142295314.5264,5100.3197,1999,0.015638,6.648352,22.241432,0.046166,-11.229930,3922466357,30684.78,127831,127831
728,-1509018.6374,587870.1262,708036.2764,144621504.5540,4895.7883,1999,0.015614,6.762050,22.815078,0.047183,-11.453727,3928304038,30684.12,128024,128024
729,-1566865.5532,882058.3638,763577.7961,148975593.2339,5125.5228,1999,0.015629,6.994493,22.134253,0.048575,-11.786013,3924720384,30684.65,127905,127905
73,-1407561.4496,543515.8709,676828.5489,137589117.4664,4919.2012,1999,0.015581,6.555391,18.094681,0.045438,-10.917927,3936593824,30682.73,128300,128300
730,-1432221.0529,726855.8112,706410.7634,139029237.4635,5081.0231,1999,0.015609,6.620265,21.546727,0.046198,-11.036265,3929625798,30683.18,128071,128071
731,-1461646.4510,707866.6892,708115.4367,140518575.6592,5039.3013,1999,0.015599,6.780476,19.522334,0.046759,-11.148157,3932200984,30683.64,128153,128153
732,-1506560.6199,685415.1267,719779.0896,144287039.9116,4988.5221,1999,0.015647,6.805609,19.904304,0.047329,-11.432422,3920254502,30684.52,127760,127760
733,-1531996.6542,915397.4416,754189.3251,145235187.6374,5192.8829,1999,0.015624,6.908476,19.900357,0.048214,-11.531357,3925752443,30684.08,127941,127941
734,-1414055.3019,748940.3192,705248.4719,137885289.2503,5114.7477,1999,0.015630,6.601024,18.648571,0.045821,-10.946132,3924298924,30683.28,127897,127897
735,-1413441.8110,803186.3722,722937.4500,140440435.3308,5147.6446,1999,0.015570,6.601837,17.881052,0.045553,-11.089343,3939350628,30683.89,128385,128385
736,-1500915.7393,784627.8633,724777.3422,142244628.1061,5095.2880,1999,0.015622,6.883604,19.877302,0.047683,-11.309671,3926228449,30683.97,127957,127957
737,-1537286.3249,926607.2983,757894.6225,145673404.9603,5202.6972,1999,0.015628,6.946526,21.413786,0.048166,-11.571677,3924791300,30683.53,127912,127912
738,-1404979.4064,713976.2387,695516.6220,136795957.8181,5084.3361,1999,0.015656,6.607503,20.031662,0.045638,-10.858929,3917631502,30682.96,127681,127681
739,-1387035.9048,640625.1922,682212.7661,135846363.9932,5021.9435,1999,0.015650,6.586978,19.490024,0.045225,-10.777228,3919123001,30682.87,127730,127730
74,-1417906.2060,616998.9763,680925.6042,136654331.0268,4982.8322,1999,0.015640,6.616459,21.607088,0.045939,-10.858908,3921799810,30682.93,127817,127817
740,-1514307.0904,720799.1669,729167.4988,145062758.1721,5026.5658,1999,0.015564,6.835760,22.472450,0.047391,-11.511098,3940917137,30684.38,128434,128434
741,-1511741.3673,763929.6455,732933.3262,144863848.9889,5059.4633,1999,0.015577,6.860543,19.757316,0.047421,-11.479238,3937663607,30683.89,128330,128330
742,-1384221.5710,540911.8737,668172.8317,135518640.8525,4930.4865,1999,0.015575,6.524739,20.754295,0.045097,-10.760337,3937935587,30682.90,128343,128343
743,-1353669.7680,1033341.8336,734594.8869,135511579.1202,5420.9012,1999,0.015591,6.450984,18.986927,0.045035,-10.717448,3934125994,30682.86,128219,128219
744,-1476322.8555,763064.5422,720500.7045,141650017.5524,5086.4851,1999,0.015646,6.766940,19.173873,0.047084,-11.244616,3920345642,30684.03,127765,127765
745,-1444846.3789,670020.6738,702230.8861,140006973.9175,5015.6851,1999,0.015621,6.691842,21.176749,0.046266,-11.105823,3926437782,30683.69,127965,127965
746,-1585318.0000,924574.2314,771480.9506,149534551.9785,5159.2153,1999,0.015652,7.115229,21.696951,0.049068,-11.851457,3919012241,30684.89,127718,127718
747,-1465196.4397,704054.6787,710432.0072,140976166.7787,5039.3767,1999,0.015644,6.735946,21.034163,0.046722,-11.193325,3920775497,30683.80,127780,127780
748,-1518255.6515,813091.5588,744724.7747,145935273.5047,5103.1170,1999,0.015563,6.868959,21.443801,0.047643,-11.563708,3941236245,30684.47,128444,128444
749,-1472122.6133,766934.0860,726316.5392,142651992.3841,5091.5275,1999,0.015654,6.765091,19.877400,0.046859,-11.310431,3918155166,30683.70,127695,127695
75,-1492393.5924,689590.5335,715526.4787,142759458.4268,5012.1126,1999,0.015585,6.782124,22.761870,0.047155,-11.340262,3935560470,30683.76,128262,128262
750,-1480863.9868,837884.5077,730768.3405,141629916.6892,5159.7032,1999,0.015608,6.809579,20.272379,0.047247,-11.257287,3929911144,30683.49,128079,128079
751,-1497914.9165,599966.3429,703439.9617,142853386.3430,4924.2092,1999,0.015640,6.826271,24.967010,0.047117,-11.347702,3921825493,30684.09,127813,127813
752,-1540385.2725,694112.9857,723567.5278,145087122.6497,4987.1244,1999,0.015559,6.925764,27.101971,0.048144,-11.531021,3942282782,30684.26,128479,128479
753,-1469172.9861,720359.1129,711545.2807,140689100.5399,5057.5722,1999,0.015627,6.750126,19.696039,0.046702,-11.186216,3924958477,30683.39,127918,127918
754,-1518468.0874,677892.5945,718159.7287,144138266.1755,4982.4363,1999,0.015606,6.855941,24.856450,0.047636,-11.445870,3930433352,30683.98,128094,128094
755,-1452864.1473,758241.6219,718786.0738,141366713.4516,5084.5497,1999,0.015604,6.707963,27.673177,0.046447,-11.187051,3930891600,30683.96,128109,128109
756,-1561141.3592,766549.3125,738770.8451,146498662.0222,5042.8505,1999,0.015651,7.017845,22.583379,0.048399,-11.645672,3919067768,30684.84,127720,127720
757,-1614013.8379,900848.2844,776463.7644,151560267.1727,5123.1354,1999,0.015581,7.134575,18.800988,0.049387,-12.015900,3936911492,30684.96,128301,128301
758,-1356826.9743,813544.0012,700146.2078,134158856.6218,5218.7848,1999,0.015642,6.494944,20.831561,0.044857,-10.652757,3921183542,30682.67,127798,127798
759,-1530353.5575,920545.9230,757222.3834,145614256.3640,5200.1940,1999,0.015595,6.925742,24.432422,0.048055,-11.560774,3933077353,30684.26,128179,128179
76,-1575288.5866,871031.2260,761875.7352,148997429.8336,5113.3482,1999,0.015589,7.074342,24.999309,0.048800,-11.798792,3934714413,30684.34,128232,128232
760,-1488568.6059,808423.6438,729570.2155,142516523.8676,5119.1974,1999,0.015625,6.799442,27.540437,0.047221,-11.308977,3925660795,30684.09,127938,127938
761,-1418884.7359,736836.0664,707654.8659,138880264.5678,5095.4314,1999,0.015633,6.610767,21.577240,0.045838,-11.010526,3923549968,30683.66,127871,127871
762,-1391292.4422,653170.1432,688752.2752,136870437.0909,5032.1478,1999,0.015562,6.524521,20.807570,0.045269,-10.852296,3941263842,30683.01,128451,128451
763,-1506648.4223,731593.4657,722953.6266,143390397.5371,5041.8552,1999,0.015640,6.853975,19.461274,0.047483,-11.391918,3921825609,30683.85,127814,127814
764,-1433032.3582,670188.8740,696611.6116,138608031.4076,5025.7666,1999,0.015547,6.642964,19.010610,0.046217,-11.006330,3945099511,30683.02,128576,128576
765,-1427645.4101,589082.5460,686648.7013,138921013.0407,4942.7274,1999,0.015569,6.618278,19.651825,0.045891,-11.007203,3939602404,30683.70,128394,128394
766,-1517356.1514,667970.0843,717950.2588,144106389.5900,4982.0848,1999,0.015561,6.853076,24.640720,0.047536,-11.458858,3941776398,30684.14,128463,128463
767,-1402108.6569,570017.2930,675453.8001,136627799.3575,4943.7509,1999,0.015569,6.541629,19.603367,0.045451,-10.840399,3939578336,30682.79,128397,128397
768,-1478406.2428,593644.2070,693949.3904,140743292.3078,4930.6036,1999,0.015672,6.768867,21.464284,0.046785,-11.192206,3913716865,30683.55,127551,127551
769,-1458370.3834,773573.7643,716587.0513,140262205.6534,5108.9105,1999,0.015629,6.726153,21.407814,0.046712,-11.138195,3924653144,30683.89,127906,127906
77,-1478534.6467,662389.5932,699597.0863,139927806.7826,4999.7002,1999,0.015582,6.782107,20.011486,0.047019,-11.144757,3936351349,30683.23,128290,128290
770,-1470076.3168,640260.1582,701923.0957,141176754.8666,4971.9452,1999,0.015658,6.698784,21.244762,0.046638,-11.201471,3917359599,30683.96,127668,127668
771,-1556606.5362,803809.3808,741462.9107,145815834.9131,5084.9272,1999,0.015675,7.025285,21.119441,0.048510,-11.606181,3913115476,30684.60,127527,127527
772,-1545091.0548,860867.5962,749017.4080,145758057.6415,5138.7719,1999,0.015643,6.945331,21.028707,0.048325,-11.584853,3920976567,30683.93,127786,127786
773,-1567959.3892,760089.0896,742163.2239,147562578.0903,5029.4813,1999,0.015622,7.005800,23.093164,0.048547,-11.716585,3926478167,30684.48,127963,127963
774,-1494539.6092,664419.4652,709002.2344,142378899.4931,4979.6862,1999,0.015607,6.820309,19.954775,0.047284,-11.300368,3929999075,30683.70,128081,128081
775,-1469208.0048,873254.4419,732896.6542,141121680.3697,5193.3668,1999,0.015627,6.801404,20.177796,0.046940,-11.200003,3925037793,30683.30,127921,127921
776,-1463935.3984,497031.0346,686585.2671,141753255.5470,4843.5238,1999,0.015634,6.678433,23.861484,0.046313,-11.240989,3923220800,30683.96,127859,127859
777,-1468823.5114,834689.4362,730690.4963,141675070.3118,5157.5093,1999,0.015649,6.762888,17.572188,0.046942,-11.240414,3919554132,30683.60,127741,127741
778,-1401964.4276,777192.7977,697824.9984,135523842.3489,5149.0940,1999,0.015597,6.564010,19.891506,0.045831,-10.770204,3932402187,30683.06,128162,128162
779,-1528989.1977,778236.0125,737254.3222,145575076.2764,5064.4268,1999,0.015544,6.903723,21.694785,0.047917,-11.544475,3946089417,30683.79,128605,128605
78,-1529022.2960,390531.4945,675211.0105,143116640.3007,4717.9071,1999,0.015626,6.912925,22.353172,0.047455,-11.395368,3925391648,30683.90,127930,127930
780,-1514943.0154,811829.0810,744210.4556,146045605.6303,5095.7401,1999,0.015569,6.845728,23.430261,0.047626,-11.553413,3939732398,30684.47,128395,128395
781,-1564054.0920,841051.6463,749037.9591,146769838.2362,5103.4870,1999,0.015643,7.012562,20.225462,0.048631,-11.655870,3921044832,30684.22,127787,127787
782,-1465353.9423,754018.3246,717825.8642,141307779.9512,5079.8750,1999,0.015643,6.709034,18.440635,0.046827,-11.204895,3920955962,30683.53,127787,127787
783,-1589738.2749,912825.7709,766420.5212,148624362.8800,5156.7624,1999,0.015609,7.037464,24.229681,0.049319,-11.811141,3929728311,30684.70,128068,128068
784,-1333427.8773,774038.2526,691410.5978,133267404.6517,5188.1448,1999,0.015636,6.395904,18.326475,0.044401,-10.561826,3922755098,30682.48,127850,127850
785,-1427366.2247,868102.8227,722890.7988,138633840.8228,5214.3892,1999,0.015599,6.627282,22.566198,0.046351,-10.995496,3931953430,30682.91,128148,128148
786,-1561776.2093,678017.1570,722367.8616,145608394.6873,4961.0317,1999,0.015588,6.982953,20.802627,0.048594,-11.583150,3934965098,30683.66,128243,128243
787,-1440490.6592,847028.3963,721200.4529,138979723.0371,5189.2495,1999,0.015634,6.730674,23.051257,0.046607,-11.034631,3923133815,30683.28,127859,127859
788,-1371854.4028,732838.8447,684596.1009,133073922.4555,5144.4798,1999,0.015623,6.531583,18.016120,0.045322,-10.613728,3925695776,30681.48,127950,127950
789,-1348859.1058,785738.1123,690798.0143,133163624.2278,5187.5880,1999,0.015616,6.478122,23.855102,0.044699,-10.559986,3927780253,30682.67,128013,128013
79,-1433740.9316,901384.3930,732508.6454,139515977.0384,5250.3567,1999,0.015658,6.672518,19.478186,0.046305,-11.078813,3917313413,30683.60,127668,127668
790,-1480640.7654,771947.6303,730881.1501,143547493.3386,5091.5633,1999,0.015667,6.745351,20.382179,0.046885,-11.379165,3915189949,30684.03,127597,127597
791,-1401071.9035,804375.3766,713685.4693,138313613.2318,5159.9076,1999,0.015612,6.569368,24.352052,0.045626,-10.937428,3928838495,30683.50,128044,128044
792,-1462348.6394,809338.8623,718901.1580,139614679.3447,5149.1803,1999,0.015659,6.735271,19.610477,0.046907,-11.112074,3917041284,30683.63,127659,127659
793,-1445492.8333,667906.0316,697386.8458,139010092.4507,5016.8073,1999,0.015599,6.694801,20.823810,0.046297,-11.043418,3932142361,30683.43,128152,128152
794,-1469966.9272,574271.6802,692600.3387,140924250.2282,4914.6995,1999,0.015603,6.760133,18.865944,0.046669,-11.193915,3931008042,30683.19,128116,128116
795,-1486290.8157,778868.4487,730872.9566,143646480.2509,5087.9977,1999,0.015629,6.773354,22.135711,0.047051,-11.376838,3924626462,30684.16,127904,127904
796,-1449208.6359,531519.9619,678196.8112,138786678.0788,4886.6132,1999,0.015667,6.687200,20.581999,0.046319,-11.034626,3915088734,30683.72,127595,127595
797,-1536063.5997,692769.2980,725800.0448,145648612.5654,4983.2266,1999,0.015632,6.952908,21.012992,0.047985,-11.555971,3923949164,30684.38,127881,127881
798,-1510699.7000,737032.6018,727518.7575,144502669.2454,5034.6389,1999,0.015639,6.877148,22.013545,0.047337,-11.451800,3922085478,30684.20,127821,127821
799,-1392209.5046,472144.0574,659606.9412,135654718.6701,4862.3959,1999,0.015589,6.510111,20.616853,0.045154,-10.782066,3934514505,30683.02,128231,128231
80,-1525897.4745,684602.6981,710445.7548,142246096.1854,4994.4833,1999,0.015627,6.922513,20.473693,0.047982,-11.340222,3924974634,30683.52,127918,127918
800,-1452358.1276,789887.3867,713587.2244,138734756.2293,5143.5361,1999,0.015592,6.752111,20.108608,0.046721,-11.055768,3933821122,30682.88,128209,128209
801,-1537394.1669,946874.3995,757837.8834,145013916.5359,5225.9666,1999,0.015609,6.989312,19.751553,0.048427,-11.533918,3929542827,30683.97,128065,128065
802,-1431733.4402,806199.7253,712380.1588,138178790.8777,5155.4957,1999,0.015643,6.649410,20.645634,0.046395,-10.972121,3920758702,30682.46,127785,127785
803,-1508112.2363,751104.0073,730396.4957,144551022.6088,5052.8629,1999,0.015583,6.797873,19.512091,0.047396,-11.461485,3936319286,30684.41,128284,128284
804,-1471468.4010,669015.5604,709895.4411,142210910.4264,4991.8494,1999,0.015572,6.750127,19.848261,0.046731,-11.262757,3938906963,30683.78,128371,128371
805,-1440528.1746,683550.6765,705407.0841,140445777.8415,5022.6293,1999,0.015607,6.660353,20.709370,0.046199,-11.116389,3930099719,30683.53,128085,128085
806,-1373931.3806,729735.6793,694466.0882,135729045.0188,5116.5621,1999,0.015572,6.461569,21.157303,0.045051,-10.759355,3938828147,30682.92,128372,128372
807,-1547924.2515,628145.1078,717363.9735,145775337.9147,4921.0243,1999,0.015588,6.964060,20.522841,0.048049,-11.579338,3934776829,30683.63,128237,128237
808,-1426868.0065,841822.5374,720116.1758,138820209.4825,5187.4016,1999,0.015606,6.666633,21.475472,0.046265,-11.004465,3930200769,30682.64,128092,128092
809,-1512977.5508,867280.6306,742308.9139,143706290.4121,5165.4587,1999,0.015623,6.880340,21.408680,0.047812,-11.421190,3926149274,30683.83,127955,127955
81,-1431115.6147,629711.1169,687744.4089,137750557.5476,4992.6797,1999,0.015616,6.639108,21.362226,0.046087,-10.953927,3927696529,30682.97,128009,128009
810,-1485545.3293,595418.3124,706888.6608,143915004.9122,4911.8482,1999,0.015614,6.747814,21.214038,0.046783,-11.380915,3928456263,30684.35,128028,128028
811,-1441674.3933,748368.1856,709651.7680,139433893.4763,5089.5213,1999,0.015624,6.687262,23.071606,0.046302,-11.058082,3925623167,30683.07,127941,127941
812,-1490992.2177,754182.1800,721133.3543,142153606.9482,5072.9163,1999,0.015635,6.834678,21.030205,0.047194,-11.295874,3923093704,30683.93,127855,127855
813,-1419024.3671,619488.3114,687004.7068,137723107.6254,4988.3038,1999,0.015600,6.560297,20.941595,0.045840,-10.940623,3931785067,30683.27,128141,128141
814,-1468265.5962,775299.9308,720095.6938,141034068.6905,5105.8280,1999,0.015587,6.758118,20.146374,0.046903,-11.202438,3935194061,30683.77,128250,128250
815,-1496987.8647,830045.6688,734465.9205,142976389.0596,5136.9735,1999,0.015621,6.832937,22.442256,0.047521,-11.352805,3926683237,30683.92,127972,127972
816,-1429218.6608,682310.4001,690939.9740,136970650.7099,5044.4381,1999,0.015619,6.649027,19.180711,0.046324,-10.899055,3926983723,30682.92,127986,127986
817,-1489758.3683,910113.2627,744832.1205,142691928.8399,5219.8616,1999,0.015583,6.796810,18.970850,0.047384,-11.334617,3936125818,30683.86,128280,128280
818,-1485281.0079,852881.3363,739763.5171,143378548.8801,5159.5132,1999,0.015600,6.786204,21.704376,0.047156,-11.361842,3931936157,30684.21,128142,128142
819,-1456146.9727,688375.9741,700373.6561,139003249.5409,5038.5416,1999,0.015596,6.750859,18.475304,0.046709,-11.067335,3932767704,30683.04,128174,128174
82,-1469181.1961,797815.4979,720327.2282,140468028.9090,5128.0511,1999,0.015616,6.724297,22.143289,0.046863,-11.165389,3927840028,30683.13,128013,128013
820,-1411911.2823,952501.2582,728674.4631,137185466.9198,5311.6010,1999,0.015590,6.617404,22.401652,0.046027,-10.891777,3934280510,30682.87,128224,128224
821,-1460576.1463,677667.6538,704844.4560,140505706.5600,5016.4828,1999,0.015655,6.768273,17.920598,0.046695,-11.156357,3918026768,30683.90,127690,127690
822,-1540546.4717,1001897.8059,777314.0725,147821268.0910,5258.4725,1999,0.015621,6.938684,22.300297,0.048202,-11.705998,3926601013,30684.96,127965,127965
823,-1505757.4286,1041190.9430,770348.7779,144858768.5163,5317.9299,1999,0.015646,6.870372,18.946583,0.047839,-11.474634,3920396612,30684.43,127765,127765
824,-1499662.5035,844315.7201,733481.7895,142552796.0562,5145.3343,1999,0.015642,6.778498,18.846229,0.047635,-11.317517,3921285726,30683.95,127796,127796
825,-1502401.9847,697439.2054,716899.3919,143227400.4822,5005.3229,1999,0.015582,6.841313,23.565999,0.047305,-11.362526,3936471878,30683.93,128291,128291
826,-1463450.5061,839086.9492,727957.4829,140928134.6157,5165.4518,1999,0.015583,6.766647,24.239931,0.046909,-11.184816,3935921528,30682.99,128277,128277
827,-1479445.4560,848574.7442,733770.9330,142272995.1367,5157.4857,1999,0.015639,6.745148,20.860828,0.047110,-11.276486,3922022063,30683.95,127820,127820
828,-1472636.0014,830155.0714,729364.4919,141800232.7020,5143.6057,1999,0.015590,6.761733,22.506400,0.047095,-11.236758,3934320422,30683.66,128222,128222
829,-1531319.3277,762320.8440,734602.2021,145635381.1051,5044.1191,1999,0.015670,6.886376,24.446678,0.047905,-11.541244,3914340634,30684.59,127567,127567
83,-1465974.2739,839277.9966,729128.1921,141253647.9959,5161.8362,1999,0.015667,6.756506,19.589370,0.046855,-11.204734,3915028986,30683.73,127593,127593
830,-1437141.7133,846700.1650,721422.3011,139104249.7077,5186.1989,1999,0.015604,6.731663,22.026740,0.046466,-11.032342,3930667372,30683.17,128105,128105
831,-1547511.5930,700921.4162,722096.0355,144446207.1538,4999.0654,1999,0.015599,6.955158,26.590978,0.048300,-11.511090,3932146374,30684.18,128149,128149
832,-1360669.7896,670039.0175,679597.5712,133986468.3140,5072.1359,1999,0.015647,6.486523,20.659808,0.044882,-10.639358,3919887534,30683.09,127754,127754
833,-1441052.6246,758006.8550,718545.7124,140998172.9244,5096.1349,1999,0.015576,6.666337,23.684129,0.046226,-11.162876,3937968527,30683.64,128341,128341
834,-1421212.0905,715336.7608,704009.9438,138722114.7698,5074.9655,1999,0.015581,6.602673,22.953460,0.045933,-11.003611,3936716823,30683.45,128301,128301
835,-1446450.0910,691434.7091,705707.7253,140035766.0684,5039.4820,1999,0.015556,6.688018,21.998654,0.046239,-11.117046,3943005478,30683.43,128506,128506
836,-1491948.2437,790272.2702,728692.9431,142988772.0154,5096.1550,1999,0.015566,6.789680,21.085639,0.047358,-11.336739,3940396750,30683.67,128420,128420
837,-1485413.0728,742041.6472,719474.5872,142161079.3916,5060.9815,1999,0.015589,6.797476,21.418523,0.047137,-11.285796,3934699314,30683.74,128234,128234
838,-1448431.7614,695618.1764,703250.7625,139567676.7839,5038.7796,1999,0.015659,6.692035,19.270160,0.046369,-11.079277,3916922675,30683.42,127656,127656
839,-1539228.5361,679610.4028,732865.4214,147559196.3574,4966.5859,1999,0.015613,6.893549,19.792090,0.047788,-11.684343,3928643970,30684.86,128032,128032
84,-1528612.6543,817979.9472,732672.7096,143430117.6520,5108.2208,1999,0.015658,6.937906,20.659172,0.048272,-11.408564,3917335756,30683.77,127668,127668
840,-1479307.4239,673815.2010,713930.1031,142672430.2431,5003.9808,1999,0.015637,6.763096,21.133782,0.046714,-11.323123,3922542185,30683.93,127837,127837
841,-1481979.9274,587867.8154,699996.8588,142253510.5478,4920.7704,1999,0.015621,6.784178,20.170853,0.046762,-11.293019,3926447377,30683.76,127965,127965
842,-1484727.7409,772255.2926,726002.5106,142744000.4311,5086.0457,1999,0.015642,6.767579,21.202538,0.047081,-11.319161,3921182074,30683.86,127793,127793
843,-1556020.8521,734608.1528,740158.6166,147857576.6113,5005.8890,1999,0.015607,6.964366,21.902233,0.048254,-11.714794,3930286283,30684.75,128086,128086
844,-1515724.6316,742562.5438,725306.3188,143740584.2634,5045.9397,1999,0.015648,6.831784,21.414608,0.047691,-11.420976,3919831367,30683.61,127750,127750
845,-1431980.2294,727779.9213,708923.6861,139373456.8497,5086.5043,1999,0.015644,6.610432,21.681283,0.046136,-11.068829,3920762809,30683.70,127780,127780
846,-1443964.7931,932793.5220,742858.1061,141091921.4354,5265.0648,1999,0.015632,6.683533,20.631094,0.046495,-11.181728,3923746085,30683.99,127876,127876
847,-1468031.8935,783857.0224,718009.0391,140315513.1701,5117.1038,1999,0.015615,6.785495,18.348526,0.047064,-11.157618,3927974935,30683.23,128017,128017
848,-1487456.0259,771494.8068,722195.7094,141818795.2771,5092.3836,1999,0.015613,6.796961,22.339754,0.047261,-11.273107,3928503051,30683.76,128032,128032
849,-1446880.0885,756148.6581,708307.2348,138665148.1835,5108.0408,1999,0.015614,6.730530,20.247704,0.046552,-11.034799,3928236740,30683.36,128025,128025
85,-1545875.9594,740079.2159,730961.5306,145453759.5222,5025.3877,1999,0.015658,6.965167,25.230170,0.048253,-11.559075,3917368713,30684.03,127668,127668
850,-1492208.5805,646979.4298,707936.8468,142509144.2898,4967.6591,1999,0.015602,6.767733,21.094623,0.047102,-11.312977,3931426605,30683.83,128127,128127
851,-1482678.4540,835148.3839,727624.3447,141218091.9043,5152.4867,1999,0.015630,6.862250,23.548797,0.047219,-11.222049,3924245654,30683.58,127894,127894
852,-1539516.4078,810942.4914,742496.6721,146070378.0370,5083.1434,1999,0.015607,6.946072,22.526486,0.048103,-11.575928,3930056440,30684.15,128081,128081
853,-1405523.0401,800058.6625,709621.4256,137322501.2757,5167.5539,1999,0.015586,6.596835,19.885016,0.045755,-10.896881,3935190634,30683.03,128253,128253
854,-1435581.8952,751899.9266,715564.6719,140571988.3175,5090.3788,1999,0.015639,6.651518,19.305254,0.046095,-11.122582,3921994872,30682.77,127824,127824
855,-1345059.0643,581618.6280,663179.7780,132969359.4212,4987.4631,1999,0.015700,6.426037,19.856093,0.044439,-10.545645,3906622750,30682.53,127324,127324
856,-1536652.9872,1000091.1100,768772.3589,145846674.1147,5271.0997,1999,0.015634,6.961152,22.404495,0.048360,-11.585255,3923399376,30683.68,127866,127866
857,-1506695.2515,780657.3742,726252.9546,142654585.9184,5090.9892,1999,0.015602,6.832272,21.573208,0.047637,-11.347502,3931233126,30683.51,128122,128122
858,-1500615.0104,551654.5497,694469.4511,142519512.5337,4872.8026,1999,0.015658,6.840512,21.651706,0.047167,-11.317149,3917366359,30683.77,127669,127669
859,-1545662.0693,867952.2434,747818.6245,145691954.0417,5132.8752,1999,0.015691,6.974549,21.912434,0.048405,-11.556232,3909059056,30684.32,127396,127396
86,-1458268.8098,756626.2956,712458.7972,139828820.3440,5095.2214,1999,0.015622,6.737087,18.120375,0.046716,-11.112417,3926243803,30683.37,127960,127960
860,-1512062.1706,820720.2669,734998.9710,143609616.2242,5118.0345,1999,0.015627,6.797790,21.050088,0.047730,-11.404542,3925089870,30683.94,127920,127920
861,-1387734.6516,616166.7692,677374.9893,135366876.8413,5003.9936,1999,0.015628,6.549412,22.858788,0.045358,-10.756825,3924769890,30683.36,127912,127912
862,-1571897.0906,909563.6016,767239.5940,148734680.0859,5158.4445,1999,0.015654,7.042245,19.808393,0.048789,-11.795563,3918477931,30684.79,127701,127701
863,-1441209.2109,674466.3300,698579.6682,138990879.5011,5026.0828,1999,0.015660,6.661359,21.445927,0.046296,-11.040498,3916648671,30682.96,127649,127649
864,-1504948.2782,597211.2467,698827.2391,142126571.5983,4916.9359,1999,0.015621,6.813197,21.813236,0.047436,-11.301976,3926668446,30684.05,127971,127971
865,-1409986.8781,660644.2478,698818.1016,139234240.7710,5019.0104,1999,0.015646,6.556054,19.419487,0.045508,-11.011635,3920240208,30683.69,127763,127763
866,-1434294.5304,794817.8711,719116.6823,139742150.4323,5146.0256,1999,0.015618,6.642628,18.304100,0.046195,-11.090468,3927210205,30683.25,127992,127992
867,-1495588.0657,800191.3661,726396.5375,142038973.0747,5114.0650,1999,0.015574,6.849734,21.065005,0.047417,-11.293027,3938276030,30683.64,128351,128351
868,-1498417.6854,756165.6865,725245.9636,143149046.5302,5066.3695,1999,0.015622,6.840685,21.319531,0.047294,-11.363051,3926291972,30683.98,127959,127959
869,-1362388.9828,791880.7093,699871.7460,135091455.9092,5180.7255,1999,0.015585,6.462998,24.143904,0.045007,-10.698850,3935592649,30683.29,128265,128265
87,-1477029.4439,832456.2713,730999.3029,141801926.3982,5155.0731,1999,0.015550,6.803080,19.207672,0.047142,-11.264060,3944249688,30682.85,128549,128549
870,-1482988.5241,903209.1428,741330.9526,142128112.1631,5215.9347,1999,0.015587,6.849092,21.266887,0.047224,-11.286685,3935050637,30683.61,128246,128246
871,-1451855.7833,664968.1695,703684.7728,140651832.9505,5003.0260,1999,0.015618,6.713739,21.969839,0.046397,-11.148141,3927209732,30683.48,127991,127991
872,-1387828.3908,510851.7864,663914.3802,135553234.2500,4897.8129,1999,0.015683,6.495772,16.536440,0.045123,-10.763497,3910857793,30682.54,127462,127462
873,-1520996.2047,892648.1253,747064.6707,144184170.1088,5181.3224,1999,0.015635,6.900360,27.140986,0.047924,-11.454597,3923016423,30684.28,127851,127851
874,-1602779.1675,830765.5974,760906.9777,150200004.8428,5065.9584,1999,0.015582,7.099999,22.300262,0.049251,-11.910421,3936485300,30684.27,128290,128290
875,-1421687.5479,612954.9511,690236.6365,138767547.0223,4974.0494,1999,0.015588,6.600048,22.061369,0.045704,-11.002415,3934903556,30683.42,128242,128242
876,-1452265.7951,806472.5581,722389.7240,140735108.0110,5132.9745,1999,0.015648,6.691542,20.040838,0.046554,-11.147046,3919771395,30684.10,127746,127746
877,-1502430.2263,684305.2012,717511.1477,143752332.5146,4991.3009,1999,0.015623,6.794764,18.681953,0.047388,-11.396006,3926196393,30683.96,127956,127956
878,-1413933.7879,688231.3458,703889.5309,139467833.3543,5046.9668,1999,0.015581,6.582695,20.101501,0.045563,-11.038463,3936604772,30684.01,128295,128295
879,-1382955.8045,694085.6061,684739.9135,134729355.3654,5082.3364,1999,0.015640,6.527985,19.446391,0.045410,-10.707254,3921608633,30682.63,127812,127812
88,-1446585.1106,778216.6148,712005.5587,138829143.0918,5128.6462,1999,0.015586,6.682994,19.837107,0.046582,-11.045309,3935381847,30682.85,128260,128260
880,-1510163.9914,817830.8703,734940.4162,143472667.2686,5122.5117,1999,0.015636,6.847372,20.443517,0.047773,-11.405534,3922781491,30684.13,127844,127844
881,-1478115.4666,694978.7517,714959.8688,142582604.5339,5014.3555,1999,0.015567,6.756374,20.765306,0.046798,-11.295970,3940163710,30684.24,128410,128410
882,-1539590.1307,766496.4333,735038.4248,145541008.6671,5050.3870,1999,0.015596,6.951259,22.645344,0.048079,-11.554673,3932981416,30684.47,128175,128175
883,-1406697.5172,615396.8963,684520.3552,137194830.1610,4989.4034,1999,0.015661,6.586404,21.248143,0.045648,-10.890773,3916396919,30683.15,127640,127640
884,-1569966.8683,765007.2956,740797.2143,147047958.1445,5037.7933,1999,0.015657,7.020315,23.714467,0.048562,-11.692562,3917598123,30684.38,127674,127674
885,-1464526.0329,669038.6703,702793.9739,140284160.1465,5009.7885,1999,0.015650,6.747290,19.381350,0.046675,-11.151522,3919197941,30683.22,127731,127731
886,-1558608.0465,808562.0516,745225.4373,146758855.5206,5077.8908,1999,0.015669,7.005448,21.075676,0.048549,-11.653365,3914683157,30684.63,127578,127578
887,-1541666.9376,751677.3396,740761.7242,147186495.6159,5032.8104,1999,0.015609,6.928223,23.303404,0.048010,-11.665093,3929720804,30684.64,128068,128068
888,-1390468.0052,757593.7952,700064.2571,136451391.6006,5130.5029,1999,0.015522,6.527557,22.541703,0.045390,-10.815573,3951433436,30682.64,128784,128784
889,-1524829.1981,823308.2361,740959.3630,144869432.7366,5114.6701,1999,0.015608,6.929800,23.209304,0.047903,-11.505185,3929848940,30684.21,128074,128074
89,-1428397.1947,624337.4688,685747.7544,137623219.7972,4982.7911,1999,0.015647,6.618602,21.527856,0.046095,-10.931473,3920004127,30683.04,127758,127758
890,-1428357.5753,710979.8591,701629.7701,138700852.2695,5058.5830,1999,0.015621,6.642909,22.206154,0.046224,-10.992615,3926542047,30683.54,127969,127969
891,-1410070.5594,738610.0314,695572.2041,136196221.6440,5107.1329,1999,0.015564,6.585511,20.781025,0.046004,-10.824629,3940826026,30682.47,128439,128439
892,-1501095.0172,770150.8029,728497.0557,143297962.3544,5083.7921,1999,0.015635,6.846656,19.983812,0.047399,-11.387258,3923075968,30684.27,127853,127853
893,-1418899.4625,706033.0921,702277.0609,138605471.2727,5066.7341,1999,0.015619,6.646213,17.855998,0.045794,-10.992595,3927073870,30683.86,127985,127985
894,-1483701.4234,960572.7718,753686.4394,143310507.2228,5259.1150,1999,0.015580,6.766449,23.221748,0.047268,-11.352471,3936990649,30684.15,128307,128307
895,-1362207.9404,785916.5367,698695.8570,134884102.6500,5179.9719,1999,0.015630,6.486550,18.909963,0.045011,-10.693135,3924131511,30683.17,127892,127892
896,-1453246.5361,645719.9528,695879.3265,139597681.0404,4984.8917,1999,0.015588,6.695444,21.446884,0.046439,-11.077167,3934716952,30683.40,128236,128236
897,-1439260.9477,845637.5264,725244.8540,139999461.4278,5180.3403,1999,0.015646,6.674940,18.267772,0.046441,-11.090895,3920382502,30683.60,127768,127768
898,-1450963.9866,623682.1075,697990.8693,140482129.6852,4968.5385,1999,0.015645,6.684522,17.585417,0.046284,-11.143054,3920575798,30683.91,127773,127773
899,-1446839.3984,759251.5865,714065.5102,140138938.7661,5095.4111,1999,0.015668,6.665791,20.864253,0.046533,-11.109775,3914775443,30683.42,127586,127586
90,-1430410.3195,375080.4584,656062.4678,138293130.6408,4743.9990,1999,0.015624,6.637287,19.021396,0.045599,-10.979018,3925764967,30683.46,127944,127944
900,-1450196.1008,786760.1488,721163.1948,140660071.6562,5126.9929,1999,0.015582,6.693929,19.019654,0.046548,-11.162836,3936425456,30683.33,128292,128292
901,-1522085.1052,761833.5874,735480.6668,145511624.6141,5054.4461,1999,0.015599,6.855907,20.085853,0.047603,-11.537025,3932145521,30684.17,128149,128149
902,-1459417.1657,817079.9065,722210.1059,140129565.7885,5153.8739,1999,0.015674,6.781578,19.151142,0.046801,-11.138174,3913161060,30683.76,127532,127532
903,-1407859.2114,726352.9449,705280.8153,138391552.4225,5096.2707,1999,0.015596,6.558210,19.383235,0.045637,-10.976614,3932964379,30683.61,128178,128178
904,-1505180.2974,911105.3209,751687.4772,144350229.9025,5207.3868,1999,0.015632,6.874849,20.272561,0.047633,-11.455341,3923968388,30684.29,127882,127882
905,-1448166.7646,831012.7657,723409.7665,139973771.8783,5168.1808,1999,0.015642,6.736660,22.183806,0.046601,-11.109065,3921355569,30683.53,127800,127800
906,-1441026.8958,814780.2410,718813.9501,139453729.6032,5154.4979,1999,0.015657,6.659545,24.824854,0.046402,-11.061520,3917406951,30683.61,127671,127671
907,-1524791.5349,746134.6392,728401.9617,144479201.1181,5041.5697,1999,0.015609,6.903611,20.134007,0.047863,-11.473348,3929632277,30683.95,128068,128068
908,-1488693.5178,653752.1133,705427.9838,141677470.4481,4979.1119,1999,0.015629,6.824999,23.363634,0.047194,-11.259675,3924548287,30683.55,127904,127904
909,-1512548.8189,657581.1961,721018.3768,145254378.8907,4963.8323,1999,0.015650,6.863811,19.441112,0.047374,-11.511383,3919296997,30684.47,127729,127729
91,-1473272.4215,683640.6062,702937.2071,140046173.5836,5019.3246,1999,0.015605,6.790114,21.124691,0.046842,-11.141021,3930603971,30683.39,128102,128102
910,-1447396.6791,620983.0098,690974.2237,139085292.0011,4967.9892,1999,0.015616,6.691362,20.594629,0.046449,-11.045125,3927719971,30683.15,128009,128009
911,-1501741.7550,738554.8001,722535.9575,143175196.8789,5046.5162,1999,0.015603,6.840272,19.814844,0.047537,-11.364594,3931100872,30684.16,128115,128115
912,-1441260.0751,899854.8366,735110.4488,140310734.5946,5239.1604,1999,0.015644,6.723073,20.672616,0.046541,-11.130781,3920634976,30683.42,127777,127777
913,-1474052.8286,616333.3942,695785.4757,140348270.9229,4957.5636,1999,0.015644,6.742231,25.482412,0.046811,-11.168229,3920828342,30683.73,127782,127782
914,-1504781.8365,757756.7007,725833.7161,143116278.2716,5071.6363,1999,0.015585,6.839968,22.260307,0.047521,-11.380818,3935737292,30684.18,128266,128266
915,-1400456.3813,820223.8146,717387.6173,138447977.0318,5181.6403,1999,0.015611,6.581592,19.616312,0.045552,-10.958181,3929050459,30683.72,128050,128050
916,-1556604.2007,776171.0503,745791.4669,147852039.4032,5044.1744,1999,0.015672,6.983103,24.123419,0.048309,-11.716644,3913916754,30684.87,127552,127552
917,-1518754.8345,704387.3771,721424.9608,144153546.0506,5004.5592,1999,0.015614,6.869296,22.484903,0.047632,-11.442712,3928432768,30684.41,128027,128027
918,-1363251.1535,793630.5830,695976.3617,133973794.5103,5194.8694,1999,0.015592,6.511784,19.744395,0.045109,-10.643703,3933692972,30683.08,128204,128204
919,-1427850.4539,780609.0146,718977.4030,140162164.7605,5129.6111,1999,0.015615,6.602784,18.004789,0.046013,-11.102923,3928043562,30683.53,128018,128018
92,-1439378.6196,566102.3729,680257.3102,138185922.8295,4922.7685,1999,0.015611,6.630678,23.246918,0.046198,-10.982071,3929029581,30682.60,128054,128054
920,-1563096.8427,824885.8510,750615.2369,147630585.1069,5084.4155,1999,0.015632,6.979247,22.595051,0.048663,-11.705955,3923865750,30684.45,127878,127878
921,-1496367.3188,844940.3639,742832.1492,144591370.4250,5137.4584,1999,0.015598,6.813780,20.125713,0.047318,-11.438848,3932398192,30684.46,128156,128156
922,-1425351.9089,541346.6571,679696.6433,138546350.8309,4905.9152,1999,0.015602,6.634252,18.090508,0.045840,-10.994662,3931188289,30683.40,128121,128121
923,-1556990.4542,607013.6490,719689.0606,146941059.0559,4897.8078,1999,0.015586,6.913181,23.917973,0.048095,-11.667371,3935512166,30684.58,128257,128257
924,-1456643.3940,614318.0936,698462.7013,141154731.7214,4948.2061,1999,0.015597,6.680798,20.806635,0.046360,-11.177123,3932661345,30683.64,128168,128168
925,-1438046.5316,595793.2699,685307.5210,138377480.2720,4952.4498,1999,0.015623,6.618118,23.056608,0.046204,-10.995258,3926147363,30683.57,127956,127956
926,-1392491.5432,805671.5565,706998.8836,136595819.8140,5175.8457,1999,0.015635,6.547465,20.482619,0.045583,-10.826950,3923006360,30682.77,127857,127857
927,-1480786.0230,977065.0845,743471.8748,140276268.1937,5300.0546,1999,0.015652,6.833426,19.930554,0.047503,-11.176628,3918800714,30683.47,127717,127717
928,-1484328.6498,741783.1766,718164.3423,141837738.8744,5063.2811,1999,0.015636,6.826495,22.886756,0.047138,-11.266329,3922761227,30684.21,127843,127843
929,-1546567.9888,682394.7553,726650.3395,146243663.9429,4968.7646,1999,0.015601,6.941388,21.559718,0.048219,-11.607033,3931715495,30684.40,128134,128134
93,-1352688.0265,530819.3146,651194.6802,131770975.6657,4941.8673,1999,0.015665,6.431933,20.644934,0.044618,-10.486316,3915379735,30681.91,127612,127612
930,-1441348.8820,631089.7177,698821.5052,140452752.0341,4975.4917,1999,0.015603,6.658299,19.725865,0.046092,-11.123150,3931005508,30683.65,128114,128114
931,-1506014.1969,590283.9955,705285.6030,143765605.6119,4905.8021,1999,0.015597,6.860842,24.529666,0.047390,-11.406273,3932712542,30683.80,128169,128169
932,-1423679.5080,601314.7350,688529.3500,138830417.7795,4959.4992,1999,0.015599,6.621220,19.412696,0.045726,-11.002708,3932104592,30683.61,128150,128150
933,-1448042.7046,796521.8489,714707.2358,139005711.1651,5141.5674,1999,0.015629,6.677994,24.617636,0.046714,-11.052020,3924527936,30683.15,127905,127905
934,-1426694.0875,681664.9531,700013.0049,138874089.1104,5040.6308,1999,0.015566,6.607425,18.413025,0.045933,-11.020302,3940415654,30683.58,128421,128421
935,-1511614.4249,909555.4276,742947.7023,142836665.6434,5201.3795,1999,0.015625,6.895351,24.547326,0.048081,-11.350511,3925477889,30683.86,127933,127933
936,-1549905.1119,643011.9944,724678.8925,147133689.7312,4925.3090,1999,0.015534,6.915967,19.206435,0.047911,-11.657215,3948624142,30684.42,128685,128685
937,-1508729.6427,914196.8516,751426.6387,144288485.7292,5207.8074,1999,0.015612,6.883739,23.127473,0.047727,-11.453140,3929006421,30684.34,128046,128046
938,-1500865.0617,774703.6739,726012.8309,142819364.1226,5083.4341,1999,0.015640,6.823909,21.620539,0.047472,-11.344432,3921873729,30684.23,127814,127814
939,-1430770.3010,538212.4797,678098.8665,138445738.2469,4897.9396,1999,0.015656,6.611727,17.833284,0.045941,-10.987678,3917653571,30683.62,127679,127679
94,-1475094.3568,630063.3529,699853.1980,141078740.8285,4960.7276,1999,0.015663,6.721094,25.058888,0.046826,-11.200780,3916127037,30683.68,127629,127629
940,-1498472.4106,777315.6648,720007.4709,141517286.8533,5087.7705,1999,0.015694,6.856843,20.048146,0.047470,-11.252170,3908378340,30683.79,127376,127376
941,-1487685.9167,879555.6423,747110.7671,144239267.2240,5179.6628,1999,0.015618,6.798948,22.089134,0.047233,-11.418764,3927254197,30684.07,127990,127990
942,-1561035.7858,819571.9949,748822.4544,147049891.8870,5092.3020,1999,0.015589,6.990690,20.158466,0.048572,-11.687294,3934607362,30684.22,128229,128229
943,-1438472.3424,585626.8560,687471.8333,139026559.7745,4944.8957,1999,0.015636,6.657445,18.817742,0.046073,-11.044551,3922740592,30683.57,127845,127845
944,-1459370.6317,441255.1984,668310.2420,139370510.5257,4795.2055,1999,0.015621,6.738414,21.748460,0.046321,-11.081520,3926550683,30683.13,127971,127971
945,-1441172.2036,855367.2124,726708.2329,140122626.4898,5186.2305,1999,0.015552,6.707849,19.153850,0.046470,-11.096823,3944045063,30683.65,128539,128539
946,-1408888.3992,775645.4073,703005.6561,136827449.4741,5137.8993,1999,0.015617,6.610243,21.566610,0.045820,-10.856733,3927470498,30682.64,128003,128003
947,-1515134.4008,821371.4240,731480.3650,142697543.9862,5126.0894,1999,0.015602,6.836512,21.779727,0.047902,-11.360424,3931216204,30683.62,128121,128121
948,-1536037.1578,619970.5402,711087.0248,144608391.5573,4917.3289,1999,0.015597,6.915818,19.434587,0.047910,-11.486595,3932749887,30684.10,128169,128169
949,-1479994.8934,967615.0968,752547.9600,142753233.4618,5271.6702,1999,0.015669,6.795717,20.153635,0.047131,-11.317355,3914595750,30683.94,127578,127578
95,-1439440.3359,656295.4023,700539.6590,139700228.5680,5014.5921,1999,0.015603,6.694887,20.013572,0.046066,-11.097637,3930908044,30683.13,128113,128113
950,-1434568.2601,716200.2424,706813.9598,139749091.7516,5057.7356,1999,0.015588,6.626106,24.366539,0.046236,-11.065797,3934827901,30683.55,128239,128239
951,-1522181.2100,1015442.9704,771785.6788,146175134.5119,5279.8698,1999,0.015629,6.848626,21.647471,0.048107,-11.572174,3924696881,30684.23,127906,127906
952,-1540154.0993,852265.2393,746329.9594,145564852.1375,5127.1303,1999,0.015632,6.969046,21.069746,0.048379,-11.554847,3923849693,30684.08,127879,127879
953,-1449319.9570,727324.0483,707229.4343,139407414.7786,5073.1120,1999,0.015609,6.677613,21.074730,0.046583,-11.078685,3929588038,30683.37,128069,128069
954,-1566399.2359,885275.8561,765874.1877,149008862.7683,5139.7895,1999,0.015595,7.031286,25.725680,0.048546,-11.810892,3933272010,30684.58,128184,128184
955,-1434191.0278,750964.6359,709815.0986,139138556.0745,5101.4982,1999,0.015612,6.632238,24.047656,0.046265,-11.042572,3928808023,30683.27,128044,128044
956,-1464721.7827,682804.3850,701296.2842,139584540.7528,5024.1687,1999,0.015638,6.714726,19.984468,0.046979,-11.105975,3922418259,30683.93,127833,127833
957,-1436166.0282,727572.0852,701785.9614,138047599.4399,5083.6520,1999,0.015614,6.680679,21.357405,0.046252,-10.977840,3928361288,30683.13,128030,128030
958,-1463366.8464,903189.6130,728868.9432,139068988.3294,5241.0602,1999,0.015608,6.720277,26.294373,0.047137,-11.079271,3929660728,30683.22,128072,128072
959,-1530708.0138,786879.3550,730979.0629,143916687.0926,5079.1821,1999,0.015596,6.930575,22.618534,0.048119,-11.445587,3932857695,30684.22,128172,128172
96,-1493848.9359,690341.6615,709438.2165,141584484.5894,5010.7059,1999,0.015593,6.844586,21.333672,0.047318,-11.257025,3933663951,30683.33,128202,128202
960,-1497377.2442,747109.6342,722583.8462,143019940.6953,5052.3294,1999,0.015614,6.784111,23.112468,0.047365,-11.341038,3928228552,30683.53,128024,128024
961,-1479047.2422,682187.8358,704937.7737,140705869.1039,5010.0097,1999,0.015565,6.803074,22.996400,0.047054,-11.183603,3940820600,30683.86,128433,128433
962,-1415662.2562,545451.8929,677173.3527,137781722.2423,4914.8272,1999,0.015635,6.532902,20.318831,0.045648,-10.934408,3922968641,30683.67,127852,127852
963,-1464703.2716,713664.4105,715134.6244,141732544.1501,5045.6628,1999,0.015589,6.751646,20.729531,0.046669,-11.239723,3934580813,30683.54,128231,128231
964,-1476432.5482,839770.2276,737663.4810,143359047.6080,5145.5663,1999,0.015637,6.801817,20.318702,0.046959,-11.340586,3922655893,30684.34,127839,127839
965,-1517575.8196,854701.9522,748249.1904,145614029.9480,5138.5790,1999,0.015644,6.843987,21.611860,0.047706,-11.534901,3920778829,30684.30,127778,127778
966,-1435988.5698,748519.2688,708591.2948,138885112.0911,5101.9961,1999,0.015600,6.692926,21.531521,0.046237,-11.033126,3931736304,30683.37,128139,128139
967,-1413540.2541,554321.2155,677858.8546,137778662.8920,4919.9117,1999,0.015623,6.596849,17.758525,0.045592,-10.923841,3925958232,30683.29,127951,127951
968,-1464997.8562,632333.4139,694723.6467,139692398.6194,4973.2387,1999,0.015642,6.722981,24.938786,0.046718,-11.107974,3921367564,30683.39,127801,127801
969,-1460109.6767,786922.6304,715226.7837,139547623.8746,5125.3240,1999,0.015625,6.745983,20.356243,0.046793,-11.098307,3925403238,30683.27,127933,127933
97,-1394125.0349,853656.2493,711502.9862,135983434.3944,5232.2769,1999,0.015620,6.552230,20.218542,0.045693,-10.804684,3926740393,30682.69,127979,127979
970,-1424105.1175,815186.4383,721595.2496,139814671.2529,5161.0839,1999,0.015638,6.644643,21.473472,0.046043,-11.068459,3922238351,30683.48,127829,127829
971,-1421082.8649,846646.2640,719365.4063,138188020.0851,5205.7002,1999,0.015606,6.593891,20.692430,0.046152,-10.974428,3930191083,30683.04,128090,128090
972,-1509730.3650,714909.2808,727443.9386,144809130.0838,5023.4674,1999,0.015634,6.831924,17.766635,0.047404,-11.490034,3923490298,30684.39,127866,127866
973,-1525572.0390,716629.0222,718627.9364,143177562.2443,5019.1380,1999,0.015605,6.899655,22.442172,0.047943,-11.393963,3930654247,30684.02,128101,128101
974,-1329580.9654,703422.2053,681305.4146,133166466.0863,5116.1935,1999,0.015642,6.370637,19.235135,0.044197,-10.544974,3921203687,30682.83,127798,127798
975,-1573878.9154,796353.7323,745062.2086,147122891.1367,5064.2167,1999,0.015593,7.060463,22.664211,0.048850,-11.701510,3933765659,30684.12,128202,128202
976,-1496561.4511,869735.2218,739372.8855,142750624.3414,5179.4722,1999,0.015645,6.826318,21.808983,0.047529,-11.346227,3920690740,30684.09,127776,127776
977,-1435535.6088,762971.1240,719238.1509,141079778.5572,5098.0953,1999,0.015659,6.660346,18.547921,0.046043,-11.152510,3916945891,30683.60,127656,127656
978,-1435898.2005,790509.8725,710410.2430,138417729.8374,5132.3645,1999,0.015676,6.726659,22.129703,0.046382,-10.981343,3912756544,30683.23,127521,127521
979,-1557184.2154,735111.7266,736110.7303,146905211.9611,5010.7870,1999,0.015566,6.945047,20.064135,0.048359,-11.659833,3940493869,30684.43,128420,128420
98,-1556676.0050,707654.1175,726380.8151,145318330.0522,4998.5491,1999,0.015591,6.961573,19.420074,0.048436,-11.574226,3934223617,30683.62,128219,128219
980,-1461277.7329,863222.5599,737156.4696,142356846.6360,5178.2298,1999,0.015593,6.757728,22.573203,0.046777,-11.263010,3933659878,30684.25,128198,128198
981,-1506110.6047,867325.8784,738412.1263,142903465.1130,5167.2094,1999,0.015556,6.854552,21.251494,0.047708,-11.354939,3943068937,30684.17,128505,128505
982,-1505310.2644,816023.2114,736796.0872,144036036.4931,5115.3594,1999,0.015614,6.857500,21.362589,0.047485,-11.425069,3928346538,30684.21,128025,128025
983,-1495101.9882,759543.7863,730168.9450,144191639.7158,5063.8785,1999,0.015605,6.760193,20.778528,0.047292,-11.419591,3930578236,30683.91,128099,128099
984,-1580548.4026,952728.3089,771166.0990,148339676.3481,5198.6503,1999,0.015614,7.063489,24.498228,0.049026,-11.786091,3928424633,30684.58,128026,128026
985,-1518373.6422,688201.8833,721291.0151,144602885.4051,4988.0818,1999,0.015656,6.873295,18.939427,0.047683,-11.470407,3917926549,30684.55,127684,127684
986,-1391599.7130,620490.5564,674218.9202,134765408.8797,5002.9078,1999,0.015596,6.557875,18.379970,0.045485,-10.712413,3932686478,30682.88,128172,128172
987,-1450736.3752,683868.5381,699204.9714,138876077.4307,5034.7402,1999,0.015626,6.712492,21.957181,0.046656,-11.049680,3925210940,30683.21,127927,127927
988,-1419764.7046,565043.1054,687670.1605,139615402.9117,4925.4606,1999,0.015667,6.591617,19.105499,0.045594,-11.051077,3915051434,30684.15,127592,127592
989,-1507598.5325,658420.1063,716275.6784,144002880.7711,4974.0371,1999,0.015659,6.848579,22.657740,0.047360,-11.435669,3917232223,30684.40,127662,127662
99,-1452926.0557,862141.4638,726599.0925,139887432.3151,5194.1699,1999,0.015635,6.719956,22.155684,0.046681,-11.104387,3922913547,30683.48,127851,127851
990,-1564288.1063,903560.0897,759587.3401,147118781.0301,5163.0889,1999,0.015620,6.996726,21.134309,0.048777,-11.687392,3926944335,30684.53,127978,127978
991,-1378187.3942,679674.9668,690347.0920,136198991.9850,5068.6652,1999,0.015644,6.472888,19.275611,0.044977,-10.801489,3920670026,30682.97,127780,127780
992,-1395404.9196,711757.1947,692537.7531,136012411.0093,5091.7247,1999,0.015569,6.549750,24.962613,0.045411,-10.804746,3939497779,30683.12,128393,128393
993,-1422020.0608,827153.3107,723392.9922,139834263.4812,5173.2170,1999,0.015609,6.594679,20.315071,0.045961,-11.067596,3929624367,30683.89,128068,128068
994,-1505694.5776,710406.3390,718692.6818,143103737.1416,5022.1797,1999,0.015677,6.841049,22.635619,0.047535,-11.370327,3912696868,30684.45,127514,127514
995,-1465006.1102,747585.3392,717635.7617,141390397.3257,5075.5622,1999,0.015649,6.720237,22.247556,0.046778,-11.212587,3919561288,30683.66,127741,127741
996,-1530579.9819,825887.1074,740044.5122,144762604.3815,5112.1249,1999,0.015590,6.952901,20.312549,0.048137,-11.498704,3934453249,30683.98,128225,128225
997,-1502719.1772,691915.6817,720097.2670,144053606.7629,4998.8146,1999,0.015641,6.817551,21.752565,0.047283,-11.418312,3921698718,30684.30,127808,127808
998,-1396647.4169,778920.8351,706976.5786,137384603.3123,5145.9666,1999,0.015594,6.494818,21.675176,0.045474,-10.883046,3933274103,30683.16,128190,128190
999,-1538877.5313,715628.2023,734026.8640,146615760.5184,5006.4663,1999,0.015550,6.911422,21.400573,0.047927,-11.633426,3944596314,30684.11,128555,128555
